0	ru	0LDQstGC0L7QutC+0YDRgNC10LrRhtC40Y8=
1	ru	0LDQstGC0L7QutC+0YDRgNC10LrRhtC40Y8=
2	ru	0LDQstGC0L7QutC+0YDRgNC10LrRhtC40Y8=
3	ru	0LDQstGC0L7QutC+0YDRgNC10LrRhtC40Y8=
4	ru	0LDQstGC0L7QutC+0YDRgNC10LrRhtC40Y8=
5	ru	0LDQstGC0L7QutC+0YDRgNC10LrRhtC40Y8=
6	ru	0JDQstGC0L7QutC+0YDRgNC10LrRhtC40Y8=
7	ru	0L7RgNGE0L7Qs9GA0LDRhNC40Y8=
8	ru	0L7RgNGE0L7Qs9GA0LDRhNC40Y8=
9	ru	0L7RgNGE0L7Qs9GA0LDRhNC40Y8=
10	ru	0L7RgNGE0L7Qs9GA0LDRhNC40Y8=
11	ru	0L7RgNGE0L7Qs9GA0LDRhNC40Y8=
12	ru	0L7RgNGE0L7Qs9GA0LDRhNC40Y8=
13	ru	0J7RgNGE0L7Qs9GA0LDRhNC40Y8=
14	ru	0L/QvtC00LTQtdGA0LbQutCw
15	ru	0L/QvtC00LTQtdGA0LbQutCw
16	ru	0L/QvtC00LTQtdGA0LbQutCw
17	ru	0L/QvtC00LTQtdGA0LbQutCw
18	ru	0L/QvtC00LTQtdGA0LbQutCw
19	ru	0L/QvtC00LTQtdGA0LbQutCw
20	ru	0J/QvtC00LTQtdGA0LbQutCw
21	ru	0LjQvdGB0YLRgNGD0LrRhtC40Y8=
22	ru	0LjQvdGB0YLRgNGD0LrRhtC40Y8=
23	ru	0LjQvdGB0YLRgNGD0LrRhtC40Y8=
24	ru	0LjQvdGB0YLRgNGD0LrRhtC40Y8=
25	ru	0LjQvdGB0YLRgNGD0LrRhtC40Y8=
26	ru	0LjQvdGB0YLRgNGD0LrRhtC40Y8=
27	ru	0JjQvdGB0YLRgNGD0LrRhtC40Y8=
28	ru	0L/RgNC+0LLQtdGA0LrQsA==
29	ru	0L/RgNC+0LLQtdGA0LrQsA==
30	ru	0L/RgNC+0LLQtdGA0LrQsA==
31	ru	0L/RgNC+0LLQtdGA0LrQsA==
32	ru	0L/RgNC+0LLQtdGA0LrQsA==
33	ru	0L/RgNC+0LLQtdGA0LrQsA==
34	ru	0J/RgNC+0LLQtdGA0LrQsA==
35	ru	0YHQvtC+0LHRidC10L3QuNC1
36	ru	0YHQvtC+0LHRidC10L3QuNC1
37	ru	0YHQvtC+0LHRidC10L3QuNC1
38	ru	0YHQvtC+0LHRidC10L3QuNC1
39	ru	0YHQvtC+0LHRidC10L3QuNC1
40	ru	0YHQvtC+0LHRidC10L3QuNC1
41	ru	0KHQvtC+0LHRidC10L3QuNC1
42	ru	0YPQstC10LTQvtC80LvQtdC90LjQtQ==
43	ru	0YPQstC10LTQvtC80LvQtdC90LjQtQ==
44	ru	0YPQstC10LTQvtC80LvQtdC90LjQtQ==
45	ru	0YPQstC10LTQvtC80LvQtdC90LjQtQ==
46	ru	0YPQstC10LTQvtC80LvQtdC90LjQtQ==
47	ru	0YPQstC10LTQvtC80LvQtdC90LjQtQ==
48	ru	0KPQstC10LTQvtC80LvQtdC90LjQtQ==
49	ru	0L/RgNC40LPQu9Cw0YjQtdC90LjQtQ==
50	ru	0L/RgNC40LPQu9Cw0YjQtdC90LjQtQ==
51	ru	0L/RgNC40LPQu9Cw0YjQtdC90LjQtQ==
52	ru	0L/RgNC40LPQu9Cw0YjQtdC90LjQtQ==
53	ru	0L/RgNC40LPQu9Cw0YjQtdC90LjQtQ==
54	ru	0L/RgNC40LPQu9Cw0YjQtdC90LjQtQ==
55	ru	0J/RgNC40LPQu9Cw0YjQtdC90LjQtQ==
56	ru	0L7QsdGK0Y/QstC70LXQvdC40LU=
57	ru	0L7QsdGK0Y/QstC70LXQvdC40LU=
58	ru	0L7QsdGK0Y/QstC70LXQvdC40LU=
59	ru	0L7QsdGK0Y/QstC70LXQvdC40LU=
60	ru	0L7QsdGK0Y/QstC70LXQvdC40LU=
61	ru	0L7QsdGK0Y/QstC70LXQvdC40LU=
62	ru	0J7QsdGK0Y/QstC70LXQvdC40LU=
63	ru	0L/RgNC10LTQu9C+0LbQtdC90LjQtQ==
64	ru	0L/RgNC10LTQu9C+0LbQtdC90LjQtQ==
65	ru	0L/RgNC10LTQu9C+0LbQtdC90LjQtQ==
66	ru	0L/RgNC10LTQu9C+0LbQtdC90LjQtQ==
67	ru	0L/RgNC10LTQu9C+0LbQtdC90LjQtQ==
68	ru	0L/RgNC10LTQu9C+0LbQtdC90LjQtQ==
69	ru	0J/RgNC10LTQu9C+0LbQtdC90LjQtQ==
70	ru	0LrQsNGA0LDQvdC00LDRiA==
71	ru	0LrQsNGA0LDQvdC00LDRiA==
72	ru	0LrQsNGA0LDQvdC00LDRiA==
73	ru	0LrQsNGA0LDQvdC00LDRiA==
74	ru	0LrQsNGA0LDQvdC00LDRiA==
75	ru	0LrQsNGA0LDQvdC00LDRiA==
76	ru	0JrQsNGA0LDQvdC00LDRiA==
77	ru	0LHQu9C+0LrQvdC+0YI=
78	ru	0LHQu9C+0LrQvdC+0YI=
79	ru	0LHQu9C+0LrQvdC+0YI=
80	ru	0LHQu9C+0LrQvdC+0YI=
81	ru	0LHQu9C+0LrQvdC+0YI=
82	ru	0LHQu9C+0LrQvdC+0YI=
83	ru	0JHQu9C+0LrQvdC+0YI=
84	ru	0LrQsNC70LXQvdC00LDRgNGM
85	ru	0LrQsNC70LXQvdC00LDRgNGM
86	ru	0LrQsNC70LXQvdC00LDRgNGM
87	ru	0LrQsNC70LXQvdC00LDRgNGM
88	ru	0LrQsNC70LXQvdC00LDRgNGM
89	ru	0LrQsNC70LXQvdC00LDRgNGM
90	ru	0JrQsNC70LXQvdC00LDRgNGM
91	ru	0LrQvtC90LLQtdGA0YI=
92	ru	0LrQvtC90LLQtdGA0YI=
93	ru	0LrQvtC90LLQtdGA0YI=
94	ru	0LrQvtC90LLQtdGA0YI=
95	ru	0LrQvtC90LLQtdGA0YI=
96	ru	0LrQvtC90LLQtdGA0YI=
97	ru	0JrQvtC90LLQtdGA0YI=
98	ru	0LbRg9GA0L3QsNC7
99	ru	0LbRg9GA0L3QsNC7
100	ru	0LbRg9GA0L3QsNC7
101	ru	0LbRg9GA0L3QsNC7
102	ru	0LbRg9GA0L3QsNC7
103	ru	0LbRg9GA0L3QsNC7
104	ru	0JbRg9GA0L3QsNC7
105	ru	0LTQtdGA0LXQstC90Y8=
106	ru	0LTQtdGA0LXQstC90Y8=
107	ru	0LTQtdGA0LXQstC90Y8=
108	ru	0LTQtdGA0LXQstC90Y8=
109	ru	0LTQtdGA0LXQstC90Y8=
110	ru	0LTQtdGA0LXQstC90Y8=
111	ru	0JTQtdGA0LXQstC90Y8=
112	ru	0LPQvtGA0LA=
113	ru	0LPQvtGA0LA=
114	ru	0LPQvtGA0LA=
115	ru	0LPQvtGA0LA=
116	ru	0LPQvtGA0LA=
117	ru	0LPQvtGA0LA=
118	ru	0JPQvtGA0LA=
119	ru	0LrRgNC10L/QvtGB0YLRjA==
120	ru	0LrRgNC10L/QvtGB0YLRjA==
121	ru	0LrRgNC10L/QvtGB0YLRjA==
122	ru	0LrRgNC10L/QvtGB0YLRjA==
123	ru	0LrRgNC10L/QvtGB0YLRjA==
124	ru	0LrRgNC10L/QvtGB0YLRjA==
125	ru	0JrRgNC10L/QvtGB0YLRjA==
126	ru	0LzQtdC70YzQvdC40YbQsA==
127	ru	0LzQtdC70YzQvdC40YbQsA==
128	ru	0LzQtdC70YzQvdC40YbQsA==
129	ru	0LzQtdC70YzQvdC40YbQsA==
130	ru	0LzQtdC70YzQvdC40YbQsA==
131	ru	0LzQtdC70YzQvdC40YbQsA==
132	ru	0JzQtdC70YzQvdC40YbQsA==
133	ru	0LHQsNGI0L3Rjw==
134	ru	0LHQsNGI0L3Rjw==
135	ru	0LHQsNGI0L3Rjw==
136	ru	0LHQsNGI0L3Rjw==
137	ru	0LHQsNGI0L3Rjw==
138	ru	0LHQsNGI0L3Rjw==
139	ru	0JHQsNGI0L3Rjw==
140	ru	0LTQstC40LPQsNGC0LXQu9GM
141	ru	0LTQstC40LPQsNGC0LXQu9GM
142	ru	0LTQstC40LPQsNGC0LXQu9GM
143	ru	0LTQstC40LPQsNGC0LXQu9GM
144	ru	0LTQstC40LPQsNGC0LXQu9GM
145	ru	0LTQstC40LPQsNGC0LXQu9GM
146	ru	0JTQstC40LPQsNGC0LXQu9GM
147	ru	0YLQvtGA0LzQvtC3
148	ru	0YLQvtGA0LzQvtC3
149	ru	0YLQvtGA0LzQvtC3
150	ru	0YLQvtGA0LzQvtC3
151	ru	0YLQvtGA0LzQvtC3
152	ru	0YLQvtGA0LzQvtC3
153	ru	0KLQvtGA0LzQvtC3
154	ru	0LDQutC60YPQvNGD0LvRj9GC0L7RgA==
155	ru	0LDQutC60YPQvNGD0LvRj9GC0L7RgA==
156	ru	0LDQutC60YPQvNGD0LvRj9GC0L7RgA==
157	ru	0LDQutC60YPQvNGD0LvRj9GC0L7RgA==
158	ru	0LDQutC60YPQvNGD0LvRj9GC0L7RgA==
159	ru	0LDQutC60YPQvNGD0LvRj9GC0L7RgA==
160	ru	0JDQutC60YPQvNGD0LvRj9GC0L7RgA==
161	ru	0YDQsNC00LjQsNGC0L7RgA==
162	ru	0YDQsNC00LjQsNGC0L7RgA==
163	ru	0YDQsNC00LjQsNGC0L7RgA==
164	ru	0YDQsNC00LjQsNGC0L7RgA==
165	ru	0YDQsNC00LjQsNGC0L7RgA==
166	ru	0YDQsNC00LjQsNGC0L7RgA==
167	ru	0KDQsNC00LjQsNGC0L7RgA==
168	ru	0LPQtdC90LXRgNCw0YLQvtGA
169	ru	0LPQtdC90LXRgNCw0YLQvtGA
170	ru	0LPQtdC90LXRgNCw0YLQvtGA
171	ru	0LPQtdC90LXRgNCw0YLQvtGA
172	ru	0LPQtdC90LXRgNCw0YLQvtGA
173	ru	0LPQtdC90LXRgNCw0YLQvtGA
174	ru	0JPQtdC90LXRgNCw0YLQvtGA
175	ru	0L7QutC90L4=
176	ru	0L7QutC90L4=
177	ru	0L7QutC90L4=
178	ru	0L7QutC90L4=
179	ru	0L7QutC90L4=
180	ru	0L7QutC90L4=
181	ru	0J7QutC90L4=
182	ru	0L/QuNGB0YzQvNC+
183	ru	0L/QuNGB0YzQvNC+
184	ru	0L/QuNGB0YzQvNC+
185	ru	0L/QuNGB0YzQvNC+
186	ru	0L/QuNGB0YzQvNC+
187	ru	0L/QuNGB0YzQvNC+
188	ru	0J/QuNGB0YzQvNC+
189	ru	0YjQutCw0YQ=
190	ru	0YjQutCw0YQ=
191	ru	0YjQutCw0YQ=
192	ru	0YjQutCw0YQ=
193	ru	0YjQutCw0YQ=
194	ru	0YjQutCw0YQ=
195	ru	0KjQutCw0YQ=
196	ru	0YfQtdC80L7QtNCw0L0=
197	ru	0YfQtdC80L7QtNCw0L0=
198	ru	0YfQtdC80L7QtNCw0L0=
199	ru	0YfQtdC80L7QtNCw0L0=
200	ru	0YfQtdC80L7QtNCw0L0=
201	ru	0YfQtdC80L7QtNCw0L0=
202	ru	0KfQtdC80L7QtNCw0L0=
203	ru	0Y/RidC40Lo=
204	ru	0Y/RidC40Lo=
205	ru	0Y/RidC40Lo=
206	ru	0Y/RidC40Lo=
207	ru	0Y/RidC40Lo=
208	ru	0Y/RidC40Lo=
209	ru	0K/RidC40Lo=
210	ru	0L/QvtC70YPRh9C40YLRjA==
211	ru	0L/QvtC70YPRh9C40YLRjA==
212	ru	0L/QvtC70YPRh9C40YLRjA==
213	ru	0L/QvtC70YPRh9C40YLRjA==
214	ru	0L/QvtC70YPRh9C40YLRjA==
215	ru	0L/QvtC70YPRh9C40YLRjA==
216	ru	0J/QvtC70YPRh9C40YLRjA==
217	ru	0LTQvtCx0LDQstC40YLRjA==
218	ru	0LTQvtCx0LDQstC40YLRjA==
219	ru	0LTQvtCx0LDQstC40YLRjA==
220	ru	0LTQvtCx0LDQstC40YLRjA==
221	ru	0LTQvtCx0LDQstC40YLRjA==
222	ru	0LTQvtCx0LDQstC40YLRjA==
223	ru	0JTQvtCx0LDQstC40YLRjA==
224	ru	0LjRgdC/0YDQsNCy0LjRgtGM
225	ru	0LjRgdC/0YDQsNCy0LjRgtGM
226	ru	0LjRgdC/0YDQsNCy0LjRgtGM
227	ru	0LjRgdC/0YDQsNCy0LjRgtGM
228	ru	0LjRgdC/0YDQsNCy0LjRgtGM
229	ru	0LjRgdC/0YDQsNCy0LjRgtGM
230	ru	0JjRgdC/0YDQsNCy0LjRgtGM
231	ru	0YHQvtGF0YDQsNC90LjRgtGM
232	ru	0YHQvtGF0YDQsNC90LjRgtGM
233	ru	0YHQvtGF0YDQsNC90LjRgtGM
234	ru	0YHQvtGF0YDQsNC90LjRgtGM
235	ru	0YHQvtGF0YDQsNC90LjRgtGM
236	ru	0YHQvtGF0YDQsNC90LjRgtGM
237	ru	0KHQvtGF0YDQsNC90LjRgtGM
238	ru	0YPQtNCw0LvQuNGC0Yw=
239	ru	0YPQtNCw0LvQuNGC0Yw=
240	ru	0YPQtNCw0LvQuNGC0Yw=
241	ru	0YPQtNCw0LvQuNGC0Yw=
242	ru	0YPQtNCw0LvQuNGC0Yw=
243	ru	0YPQtNCw0LvQuNGC0Yw=
244	ru	0KPQtNCw0LvQuNGC0Yw=
245	ru	0LrQu9Cw0LLQuNCw0YLRg9GA0LA=
246	ru	0LrQu9Cw0LLQuNCw0YLRg9GA0LA=
247	ru	0LrQu9Cw0LLQuNCw0YLRg9GA0LA=
248	ru	0LrQu9Cw0LLQuNCw0YLRg9GA0LA=
249	ru	0LrQu9Cw0LLQuNCw0YLRg9GA0LA=
250	ru	0LrQu9Cw0LLQuNCw0YLRg9GA0LA=
251	ru	0JrQu9Cw0LLQuNCw0YLRg9GA0LA=
252	ru	0L/RgNC+0LPRgNCw0LzQvNCw
253	ru	0L/RgNC+0LPRgNCw0LzQvNCw
254	ru	0L/RgNC+0LPRgNCw0LzQvNCw
255	ru	0L/RgNC+0LPRgNCw0LzQvNCw
256	ru	0L/RgNC+0LPRgNCw0LzQvNCw
257	ru	0L/RgNC+0LPRgNCw0LzQvNCw
258	ru	0J/RgNC+0LPRgNCw0LzQvNCw
259	ru	0LrQsNC80LXRgNCw
260	ru	0LrQsNC80LXRgNCw
261	ru	0LrQsNC80LXRgNCw
262	ru	0LrQsNC80LXRgNCw
263	ru	0LrQsNC80LXRgNCw
264	ru	0LrQsNC80LXRgNCw
265	ru	0JrQsNC80LXRgNCw
266	ru	0LDQvdGC0LXQvdC90LA=
267	ru	0LDQvdGC0LXQvdC90LA=
268	ru	0LDQvdGC0LXQvdC90LA=
269	ru	0LDQvdGC0LXQvdC90LA=
270	ru	0LDQvdGC0LXQvdC90LA=
271	ru	0LDQvdGC0LXQvdC90LA=
272	ru	0JDQvdGC0LXQvdC90LA=
273	ru	0LDQv9C/0LDRgNCw0YLRg9GA0LA=
274	ru	0LDQv9C/0LDRgNCw0YLRg9GA0LA=
275	ru	0LDQv9C/0LDRgNCw0YLRg9GA0LA=
276	ru	0LDQv9C/0LDRgNCw0YLRg9GA0LA=
277	ru	0LDQv9C/0LDRgNCw0YLRg9GA0LA=
278	ru	0LDQv9C/0LDRgNCw0YLRg9GA0LA=
279	ru	0JDQv9C/0LDRgNCw0YLRg9GA0LA=
280	ru	0LzQvtC70LXQutGD0LvRgw==
281	ru	0LzQvtC70LXQutGD0LvRgw==
282	ru	0LzQvtC70LXQutGD0LvRgw==
283	ru	0LzQvtC70LXQutGD0LvRgw==
284	ru	0LzQvtC70LXQutGD0LvRgw==
285	ru	0LzQvtC70LXQutGD0LvRgw==
286	ru	0JzQvtC70LXQutGD0LvRgw==
287	ru	0YDQtdCw0LrRhtC40Y4=
288	ru	0YDQtdCw0LrRhtC40Y4=
289	ru	0YDQtdCw0LrRhtC40Y4=
290	ru	0YDQtdCw0LrRhtC40Y4=
291	ru	0YDQtdCw0LrRhtC40Y4=
292	ru	0YDQtdCw0LrRhtC40Y4=
293	ru	0KDQtdCw0LrRhtC40Y4=
294	ru	0YLQtdC80L/QtdGA0LDRgtGD0YDRgw==
295	ru	0YLQtdC80L/QtdGA0LDRgtGD0YDRgw==
296	ru	0YLQtdC80L/QtdGA0LDRgtGD0YDRgw==
297	ru	0YLQtdC80L/QtdGA0LDRgtGD0YDRgw==
298	ru	0YLQtdC80L/QtdGA0LDRgtGD0YDRgw==
299	ru	0YLQtdC80L/QtdGA0LDRgtGD0YDRgw==
300	ru	0KLQtdC80L/QtdGA0LDRgtGD0YDRgw==
301	ru	0L/Qu9C+0YLQvdC+0YHRgtGM
302	ru	0L/Qu9C+0YLQvdC+0YHRgtGM
303	ru	0L/Qu9C+0YLQvdC+0YHRgtGM
304	ru	0L/Qu9C+0YLQvdC+0YHRgtGM
305	ru	0L/Qu9C+0YLQvdC+0YHRgtGM
306	ru	0L/Qu9C+0YLQvdC+0YHRgtGM
307	ru	0J/Qu9C+0YLQvdC+0YHRgtGM
308	ru	0YHRgtGA0YPQutGC0YPRgNGD
309	ru	0YHRgtGA0YPQutGC0YPRgNGD
310	ru	0YHRgtGA0YPQutGC0YPRgNGD
311	ru	0YHRgtGA0YPQutGC0YPRgNGD
312	ru	0YHRgtGA0YPQutGC0YPRgNGD
313	ru	0YHRgtGA0YPQutGC0YPRgNGD
314	ru	0KHRgtGA0YPQutGC0YPRgNGD
315	ru	0LrRgNGL0YjRgw==
316	ru	0LrRgNGL0YjRgw==
317	ru	0LrRgNGL0YjRgw==
318	ru	0LrRgNGL0YjRgw==
319	ru	0LrRgNGL0YjRgw==
320	ru	0LrRgNGL0YjRgw==
321	ru	0JrRgNGL0YjRgw==
322	ru	0LvQtdGB0YLQvdC40YbRgw==
323	ru	0LvQtdGB0YLQvdC40YbRgw==
324	ru	0LvQtdGB0YLQvdC40YbRgw==
325	ru	0LvQtdGB0YLQvdC40YbRgw==
326	ru	0LvQtdGB0YLQvdC40YbRgw==
327	ru	0LvQtdGB0YLQvdC40YbRgw==
328	ru	0JvQtdGB0YLQvdC40YbRgw==
329	ru	0YLRgNGD0LHRgw==
330	ru	0YLRgNGD0LHRgw==
331	ru	0YLRgNGD0LHRgw==
332	ru	0YLRgNGD0LHRgw==
333	ru	0YLRgNGD0LHRgw==
334	ru	0YLRgNGD0LHRgw==
335	ru	0KLRgNGD0LHRgw==
336	ru	0YHRgtC10L3Rgw==
337	ru	0YHRgtC10L3Rgw==
338	ru	0YHRgtC10L3Rgw==
339	ru	0YHRgtC10L3Rgw==
340	ru	0YHRgtC10L3Rgw==
341	ru	0YHRgtC10L3Rgw==
342	ru	0KHRgtC10L3Rgw==
343	ru	0L7Qs9GA0LDQtNGD
344	ru	0L7Qs9GA0LDQtNGD
345	ru	0L7Qs9GA0LDQtNGD
346	ru	0L7Qs9GA0LDQtNGD
347	ru	0L7Qs9GA0LDQtNGD
348	ru	0L7Qs9GA0LDQtNGD
349	ru	0J7Qs9GA0LDQtNGD
350	ru	0LfQsNC00LDRh9GD
351	ru	0LfQsNC00LDRh9GD
352	ru	0LfQsNC00LDRh9GD
353	ru	0LfQsNC00LDRh9GD
354	ru	0LfQsNC00LDRh9GD
355	ru	0LfQsNC00LDRh9GD
356	ru	0JfQsNC00LDRh9GD
357	ru	0YTQvtGA0LzRg9C70YM=
358	ru	0YTQvtGA0LzRg9C70YM=
359	ru	0YTQvtGA0LzRg9C70YM=
360	ru	0YTQvtGA0LzRg9C70YM=
361	ru	0YTQvtGA0LzRg9C70YM=
362	ru	0YTQvtGA0LzRg9C70YM=
363	ru	0KTQvtGA0LzRg9C70YM=
364	ru	0YLQtdC+0YDQtdC80YM=
365	ru	0YLQtdC+0YDQtdC80YM=
366	ru	0YLQtdC+0YDQtdC80YM=
367	ru	0YLQtdC+0YDQtdC80YM=
368	ru	0YLQtdC+0YDQtdC80YM=
369	ru	0YLQtdC+0YDQtdC80YM=
370	ru	0KLQtdC+0YDQtdC80YM=
371	ru	0YLQtdC80YM=
372	ru	0YLQtdC80YM=
373	ru	0YLQtdC80YM=
374	ru	0YLQtdC80YM=
375	ru	0YLQtdC80YM=
376	ru	0YLQtdC80YM=
377	ru	0KLQtdC80YM=
378	ru	0L7RiNC40LHQutGD
379	ru	0L7RiNC40LHQutGD
380	ru	0L7RiNC40LHQutGD
381	ru	0L7RiNC40LHQutGD
382	ru	0L7RiNC40LHQutGD
383	ru	0L7RiNC40LHQutGD
384	ru	0J7RiNC40LHQutGD
385	ru	0LrRg9GA0YLQutGD
386	ru	0LrRg9GA0YLQutGD
387	ru	0LrRg9GA0YLQutGD
388	ru	0LrRg9GA0YLQutGD
389	ru	0LrRg9GA0YLQutGD
390	ru	0LrRg9GA0YLQutGD
391	ru	0JrRg9GA0YLQutGD
392	ru	0YjQsNC/0LrRgw==
393	ru	0YjQsNC/0LrRgw==
394	ru	0YjQsNC/0LrRgw==
395	ru	0YjQsNC/0LrRgw==
396	ru	0YjQsNC/0LrRgw==
397	ru	0YjQsNC/0LrRgw==
398	ru	0KjQsNC/0LrRgw==
399	ru	0YDRg9Cx0LDRiNC60YM=
400	ru	0YDRg9Cx0LDRiNC60YM=
401	ru	0YDRg9Cx0LDRiNC60YM=
402	ru	0YDRg9Cx0LDRiNC60YM=
403	ru	0YDRg9Cx0LDRiNC60YM=
404	ru	0YDRg9Cx0LDRiNC60YM=
405	ru	0KDRg9Cx0LDRiNC60YM=
406	ru	0L/QvtC00YPRiNC60YM=
407	ru	0L/QvtC00YPRiNC60YM=
408	ru	0L/QvtC00YPRiNC60YM=
409	ru	0L/QvtC00YPRiNC60YM=
410	ru	0L/QvtC00YPRiNC60YM=
411	ru	0L/QvtC00YPRiNC60YM=
412	ru	0J/QvtC00YPRiNC60YM=
413	ru	0YnRkdGC0LrRgw==
414	ru	0YnRkdGC0LrRgw==
415	ru	0YnRkdGC0LrRgw==
416	ru	0YnRkdGC0LrRgw==
417	ru	0YnRkdGC0LrRgw==
418	ru	0YnRkdGC0LrRgw==
419	ru	0KnRkdGC0LrRgw==
420	ru	0L/RgNC+0LXQutGC
421	ru	0L/RgNC+0LXQutGC
422	ru	0L/RgNC+0LXQutGC
423	ru	0L/RgNC+0LXQutGC
424	ru	0L/RgNC+0LXQutGC
425	ru	0L/RgNC+0LXQutGC
426	ru	0J/RgNC+0LXQutGC
427	ru	0LHRjtC00LbQtdGC
428	ru	0LHRjtC00LbQtdGC
429	ru	0LHRjtC00LbQtdGC
430	ru	0LHRjtC00LbQtdGC
431	ru	0LHRjtC00LbQtdGC
432	ru	0LHRjtC00LbQtdGC
433	ru	0JHRjtC00LbQtdGC
434	ru	0LTQvtCz0L7QstC+0YA=
435	ru	0LTQvtCz0L7QstC+0YA=
436	ru	0LTQvtCz0L7QstC+0YA=
437	ru	0LTQvtCz0L7QstC+0YA=
438	ru	0LTQvtCz0L7QstC+0YA=
439	ru	0LTQvtCz0L7QstC+0YA=
440	ru	0JTQvtCz0L7QstC+0YA=
441	ru	0L/Qu9Cw0L0=
442	ru	0L/Qu9Cw0L0=
443	ru	0L/Qu9Cw0L0=
444	ru	0L/Qu9Cw0L0=
445	ru	0L/Qu9Cw0L0=
446	ru	0L/Qu9Cw0L0=
447	ru	0J/Qu9Cw0L0=
448	ru	0LPRgNCw0YTQuNC6
449	ru	0LPRgNCw0YTQuNC6
450	ru	0LPRgNCw0YTQuNC6
451	ru	0LPRgNCw0YTQuNC6
452	ru	0LPRgNCw0YTQuNC6
453	ru	0LPRgNCw0YTQuNC6
454	ru	0JPRgNCw0YTQuNC6
455	ru	0YXQu9C10LE=
456	ru	0YXQu9C10LE=
457	ru	0YXQu9C10LE=
458	ru	0YXQu9C10LE=
459	ru	0YXQu9C10LE=
460	ru	0YXQu9C10LE=
461	ru	0KXQu9C10LE=
462	ru	0YHRi9GA
463	ru	0YHRi9GA
464	ru	0YHRi9GA
465	ru	0YHRi9GA
466	ru	0YHRi9GA
467	ru	0YHRi9GA
468	ru	0KHRi9GA
469	ru	0LzQsNGB0LvQvg==
470	ru	0LzQsNGB0LvQvg==
471	ru	0LzQsNGB0LvQvg==
472	ru	0LzQsNGB0LvQvg==
473	ru	0LzQsNGB0LvQvg==
474	ru	0LzQsNGB0LvQvg==
475	ru	0JzQsNGB0LvQvg==
476	ru	0LrQvtGE0LU=
477	ru	0LrQvtGE0LU=
478	ru	0LrQvtGE0LU=
479	ru	0LrQvtGE0LU=
480	ru	0LrQvtGE0LU=
481	ru	0LrQvtGE0LU=
482	ru	0JrQvtGE0LU=
483	ru	0YjQvtC60L7Qu9Cw0LQ=
484	ru	0YjQvtC60L7Qu9Cw0LQ=
485	ru	0YjQvtC60L7Qu9Cw0LQ=
486	ru	0YjQvtC60L7Qu9Cw0LQ=
487	ru	0YjQvtC60L7Qu9Cw0LQ=
488	ru	0YjQvtC60L7Qu9Cw0LQ=
489	ru	0KjQvtC60L7Qu9Cw0LQ=
490	ru	0LzRg9C30LXQuQ==
491	ru	0LzRg9C30LXQuQ==
492	ru	0LzRg9C30LXQuQ==
493	ru	0LzRg9C30LXQuQ==
494	ru	0LzRg9C30LXQuQ==
495	ru	0LzRg9C30LXQuQ==
496	ru	0JzRg9C30LXQuQ==
497	ru	0YHQvtCx0L7RgA==
498	ru	0YHQvtCx0L7RgA==
499	ru	0YHQvtCx0L7RgA==
500	ru	0YHQvtCx0L7RgA==
501	ru	0YHQvtCx0L7RgA==
502	ru	0YHQvtCx0L7RgA==
503	ru	0KHQvtCx0L7RgA==
504	ru	0LTQstC+0YDQtdGG
505	ru	0LTQstC+0YDQtdGG
506	ru	0LTQstC+0YDQtdGG
507	ru	0LTQstC+0YDQtdGG
508	ru	0LTQstC+0YDQtdGG
509	ru	0LTQstC+0YDQtdGG
510	ru	0JTQstC+0YDQtdGG
511	ru	0L/QsNC80Y/RgtC90LjQug==
512	ru	0L/QsNC80Y/RgtC90LjQug==
513	ru	0L/QsNC80Y/RgtC90LjQug==
514	ru	0L/QsNC80Y/RgtC90LjQug==
515	ru	0L/QsNC80Y/RgtC90LjQug==
516	ru	0L/QsNC80Y/RgtC90LjQug==
517	ru	0J/QsNC80Y/RgtC90LjQug==
518	ru	0YTQvtC90YLQsNC9
519	ru	0YTQvtC90YLQsNC9
520	ru	0YTQvtC90YLQsNC9
521	ru	0YTQvtC90YLQsNC9
522	ru	0YTQvtC90YLQsNC9
523	ru	0YTQvtC90YLQsNC9
524	ru	0KTQvtC90YLQsNC9
525	ru	0LfQsNC50YbQsA==
526	ru	0LfQsNC50YbQsA==
527	ru	0LfQsNC50YbQsA==
528	ru	0LfQsNC50YbQsA==
529	ru	0LfQsNC50YbQsA==
530	ru	0LfQsNC50YbQsA==
531	ru	0JfQsNC50YbQsA==
532	ru	0YHQu9C+0L3QsA==
533	ru	0YHQu9C+0L3QsA==
534	ru	0YHQu9C+0L3QsA==
535	ru	0YHQu9C+0L3QsA==
536	ru	0YHQu9C+0L3QsA==
537	ru	0YHQu9C+0L3QsA==
538	ru	0KHQu9C+0L3QsA==
539	ru	0LbQuNGA0LDRhNCw
540	ru	0LbQuNGA0LDRhNCw
541	ru	0LbQuNGA0LDRhNCw
542	ru	0LbQuNGA0LDRhNCw
543	ru	0LbQuNGA0LDRhNCw
544	ru	0LbQuNGA0LDRhNCw
545	ru	0JbQuNGA0LDRhNCw
546	ru	0L/QuNC90LPQstC40L3QsA==
547	ru	0L/QuNC90LPQstC40L3QsA==
548	ru	0L/QuNC90LPQstC40L3QsA==
549	ru	0L/QuNC90LPQstC40L3QsA==
550	ru	0L/QuNC90LPQstC40L3QsA==
551	ru	0L/QuNC90LPQstC40L3QsA==
552	ru	0J/QuNC90LPQstC40L3QsA==
553	ru	0LTQtdC70YzRhNC40L3QsA==
554	ru	0LTQtdC70YzRhNC40L3QsA==
555	ru	0LTQtdC70YzRhNC40L3QsA==
556	ru	0LTQtdC70YzRhNC40L3QsA==
557	ru	0LTQtdC70YzRhNC40L3QsA==
558	ru	0LTQtdC70YzRhNC40L3QsA==
559	ru	0JTQtdC70YzRhNC40L3QsA==
560	ru	0L/QsNGB0L/QvtGA0YI=
561	ru	0L/QsNGB0L/QvtGA0YI=
562	ru	0L/QsNGB0L/QvtGA0YI=
563	ru	0L/QsNGB0L/QvtGA0YI=
564	ru	0L/QsNGB0L/QvtGA0YI=
565	ru	0L/QsNGB0L/QvtGA0YI=
566	ru	0J/QsNGB0L/QvtGA0YI=
567	ru	0LTQvtC60YPQvNC10L3Rgg==
568	ru	0LTQvtC60YPQvNC10L3Rgg==
569	ru	0LTQvtC60YPQvNC10L3Rgg==
570	ru	0LTQvtC60YPQvNC10L3Rgg==
571	ru	0LTQvtC60YPQvNC10L3Rgg==
572	ru	0LTQvtC60YPQvNC10L3Rgg==
573	ru	0JTQvtC60YPQvNC10L3Rgg==
574	ru	0LHQuNC70LXRgg==
575	ru	0LHQuNC70LXRgg==
576	ru	0LHQuNC70LXRgg==
577	ru	0LHQuNC70LXRgg==
578	ru	0LHQuNC70LXRgg==
579	ru	0LHQuNC70LXRgg==
580	ru	0JHQuNC70LXRgg==
581	ru	0YfQtdC6
582	ru	0YfQtdC6
583	ru	0YfQtdC6
584	ru	0YfQtdC6
585	ru	0YfQtdC6
586	ru	0YfQtdC6
587	ru	0KfQtdC6
588	ru	0YHQtdGA0YLQuNGE0LjQutCw0YI=
589	ru	0YHQtdGA0YLQuNGE0LjQutCw0YI=
590	ru	0YHQtdGA0YLQuNGE0LjQutCw0YI=
591	ru	0YHQtdGA0YLQuNGE0LjQutCw0YI=
592	ru	0YHQtdGA0YLQuNGE0LjQutCw0YI=
593	ru	0YHQtdGA0YLQuNGE0LjQutCw0YI=
594	ru	0KHQtdGA0YLQuNGE0LjQutCw0YI=
595	ru	0YDQsNC30L3QuNGG0YM=
596	ru	0YDQsNC30L3QuNGG0YM=
597	ru	0YDQsNC30L3QuNGG0YM=
598	ru	0YDQsNC30L3QuNGG0YM=
599	ru	0YDQsNC30L3QuNGG0YM=
600	ru	0YDQsNC30L3QuNGG0YM=
601	ru	0KDQsNC30L3QuNGG0YM=
602	ru	0LfQsNC60L7QvdC+0LzQtdGA0L3QvtGB0YLRjA==
603	ru	0LfQsNC60L7QvdC+0LzQtdGA0L3QvtGB0YLRjA==
604	ru	0LfQsNC60L7QvdC+0LzQtdGA0L3QvtGB0YLRjA==
605	ru	0LfQsNC60L7QvdC+0LzQtdGA0L3QvtGB0YLRjA==
606	ru	0LfQsNC60L7QvdC+0LzQtdGA0L3QvtGB0YLRjA==
607	ru	0LfQsNC60L7QvdC+0LzQtdGA0L3QvtGB0YLRjA==
608	ru	0JfQsNC60L7QvdC+0LzQtdGA0L3QvtGB0YLRjA==
609	ru	0LTQtdGC0LDQu9GM
610	ru	0LTQtdGC0LDQu9GM
611	ru	0LTQtdGC0LDQu9GM
612	ru	0LTQtdGC0LDQu9GM
613	ru	0LTQtdGC0LDQu9GM
614	ru	0LTQtdGC0LDQu9GM
615	ru	0JTQtdGC0LDQu9GM
616	ru	0YLQtdC90Yw=
617	ru	0YLQtdC90Yw=
618	ru	0YLQtdC90Yw=
619	ru	0YLQtdC90Yw=
620	ru	0YLQtdC90Yw=
621	ru	0YLQtdC90Yw=
622	ru	0KLQtdC90Yw=
623	ru	0L/QtdGA0LXQvNC10L3Rgw==
624	ru	0L/QtdGA0LXQvNC10L3Rgw==
625	ru	0L/QtdGA0LXQvNC10L3Rgw==
626	ru	0L/QtdGA0LXQvNC10L3Rgw==
627	ru	0L/QtdGA0LXQvNC10L3Rgw==
628	ru	0L/QtdGA0LXQvNC10L3Rgw==
629	ru	0J/QtdGA0LXQvNC10L3Rgw==
630	ru	0LrRgNCw0YHQuNCy0L4=
631	ru	0LrRgNCw0YHQuNCy0L4=
632	ru	0LrRgNCw0YHQuNCy0L4=
633	ru	0LrRgNCw0YHQuNCy0L4=
634	ru	0LrRgNCw0YHQuNCy0L4=
635	ru	0LrRgNCw0YHQuNCy0L4=
636	ru	0JrRgNCw0YHQuNCy0L4=
637	ru	0YPQtNC+0LHQvdC+
638	ru	0YPQtNC+0LHQvdC+
639	ru	0YPQtNC+0LHQvdC+
640	ru	0YPQtNC+0LHQvdC+
641	ru	0YPQtNC+0LHQvdC+
642	ru	0YPQtNC+0LHQvdC+
643	ru	0KPQtNC+0LHQvdC+
644	ru	0L/RgNC+0YHRgtC+0YDQvdC+
645	ru	0L/RgNC+0YHRgtC+0YDQvdC+
646	ru	0L/RgNC+0YHRgtC+0YDQvdC+
647	ru	0L/RgNC+0YHRgtC+0YDQvdC+
648	ru	0L/RgNC+0YHRgtC+0YDQvdC+
649	ru	0L/RgNC+0YHRgtC+0YDQvdC+
650	ru	0J/RgNC+0YHRgtC+0YDQvdC+
651	ru	0YHQv9C+0LrQvtC50L3Qvg==
652	ru	0YHQv9C+0LrQvtC50L3Qvg==
653	ru	0YHQv9C+0LrQvtC50L3Qvg==
654	ru	0YHQv9C+0LrQvtC50L3Qvg==
655	ru	0YHQv9C+0LrQvtC50L3Qvg==
656	ru	0YHQv9C+0LrQvtC50L3Qvg==
657	ru	0KHQv9C+0LrQvtC50L3Qvg==
658	ru	0YLQuNGF0L4=
659	ru	0YLQuNGF0L4=
660	ru	0YLQuNGF0L4=
661	ru	0YLQuNGF0L4=
662	ru	0YLQuNGF0L4=
663	ru	0YLQuNGF0L4=
664	ru	0KLQuNGF0L4=
665	ru	0LLQtdGB0L3QsA==
666	ru	0LLQtdGB0L3QsA==
667	ru	0LLQtdGB0L3QsA==
668	ru	0LLQtdGB0L3QsA==
669	ru	0LLQtdGB0L3QsA==
670	ru	0LLQtdGB0L3QsA==
671	ru	0JLQtdGB0L3QsA==
672	ru	0L7RgdC10L3RjA==
673	ru	0L7RgdC10L3RjA==
674	ru	0L7RgdC10L3RjA==
675	ru	0L7RgdC10L3RjA==
676	ru	0L7RgdC10L3RjA==
677	ru	0L7RgdC10L3RjA==
678	ru	0J7RgdC10L3RjA==
679	ru	0LfQuNC80LA=
680	ru	0LfQuNC80LA=
681	ru	0LfQuNC80LA=
682	ru	0LfQuNC80LA=
683	ru	0LfQuNC80LA=
684	ru	0LfQuNC80LA=
685	ru	0JfQuNC80LA=
686	ru	0L7RgtGC0LXQv9C10LvRjA==
687	ru	0L7RgtGC0LXQv9C10LvRjA==
688	ru	0L7RgtGC0LXQv9C10LvRjA==
689	ru	0L7RgtGC0LXQv9C10LvRjA==
690	ru	0L7RgtGC0LXQv9C10LvRjA==
691	ru	0L7RgtGC0LXQv9C10LvRjA==
692	ru	0J7RgtGC0LXQv9C10LvRjA==
693	ru	0L/RgNC+0YXQu9Cw0LTQsA==
694	ru	0L/RgNC+0YXQu9Cw0LTQsA==
695	ru	0L/RgNC+0YXQu9Cw0LTQsA==
696	ru	0L/RgNC+0YXQu9Cw0LTQsA==
697	ru	0L/RgNC+0YXQu9Cw0LTQsA==
698	ru	0L/RgNC+0YXQu9Cw0LTQsA==
699	ru	0J/RgNC+0YXQu9Cw0LTQsA==
700	ru	0LDQstGC0L7QutGA0LXQutGG0LjRjw==
701	ru	0LDRgNGE0L7Qs9GA0LDRhNC40Y8=
702	ru	0YHQvtC+0LHRiNC10L3QuNC1
703	ru	0LDQstC+0YLQutC+0YDRgNC10LrRhtC40Y8=
704	ru	0LDQstCx0L7QutC+0YDRgNC10LrRhtC40Y8=
705	ru	0LDQstGK0YLQvtC60L7RgNGA0LXQutGG0LjRjw==
706	ru	0LDQstGC0L7QutC+0YDRgNC10LrRhtC+0Y8=
707	ru	0LDQstGC0L7QutC+0YDRgNC10LrRhtGC0Y8=
708	ru	0LDQstGC0L7QutC+0YDRgNC10LrRhtGP
709	ru	0JDQstGC0L7QutC+0YDRgNC10LrRhtC40LjRjw==
710	ru	0L7RgNGE0L7RiNGA0LDRhNC40Y8=
711	ru	0L7RgNGE0L7RgNCw0YTQuNGP
712	ru	0L7RgNGE0L7Qs9Cz0YDQsNGE0LjRjw==
713	ru	0L7RgNGE0L7RgNCz0LDRhNC40Y8=
714	ru	0L7RgNGE0L7QtNGA0LDRhNC40Y8=
715	ru	0L7RgNGE0L7QtdCz0YDQsNGE0LjRjw==
716	ru	0YPRgNGE0L7Qs9GA0LDRhNC40Y8=
717	ru	0LvRgNGE0L7Qs9GA0LDRhNC40Y8=
718	ru	0YDRhNC+0LPRgNCw0YTQuNGP
719	ru	0J7QvtGA0YTQvtCz0YDQsNGE0LjRjw==
720	ru	0L/Qu9C00LTQtdGA0LbQutCw
721	ru	0L/QtNC00LXRgNC20LrQsA==
722	ru	0L/QvtC+0LTQtNC10YDQttC60LA=
723	ru	0L/QtNC+0LTQtdGA0LbQutCw
724	ru	0L/Rg9C00LTQtdGA0LbQutCw
725	ru	0L/Qv9C+0LTQtNC10YDQttC60LA=
726	ru	0L/QvtC00LTQtdGB0LbQutCw
727	ru	0YDQvtC00LTQtdGA0LbQutCw
728	ru	0L7QtNC00LXRgNC20LrQsA==
729	ru	0J/QvtC00LTQtdC10YDQttC60LA=
730	ru	0LjQvdGB0YLRgNGD0LrRhtGC0Y8=
731	ru	0LjQvdGB0YLRgNGD0LrRhtGP
732	ru	0LjQvdGB0YLRgNGD0LrRhtC40LjRjw==
733	ru	0LjQvdGB0YLRgNGD0LrRhtGP0Lg=
734	ru	0LjQvdGB0YLRgNGD0LrRhtC+0Y8=
735	ru	0LjQvdGB0YLRgNGD0LrRhtCw0LjRjw==
736	ru	0LjQvdGB0YLRgNGD0LvRhtC40Y8=
737	ru	0LjQvdGB0YLRgNC60LrRhtC40Y8=
738	ru	0LjQvdGB0YLRgNC60YbQuNGP
739	ru	0JjQvdGB0YLRgNGD0YPQutGG0LjRjw==
740	ru	0YDRgNC+0LLQtdGA0LrQsA==
741	ru	0YDQvtCy0LXRgNC60LA=
742	ru	0L/Qv9GA0L7QstC10YDQutCw
743	ru	0YDQv9C+0LLQtdGA0LrQsA==
744	ru	0LfQv9GA0L7QstC10YDQutCw
745	ru	0L/RgNC+0LLQtdGB0LrQsA==
746	ru	0L/RgNGD0LLQtdGA0LrQsA==
747	ru	0L/RgNC+0LLQtdGA0LrQvw==
748	ru	0L/RgNC+0LLQtdGA0Lo=
749	ru	0J/RgNC+0LLQtdGA0LrQsNCw
750	ru	0YHQvtC+0LHQt9C10L3QuNC1
751	ru	0YHQvtC+0LHQtdC90LjQtQ==
752	ru	0YHQvtC+0LHRidGJ0LXQvdC40LU=
753	ru	0YHQvtC+0LHQtdGJ0L3QuNC1
754	ru	0YHQvtC+0LHQsdC10L3QuNC1
755	ru	0YHQvtC+0LHQtNGJ0LXQvdC40LU=
756	ru	0YHQvtGD0LHRidC10L3QuNC1
757	ru	0YHQvtC+0Y7RidC10L3QuNC1
758	ru	0YHQvtC+0YnQtdC90LjQtQ==
759	ru	0KHQvtC+0LHQsdGJ0LXQvdC40LU=
760	ru	0YPQstC90LTQvtC80LvQtdC90LjQtQ==
761	ru	0YPQstC00L7QvNC70LXQvdC40LU=
762	ru	0YPQstC10LXQtNC+0LzQu9C10L3QuNC1
763	ru	0YPQstC00LXQvtC80LvQtdC90LjQtQ==
764	ru	0YPQstGI0LXQtNC+0LzQu9C10L3QuNC1
765	ru	0YPQs9C10LTQvtC80LvQtdC90LjQtQ==
766	ru	0YPQstC10LTQvtC80LvQtdC90L7QtQ==
767	ru	0YPQsNC10LTQvtC80LvQtdC90LjQtQ==
768	ru	0YPQtdC00L7QvNC70LXQvdC40LU=
769	ru	0KPQstCy0LXQtNC+0LzQu9C10L3QuNC1
770	ru	0L/RgNC40LPQu9Cw0YjQtdC90LjQvQ==
771	ru	0L/RgNC40LPQu9Cw0YjQtdC90Lg=
772	ru	0L/RgNC40LPQu9Cw0YjQtdC90LjQtdC1
773	ru	0L/RgNC40LPQu9Cw0YjQtdC90LjQvtC1
774	ru	0L/RgNC40LPQu9Cw0YjQtdC90LXQuA==
775	ru	0L/RgNC40LPQu9Cw0YjQtdC90L7QtQ==
776	ru	0L/RgNC40LPQu9Cw0LHQtdC90LjQtQ==
777	ru	0L/RgNC40LPQu9Cw0YjQtdC90YLQtQ==
778	ru	0L/RgNC40LPQu9Cw0YjQtdC90LU=
779	ru	0J/RgNC40LPQu9Cw0YjQtdC90LjQuNC1
780	ru	0L7QsdGK0Y/QstC70LXQvdC40L0=
781	ru	0L7QsdGK0Y/QstC70LXQvdC4
782	ru	0L7QsdGK0Y/QstC70LXQvdC40LXQtQ==
783	ru	0L7QsdGK0Y/QstC70LXQvdC40LbQtQ==
784	ru	0L7QsdGK0Y/QstC70L3QtdC40LU=
785	ru	0L7QstGK0Y/QstC70LXQvdC40LU=
786	ru	0L7QsdGK0LDQstC70LXQvdC40LU=
787	ru	0L7QsdGK0Y/QstC70L3QvdC40LU=
788	ru	0L7QsdGK0Y/QstC70L3QuNC1
789	ru	0J7QsdGK0Y/QstC70LXQtdC90LjQtQ==
790	ru	0L/RgNC10LTQu9C+0LbQtdCz0LjQtQ==
791	ru	0L/RgNC10LTQu9C+0LbQtdC40LU=
792	ru	0L/RgNC10LTQu9C+0LbQtdC90L3QuNC1
793	ru	0L/RgNC10LTQu9C+0LbQtdC40L3QtQ==
794	ru	0L/RgNC10LTQu9C+0LbQtdC/0LjQtQ==
795	ru	0L/RgNC10LTQu9C+0LbQtdCx0L3QuNC1
796	ru	0L/RgNC10LTQu9C+0LbQtdC90L7QtQ==
797	ru	0L/RgNC10LbQu9C+0LbQtdC90LjQtQ==
798	ru	0L/RgNC10LvQvtC20LXQvdC40LU=
799	ru	0J/RgNC10LTQtNC70L7QttC10L3QuNC1
800	ru	0LrQsNGA0LDQvdC00L/RiA==
801	ru	0LrQsNGA0LDQvdC00Yg=
802	ru	0LrQsNGA0LDQvdC00LDQsNGI
803	ru	0LrQsNGA0LDQvdC00YjQsA==
804	ru	0LrQsNGA0LDQvdC00LXRiA==
805	ru	0LrQsNGA0LDQvdC00YDQsNGI
806	ru	0LvQsNGA0LDQvdC00LDRiA==
807	ru	0LrQsNGA0LDQvdC20LDRiA==
808	ru	0LrQsNGA0LDQvdCw0Yg=
809	ru	0JrQsNGA0LDQvdC00LTQsNGI
810	ru	0LHQu9C+0LrQvdC70YI=
811	ru	0LHQu9C+0LrQvdGC
812	ru	0LHQu9C+0LrQvdC+0L7Rgg==
813	ru	0LHQu9C+0LrQvdGC0L4=
814	ru	0LHQu9C+0LrQvdGD0YI=
815	ru	0LHQu9C+0LrQvdC40L7Rgg==
816	ru	0LHQu9C+0LvQvdC+0YI=
817	ru	0LHQu9C70LrQvdC+0YI=
818	ru	0LHQu9C60L3QvtGC
819	ru	0JHQu9C+0L7QutC90L7Rgg==
820	ru	0LrQsNC70LXQvdC00LDRgNCx
821	ru	0LrQsNC70LXQvdC00LDRgA==
822	ru	0LrQsNC70LXQvdC00LDRgNGM0Yw=
823	ru	0LrQsNC70LXQvdC00LDRgNGP0Yw=
824	ru	0LrQsNC70LXQvdCw0LTRgNGM
825	ru	0LrQtdC70LXQvdC00LDRgNGM
826	ru	0LrQsNC70LXQvdC00LDRgdGM
827	ru	0LrQsNC70LXQvdC20LDRgNGM
828	ru	0LrQsNC70LXQvdCw0YDRjA==
829	ru	0JrQsNC70LXQvdC00LTQsNGA0Yw=
830	ru	0LrQvtC90LDQtdGA0YI=
831	ru	0LrQvtC90LXRgNGC
832	ru	0LrQvtC90LLQstC10YDRgg==
833	ru	0LrQvtC90LXQstGA0YI=
834	ru	0LrQvtC90LPQtdGA0YI=
835	ru	0LrQvtC90YvQstC10YDRgg==
836	ru	0LrRg9C90LLQtdGA0YI=
837	ru	0LrQvtC90LLQtdGA0Yw=
838	ru	0LrQvtC90LLQtdGA
839	ru	0JrQvtC90LLQtdGA0YLRgg==
840	ru	0LbRg9GA0L3QsNC0
841	ru	0LbRg9GA0L3QsA==
842	ru	0LbRg9GA0L3QsNC70Ls=
843	ru	0LbRg9GA0L3QsNC8
844	ru	0LbRg9GA0L3QsNC30Ls=
845	ru	0YPQttGA0L3QsNC7
846	ru	0LbRg9GA0L3QtdC7
847	ru	0Y3Rg9GA0L3QsNC7
848	ru	0YPRgNC90LDQuw==
849	ru	0JbQttGD0YDQvdCw0Ls=
850	ru	0LTQtdGA0LXQsNC90Y8=
851	ru	0LTQtdGA0LXQvdGP
852	ru	0LTQtdGA0LXQstCy0L3Rjw==
853	ru	0LTQtdGA0LXQvdCy0Y8=
854	ru	0LTQtdGA0LXQs9C90Y8=
855	ru	0LTQtdGA0LXQsNCy0L3Rjw==
856	ru	0LTQtdGA0LXQstC90LA=
857	ru	0LTQtdGA0LXQstC90Yc=
858	ru	0LTQtdGA0LXQstC9
859	ru	0JTQtdGA0LXQstC90Y/Rjw==
860	ru	0LPQvtGA0L8=
861	ru	0LPQvtGA0LDQsA==
862	ru	0LPQvtGA0YjQsA==
863	ru	0LPRgNC+0LA=
864	ru	0LPRg9GA0LA=
865	ru	0LPQvtGB0LA=
866	ru	0LPQu9GA0LA=
867	ru	0LPQvtC+0YDQsA==
868	ru	0LPQvtGA0LXQsA==
869	ru	0JPQvtCw0YA=
870	ru	0LrQvtC10L/QvtGB0YLRjA==
871	ru	0LrQtdC/0L7RgdGC0Yw=
872	ru	0LrRgNGA0LXQv9C+0YHRgtGM
873	ru	0LrQtdGA0L/QvtGB0YLRjA==
874	ru	0LrRgdC10L/QvtGB0YLRjA==
875	ru	0LrQvtGA0LXQv9C+0YHRgtGM
876	ru	0LrRgNC10L/Rg9GB0YLRjA==
877	ru	0LrRgNC10L/Qu9GB0YLRjA==
878	ru	0LrRgNC10L/RgdGC0Yw=
879	ru	0JrRgNC10L/QvtC+0YHRgtGM
880	ru	0LzQtdC70YzQs9C40YbQsA==
881	ru	0LzQtdC70YzQuNGG0LA=
882	ru	0LzQtdC70YzQvdC90LjRhtCw
883	ru	0LzQtdC70YzQuNC90YbQsA==
884	ru	0LzQtdC70YzQv9C40YbQsA==
885	ru	0LzQtdC70YzQs9C90LjRhtCw
886	ru	0LzQtdC70YzQvdC+0YbQsA==
887	ru	0LzQtdC70YzQvdGC0YbQsA==
888	ru	0LzQtdC70YzQvdGG0LA=
889	ru	0JzQtdC70YzQvdC40LjRhtCw
890	ru	0LHQsNGJ0L3Rjw==
891	ru	0LHQsNGI0YjQvdGP
892	ru	0LHQsNC90YjRjw==
893	ru	0LHQsNCx0L3Rjw==
894	ru	0LHQsNGC0YjQvdGP
895	ru	0LDRiNC90Y8=
896	ru	0LHQsNGI0L3QsA==
897	ru	0Y7QsNGI0L3Rjw==
898	ru	0LHQsdCw0YjQvdGP
899	ru	0JDQsdGI0L3Rjw==
900	ru	0LbQstC40LPQsNGC0LXQu9GM
901	ru	0LLQuNCz0LDRgtC10LvRjA==
902	ru	0LTQtNCy0LjQs9Cw0YLQtdC70Yw=
903	ru	0LLQtNC40LPQsNGC0LXQu9GM
904	ru	0LjQtNCy0LjQs9Cw0YLQtdC70Yw=
905	ru	0LTQstC40LPQsNCx0LXQu9GM
906	ru	0LTQstC+0LPQsNGC0LXQu9GM
907	ru	0LTQstC40LPQsNGC0LXQu9Cx
908	ru	0LTQstC40LPQsNGC0LXQuw==
909	ru	0JTQstC40LPQsNGC0LXQu9GM0Yw=
910	ru	0YzQvtGA0LzQvtC3
911	ru	0L7RgNC80L7Qtw==
912	ru	0YLRgtC+0YDQvNC+0Lc=
913	ru	0L7RgtGA0LzQvtC3
914	ru	0LHQvtGA0LzQvtC3
915	ru	0ZHRgtC+0YDQvNC+0Lc=
916	ru	0YLRg9GA0LzQvtC3
917	ru	0YLQvtGA0LzQvtGF
918	ru	0YLQvtGA0LzQvg==
919	ru	0KLQvtGA0LzQvtC30Lc=
920	ru	0LDQutC60LrQvNGD0LvRj9GC0L7RgA==
921	ru	0LDQutC60LzRg9C70Y/RgtC+0YA=
922	ru	0LDQutC60YPRg9C80YPQu9GP0YLQvtGA
923	ru	0LDQutC60LzRg9GD0LvRj9GC0L7RgA==
924	ru	0LDQutC60YvQvNGD0LvRj9GC0L7RgA==
925	ru	0LDQutC60Y/Rg9C80YPQu9GP0YLQvtGA
926	ru	0LDQu9C60YPQvNGD0LvRj9GC0L7RgA==
927	ru	0LDQtdC60YPQvNGD0LvRj9GC0L7RgA==
928	ru	0LDQutGD0LzRg9C70Y/RgtC+0YA=
929	ru	0JDQutC60LrRg9C80YPQu9GP0YLQvtGA
930	ru	0YDQsNC00LjQv9GC0L7RgA==
931	ru	0YDQsNC00LjRgtC+0YA=
932	ru	0YDQsNC00LjQsNCw0YLQvtGA
933	ru	0YDQsNC00LjRgtCw0L7RgA==
934	ru	0YDQsNC00LjQtdGC0L7RgA==
935	ru	0YDQsNC00LjQs9Cw0YLQvtGA
936	ru	0YDQsNC00LjQsNCx0L7RgA==
937	ru	0YDQsNC00YLQsNGC0L7RgA==
938	ru	0YDQsNC00LDRgtC+0YA=
939	ru	0KDQsNC00LjQuNCw0YLQvtGA
940	ru	0LPQtdC90LXRgNC/0YLQvtGA
941	ru	0LPQtdC90LXRgNGC0L7RgA==
942	ru	0LPQtdC90LXRgNCw0LDRgtC+0YA=
943	ru	0LPQtdC90LXRgNGC0LDQvtGA
944	ru	0LPQtdC90LXRgNC10YLQvtGA
945	ru	0LPQtdC90LXRgNC60LDRgtC+0YA=
946	ru	0LPQtdC90LXRgNCw0YLQvtGB
947	ru	0LPQtdC90LXRgNCw0YLQvtC+
948	ru	0LPQtdC90LXRgNCw0YLQvg==
949	ru	0JPQtdC90LXRgNCw0YLQvtGA0YA=
950	ru	0L7QtdC90L4=
951	ru	0L7QutC60L3Qvg==
952	ru	0L7QvdC60L4=
953	ru	0L7Qu9C90L4=
954	ru	0L7QsNC60L3Qvg==
955	ru	0LrQvdC+
956	ru	0YPQutC90L4=
957	ru	0L7QutCz0L4=
958	ru	0L7QutC90L3Qvg==
959	ru	0J7QutC/0L4=
960	ru	0L/QuNGB0YzQuNC+
961	ru	0L/QuNGB0YzQvg==
962	ru	0L/QuNGB0YzQvNC80L4=
963	ru	0L/QuNGB0YzQvtC8
964	ru	0L/QuNGB0YzQvdC+
965	ru	0L/QuNGB0YzQsdC80L4=
966	ru	0L/QvtGB0YzQvNC+
967	ru	0L/QuNC80YzQvNC+
968	ru	0L/QuNGM0LzQvg==
969	ru	0J/QuNGB0YHRjNC80L4=
970	ru	0YjQtdCw0YQ=
971	ru	0YjQsNGE
972	ru	0YjQutC60LDRhA==
973	ru	0YjQsNC60YQ=
974	ru	0YjQu9Cw0YQ=
975	ru	0YjQsNC60LDRhA==
976	ru	0YjQutC10YQ=
977	ru	0YjQutC/0YQ=
978	ru	0YjQutGE
979	ru	0KjQutCw0LDRhA==
980	ru	0YfQtdC80L7QttCw0L0=
981	ru	0YfQtdC80L7QsNC9
982	ru	0YfQtdC80L7QtNC00LDQvQ==
983	ru	0YfQtdC80L7QsNC00L0=
984	ru	0YfQtdC80L7QstC00LDQvQ==
985	ru	0YfQtdC80YPQtNCw0L0=
986	ru	0LHQtdC80L7QtNCw0L0=
987	ru	0YfQtdC80LvQtNCw0L0=
988	ru	0YfQtdC80LTQsNC9
989	ru	0KfQtdC80L7QvtC00LDQvQ==
990	ru	0Y/Qt9C40Lo=
991	ru	0Y/QuNC6
992	ru	0Y/RidGJ0LjQug==
993	ru	0Y/QuNGJ0Lo=
994	ru	0Y/QsdC40Lo=
995	ru	0Y/QutGJ0LjQug==
996	ru	0LDRidC40Lo=
997	ru	0Y/RidC40LU=
998	ru	0Y/RidC4
999	ru	0K/RidC40LrQug==
1000	ru	0L/QvtC70YPRh9C40YzRjA==
1001	ru	0L/QvtC70YPRh9C40Yw=
1002	ru	0L/QvtC70YPRh9C40YLRgtGM
1003	ru	0L/QvtC70YPRh9C40YzRgg==
1004	ru	0L/QvtC70YPRh9C40LHRjA==
1005	ru	0L/QvtC70YPRh9C40YDRgtGM
1006	ru	0L/Rg9C70YPRh9C40YLRjA==
1007	ru	0L/QvtC00YPRh9C40YLRjA==
1008	ru	0L/QvtGD0YfQuNGC0Yw=
1009	ru	0J/QvtC70LvRg9GH0LjRgtGM
1010	ru	0LTQvtCx0L/QstC40YLRjA==
1011	ru	0LTQvtCx0LLQuNGC0Yw=
1012	ru	0LTQvtCx0LDQsNCy0LjRgtGM
1013	ru	0LTQvtCx0LLQsNC40YLRjA==
1014	ru	0LTQvtCx0LXQstC40YLRjA==
1015	ru	0LTQvtCx0YzQsNCy0LjRgtGM
1016	ru	0LTQvtCx0LDQs9C40YLRjA==
1017	ru	0LTQvtCx0LDQstC40YLQsQ==
1018	ru	0LTQvtCx0LDQstGC0Yw=
1019	ru	0JTQvtCx0LDQstC40YLRjNGM
1020	ru	0LjRgdGA0YDQsNCy0LjRgtGM
1021	ru	0LjRgdGA0LDQstC40YLRjA==
1022	ru	0LjRgdC/0L/RgNCw0LLQuNGC0Yw=
1023	ru	0LjRgdGA0L/QsNCy0LjRgtGM
1024	ru	0LjRgdGG0L/RgNCw0LLQuNGC0Yw=
1025	ru	0LjRgdC/0YDQtdCy0LjRgtGM
1026	ru	0LjRgdC/0YDQsNCy0LjQsdGM
1027	ru	0LjRgdC/0YDQv9Cy0LjRgtGM
1028	ru	0LjRgdC/0YDQstC40YLRjA==
1029	ru	0JjRgdC/0YDQsNCw0LLQuNGC0Yw=
1030	ru	0YHQu9GF0YDQsNC90LjRgtGM
1031	ru	0YHRhdGA0LDQvdC40YLRjA==
1032	ru	0YHQvtC+0YXRgNCw0L3QuNGC0Yw=
1033	ru	0YHRhdC+0YDQsNC90LjRgtGM
1034	ru	0YHRg9GF0YDQsNC90LjRgtGM
1035	ru	0YHQv9C+0YXRgNCw0L3QuNGC0Yw=
1036	ru	0YHQvtGF0YDQsNC90LjQsdGM
1037	ru	0YHQvtGF0YDQsNC90LjRjNGM
1038	ru	0YHQvtGF0YDQsNC90LjRjA==
1039	ru	0KHQvtGF0YDQsNC90LjRgtGC0Yw=
1040	ru	0YPQtNC/0LvQuNGC0Yw=
1041	ru	0YPQtNC70LjRgtGM
1042	ru	0YPQtNCw0LDQu9C40YLRjA==
1043	ru	0YPQtNC70LDQuNGC0Yw=
1044	ru	0YPQtNGE0LDQu9C40YLRjA==
1045	ru	0YPQtNCw0LvQuNCx0Yw=
1046	ru	0YvQtNCw0LvQuNGC0Yw=
1047	ru	0YPQtNCw0LvQuNGC0LE=
1048	ru	0YPQtNCw0LvQuNGM
1049	ru	0KPQtNCw0LvQuNGC0YzRjA==
1050	ru	0LrQu9Cw0LLQuNCw0YLRg9C+0LA=
1051	ru	0LrQu9Cw0LLQuNCw0YLRg9Cw
1052	ru	0LrQu9Cw0LLQuNCw0YLRg9GA0YDQsA==
1053	ru	0LrQu9Cw0LLQuNCw0YLRg9Cw0YA=
1054	ru	0LrQu9Cw0LLQuNCw0YLRg9GB0LA=
1055	ru	0LrQu9Cw0LLQuNCw0YLRg9Cw0YDQsA==
1056	ru	0LrQu9Cw0LLQuNCw0YLRg9GA0LU=
1057	ru	0LrQtNCw0LLQuNCw0YLRg9GA0LA=
1058	ru	0LrQsNCy0LjQsNGC0YPRgNCw
1059	ru	0JrQu9C70LDQstC40LDRgtGD0YDQsA==
1060	ru	0L/RgNC+0YjRgNCw0LzQvNCw
1061	ru	0L/RgNC+0YDQsNC80LzQsA==
1062	ru	0L/RgNC+0LPQs9GA0LDQvNC80LA=
1063	ru	0L/RgNC+0YDQs9Cw0LzQvNCw
1064	ru	0L/RgNC+0LTRgNCw0LzQvNCw
1065	ru	0L/RgNC+0Y3Qs9GA0LDQvNC80LA=
1066	ru	0L/RgNGD0LPRgNCw0LzQvNCw
1067	ru	0YDRgNC+0LPRgNCw0LzQvNCw
1068	ru	0YDQvtCz0YDQsNC80LzQsA==
1069	ru	0J/Qv9GA0L7Qs9GA0LDQvNC80LA=
1070	ru	0LrQsNC80L3RgNCw
1071	ru	0LrQsNC80YDQsA==
1072	ru	0LrQsNC80LXQtdGA0LA=
1073	ru	0LrQsNC80YDQtdCw
1074	ru	0LrQsNC80YrQtdGA0LA=
1075	ru	0LvQsNC80LXRgNCw
1076	ru	0LrQtdC80LXRgNCw
1077	ru	0LXQsNC80LXRgNCw
1078	ru	0LDQvNC10YDQsA==
1079	ru	0JrQutCw0LzQtdGA0LA=
1080	ru	0LDQvdGC0LXQvdC90L8=
1081	ru	0LDQvdGC0LXQvdC9
1082	ru	0LDQvdGC0LXQvdC90LDQsA==
1083	ru	0LDQvdGC0LXQvdC90LU=
1084	ru	0LDQvdGC0LXQvdC90L/QsA==
1085	ru	0LDQvdGC0LXQv9C90LA=
1086	ru	0L3QsNGC0LXQvdC90LA=
1087	ru	0LDQvdGC0LXQs9C90LA=
1088	ru	0LDQvdGC0LXQvdCw
1089	ru	0JDQsNC90YLQtdC90L3QsA==
1090	ru	0LDQv9C/0LDRgNC/0YLRg9GA0LA=
1091	ru	0LDQv9C/0LDRgNGC0YPRgNCw
1092	ru	0LDQv9C/0LDRgNCw0LDRgtGD0YDQsA==
1093	ru	0LDQv9C/0LDRgNGC0LDRg9GA0LA=
1094	ru	0LDQv9C/0LDRgNC10YLRg9GA0LA=
1095	ru	0LDQv9C/0LDRgNC70LDRgtGD0YDQsA==
1096	ru	0LDQv9C/0LDRgNCw0LHRg9GA0LA=
1097	ru	0LDQv9C/0LDRgNCw0YzRg9GA0LA=
1098	ru	0LDQv9C/0LDRgNCw0YPRgNCw
1099	ru	0JDQv9C/0LDRgNCw0YLRgtGD0YDQsA==
1100	ru	0LzQu9C70LXQutGD0LvRgw==
1101	ru	0LzQu9C10LrRg9C70YM=
1102	ru	0LzQvtC+0LvQtdC60YPQu9GD
1103	ru	0LzQu9C+0LXQutGD0LvRgw==
1104	ru	0LzRg9C70LXQutGD0LvRgw==
1105	ru	0LzQsNC+0LvQtdC60YPQu9GD
1106	ru	0L3QvtC70LXQutGD0LvRgw==
1107	ru	0LzQvtC70L3QutGD0LvRgw==
1108	ru	0LzQvtC70LrRg9C70YM=
1109	ru	0JzQvtC70LXQtdC60YPQu9GD
1110	ru	0YDQtdCw0LrRg9C40Y4=
1111	ru	0YDQtdCw0LrQuNGO
1112	ru	0YDQtdCw0LrRhtGG0LjRjg==
1113	ru	0YDQtdCw0LrQuNGG0Y4=
1114	ru	0YDQtdCw0LrQsdC40Y4=
1115	ru	0YDQtdCw0LrQstGG0LjRjg==
1116	ru	0YDQtdC10LrRhtC40Y4=
1117	ru	0YDQvdCw0LrRhtC40Y4=
1118	ru	0YDQsNC60YbQuNGO
1119	ru	0KDQtdC10LDQutGG0LjRjg==
1120	ru	0YLQtdC80L/QtdGA0LDRjNGD0YDRgw==
1121	ru	0YLQtdC80L/QtdGA0LDRg9GA0YM=
1122	ru	0YLQtdC80L/QtdGA0LDRgtGC0YPRgNGD
1123	ru	0YLQtdC80L/QtdGA0LDRg9GC0YDRgw==
1124	ru	0YLQtdC80L/QtdGA0LDQsdGD0YDRgw==
1125	ru	0YLQtdC80L/QtdGA0LDRitGC0YPRgNGD
1126	ru	0YLQtdC80L/QtdGA0LXRgtGD0YDRgw==
1127	ru	0YLQtdC80L/QtdGA0L/RgtGD0YDRgw==
1128	ru	0YLQtdC80L/QtdGA0YLRg9GA0YM=
1129	ru	0KLQtdC10LzQv9C10YDQsNGC0YPRgNGD
1130	ru	0L/QtNC+0YLQvdC+0YHRgtGM
1131	ru	0L/QvtGC0L3QvtGB0YLRjA==
1132	ru	0L/Qu9C70L7RgtC90L7RgdGC0Yw=
1133	ru	0L/QvtC70YLQvdC+0YHRgtGM
1134	ru	0L/QvNC+0YLQvdC+0YHRgtGM
1135	ru	0L/Qv9C70L7RgtC90L7RgdGC0Yw=
1136	ru	0L/Qu9C+0YLQvdGD0YHRgtGM
1137	ru	0L/Qu9C+0YLQvdC70YHRgtGM
1138	ru	0L/Qu9C+0YLQvdGB0YLRjA==
1139	ru	0J/Qu9C+0YLQvdC+0L7RgdGC0Yw=
1140	ru	0YHRgtGA0YPQutGC0YPQvtGD
1141	ru	0YHRgtGA0YPQutGC0YPRgw==
1142	ru	0YHRgtGA0YPQutGC0YPRgNGA0YM=
1143	ru	0YHRgtGA0YPQutGC0YPRg9GA
1144	ru	0YHRgtGA0YPQutGC0YPRgdGD
1145	ru	0YHRgtGA0YPQutGC0YPRiNGA0YM=
1146	ru	0YHRgtGA0YPQutGC0YvRgNGD
1147	ru	0YHRjNGA0YPQutGC0YPRgNGD
1148	ru	0YHRgNGD0LrRgtGD0YDRgw==
1149	ru	0KHRgtGC0YDRg9C60YLRg9GA0YM=
1150	ru	0LrRgNCy0YjRgw==
1151	ru	0LrRgNGI0YM=
1152	ru	0LrRgNGL0YvRiNGD
1153	ru	0LrRgNGI0YvRgw==
1154	ru	0LrRgNGN0YjRgw==
1155	ru	0LrRgNGC0YvRiNGD
1156	ru	0LrRgNGL0LHRgw==
1157	ru	0LrRgNGL0YjQug==
1158	ru	0LrRgNGL0Yg=
1159	ru	0JrRgNGL0YjRg9GD
1160	ru	0LTQtdGB0YLQvdC40YbRgw==
1161	ru	0LXRgdGC0L3QuNGG0YM=
1162	ru	0LvQu9C10YHRgtC90LjRhtGD
1163	ru	0LXQu9GB0YLQvdC40YbRgw==
1164	ru	0LzQtdGB0YLQvdC40YbRgw==
1165	ru	0LfQu9C10YHRgtC90LjRhtGD
1166	ru	0LvQtdGB0YLQvdC+0YbRgw==
1167	ru	0LvQtdGB0YLQvdGC0YbRgw==
1168	ru	0LvQtdGB0YLQvdGG0YM=
1169	ru	0JvQtdGB0YLQvdC40LjRhtGD
1170	ru	0YLQvtGD0LHRgw==
1171	ru	0YLRg9Cx0YM=
1172	ru	0YLRgNGA0YPQsdGD
1173	ru	0YLRg9GA0LHRgw==
1174	ru	0YLRgdGD0LHRgw==
1175	ru	0YLQu9GA0YPQsdGD
1176	ru	0YLRgNGL0LHRgw==
1177	ru	0YLRgNGD0LHQug==
1178	ru	0YLRgNCx0YM=
1179	ru	0KLRgNGD0LHRg9GD
1180	ru	0YHRgtC10L3Qug==
1181	ru	0YHRgtC10L3Rg9GD
1182	ru	0YHRgtC10L3QsNGD
1183	ru	0YLQtdC90YM=
1184	ru	0YLRgdC10L3Rgw==
1185	ru	0YLRgtC10L3Rgw==
1186	ru	0LzRgtC10L3Rgw==
1187	ru	0YHRgdGC0LXQvdGD
1188	ru	0YHRgtC10L3QtdGD
1189	ru	0KHRgtC10YM=
1190	ru	0L7Qs9GA0LDQttGD
1191	ru	0L7Qs9GA0LDRgw==
1192	ru	0L7Qs9GA0LDQtNC00YM=
1193	ru	0L7Qs9GA0LDRg9C0
1194	ru	0L7Qs9GA0LDQsdC00YM=
1195	ru	0L7Qs9GA0LXQtNGD
1196	ru	0L7QtNGA0LDQtNGD
1197	ru	0L7Qs9GA0L/QtNGD
1198	ru	0L7Qs9GA0LTRgw==
1199	ru	0J7QvtCz0YDQsNC00YM=
1200	ru	0LfQsNC00LDRgdGD
1201	ru	0LfQsNC00LDRgw==
1202	ru	0LfQsNC00LDRh9GH0YM=
1203	ru	0LfQsNC00LDRg9GH
1204	ru	0LfQsNC00LDQsdGD
1205	ru	0LfQsNC00LDQsdGH0YM=
1206	ru	0LfQtdC00LDRh9GD
1207	ru	0LfQv9C00LDRh9GD
1208	ru	0LfQtNCw0YfRgw==
1209	ru	0JfQsNCw0LTQsNGH0YM=
1210	ru	0YTQvtGA0LjRg9C70YM=
1211	ru	0YTQvtGA0YPQu9GD
1212	ru	0YTQvtGA0LzQvNGD0LvRgw==
1213	ru	0YTQvtGA0YPQvNC70YM=
1214	ru	0YTQvtGA0L3Rg9C70YM=
1215	ru	0YTQvtGA0YvQvNGD0LvRgw==
1216	ru	0YTQvtGA0LzRi9C70YM=
1217	ru	0YTQvtC+0LzRg9C70YM=
1218	ru	0YTQvtC80YPQu9GD
1219	ru	0KTRhNC+0YDQvNGD0LvRgw==
1220	ru	0YLQtdC+0YDQtdC40YM=
1221	ru	0YLQtdC+0YDQtdGD
1222	ru	0YLQtdC+0YDQtdC80LzRgw==
1223	ru	0YLQtdC+0YDQtdGD0Lw=
1224	ru	0YLQtdC+0YDQtdC90YM=
1225	ru	0YLQtdC+0YDQtdC40LzRgw==
1226	ru	0YLQtdGD0YDQtdC80YM=
1227	ru	0YLQtdC70YDQtdC80YM=
1228	ru	0YLQtdGA0LXQvNGD
1229	ru	0KLQtdC+0L7RgNC10LzRgw==
1230	ru	0YzQtdC80YM=
1231	ru	0YLRgtC10LzRgw==
1232	ru	0LXRgtC80YM=
1233	ru	0LHQtdC80YM=
1234	ru	0LTRgtC10LzRgw==
1235	ru	0YLQvNGD
1236	ru	0YLQtdC80Lo=
1237	ru	0YLQtdC80YPRgw==
1238	ru	0YLQvNC10YM=
1239	ru	0KLQtdC90YM=
1240	ru	0L7RiNC40LHQtdGD
1241	ru	0L7RiNC40LHRgw==
1242	ru	0L7RiNC40LHQutC60YM=
1243	ru	0L7RiNC40LHRg9C6
1244	ru	0L7RiNC40LHQu9GD
1245	ru	0L7RiNC40LHQsdC60YM=
1246	ru	0YPRiNC40LHQutGD
1247	ru	0L7RiNC40Y7QutGD
1248	ru	0L7RiNC40LrRgw==
1249	ru	0J7RiNGI0LjQsdC60YM=
1250	ru	0LrRg9GA0YLQtdGD
1251	ru	0LrRg9GA0YLRgw==
1252	ru	0LrRg9GA0YLQutC60YM=
1253	ru	0LrRg9GA0YLRg9C6
1254	ru	0LrRg9GA0YLQu9GD
1255	ru	0LrRg9GA0YLQsdC60YM=
1256	ru	0LrRi9GA0YLQutGD
1257	ru	0LXRg9GA0YLQutGD
1258	ru	0YPRgNGC0LrRgw==
1259	ru	0JrQutGD0YDRgtC60YM=
1260	ru	0YnQsNC/0LrRgw==
1261	ru	0LDQv9C60YM=
1262	ru	0YjRiNCw0L/QutGD
1263	ru	0LDRiNC/0LrRgw==
1264	ru	0LHQsNC/0LrRgw==
1265	ru	0LXRiNCw0L/QutGD
1266	ru	0YjQsNC/0LrRiw==
1267	ru	0YjQsNC/0LrQug==
1268	ru	0YjQsNC/0Lo=
1269	ru	0KjQsNC/0LrRg9GD
1270	ru	0YDRg9Cx0LDRiNC60Lo=
1271	ru	0YDRg9Cx0LDRiNC6
1272	ru	0YDRg9Cx0LDRiNC60YPRgw==
1273	ru	0YDRg9Cx0LDRiNC60Ys=
1274	ru	0YDRg9Cx0LDRiNC60L/Rgw==
1275	ru	0YPRgNCx0LDRiNC60YM=
1276	ru	0YHRg9Cx0LDRiNC60YM=
1277	ru	0L7Rg9Cx0LDRiNC60YM=
1278	ru	0YPQsdCw0YjQutGD
1279	ru	0KDRgNGD0LHQsNGI0LrRgw==
1280	ru	0L/QvtC00YPRiNC60Lo=
1281	ru	0L/QvtC00YPRiNC6
1282	ru	0L/QvtC00YPRiNC60YPRgw==
1283	ru	0L/QvtC00YPRiNC60Ys=
1284	ru	0L/QvtC00YPRiNC60L/Rgw==
1285	ru	0L/QtNC+0YPRiNC60YM=
1286	ru	0L/QvtC00YPQsdC60YM=
1287	ru	0L/Qu9C00YPRiNC60YM=
1288	ru	0L/QtNGD0YjQutGD
1289	ru	0J/QvtC+0LTRg9GI0LrRgw==
1290	ru	0LfRkdGC0LrRgw==
1291	ru	0ZHRgtC60YM=
1292	ru	0YnRidGR0YLQutGD
1293	ru	0ZHRidGC0LrRgw==
1294	ru	0LHRkdGC0LrRgw==
1295	ru	0LXRidGR0YLQutGD
1296	ru	0YnQuNGC0LrRgw==
1297	ru	0YnRkdGM0LrRgw==
1298	ru	0YnRkdC60YM=
1299	ru	0KnRkdGC0YLQutGD
1300	ru	0L/RgNC+0LXQtdGC
1301	ru	0L/RgNC+0LXRgg==
1302	ru	0L/RgNC+0LXQutC60YI=
1303	ru	0L/RgNC+0LXRgtC6
1304	ru	0L/RgNC+0LXQu9GC
1305	ru	0L/RgNC+0LXQsdC60YI=
1306	ru	0L/RgNGD0LXQutGC
1307	ru	0L/RgNC+0LXQutGM
1308	ru	0L/RgNC+0LXQug==
1309	ru	0J/RgNC+0LXQutGC0YI=
1310	ru	0LHRjtC20LbQtdGC
1311	ru	0LHRjtC20LXRgg==
1312	ru	0LHRjtC00LTQttC10YI=
1313	ru	0LHRjtC20LTQtdGC
1314	ru	0LHRjtGD0LTQttC10YI=
1315	ru	0LLRjtC00LbQtdGC
1316	ru	0LHRj9C00LbQtdGC
1317	ru	0Y7RjtC00LbQtdGC
1318	ru	0Y7QtNC20LXRgg==
1319	ru	0JHQsdGO0LTQttC10YI=
1320	ru	0LbQvtCz0L7QstC+0YA=
1321	ru	0L7Qs9C+0LLQvtGA
1322	ru	0LTQtNC+0LPQvtCy0L7RgA==
1323	ru	0L7QtNCz0L7QstC+0YA=
1324	ru	0LbQtNC+0LPQvtCy0L7RgA==
1325	ru	0LTRg9Cz0L7QstC+0YA=
1326	ru	0LTQvtCz0L7Qs9C+0YA=
1327	ru	0LTQu9Cz0L7QstC+0YA=
1328	ru	0LTQs9C+0LLQvtGA
1329	ru	0JTQvtC+0LPQvtCy0L7RgA==
1330	ru	0YDQu9Cw0L0=
1331	ru	0L/Qv9C70LDQvQ==
1332	ru	0LvQv9Cw0L0=
1333	ru	0LTQv9C70LDQvQ==
1334	ru	0L/Qu9Cw
1335	ru	0L/Qu9Cw0L8=
1336	ru	0L/Qu9Cw0LM=
1337	ru	0L/Qu9Cw0L3QvQ==
1338	ru	0L/QsNC70L0=
1339	ru	0JDQv9C70LDQvQ==
1340	ru	0LPRgNCw0YTRgtC6
1341	ru	0LPRgNCw0YTQug==
1342	ru	0LPRgNCw0YTQuNC40Lo=
1343	ru	0LPRgNCw0YTQutC4
1344	ru	0LPRgNCw0YTQvtC6
1345	ru	0LPRgNCw0YTQsdC40Lo=
1346	ru	0LTRgNCw0YTQuNC6
1347	ru	0YjRgNCw0YTQuNC6
1348	ru	0YDQsNGE0LjQug==
1349	ru	0JPQs9GA0LDRhNC40Lo=
1350	ru	0YXQu9C90LE=
1351	ru	0YXQu9Cx
1352	ru	0YXQu9C10LXQsQ==
1353	ru	0YXQu9Cx0LU=
1354	ru	0YXQu9GB0LXQsQ==
1355	ru	0LHQu9C10LE=
1356	ru	0YrQu9C10LE=
1357	ru	0LvQtdCx
1358	ru	0YXRhdC70LXQsQ==
1359	ru	0JvRhdC10LE=
1360	ru	0YHRgA==
1361	ru	0YHRi9GL0YA=
1362	ru	0YHRgNGL
1363	ru	0YHQudGL0YA=
1364	ru	0YHRi9C+
1365	ru	0YHRi9GB
1366	ru	0YHRiw==
1367	ru	0YHRi9GA0YA=
1368	ru	0YvRgdGA
1369	ru	0KHQsNGL0YA=
1370	ru	0LjQsNGB0LvQvg==
1371	ru	0LDRgdC70L4=
1372	ru	0LzQvNCw0YHQu9C+
1373	ru	0LDQvNGB0LvQvg==
1374	ru	0L3QsNGB0LvQvg==
1375	ru	0LXQvNCw0YHQu9C+
1376	ru	0LzQtdGB0LvQvg==
1377	ru	0LzQsNGB0LTQvg==
1378	ru	0LzQsNGB0L4=
1379	ru	0JzQsNGB0LvQu9C+
1380	ru	0LrQvtGL0LU=
1381	ru	0LrQvtGE0YTQtQ==
1382	ru	0LrQvtC10YQ=
1383	ru	0LrQvtCx0LU=
1384	ru	0LrQvtGB0YTQtQ==
1385	ru	0LrRhNC1
1386	ru	0LrRg9GE0LU=
1387	ru	0LrQu9GE0LU=
1388	ru	0LrQvtC+0YTQtQ==
1389	ru	0JrRhNC+0LU=
1390	ru	0YjQu9C60L7Qu9Cw0LQ=
1391	ru	0YjQutC+0LvQsNC0
1392	ru	0YjQvtC+0LrQvtC70LDQtA==
1393	ru	0YjQutC+0L7Qu9Cw0LQ=
1394	ru	0YjRg9C60L7Qu9Cw0LQ=
1395	ru	0YjQvdC+0LrQvtC70LDQtA==
1396	ru	0YjQvtC60L7QvNCw0LQ=
1397	ru	0YjQvtC60L7QtNCw0LQ=
1398	ru	0YjQvtC60L7QsNC0
1399	ru	0KjQvtC60L7Qu9C70LDQtA==
1400	ru	0LzRg9C30L3QuQ==
1401	ru	0LzRg9C30Lk=
1402	ru	0LzRg9C30LXQtdC5
1403	ru	0LzRg9C30LnQtQ==
1404	ru	0LzRg9C30YnQtdC5
1405	ru	0LzRi9C30LXQuQ==
1406	ru	0LzRg9C30LXQsQ==
1407	ru	0LzQutC30LXQuQ==
1408	ru	0LzQt9C10Lk=
1409	ru	0JzRg9GD0LfQtdC5
1410	ru	0YHQvtGO0L7RgA==
1411	ru	0YHQvtC+0YA=
1412	ru	0YHQvtCx0LHQvtGA
1413	ru	0YHQvtC+0LHRgA==
1414	ru	0YHQvtCy0L7RgA==
1415	ru	0YHQvtGC0LHQvtGA
1416	ru	0YHRg9Cx0L7RgA==
1417	ru	0YHQu9Cx0L7RgA==
1418	ru	0L7QsdC+0YA=
1419	ru	0KHQvtC+0LHQvtGA
1420	ru	0LTQstC70YDQtdGG
1421	ru	0LTQstGA0LXRhg==
1422	ru	0LTQstC+0L7RgNC10YY=
1423	ru	0LTQstGA0L7QtdGG
1424	ru	0LTQstGD0YDQtdGG
1425	ru	0LTQstGD0L7RgNC10YY=
1426	ru	0LTQstC+0YDQtdCx
1427	ru	0LTQstC+0YDQtdGD
1428	ru	0LTQstC+0LXRhg==
1429	ru	0JTQstC+0YDQtdGG0YY=
1430	ru	0L/QsNC80Y/RgtCz0LjQug==
1431	ru	0L/QsNC80Y/RgtC40Lo=
1432	ru	0L/QsNC80Y/RgtC90L3QuNC6
1433	ru	0L/QsNC80Y/RgtC40L3Qug==
1434	ru	0L/QsNC80Y/RgtC/0LjQug==
1435	ru	0L/QsNC80Y/RgtC50L3QuNC6
1436	ru	0L/QtdC80Y/RgtC90LjQug==
1437	ru	0L/QsNC80Y/RjNC90LjQug==
1438	ru	0L/QsNC80Y/QvdC40Lo=
1439	ru	0J/QsNCw0LzRj9GC0L3QuNC6
1440	ru	0YTQu9C90YLQsNC9
1441	ru	0YTQvdGC0LDQvQ==
1442	ru	0YTQvtC+0L3RgtCw0L0=
1443	ru	0YTQvdC+0YLQsNC9
1444	ru	0YTRg9C90YLQsNC9
1445	ru	0YTQvNC+0L3RgtCw0L0=
1446	ru	0YTQvtC90YLQsNC/
1447	ru	0YTQvtC90YLQv9C9
1448	ru	0YTQvtC90YLQvQ==
1449	ru	0KTQvtC90YLQsNCw0L0=
1450	ru	0LfQsNGG0YbQsA==
1451	ru	0LfQsNGG0LA=
1452	ru	0LfQsNC50LnRhtCw
1453	ru	0LfQsNGG0LnQsA==
1454	ru	0LfQsNCx0YbQsA==
1455	ru	0LfQsNGC0LnRhtCw
1456	ru	0LfQsNC50YbQtQ==
1457	ru	0YXQsNC50YbQsA==
1458	ru	0LDQudGG0LA=
1459	ru	0JfQt9Cw0LnRhtCw
1460	ru	0YHQu9C+0L3Qvw==
1461	ru	0YHQu9C+0L3QsNCw
1462	ru	0YHQu9C+0L3QtQ==
1463	ru	0YHQu9C+0L3QtdCw
1464	ru	0YHQu9C90LA=
1465	ru	0YHQu9C90L7QsA==
1466	ru	0YHQu9C+0L/QsA==
1467	ru	0YHQu9C70L3QsA==
1468	ru	0YHQu9C+0L7QvdCw
1469	ru	0KHQu9GD0L3QsA==
1470	ru	0LbQuNGA0L/RhNCw
1471	ru	0LbQuNGA0YTQsA==
1472	ru	0LbQuNGA0LDQsNGE0LA=
1473	ru	0LbQuNGA0YTQsNCw
1474	ru	0LbQuNGA0LXRhNCw
1475	ru	0LbQuNGA0YrQsNGE0LA=
1476	ru	0LbQuNGA0LDQsdCw
1477	ru	0LbQuNGA0LDRi9Cw
1478	ru	0LbQuNGA0LDQsA==
1479	ru	0JbQuNGA0LDRhNGE0LA=
1480	ru	0L/QuNC90LPQstC40LPQsA==
1481	ru	0L/QuNC90LPQstC40LA=
1482	ru	0L/QuNC90LPQstC40L3QvdCw
1483	ru	0L/QuNC90LPQstC40LDQvQ==
1484	ru	0L/QuNC90LPQstC40L/QsA==
1485	ru	0L/QuNC90LPQstC40YDQvdCw
1486	ru	0L/QuNC90LPQstC40L3QtQ==
1487	ru	0L/QuNC90LPQstC40L3Qvw==
1488	ru	0L/QvdCz0LLQuNC90LA=
1489	ru	0J/QuNC90LPQstC40L3QsNCw
1490	ru	0LTQtdC70YzRhNGC0L3QsA==
1491	ru	0LTQtdC70YzRhNC90LA=
1492	ru	0LTQtdC70YzRhNC40LjQvdCw
1493	ru	0LTQtdC70YzRhNC90LjQsA==
1494	ru	0LTQtdC70YzRhNC+0L3QsA==
1495	ru	0LTQtdC70YzRhNC50LjQvdCw
1496	ru	0LTQtdC70YzQsdC40L3QsA==
1497	ru	0LbQtdC70YzRhNC40L3QsA==
1498	ru	0LXQu9GM0YTQuNC90LA=
1499	ru	0JTQtNC10LvRjNGE0LjQvdCw
1500	ru	0L/Qv9GB0L/QvtGA0YI=
1501	ru	0L/RgdC/0L7RgNGC
1502	ru	0L/QsNCw0YHQv9C+0YDRgg==
1503	ru	0L/RgdCw0L/QvtGA0YI=
1504	ru	0L/QtdGB0L/QvtGA0YI=
1505	ru	0L/QvdCw0YHQv9C+0YDRgg==
1506	ru	0L/QsNGB0L/QvtGB0YI=
1507	ru	0L/QsNGB0YDQvtGA0YI=
1508	ru	0L/QsNGB0L7RgNGC
1509	ru	0J/QsNGB0L/Qv9C+0YDRgg==
1510	ru	0LTQvtC60YPQvNC10L3RjA==
1511	ru	0LTQvtC60YPQvNC10L0=
1512	ru	0LTQvtC60YPQvNC10L3RgtGC
1513	ru	0LTQvtC60YPQvNC10L3QsQ==
1514	ru	0LTQvtC60YPQvNC10L3Rh9GC
1515	ru	0LTQvtC60YPQtdC80L3Rgg==
1516	ru	0LTRg9C60YPQvNC10L3Rgg==
1517	ru	0LTQvtC60YPQuNC10L3Rgg==
1518	ru	0LTQvtC60YPQtdC90YI=
1519	ru	0JTQvtC60YPQvNC80LXQvdGC
1520	ru	0LHRgtC70LXRgg==
1521	ru	0LHQu9C10YI=
1522	ru	0LHQuNC40LvQtdGC
1523	ru	0LHQu9C40LXRgg==
1524	ru	0LHQvtC70LXRgg==
1525	ru	0LHQu9C40LvQtdGC
1526	ru	0LHQuNC70LXQsQ==
1527	ru	0LHQuNC70LXRjA==
1528	ru	0LHQuNC70LU=
1529	ru	0JHQuNC70LXRgtGC
1530	ru	0LXQug==
1531	ru	0YfRh9C10Lo=
1532	ru	0LXRh9C6
1533	ru	0LPRh9C10Lo=
1534	ru	0YfQvdC6
1535	ru	0YfQug==
1536	ru	0YfQtdC10Lo=
1537	ru	0YfQutC1
1538	ru	0LDRh9C10Lo=
1539	ru	0KfQtdC1
1540	ru	0YHQtdGA0YLQuNGE0LjQtdCw0YI=
1541	ru	0YHQtdGA0YLQuNGE0LjQsNGC
1542	ru	0YHQtdGA0YLQuNGE0LjQutC60LDRgg==
1543	ru	0YHQtdGA0YLQuNGE0LjQsNC60YI=
1544	ru	0YHQtdGA0YLQuNGE0LjQu9Cw0YI=
1545	ru	0YHQtdGA0YLQuNGE0LjRidC60LDRgg==
1546	ru	0YHQtdGA0YLQvtGE0LjQutCw0YI=
1547	ru	0YHQtdGA0YLQuNGE0LjQutCw0Yw=
1548	ru	0YHQtdGA0YLQuNGE0LjQutCw
1549	ru	0KHQtdGA0YLQuNGE0LjQutCw0YLRgg==
1550	ru	0YDQsNGF0L3QuNGG0YM=
1551	ru	0YDQsNC90LjRhtGD
1552	ru	0YDQsNC30LfQvdC40YbRgw==
1553	ru	0YDQsNC90LfQuNGG0YM=
1554	ru	0YDQsNCx0L3QuNGG0YM=
1555	ru	0YDQsNGE0LfQvdC40YbRgw==
1556	ru	0YDQsNC30L3QvtGG0YM=
1557	ru	0YDQsNC30L3RgtGG0YM=
1558	ru	0YDQsNC30L3RhtGD
1559	ru	0KDQsNC30L3QuNC40YbRgw==
1560	ru	0LfQsNC60L7QvdC+0LzQtdC+0L3QvtGB0YLRjA==
1561	ru	0LfQsNC60L7QvdC+0LzQtdC90L7RgdGC0Yw=
1562	ru	0LfQsNC60L7QvdC+0LzQtdGA0YDQvdC+0YHRgtGM
1563	ru	0LfQsNC60L7QvdC+0LzQtdC90YDQvtGB0YLRjA==
1564	ru	0LfQsNC60L7QvdC+0LzQtdGB0L3QvtGB0YLRjA==
1565	ru	0LfQsNC60L7QvdC+0LzQtdC00YDQvdC+0YHRgtGM
1566	ru	0LfQsNC60YPQvdC+0LzQtdGA0L3QvtGB0YLRjA==
1567	ru	0LfQsNC60L7QvdC+0LzQvdGA0L3QvtGB0YLRjA==
1568	ru	0LfQsNC60L7QvdC+0LzRgNC90L7RgdGC0Yw=
1569	ru	0JfQsNC60L7QvdC+0LzQtdGA0L3QvdC+0YHRgtGM
1570	ru	0LTQtdGC0LDQtNGM
1571	ru	0LTQtdGC0LDRjA==
1572	ru	0LTQtdGC0LDQu9C70Yw=
1573	ru	0LTQtdGC0LDRjNC7
1574	ru	0LTQtdGC0LDQvNGM
1575	ru	0LTQtdGC0LDQsdC70Yw=
1576	ru	0LTQtdGC0LXQu9GM
1577	ru	0LTQtdGC0L/Qu9GM
1578	ru	0LTQtdGC0LvRjA==
1579	ru	0JTQtdC10YLQsNC70Yw=
1580	ru	0YLQvdC90Yw=
1581	ru	0YLQvdGM
1582	ru	0YLQtdC10L3RjA==
1583	ru	0YLQvdC10Yw=
1584	ru	0YLQutC10L3RjA==
1585	ru	0YLQtdC/0Yw=
1586	ru	0YLQtdC90LE=
1587	ru	0YLQtdC9
1588	ru	0YLQtdC90YzRjA==
1589	ru	0KLQtdGM0L0=
1590	ru	0YDQtdGA0LXQvNC10L3Rgw==
1591	ru	0LXRgNC10LzQtdC90YM=
1592	ru	0L/Qv9C10YDQtdC80LXQvdGD
1593	ru	0LXQv9GA0LXQvNC10L3Rgw==
1594	ru	0LfQv9C10YDQtdC80LXQvdGD
1595	ru	0L/QtdGB0LXQvNC10L3Rgw==
1596	ru	0L/QvdGA0LXQvNC10L3Rgw==
1597	ru	0L/RgNC10LzQtdC90YM=
1598	ru	0L/QtdC10YDQtdC80LXQvdGD
1599	ru	0J/RgNC10LXQvNC10L3Rgw==
1600	ru	0LrRgNCw0YHRgtCy0L4=
1601	ru	0LrRgNCw0YHQstC+
1602	ru	0LrRgNCw0YHQuNC40LLQvg==
1603	ru	0LrRgNCw0YHQstC40L4=
1604	ru	0LrRgNCw0YHQvtCy0L4=
1605	ru	0LrRgNCw0YHQstC40LLQvg==
1606	ru	0LrRgNCw0YHQuNCz0L4=
1607	ru	0LrRgNCw0YHQuNCw0L4=
1608	ru	0LrRgNCw0YHQuNC+
1609	ru	0JrRgNCw0YHQuNCy0LLQvg==
1610	ru	0YPQttC+0LHQvdC+
1611	ru	0YPQvtCx0L3Qvg==
1612	ru	0YPQtNC00L7QsdC90L4=
1613	ru	0YPQvtC00LHQvdC+
1614	ru	0YPQvNC00L7QsdC90L4=
1615	ru	0YPQtNGD0LHQvdC+
1616	ru	0YPQtNC+0LHQv9C+
1617	ru	0YPQtNC70LHQvdC+
1618	ru	0YPQtNCx0L3Qvg==
1619	ru	0KPQtNC+0L7QsdC90L4=
1620	ru	0L/QvtC+0YHRgtC+0YDQvdC+
1621	ru	0L/QvtGB0YLQvtGA0L3Qvg==
1622	ru	0L/RgNGA0L7RgdGC0L7RgNC90L4=
1623	ru	0L/QvtGA0YHRgtC+0YDQvdC+
1624	ru	0L/RgdC+0YHRgtC+0YDQvdC+
1625	ru	0L/Qv9GA0L7RgdGC0L7RgNC90L4=
1626	ru	0L/RgNGD0YHRgtC+0YDQvdC+
1627	ru	0L/RgNC+0LzRgtC+0YDQvdC+
1628	ru	0L/RgNC+0YLQvtGA0L3Qvg==
1629	ru	0J/RgNC+0YHRgdGC0L7RgNC90L4=
1630	ru	0YHQv9C+0LXQvtC50L3Qvg==
1631	ru	0YHQv9C+0L7QudC90L4=
1632	ru	0YHQv9C+0LrQutC+0LnQvdC+
1633	ru	0YHQv9C+0L7QutC50L3Qvg==
1634	ru	0YHQv9C+0LvQvtC50L3Qvg==
1635	ru	0YHQv9C+0YzQutC+0LnQvdC+
1636	ru	0YHQv9C+0LrRg9C50L3Qvg==
1637	ru	0YHQv9C+0LrQu9C50L3Qvg==
1638	ru	0YHQv9C+0LrQudC90L4=
1639	ru	0KHQv9C+0LrQvtC+0LnQvdC+
1640	ru	0YLQuNGK0L4=
1641	ru	0YLQuNC+
1642	ru	0YLQuNGF0YXQvg==
1643	ru	0YLQuNC+0YU=
1644	ru	0YLQuNCx0L4=
1645	ru	0YLQuNGB0YXQvg==
1646	ru	0YLQuNGF0YM=
1647	ru	0YLQuNGF0Ls=
1648	ru	0YLQuNGF
1649	ru	0KLQuNGF0L7Qvg==
1650	ru	0LLQtdC80L3QsA==
1651	ru	0LLQtdGB0YHQvdCw
1652	ru	0LLQtdC90YHQsA==
1653	ru	0LLQtdGC0L3QsA==
1654	ru	0LLQtdGC0YHQvdCw
1655	ru	0LXRgdC90LA=
1656	ru	0LLQtdGB0L3QtQ==
1657	ru	0LDQtdGB0L3QsA==
1658	ru	0LLQstC10YHQvdCw
1659	ru	0JXQstGB0L3QsA==
1660	ru	0L7QvNC10L3RjA==
1661	ru	0L7QtdC90Yw=
1662	ru	0L7RgdGB0LXQvdGM
1663	ru	0L7QtdGB0L3RjA==
1664	ru	0L7RgtC10L3RjA==
1665	ru	0L7Qu9GB0LXQvdGM
1666	ru	0YPRgdC10L3RjA==
1667	ru	0L7RgdC10LPRjA==
1668	ru	0L7RgdC10Yw=
1669	ru	0J7RgdC10L3QvdGM
1670	ru	0LfRgtC80LA=
1671	ru	0LfQvNCw
1672	ru	0LfQuNC40LzQsA==
1673	ru	0LfQvNC40LA=
1674	ru	0LfQvtC80LA=
1675	ru	0LfQutC40LzQsA==
1676	ru	0LfQuNC90LA=
1677	ru	0LfQuNC40LA=
1678	ru	0LfQuNCw
1679	ru	0JfQuNC80LzQsA==
1680	ru	0L7RgtGC0LXRgNC10LvRjA==
1681	ru	0L7RgtGC0LXQtdC70Yw=
1682	ru	0L7RgtGC0LXQv9C/0LXQu9GM
1683	ru	0L7RgtGC0LXQtdC/0LvRjA==
1684	ru	0L7RgtGC0LXQs9C/0LXQu9GM
1685	ru	0L7QsdGC0LXQv9C10LvRjA==
1686	ru	0YPRgtGC0LXQv9C10LvRjA==
1687	ru	0L7RgtGC0L3Qv9C10LvRjA==
1688	ru	0L7RgtGC0L/QtdC70Yw=
1689	ru	0J7RgtGC0LXQv9C10LvRjNGM
1690	ru	0L/RgNC+0YrQu9Cw0LTQsA==
1691	ru	0L/RgNC+0LvQsNC00LA=
1692	ru	0L/RgNC+0YXRhdC70LDQtNCw
1693	ru	0L/RgNC+0LvRhdCw0LTQsA==
1694	ru	0L/RgNC+0LHQu9Cw0LTQsA==
1695	ru	0L/RgNC+0YzRhdC70LDQtNCw
1696	ru	0L/RgNC+0YXQu9C10LTQsA==
1697	ru	0L/RgNC+0YXQu9C/0LTQsA==
1698	ru	0L/RgNC+0YXQu9C00LA=
1699	ru	0J/RgNC+0YXQu9Cw0LDQtNCw
1700	en	YWRkcmVzcw==
1701	en	YWRkcmVzcw==
1702	en	YWRkcmVzcw==
1703	en	YWRkcmVzcw==
1704	en	YWRkcmVzcw==
1705	en	YWRkcmVzcw==
1706	en	QWRkcmVzcw==
1707	en	bWVzc2FnZQ==
1708	en	bWVzc2FnZQ==
1709	en	bWVzc2FnZQ==
1710	en	bWVzc2FnZQ==
1711	en	bWVzc2FnZQ==
1712	en	bWVzc2FnZQ==
1713	en	TWVzc2FnZQ==
1714	en	cGFyYWdyYXBo
1715	en	cGFyYWdyYXBo
1716	en	cGFyYWdyYXBo
1717	en	cGFyYWdyYXBo
1718	en	cGFyYWdyYXBo
1719	en	cGFyYWdyYXBo
1720	en	UGFyYWdyYXBo
1721	en	c2VudGVuY2U=
1722	en	c2VudGVuY2U=
1723	en	c2VudGVuY2U=
1724	en	c2VudGVuY2U=
1725	en	c2VudGVuY2U=
1726	en	c2VudGVuY2U=
1727	en	U2VudGVuY2U=
1728	en	YXJ0aWNsZQ==
1729	en	YXJ0aWNsZQ==
1730	en	YXJ0aWNsZQ==
1731	en	YXJ0aWNsZQ==
1732	en	YXJ0aWNsZQ==
1733	en	YXJ0aWNsZQ==
1734	en	QXJ0aWNsZQ==
1735	en	YXBwb2ludG1lbnQ=
1736	en	YXBwb2ludG1lbnQ=
1737	en	YXBwb2ludG1lbnQ=
1738	en	YXBwb2ludG1lbnQ=
1739	en	YXBwb2ludG1lbnQ=
1740	en	YXBwb2ludG1lbnQ=
1741	en	QXBwb2ludG1lbnQ=
1742	en	c2NoZWR1bGU=
1743	en	c2NoZWR1bGU=
1744	en	c2NoZWR1bGU=
1745	en	c2NoZWR1bGU=
1746	en	c2NoZWR1bGU=
1747	en	c2NoZWR1bGU=
1748	en	U2NoZWR1bGU=
1749	en	cmVzZXJ2YXRpb24=
1750	en	cmVzZXJ2YXRpb24=
1751	en	cmVzZXJ2YXRpb24=
1752	en	cmVzZXJ2YXRpb24=
1753	en	cmVzZXJ2YXRpb24=
1754	en	cmVzZXJ2YXRpb24=
1755	en	UmVzZXJ2YXRpb24=
1756	en	cGF5bWVudA==
1757	en	cGF5bWVudA==
1758	en	cGF5bWVudA==
1759	en	cGF5bWVudA==
1760	en	cGF5bWVudA==
1761	en	cGF5bWVudA==
1762	en	UGF5bWVudA==
1763	en	ZGVsaXZlcnk=
1764	en	ZGVsaXZlcnk=
1765	en	ZGVsaXZlcnk=
1766	en	ZGVsaXZlcnk=
1767	en	ZGVsaXZlcnk=
1768	en	ZGVsaXZlcnk=
1769	en	RGVsaXZlcnk=
1770	en	Y2FtZXJh
1771	en	Y2FtZXJh
1772	en	Y2FtZXJh
1773	en	Y2FtZXJh
1774	en	Y2FtZXJh
1775	en	Y2FtZXJh
1776	en	Q2FtZXJh
1777	en	cmFkaW8=
1778	en	cmFkaW8=
1779	en	cmFkaW8=
1780	en	cmFkaW8=
1781	en	cmFkaW8=
1782	en	cmFkaW8=
1783	en	UmFkaW8=
1784	en	dmFzZQ==
1785	en	dmFzZQ==
1786	en	dmFzZQ==
1787	en	dmFzZQ==
1788	en	dmFzZQ==
1789	en	dmFzZQ==
1790	en	VmFzZQ==
1791	en	Y2xvY2s=
1792	en	Y2xvY2s=
1793	en	Y2xvY2s=
1794	en	Y2xvY2s=
1795	en	Y2xvY2s=
1796	en	Y2xvY2s=
1797	en	Q2xvY2s=
1798	en	dHJvcGh5
1799	en	dHJvcGh5
1800	en	dHJvcGh5
1801	en	dHJvcGh5
1802	en	dHJvcGh5
1803	en	dHJvcGh5
1804	en	VHJvcGh5
1805	en	c3RhdGlvbg==
1806	en	c3RhdGlvbg==
1807	en	c3RhdGlvbg==
1808	en	c3RhdGlvbg==
1809	en	c3RhdGlvbg==
1810	en	c3RhdGlvbg==
1811	en	U3RhdGlvbg==
1812	en	YnJpZGdl
1813	en	YnJpZGdl
1814	en	YnJpZGdl
1815	en	YnJpZGdl
1816	en	YnJpZGdl
1817	en	YnJpZGdl
1818	en	QnJpZGdl
1819	en	dmlsbGFnZQ==
1820	en	dmlsbGFnZQ==
1821	en	dmlsbGFnZQ==
1822	en	dmlsbGFnZQ==
1823	en	dmlsbGFnZQ==
1824	en	dmlsbGFnZQ==
1825	en	VmlsbGFnZQ==
1826	en	Zm9yZXN0
1827	en	Zm9yZXN0
1828	en	Zm9yZXN0
1829	en	Zm9yZXN0
1830	en	Zm9yZXN0
1831	en	Zm9yZXN0
1832	en	Rm9yZXN0
1833	en	bW91bnRhaW4=
1834	en	bW91bnRhaW4=
1835	en	bW91bnRhaW4=
1836	en	bW91bnRhaW4=
1837	en	bW91bnRhaW4=
1838	en	bW91bnRhaW4=
1839	en	TW91bnRhaW4=
1840	en	ZW5naW5l
1841	en	ZW5naW5l
1842	en	ZW5naW5l
1843	en	ZW5naW5l
1844	en	ZW5naW5l
1845	en	ZW5naW5l
1846	en	RW5naW5l
1847	en	d2hlZWw=
1848	en	d2hlZWw=
1849	en	d2hlZWw=
1850	en	d2hlZWw=
1851	en	d2hlZWw=
1852	en	d2hlZWw=
1853	en	V2hlZWw=
1854	en	YnJha2U=
1855	en	YnJha2U=
1856	en	YnJha2U=
1857	en	YnJha2U=
1858	en	YnJha2U=
1859	en	YnJha2U=
1860	en	QnJha2U=
1861	en	bWlycm9y
1862	en	bWlycm9y
1863	en	bWlycm9y
1864	en	bWlycm9y
1865	en	bWlycm9y
1866	en	bWlycm9y
1867	en	TWlycm9y
1868	en	YmF0dGVyeQ==
1869	en	YmF0dGVyeQ==
1870	en	YmF0dGVyeQ==
1871	en	YmF0dGVyeQ==
1872	en	YmF0dGVyeQ==
1873	en	YmF0dGVyeQ==
1874	en	QmF0dGVyeQ==
1875	en	d2luZG93
1876	en	d2luZG93
1877	en	d2luZG93
1878	en	d2luZG93
1879	en	d2luZG93
1880	en	d2luZG93
1881	en	V2luZG93
1882	en	ZW52ZWxvcGU=
1883	en	ZW52ZWxvcGU=
1884	en	ZW52ZWxvcGU=
1885	en	ZW52ZWxvcGU=
1886	en	ZW52ZWxvcGU=
1887	en	ZW52ZWxvcGU=
1888	en	RW52ZWxvcGU=
1889	en	Y3VwYm9hcmQ=
1890	en	Y3VwYm9hcmQ=
1891	en	Y3VwYm9hcmQ=
1892	en	Y3VwYm9hcmQ=
1893	en	Y3VwYm9hcmQ=
1894	en	Y3VwYm9hcmQ=
1895	en	Q3VwYm9hcmQ=
1896	en	c3VpdGNhc2U=
1897	en	c3VpdGNhc2U=
1898	en	c3VpdGNhc2U=
1899	en	c3VpdGNhc2U=
1900	en	c3VpdGNhc2U=
1901	en	c3VpdGNhc2U=
1902	en	U3VpdGNhc2U=
1903	en	ZHJhd2Vy
1904	en	ZHJhd2Vy
1905	en	ZHJhd2Vy
1906	en	ZHJhd2Vy
1907	en	ZHJhd2Vy
1908	en	ZHJhd2Vy
1909	en	RHJhd2Vy
1910	en	cmVjZWl2ZQ==
1911	en	cmVjZWl2ZQ==
1912	en	cmVjZWl2ZQ==
1913	en	cmVjZWl2ZQ==
1914	en	cmVjZWl2ZQ==
1915	en	cmVjZWl2ZQ==
1916	en	UmVjZWl2ZQ==
1917	en	YmVsaWV2ZQ==
1918	en	YmVsaWV2ZQ==
1919	en	YmVsaWV2ZQ==
1920	en	YmVsaWV2ZQ==
1921	en	YmVsaWV2ZQ==
1922	en	YmVsaWV2ZQ==
1923	en	QmVsaWV2ZQ==
1924	en	YWNoaWV2ZQ==
1925	en	YWNoaWV2ZQ==
1926	en	YWNoaWV2ZQ==
1927	en	YWNoaWV2ZQ==
1928	en	YWNoaWV2ZQ==
1929	en	YWNoaWV2ZQ==
1930	en	QWNoaWV2ZQ==
1931	en	cHJlcGFyZQ==
1932	en	cHJlcGFyZQ==
1933	en	cHJlcGFyZQ==
1934	en	cHJlcGFyZQ==
1935	en	cHJlcGFyZQ==
1936	en	cHJlcGFyZQ==
1937	en	UHJlcGFyZQ==
1938	en	aW1wcm92ZQ==
1939	en	aW1wcm92ZQ==
1940	en	aW1wcm92ZQ==
1941	en	aW1wcm92ZQ==
1942	en	aW1wcm92ZQ==
1943	en	aW1wcm92ZQ==
1944	en	SW1wcm92ZQ==
1945	en	a2V5Ym9hcmQ=
1946	en	a2V5Ym9hcmQ=
1947	en	a2V5Ym9hcmQ=
1948	en	a2V5Ym9hcmQ=
1949	en	a2V5Ym9hcmQ=
1950	en	a2V5Ym9hcmQ=
1951	en	S2V5Ym9hcmQ=
1952	en	cHJpbnRlcg==
1953	en	cHJpbnRlcg==
1954	en	cHJpbnRlcg==
1955	en	cHJpbnRlcg==
1956	en	cHJpbnRlcg==
1957	en	cHJpbnRlcg==
1958	en	UHJpbnRlcg==
1959	en	Y29tcHV0ZXI=
1960	en	Y29tcHV0ZXI=
1961	en	Y29tcHV0ZXI=
1962	en	Y29tcHV0ZXI=
1963	en	Y29tcHV0ZXI=
1964	en	Y29tcHV0ZXI=
1965	en	Q29tcHV0ZXI=
1966	en	bW9uaXRvcg==
1967	en	bW9uaXRvcg==
1968	en	bW9uaXRvcg==
1969	en	bW9uaXRvcg==
1970	en	bW9uaXRvcg==
1971	en	bW9uaXRvcg==
1972	en	TW9uaXRvcg==
1973	en	bWljcm9waG9uZQ==
1974	en	bWljcm9waG9uZQ==
1975	en	bWljcm9waG9uZQ==
1976	en	bWljcm9waG9uZQ==
1977	en	bWljcm9waG9uZQ==
1978	en	bWljcm9waG9uZQ==
1979	en	TWljcm9waG9uZQ==
1980	en	ZXhwZXJpbWVudA==
1981	en	ZXhwZXJpbWVudA==
1982	en	ZXhwZXJpbWVudA==
1983	en	ZXhwZXJpbWVudA==
1984	en	ZXhwZXJpbWVudA==
1985	en	ZXhwZXJpbWVudA==
1986	en	RXhwZXJpbWVudA==
1987	en	bW9sZWN1bGU=
1988	en	bW9sZWN1bGU=
1989	en	bW9sZWN1bGU=
1990	en	bW9sZWN1bGU=
1991	en	bW9sZWN1bGU=
1992	en	bW9sZWN1bGU=
1993	en	TW9sZWN1bGU=
1994	en	cmVhY3Rpb24=
1995	en	cmVhY3Rpb24=
1996	en	cmVhY3Rpb24=
1997	en	cmVhY3Rpb24=
1998	en	cmVhY3Rpb24=
1999	en	cmVhY3Rpb24=
2000	en	UmVhY3Rpb24=
2001	en	dGVtcGVyYXR1cmU=
2002	en	dGVtcGVyYXR1cmU=
2003	en	dGVtcGVyYXR1cmU=
2004	en	dGVtcGVyYXR1cmU=
2005	en	dGVtcGVyYXR1cmU=
2006	en	dGVtcGVyYXR1cmU=
2007	en	VGVtcGVyYXR1cmU=
2008	en	cHJlc3N1cmU=
2009	en	cHJlc3N1cmU=
2010	en	cHJlc3N1cmU=
2011	en	cHJlc3N1cmU=
2012	en	cHJlc3N1cmU=
2013	en	cHJlc3N1cmU=
2014	en	UHJlc3N1cmU=
2015	en	Y2VpbGluZw==
2016	en	Y2VpbGluZw==
2017	en	Y2VpbGluZw==
2018	en	Y2VpbGluZw==
2019	en	Y2VpbGluZw==
2020	en	Y2VpbGluZw==
2021	en	Q2VpbGluZw==
2022	en	c3RhaXJjYXNl
2023	en	c3RhaXJjYXNl
2024	en	c3RhaXJjYXNl
2025	en	c3RhaXJjYXNl
2026	en	c3RhaXJjYXNl
2027	en	c3RhaXJjYXNl
2028	en	U3RhaXJjYXNl
2029	en	Y2hpbW5leQ==
2030	en	Y2hpbW5leQ==
2031	en	Y2hpbW5leQ==
2032	en	Y2hpbW5leQ==
2033	en	Y2hpbW5leQ==
2034	en	Y2hpbW5leQ==
2035	en	Q2hpbW5leQ==
2036	en	ZmVuY2U=
2037	en	ZmVuY2U=
2038	en	ZmVuY2U=
2039	en	ZmVuY2U=
2040	en	ZmVuY2U=
2041	en	ZmVuY2U=
2042	en	RmVuY2U=
2043	en	cm9vZg==
2044	en	cm9vZg==
2045	en	cm9vZg==
2046	en	cm9vZg==
2047	en	cm9vZg==
2048	en	cm9vZg==
2049	en	Um9vZg==
2050	en	ZXhlcmNpc2U=
2051	en	ZXhlcmNpc2U=
2052	en	ZXhlcmNpc2U=
2053	en	ZXhlcmNpc2U=
2054	en	ZXhlcmNpc2U=
2055	en	ZXhlcmNpc2U=
2056	en	RXhlcmNpc2U=
2057	en	cXVlc3Rpb24=
2058	en	cXVlc3Rpb24=
2059	en	cXVlc3Rpb24=
2060	en	cXVlc3Rpb24=
2061	en	cXVlc3Rpb24=
2062	en	cXVlc3Rpb24=
2063	en	UXVlc3Rpb24=
2064	en	YW5zd2Vy
2065	en	YW5zd2Vy
2066	en	YW5zd2Vy
2067	en	YW5zd2Vy
2068	en	YW5zd2Vy
2069	en	YW5zd2Vy
2070	en	QW5zd2Vy
2071	en	ZXhhbXBsZQ==
2072	en	ZXhhbXBsZQ==
2073	en	ZXhhbXBsZQ==
2074	en	ZXhhbXBsZQ==
2075	en	ZXhhbXBsZQ==
2076	en	ZXhhbXBsZQ==
2077	en	RXhhbXBsZQ==
2078	en	Zm9ybXVsYQ==
2079	en	Zm9ybXVsYQ==
2080	en	Zm9ybXVsYQ==
2081	en	Zm9ybXVsYQ==
2082	en	Zm9ybXVsYQ==
2083	en	Zm9ybXVsYQ==
2084	en	Rm9ybXVsYQ==
2085	en	amFja2V0
2086	en	amFja2V0
2087	en	amFja2V0
2088	en	amFja2V0
2089	en	amFja2V0
2090	en	amFja2V0
2091	en	SmFja2V0
2092	en	c3dlYXRlcg==
2093	en	c3dlYXRlcg==
2094	en	c3dlYXRlcg==
2095	en	c3dlYXRlcg==
2096	en	c3dlYXRlcg==
2097	en	c3dlYXRlcg==
2098	en	U3dlYXRlcg==
2099	en	c2NhcmY=
2100	en	c2NhcmY=
2101	en	c2NhcmY=
2102	en	c2NhcmY=
2103	en	c2NhcmY=
2104	en	c2NhcmY=
2105	en	U2NhcmY=
2106	en	YmxhbmtldA==
2107	en	YmxhbmtldA==
2108	en	YmxhbmtldA==
2109	en	YmxhbmtldA==
2110	en	YmxhbmtldA==
2111	en	YmxhbmtldA==
2112	en	QmxhbmtldA==
2113	en	dG93ZWw=
2114	en	dG93ZWw=
2115	en	dG93ZWw=
2116	en	dG93ZWw=
2117	en	dG93ZWw=
2118	en	dG93ZWw=
2119	en	VG93ZWw=
2120	en	cHJvamVjdA==
2121	en	cHJvamVjdA==
2122	en	cHJvamVjdA==
2123	en	cHJvamVjdA==
2124	en	cHJvamVjdA==
2125	en	cHJvamVjdA==
2126	en	UHJvamVjdA==
2127	en	YnVkZ2V0
2128	en	YnVkZ2V0
2129	en	YnVkZ2V0
2130	en	YnVkZ2V0
2131	en	YnVkZ2V0
2132	en	YnVkZ2V0
2133	en	QnVkZ2V0
2134	en	ZGVhZGxpbmU=
2135	en	ZGVhZGxpbmU=
2136	en	ZGVhZGxpbmU=
2137	en	ZGVhZGxpbmU=
2138	en	ZGVhZGxpbmU=
2139	en	ZGVhZGxpbmU=
2140	en	RGVhZGxpbmU=
2141	en	Y29udHJhY3Q=
2142	en	Y29udHJhY3Q=
2143	en	Y29udHJhY3Q=
2144	en	Y29udHJhY3Q=
2145	en	Y29udHJhY3Q=
2146	en	Y29udHJhY3Q=
2147	en	Q29udHJhY3Q=
2148	en	cHJvcG9zYWw=
2149	en	cHJvcG9zYWw=
2150	en	cHJvcG9zYWw=
2151	en	cHJvcG9zYWw=
2152	en	cHJvcG9zYWw=
2153	en	cHJvcG9zYWw=
2154	en	UHJvcG9zYWw=
2155	en	YnJlYWQ=
2156	en	YnJlYWQ=
2157	en	YnJlYWQ=
2158	en	YnJlYWQ=
2159	en	YnJlYWQ=
2160	en	YnJlYWQ=
2161	en	QnJlYWQ=
2162	en	Y2hlZXNl
2163	en	Y2hlZXNl
2164	en	Y2hlZXNl
2165	en	Y2hlZXNl
2166	en	Y2hlZXNl
2167	en	Y2hlZXNl
2168	en	Q2hlZXNl
2169	en	YnV0dGVy
2170	en	YnV0dGVy
2171	en	YnV0dGVy
2172	en	YnV0dGVy
2173	en	YnV0dGVy
2174	en	YnV0dGVy
2175	en	QnV0dGVy
2176	en	Y29mZmVl
2177	en	Y29mZmVl
2178	en	Y29mZmVl
2179	en	Y29mZmVl
2180	en	Y29mZmVl
2181	en	Y29mZmVl
2182	en	Q29mZmVl
2183	en	Y2hvY29sYXRl
2184	en	Y2hvY29sYXRl
2185	en	Y2hvY29sYXRl
2186	en	Y2hvY29sYXRl
2187	en	Y2hvY29sYXRl
2188	en	Y2hvY29sYXRl
2189	en	Q2hvY29sYXRl
2190	en	bXVzZXVt
2191	en	bXVzZXVt
2192	en	bXVzZXVt
2193	en	bXVzZXVt
2194	en	bXVzZXVt
2195	en	bXVzZXVt
2196	en	TXVzZXVt
2197	en	Y2F0aGVkcmFs
2198	en	Y2F0aGVkcmFs
2199	en	Y2F0aGVkcmFs
2200	en	Y2F0aGVkcmFs
2201	en	Y2F0aGVkcmFs
2202	en	Y2F0aGVkcmFs
2203	en	Q2F0aGVkcmFs
2204	en	cGFsYWNl
2205	en	cGFsYWNl
2206	en	cGFsYWNl
2207	en	cGFsYWNl
2208	en	cGFsYWNl
2209	en	cGFsYWNl
2210	en	UGFsYWNl
2211	en	Zm91bnRhaW4=
2212	en	Zm91bnRhaW4=
2213	en	Zm91bnRhaW4=
2214	en	Zm91bnRhaW4=
2215	en	Zm91bnRhaW4=
2216	en	Zm91bnRhaW4=
2217	en	Rm91bnRhaW4=
2218	en	bW9udW1lbnQ=
2219	en	bW9udW1lbnQ=
2220	en	bW9udW1lbnQ=
2221	en	bW9udW1lbnQ=
2222	en	bW9udW1lbnQ=
2223	en	bW9udW1lbnQ=
2224	en	TW9udW1lbnQ=
2225	en	cmFiYml0
2226	en	cmFiYml0
2227	en	cmFiYml0
2228	en	cmFiYml0
2229	en	cmFiYml0
2230	en	cmFiYml0
2231	en	UmFiYml0
2232	en	ZWxlcGhhbnQ=
2233	en	ZWxlcGhhbnQ=
2234	en	ZWxlcGhhbnQ=
2235	en	ZWxlcGhhbnQ=
2236	en	ZWxlcGhhbnQ=
2237	en	ZWxlcGhhbnQ=
2238	en	RWxlcGhhbnQ=
2239	en	ZG9scGhpbg==
2240	en	ZG9scGhpbg==
2241	en	ZG9scGhpbg==
2242	en	ZG9scGhpbg==
2243	en	ZG9scGhpbg==
2244	en	ZG9scGhpbg==
2245	en	RG9scGhpbg==
2246	en	cGVuZ3Vpbg==
2247	en	cGVuZ3Vpbg==
2248	en	cGVuZ3Vpbg==
2249	en	cGVuZ3Vpbg==
2250	en	cGVuZ3Vpbg==
2251	en	cGVuZ3Vpbg==
2252	en	UGVuZ3Vpbg==
2253	en	Z2lyYWZmZQ==
2254	en	Z2lyYWZmZQ==
2255	en	Z2lyYWZmZQ==
2256	en	Z2lyYWZmZQ==
2257	en	Z2lyYWZmZQ==
2258	en	Z2lyYWZmZQ==
2259	en	R2lyYWZmZQ==
2260	en	cmVjZWlwdA==
2261	en	cmVjZWlwdA==
2262	en	cmVjZWlwdA==
2263	en	cmVjZWlwdA==
2264	en	cmVjZWlwdA==
2265	en	cmVjZWlwdA==
2266	en	UmVjZWlwdA==
2267	en	Y2VydGlmaWNhdGU=
2268	en	Y2VydGlmaWNhdGU=
2269	en	Y2VydGlmaWNhdGU=
2270	en	Y2VydGlmaWNhdGU=
2271	en	Y2VydGlmaWNhdGU=
2272	en	Y2VydGlmaWNhdGU=
2273	en	Q2VydGlmaWNhdGU=
2274	en	cGFzc3BvcnQ=
2275	en	cGFzc3BvcnQ=
2276	en	cGFzc3BvcnQ=
2277	en	cGFzc3BvcnQ=
2278	en	cGFzc3BvcnQ=
2279	en	cGFzc3BvcnQ=
2280	en	UGFzc3BvcnQ=
2281	en	c2lnbmF0dXJl
2282	en	c2lnbmF0dXJl
2283	en	c2lnbmF0dXJl
2284	en	c2lnbmF0dXJl
2285	en	c2lnbmF0dXJl
2286	en	c2lnbmF0dXJl
2287	en	U2lnbmF0dXJl
2288	en	ZG9jdW1lbnQ=
2289	en	ZG9jdW1lbnQ=
2290	en	ZG9jdW1lbnQ=
2291	en	ZG9jdW1lbnQ=
2292	en	ZG9jdW1lbnQ=
2293	en	ZG9jdW1lbnQ=
2294	en	RG9jdW1lbnQ=
2295	en	bWlzdGFrZQ==
2296	en	bWlzdGFrZQ==
2297	en	bWlzdGFrZQ==
2298	en	bWlzdGFrZQ==
2299	en	bWlzdGFrZQ==
2300	en	bWlzdGFrZQ==
2301	en	TWlzdGFrZQ==
2302	en	ZGlmZmVyZW5jZQ==
2303	en	ZGlmZmVyZW5jZQ==
2304	en	ZGlmZmVyZW5jZQ==
2305	en	ZGlmZmVyZW5jZQ==
2306	en	ZGlmZmVyZW5jZQ==
2307	en	ZGlmZmVyZW5jZQ==
2308	en	RGlmZmVyZW5jZQ==
2309	en	cGF0dGVybg==
2310	en	cGF0dGVybg==
2311	en	cGF0dGVybg==
2312	en	cGF0dGVybg==
2313	en	cGF0dGVybg==
2314	en	cGF0dGVybg==
2315	en	UGF0dGVybg==
2316	en	ZGV0YWls
2317	en	ZGV0YWls
2318	en	ZGV0YWls
2319	en	ZGV0YWls
2320	en	ZGV0YWls
2321	en	ZGV0YWls
2322	en	RGV0YWls
2323	en	c2hhZG93
2324	en	c2hhZG93
2325	en	c2hhZG93
2326	en	c2hhZG93
2327	en	c2hhZG93
2328	en	c2hhZG93
2329	en	U2hhZG93
2330	en	YmVhdXRpZnVs
2331	en	YmVhdXRpZnVs
2332	en	YmVhdXRpZnVs
2333	en	YmVhdXRpZnVs
2334	en	YmVhdXRpZnVs
2335	en	YmVhdXRpZnVs
2336	en	QmVhdXRpZnVs
2337	en	Y29tZm9ydGFibGU=
2338	en	Y29tZm9ydGFibGU=
2339	en	Y29tZm9ydGFibGU=
2340	en	Y29tZm9ydGFibGU=
2341	en	Y29tZm9ydGFibGU=
2342	en	Y29tZm9ydGFibGU=
2343	en	Q29tZm9ydGFibGU=
2344	en	c3BhY2lvdXM=
2345	en	c3BhY2lvdXM=
2346	en	c3BhY2lvdXM=
2347	en	c3BhY2lvdXM=
2348	en	c3BhY2lvdXM=
2349	en	c3BhY2lvdXM=
2350	en	U3BhY2lvdXM=
2351	en	cGVhY2VmdWw=
2352	en	cGVhY2VmdWw=
2353	en	cGVhY2VmdWw=
2354	en	cGVhY2VmdWw=
2355	en	cGVhY2VmdWw=
2356	en	cGVhY2VmdWw=
2357	en	UGVhY2VmdWw=
2358	en	cXVpZXQ=
2359	en	cXVpZXQ=
2360	en	cXVpZXQ=
2361	en	cXVpZXQ=
2362	en	cXVpZXQ=
2363	en	cXVpZXQ=
2364	en	UXVpZXQ=
2365	en	csOpc3Vtw6k=
2366	en	csOpc3Vtw6k=
2367	en	csOpc3Vtw6k=
2368	en	csOpc3Vtw6k=
2369	en	csOpc3Vtw6k=
2370	en	csOpc3Vtw6k=
2371	en	UsOpc3Vtw6k=
2372	en	cG9ydGZvbGlv
2373	en	cG9ydGZvbGlv
2374	en	cG9ydGZvbGlv
2375	en	cG9ydGZvbGlv
2376	en	cG9ydGZvbGlv
2377	en	cG9ydGZvbGlv
2378	en	UG9ydGZvbGlv
2379	en	ZGlwbG9tYQ==
2380	en	ZGlwbG9tYQ==
2381	en	ZGlwbG9tYQ==
2382	en	ZGlwbG9tYQ==
2383	en	ZGlwbG9tYQ==
2384	en	ZGlwbG9tYQ==
2385	en	RGlwbG9tYQ==
2386	en	Y29sbGVjdGlvbg==
2387	en	Y29sbGVjdGlvbg==
2388	en	Y29sbGVjdGlvbg==
2389	en	Y29sbGVjdGlvbg==
2390	en	Y29sbGVjdGlvbg==
2391	en	Y29sbGVjdGlvbg==
2392	en	Q29sbGVjdGlvbg==
2393	en	cGhvdG9ncmFwaA==
2394	en	cGhvdG9ncmFwaA==
2395	en	cGhvdG9ncmFwaA==
2396	en	cGhvdG9ncmFwaA==
2397	en	cGhvdG9ncmFwaA==
2398	en	cGhvdG9ncmFwaA==
2399	en	UGhvdG9ncmFwaA==
2400	en	dGVo
2401	en	cmVjaWV2ZQ==
2402	en	YWRyZXNz
2403	en	YWR2ZHJlc3M=
2404	en	YWRkZXNz
2405	en	YWRkYmVzcw==
2406	en	YWRkcmlzcw==
2407	en	YWRkdGVzcw==
2408	en	YWRkcnJlc3M=
2409	en	QWRkZXJzcw==
2410	en	bWVzc2FoZQ==
2411	en	bWVzc2Fl
2412	en	bWVzc2FnZ2U=
2413	en	bWVzc2FlZw==
2414	en	bWVzc2FtZQ==
2415	en	bWVzc2FxZ2U=
2416	en	bWVzc2FnaQ==
2417	en	bWVzc2Fncg==
2418	en	bWVzc2Fn
2419	en	TWVzc2FnZWU=
2420	en	cGFyYWdyYXBq
2421	en	cGFyYWdyYXA=
2422	en	cGFyYWdyYXBoaA==
2423	en	cGFyYWdyYXBi
2424	en	cGFyYWdyYXBuaA==
2425	en	cGFyYXJnYXBo
2426	en	cGVyYWdyYXBo
2427	en	cGFyYWhyYXBo
2428	en	cGFyYXJhcGg=
2429	en	UGFyYWdncmFwaA==
2430	en	c2VudHJuY2U=
2431	en	c2VudG5jZQ==
2432	en	c2VudGVlbmNl
2433	en	c2VudG5lY2U=
2434	en	c2VudGluY2U=
2435	en	c2VudGtlbmNl
2436	en	c2VudGVwY2U=
2437	en	c2VudGVtY2U=
2438	en	c2VudGVjZQ==
2439	en	U2VudGVubmNl
2440	en	YXR0aWNsZQ==
2441	en	YXRpY2xl
2442	en	YXJydGljbGU=
2443	en	YXRyaWNsZQ==
2444	en	YWJ0aWNsZQ==
2445	en	YW9ydGljbGU=
2446	en	YXJ0aWNsaQ==
2447	en	YXJ5aWNsZQ==
2448	en	YXJpY2xl
2449	en	QXJ0dGljbGU=
2450	en	YXBwb2ludG1ybnQ=
2451	en	YXBwb2ludG1udA==
2452	en	YXBwb2ludG1lZW50
2453	en	YXBwb2ludG1uZXQ=
2454	en	YXBwb2ludG1pbnQ=
2455	en	YXBwb2ludG1wZW50
2456	en	YXBwb2ludG1lcHQ=
2457	en	YXBwb2ludG1lbXQ=
2458	en	YXBwb2ludG1ldA==
2459	en	QXBwb2ludG1lbm50
2460	en	c2NqZWR1bGU=
2461	en	c2NlZHVsZQ==
2462	en	c2NoaGVkdWxl
2463	en	c2NlaGR1bGU=
2464	en	c2NiZWR1bGU=
2465	en	c2N3aGVkdWxl
2466	en	c2NoZWR1bGk=
2467	en	c2NoZWR1bHI=
2468	en	c2NoZWR1bA==
2469	en	U2NoZWR1bGVl
2470	en	cmVzZXJ2YXRpb20=
2471	en	cmVzZXJ2YXRpbw==
2472	en	cmVzZXJ2YXRpb25u
2473	en	cmVzZXJ2YXRpb3A=
2474	en	cmVzZXJ2YXRpb2Ru
2475	en	cmVzZXJ2YXRpbm8=
2476	en	cmVzZXJ2YXRpdW4=
2477	en	cmVzZXJ2YXRpcG4=
2478	en	cmVzZXJ2YXRpbg==
2479	en	UmVzZXJ2YXRpb29u
2480	en	cGF1bWVudA==
2481	en	cGFtZW50
2482	en	cGF5eW1lbnQ=
2483	en	cGFteWVudA==
2484	en	cGFibWVudA==
2485	en	cGF2eW1lbnQ=
2486	en	cGV5bWVudA==
2487	en	cHN5bWVudA==
2488	en	cHltZW50
2489	en	UGF5bWVlbnQ=
2490	en	ZmVsaXZlcnk=
2491	en	ZWxpdmVyeQ==
2492	en	ZGRlbGl2ZXJ5
2493	en	ZWRsaXZlcnk=
2494	en	aWRlbGl2ZXJ5
2495	en	ZGViaXZlcnk=
2496	en	ZGVsaXZpcnk=
2497	en	ZGVraXZlcnk=
2498	en	ZGVpdmVyeQ==
2499	en	RGVsbGl2ZXJ5
2500	en	Y2FuZXJh
2501	en	Y2FlcmE=
2502	en	Y2FtbWVyYQ==
2503	en	Y2FlbXJh
2504	en	Y2F1bWVyYQ==
2505	en	ZGFtZXJh
2506	en	Y2FtaXJh
2507	en	dmFtZXJh
2508	en	YW1lcmE=
2509	en	Q2NhbWVyYQ==
2510	en	cmFmaW8=
2511	en	cmFpbw==
2512	en	cmFkZGlv
2513	en	cmFpZG8=
2514	en	cmF0ZGlv
2515	en	cmFkaXU=
2516	en	YmFkaW8=
2517	en	cmFkb28=
2518	en	cmFkbw==
2519	en	UmFkaWlv
2520	en	dnNzZQ==
2521	en	dnNl
2522	en	dmFhc2U=
2523	en	dnNhZQ==
2524	en	dmVzZQ==
2525	en	dmxhc2U=
2526	en	dmF0ZQ==
2527	en	dmFkZQ==
2528	en	dmFl
2529	en	VmFzc2U=
2530	en	Y2xwY2s=
2531	en	Y2xjaw==
2532	en	Y2xvb2Nr
2533	en	Y2xjb2s=
2534	en	Y2x0b2Nr
2535	en	Y2xvY2I=
2536	en	Y2xvY2w=
2537	en	Y2xvYw==
2538	en	Y2xvY2tr
2539	en	TGNvY2s=
2540	en	dHJvcGp5
2541	en	dHJvcHk=
2542	en	dHJvcGhoeQ==
2543	en	dHJvcHlo
2544	en	dHJvcGJ5
2545	en	dHJvcGloeQ==
2546	en	dHJ1cGh5
2547	en	dHJvcGh1
2548	en	dHJvcGg=
2549	en	VHJvcGh5eQ==
2550	en	ZHRhdGlvbg==
2551	en	dGF0aW9u
2552	en	c3N0YXRpb24=
2553	en	dHNhdGlvbg==
2554	en	dHRhdGlvbg==
2555	en	aHN0YXRpb24=
2556	en	c3RhdGl1bg==
2557	en	c3lhdGlvbg==
2558	en	c2F0aW9u
2559	en	U3R0YXRpb24=
2560	en	YnJvZGdl
2561	en	YnJkZ2U=
2562	en	YnJpaWRnZQ==
2563	en	YnJkaWdl
2564	en	YnJ1aWRnZQ==
2565	en	YnJpZG1l
2566	en	YnJpZGdp
2567	en	YnJpZmdl
2568	en	YnJpZ2U=
2569	en	QnJpZGRnZQ==
2570	en	dmlrbGFnZQ==
2571	en	dmlsYWdl
2572	en	dmlsbGxhZ2U=
2573	en	dmlibGFnZQ==
2574	en	dml2bGxhZ2U=
2575	en	dmlsbGFlZw==
2576	en	dmlsbGVnZQ==
2577	en	dmlsbGFoZQ==
2578	en	dmlsbGFl
2579	en	VmlsbGFnZ2U=
2580	en	ZnByZXN0
2581	en	ZnJlc3Q=
2582	en	Zm9vcmVzdA==
2583	en	ZnJvZXN0
2584	en	ZnVyZXN0
2585	en	Zm5vcmVzdA==
2586	en	Zm9iZXN0
2587	en	Zm9ycnN0
2588	en	Zm9yc3Q=
2589	en	Rm9yZWVzdA==
2590	en	bW91bnRhaW0=
2591	en	bW91bnRhaQ==
2592	en	bW91bnRhaW5u
2593	en	bW91bnRhaXA=
2594	en	bW91bnRhaWZu
2595	en	bW91bnRpYW4=
2596	en	bW91bnRlaW4=
2597	en	bW91bnRzaW4=
2598	en	bW91bnRpbg==
2599	en	TW91bnRhYWlu
2600	en	ZW5nb25l
2601	en	ZW5nbmU=
2602	en	ZW5naWluZQ==
2603	en	ZW5nbmll
2604	en	ZW5nYmluZQ==
2605	en	ZW5naXBl
2606	en	ZW5naW5p
2607	en	ZW5naW1l
2608	en	ZW5naWU=
2609	en	RW5naW5uZQ==
2610	en	d2plZWw=
2611	en	d2VlbA==
2612	en	d2hoZWVs
2613	en	d2VoZWw=
2614	en	d2JlZWw=
2615	en	d21oZWVs
2616	en	d2hpZWw=
2617	en	d2hyZWw=
2618	en	d2hlbA==
2619	en	V2hlZWVs
2620	en	bnJha2U=
2621	en	YmJyYWtl
2622	en	cmJha2U=
2623	en	Y3Jha2U=
2624	en	ZmJyYWtl
2625	en	YnJhaw==
2626	en	YnJha2k=
2627	en	YnJha3I=
2628	en	YnJha2Vl
2629	en	QnJrYWU=
2630	en	bWlydG9y
2631	en	bWlyb3I=
2632	en	bWlycnJvcg==
2633	en	bWlyb3Jy
2634	en	bWlyYm9y
2635	en	bWlyYnJvcg==
2636	en	bWlycnVy
2637	en	bWlycnBy
2638	en	bWlycnI=
2639	en	TWlycm9vcg==
2640	en	YmF0eWVyeQ==
2641	en	YmF0ZXJ5
2642	en	YmF0dHRlcnk=
2643	en	YmF0ZXRyeQ==
2644	en	YmF0YmVyeQ==
2645	en	YmF0Y3Rlcnk=
2646	en	YmV0dGVyeQ==
2647	en	YmF0dGVydQ==
2648	en	YXR0ZXJ5
2649	en	QmF0dGVyeXk=
2650	en	d2luZHB3
2651	en	d2luZHc=
2652	en	d2luZG9vdw==
2653	en	d2luZHdv
2654	en	d2luZHV3
2655	en	d2luZGlvdw==
2656	en	YmluZG93
2657	en	d2luZm93
2658	en	d2lub3c=
2659	en	V2luZGRvdw==
2660	en	ZW52ZWxvb2U=
2661	en	ZW52ZWxvZQ==
2662	en	ZW52ZWxvcHBl
2663	en	ZW52ZWxvZXA=
2664	en	ZW52ZWxvc2U=
2665	en	ZW52ZWxveXBl
2666	en	aW52ZWxvcGU=
2667	en	cm52ZWxvcGU=
2668	en	bnZlbG9wZQ==
2669	en	RWVudmVsb3Bl
2670	en	Y3VvYm9hcmQ=
2671	en	Y3Vib2FyZA==
2672	en	Y3VwcGJvYXJk
2673	en	Y3VicG9hcmQ=
2674	en	Y3VzYm9hcmQ=
2675	en	Y3V3cGJvYXJk
2676	en	Y3VwYm9lcmQ=
2677	en	Y3Vwbm9hcmQ=
2678	en	Y3Vwb2FyZA==
2679	en	Q3VwYmJvYXJk
2680	en	c3VpdGNhc3I=
2681	en	c3VpdGNhcw==
2682	en	c3VpdGNhc2Vl
2683	en	c3VpdGNhc2k=
2684	en	c3VpdGNhc2Zl
2685	en	dXNpdGNhc2U=
2686	en	dHVpdGNhc2U=
2687	en	ZHVpdGNhc2U=
2688	en	dWl0Y2FzZQ==
2689	en	U3N1aXRjYXNl
2690	en	ZnJhd2Vy
2691	en	cmF3ZXI=
2692	en	ZGRyYXdlcg==
2693	en	cmRhd2Vy
2694	en	Z2RyYXdlcg==
2695	en	ZGJhd2Vy
2696	en	ZHJhd2ly
2697	en	ZHRhd2Vy
2698	en	ZGF3ZXI=
2699	en	RHJyYXdlcg==
2700	en	cmVjZW92ZQ==
2701	en	cmVjZXZl
2702	en	cmVjZWlpdmU=
2703	en	cmVjZXZpZQ==
2704	en	cmVjZWppdmU=
2705	en	cmVjZWl2aQ==
2706	en	cmVkZWl2ZQ==
2707	en	cmVjZWl2cg==
2708	en	cmVjZWl2
2709	en	UmVjZWl2ZWU=
2710	en	YmVraWV2ZQ==
2711	en	YmVpZXZl
2712	en	YmVsbGlldmU=
2713	en	YmVpbGV2ZQ==
2714	en	YmViaWV2ZQ==
2715	en	YmV2bGlldmU=
2716	en	YmVsaWV2aQ==
2717	en	YmVsaWV2cg==
2718	en	YmVsaWV2
2719	en	QmVsaWV2ZWU=
2720	en	YWNoaXJ2ZQ==
2721	en	YWNoaXZl
2722	en	YWNoaWVldmU=
2723	en	YWNoaXZlZQ==
2724	en	YWNoaWl2ZQ==
2725	en	YWNoaWpldmU=
2726	en	YWRoaWV2ZQ==
2727	en	YWNob2V2ZQ==
2728	en	YWNoZXZl
2729	en	QWNoaWlldmU=
2730	en	cHJlcGF0ZQ==
2731	en	cHJlcGFl
2732	en	cHJlcGFycmU=
2733	en	cHJlcGFlcg==
2734	en	cHJlcGFiZQ==
2735	en	cHJlcGFxcmU=
2736	en	cHJpcGFyZQ==
2737	en	cHRlcGFyZQ==
2738	en	cGVwYXJl
2739	en	UHJyZXBhcmU=
2740	en	aW1wcnB2ZQ==
2741	en	aW1wcnZl
2742	en	aW1wcm9vdmU=
2743	en	aW1wcnZvZQ==
2744	en	aW1wcnV2ZQ==
2745	en	aW1wcmpvdmU=
2746	en	aW1wYm92ZQ==
2747	en	aW5wcm92ZQ==
2748	en	aXByb3Zl
2749	en	SW1tcHJvdmU=
2750	en	a2V5YnBhcmQ=
2751	en	a2V5YmFyZA==
2752	en	a2V5Ym9vYXJk
2753	en	a2V5YmFvcmQ=
2754	en	a2V5YnVhcmQ=
2755	en	a2V5YmtvYXJk
2756	en	a2V5Ym9hYmQ=
2757	en	a2V5Ym9hdGQ=
2758	en	a2V5Ym9hZA==
2759	en	S2V5Ym9hcnJk
2760	en	cHJpbXRlcg==
2761	en	cHJpdGVy
2762	en	cHJpbm50ZXI=
2763	en	cHJpdG5lcg==
2764	en	cHJpcHRlcg==
2765	en	cHJpY250ZXI=
2766	en	cHJpbnRpcg==
2767	en	cHJvbnRlcg==
2768	en	cHJudGVy
2769	en	UHJpaW50ZXI=
2770	en	Y29tcHV5ZXI=
2771	en	Y29tcHVlcg==
2772	en	Y29tcHV0dGVy
2773	en	Y29tcHVldHI=
2774	en	Y29tcHViZXI=
2775	en	Y29tcHVydGVy
2776	en	Y29tcHV0aXI=
2777	en	Y29tb3V0ZXI=
2778	en	Y29tdXRlcg==
2779	en	Q29tcHB1dGVy
2780	en	bW9uaXRwcg==
2781	en	bW9uaXRy
2782	en	bW9uaXRvb3I=
2783	en	bW9uaXRybw==
2784	en	bW9uaXR1cg==
2785	en	bW9uaXRxb3I=
2786	en	bW9uaXRvYg==
2787	en	bW9uaXRvdA==
2788	en	bW9uaXRv
2789	en	TW9uaXRvcnI=
2790	en	bWljcm9waG9ucg==
2791	en	bWljcm9waG9u
2792	en	bWljcm9waG9uZWU=
2793	en	bWljcm9waG9uaQ==
2794	en	bWljcm9waG9udmU=
2795	en	bWljcnBvaG9uZQ==
2796	en	bWljcm9waG9wZQ==
2797	en	bWljcnBwaG9uZQ==
2798	en	bWljcnBob25l
2799	en	TWljcm9vcGhvbmU=
2800	en	ZXhwZXJpbmVudA==
2801	en	ZXhwZXJpZW50
2802	en	ZXhwZXJpbW1lbnQ=
2803	en	ZXhwZXJpZW1udA==
2804	en	ZXhwZXJpYW1lbnQ=
2805	en	ZXhwaXJpbWVudA==
2806	en	ZXhwZWJpbWVudA==
2807	en	ZXhwcnJpbWVudA==
2808	en	ZXhwcmltZW50
2809	en	RXhwZWVyaW1lbnQ=
2810	en	bm9sZWN1bGU=
2811	en	b2xlY3VsZQ==
2812	en	bW1vbGVjdWxl
2813	en	b21sZWN1bGU=
2814	en	aW1vbGVjdWxl
2815	en	bW9sZWN1bGk=
2816	en	bW9sZWN1YmU=
2817	en	bW9sZWN1bHI=
2818	en	bW9sZWN1bA==
2819	en	TW9sZWN1bGVl
2820	en	cmVzY3Rpb24=
2821	en	cmVjdGlvbg==
2822	en	cmVhYWN0aW9u
2823	en	cmVjYXRpb24=
2824	en	cmVlY3Rpb24=
2825	en	cmV3YWN0aW9u
2826	en	cmVhY3Rpb3A=
2827	en	cmVhY3Rpb20=
2828	en	cmVhY3Rpbw==
2829	en	UmVhY3Rpb25u
2830	en	dGVtcHJyYXR1cmU=
2831	en	dGVtcHJhdHVyZQ==
2832	en	dGVtcGVlcmF0dXJl
2833	en	dGVtcHJlYXR1cmU=
2834	en	dGVtcGlyYXR1cmU=
2835	en	dGVtcG5lcmF0dXJl
2836	en	YmVtcGVyYXR1cmU=
2837	en	eWVtcGVyYXR1cmU=
2838	en	ZW1wZXJhdHVyZQ==
2839	en	VHRlbXBlcmF0dXJl
2840	en	b3Jlc3N1cmU=
2841	en	cmVzc3VyZQ==
2842	en	cHByZXNzdXJl
2843	en	cnBlc3N1cmU=
2844	en	c3Jlc3N1cmU=
2845	en	aXByZXNzdXJl
2846	en	cHJlc3N1cmk=
2847	en	cHJlZHN1cmU=
2848	en	cHJlc3VyZQ==
2849	en	UHJlc3NzdXJl
2850	en	Y2VpbGltZw==
2851	en	Y2VpbGln
2852	en	Y2VpbGlubmc=
2853	en	Y2VpbGlnbg==
2854	en	Y2VpbGlwZw==
2855	en	Y2VpbGlxbmc=
2856	en	Y2lpbGluZw==
2857	en	Y2VpbG9uZw==
2858	en	Y2VpbG5n
2859	en	Q2VpbGlpbmc=
2860	en	c3RhaXRjYXNl
2861	en	c3RhaWNhc2U=
2862	en	c3RhaXJyY2FzZQ==
2863	en	c3RhaWNyYXNl
2864	en	c3RhaWJjYXNl
2865	en	c3RhaWxyY2FzZQ==
2866	en	c3RhaXJjZXNl
2867	en	c3RhaXJ2YXNl
2868	en	c3RhaXJhc2U=
2869	en	U3RhaXJjY2FzZQ==
2870	en	Y2hpbW5ldQ==
2871	en	Y2hpbW5l
2872	en	Y2hpbW5leXk=
2873	en	Y2hpbW5lYg==
2874	en	Y2hpbW5leHk=
2875	en	Y2lobW5leQ==
2876	en	Y2hpbW5peQ==
2877	en	Y2ppbW5leQ==
2878	en	Y2ltbmV5
2879	en	Q2hoaW1uZXk=
2880	en	ZmVudmU=
2881	en	ZmVuZQ==
2882	en	ZmVuY2Nl
2883	en	ZmVuZWM=
2884	en	ZmVuZGU=
2885	en	ZmVuYWNl
2886	en	ZmluY2U=
2887	en	ZnJuY2U=
2888	en	Zm5jZQ==
2889	en	RmVlbmNl
2890	en	cm9vZw==
2891	en	cm9vZmY=
2892	en	cm9vemY=
2893	en	b3JvZg==
2894	en	cm9m
2895	en	cnVvZg==
2896	en	dG9vZg==
2897	en	cnJvb2Y=
2898	en	cm9vYWY=
2899	en	Um9mbw==
2900	en	ZXhycmNpc2U=
2901	en	ZXhyY2lzZQ==
2902	en	ZXhlZXJjaXNl
2903	en	ZXhyZWNpc2U=
2904	en	ZXhpcmNpc2U=
2905	en	ZXh3ZXJjaXNl
2906	en	ZXhlcmRpc2U=
2907	en	ZXhlcmNpc3I=
2908	en	ZXhlcmNpcw==
2909	en	RXhlcmNpc2Vl
2910	en	cXVyc3Rpb24=
2911	en	cXVzdGlvbg==
2912	en	cXVlZXN0aW9u
2913	en	cXVzZXRpb24=
2914	en	cXVpc3Rpb24=
2915	en	cXV3ZXN0aW9u
2916	en	YnVlc3Rpb24=
2917	en	d3Vlc3Rpb24=
2918	en	dWVzdGlvbg==
2919	en	UXF1ZXN0aW9u
2920	en	YW1zd2Vy
2921	en	YXN3ZXI=
2922	en	YW5uc3dlcg==
2923	en	YXNud2Vy
2924	en	YXBzd2Vy
2925	en	YWFuc3dlcg==
2926	en	ZW5zd2Vy
2927	en	YW5zd2V0
2928	en	YW5zd2U=
2929	en	QW5zd2Vycg==
2930	en	ZXhhbXBscg==
2931	en	ZXhhbXBs
2932	en	ZXhhbXBsZWU=
2933	en	ZXhhbXBsaQ==
2934	en	ZXhhbXBseGU=
2935	en	ZXhtYXBsZQ==
2936	en	ZXhhbXBiZQ==
2937	en	ZXhzbXBsZQ==
2938	en	ZXhtcGxl
2939	en	RXhhYW1wbGU=
2940	en	Zm9ybnVsYQ==
2941	en	Zm9ydWxh
2942	en	Zm9ybW11bGE=
2943	en	Zm9ydW1sYQ==
2944	en	Zm9yY211bGE=
2945	en	Zm9ibXVsYQ==
2946	en	Zm9ybWFsYQ==
2947	en	Zm90bXVsYQ==
2948	en	Zm9tdWxh
2949	en	Rm9ybXV1bGE=
2950	en	amFja2V5
2951	en	amFja2U=
2952	en	amFja2V0dA==
2953	en	amFja2Vi
2954	en	amFja2VwdA==
2955	en	amNha2V0
2956	en	amVja2V0
2957	en	anNja2V0
2958	en	amNrZXQ=
2959	en	SmFhY2tldA==
2960	en	c3dlYXRldA==
2961	en	c3dlYXRl
2962	en	c3dlYXRlcnI=
2963	en	c3dlYXRlYg==
2964	en	c3dlYXRleHI=
2965	en	c3dldGFlcg==
2966	en	c3dpYXRlcg==
2967	en	c3dlc3Rlcg==
2968	en	c3dldGVy
2969	en	U3dlYWF0ZXI=
2970	en	c3ZhcmY=
2971	en	c2FyZg==
2972	en	c2NjYXJm
2973	en	c2FjcmY=
2974	en	c2RhcmY=
2975	en	c21jYXJm
2976	en	c2NlcmY=
2977	en	c2Nhcmc=
2978	en	c2NyZg==
2979	en	U2NhcmZm
2980	en	YmxhbmtydA==
2981	en	Ymxhbmt0
2982	en	YmxhbmtlZXQ=
2983	en	Ymxhbmt0ZQ==
2984	en	YmxhbmtpdA==
2985	en	YmxhbmtxZXQ=
2986	en	YmJhbmtldA==
2987	en	YmxzbmtldA==
2988	en	Ymxua2V0
2989	en	QmxhYW5rZXQ=
2990	en	dG93ZWs=
2991	en	dG93ZQ==
2992	en	dG93ZWxs
2993	en	dG93ZWI=
2994	en	dG93ZWhs
2995	en	b3R3ZWw=
2996	en	dHV3ZWw=
2997	en	eW93ZWw=
2998	en	b3dlbA==
2999	en	VHRvd2Vs
3000	en	cHJwamVjdA==
3001	en	cHJqZWN0
3002	en	cHJvb2plY3Q=
3003	en	cHJqb2VjdA==
3004	en	cHJ1amVjdA==
3005	en	cHJ2b2plY3Q=
3006	en	cGJvamVjdA==
3007	en	cHRvamVjdA==
3008	en	cG9qZWN0
3009	en	UHJvamplY3Q=
3010	en	YmlkZ2V0
3011	en	YmRnZXQ=
3012	en	YnV1ZGdldA==
3013	en	YmR1Z2V0
3014	en	YmFkZ2V0
3015	en	Ym51ZGdldA==
3016	en	YnVkZ2Vi
3017	en	YnVkZ2V5
3018	en	YnVnZXQ=
3019	en	QnVkZ2V0dA==
3020	en	ZGVhZGxpbnI=
3021	en	ZGVhZGxpbg==
3022	en	ZGVhZGxpbmVl
3023	en	ZGVhZGxpbmk=
3024	en	ZGVhZGxpbmZl
3025	en	ZGFlZGxpbmU=
3026	en	ZGVhZGJpbmU=
3027	en	ZHJhZGxpbmU=
3028	en	ZGFkbGluZQ==
3029	en	RGVlYWRsaW5l
3030	en	Y29udHJhdnQ=
3031	en	Y29udHJhdA==
3032	en	Y29udHJhY2N0
3033	en	Y29udHJhdGM=
3034	en	Y29udHJhZHQ=
3035	en	Y29udHJheWN0
3036	en	Y3VudHJhY3Q=
3037	en	Y29tdHJhY3Q=
3038	en	Y290cmFjdA==
3039	en	Q29ubnRyYWN0
3040	en	cHJvcG9zYWs=
3041	en	cHJvcG9zYQ==
3042	en	cHJvcG9zYWxs
3043	en	cHJvcG9zYWI=
3044	en	cHJvcG9zYWZs
3045	en	cnBvcG9zYWw=
3046	en	cHJvcHVzYWw=
3047	en	b3JvcG9zYWw=
3048	en	cm9wb3NhbA==
3049	en	UHByb3Bvc2Fs
3050	en	YnRlYWQ=
3051	en	YnJyZWFk
3052	en	YmVyYWQ=
3053	en	YmJlYWQ=
3054	en	Ym1yZWFk
3055	en	YnJpYWQ=
3056	en	YnJyYWQ=
3057	en	YnJlZWFk
3058	en	YnJhZWQ=
3059	en	Q3JlYWQ=
3060	en	Y2hyZXNl
3061	en	Y2hlc2U=
3062	en	Y2hlZWVzZQ==
3063	en	Y2hpZXNl
3064	en	Y2h1ZWVzZQ==
3065	en	Y2hlc2Vl
3066	en	Y2JlZXNl
3067	en	Y2hlZXNy
3068	en	Y2hlZXM=
3069	en	Q2hlZXNlZQ==
3070	en	YnV0dGV0
3071	en	YnV0dGVycg==
3072	en	YnV0dGVi
3073	en	YnV0dGVwcg==
3074	en	YnR0ZXI=
3075	en	YnR1dGVy
3076	en	YnV0dGly
3077	en	YnV0dHJy
3078	en	YnV1dHRlcg==
3079	en	QnV0YmVy
3080	en	Y29mZmVy
3081	en	Y29mZmU=
3082	en	Y29mZmVlZQ==
3083	en	Y29mZmVp
3084	en	Y29mZmVwZQ==
3085	en	b2NmZmVl
3086	en	ZG9mZmVl
3087	en	dm9mZmVl
3088	en	b2ZmZWU=
3089	en	Q2NvZmZlZQ==
3090	en	Y2hvY29sc3Rl
3091	en	Y2hvY29sdGU=
3092	en	Y2hvY29sYWF0ZQ==
3093	en	Y2hvY29sdGFl
3094	en	Y2hvY29sZXRl
3095	en	Y2hvY29semF0ZQ==
3096	en	Y2hvY29iYXRl
3097	en	Y2hvY29rYXRl
3098	en	Y2hvY29hdGU=
3099	en	Q2hvY29sbGF0ZQ==
3100	en	bWlzZXVt
3101	en	bXNldW0=
3102	en	bXV1c2V1bQ==
3103	en	bXN1ZXVt
3104	en	bWFzZXVt
3105	en	bW51c2V1bQ==
3106	en	bXV0ZXVt
3107	en	bXVkZXVt
3108	en	bXVldW0=
3109	en	TXVzc2V1bQ==
3110	en	Y2F5aGVkcmFs
3111	en	Y2FoZWRyYWw=
3112	en	Y2F0dGhlZHJhbA==
3113	en	Y2FodGVkcmFs
3114	en	Y2FiaGVkcmFs
3115	en	Y2F4dGhlZHJhbA==
3116	en	Y2V0aGVkcmFs
3117	en	Y3N0aGVkcmFs
3118	en	Y3RoZWRyYWw=
3119	en	Q2F0aGVkZHJhbA==
3120	en	b2FsYWNl
3121	en	YWxhY2U=
3122	en	cHBhbGFjZQ==
3123	en	YXBsYWNl
3124	en	c2FsYWNl
3125	en	Z3BhbGFjZQ==
3126	en	cGFsZWNl
3127	en	cGFsYXZl
3128	en	cGFsYWU=
3129	en	UGFsYWNjZQ==
3130	en	ZnB1bnRhaW4=
3131	en	ZnVudGFpbg==
3132	en	Zm9vdW50YWlu
3133	en	ZnVvbnRhaW4=
3134	en	ZnV1bnRhaW4=
3135	en	ZnBvdW50YWlu
3136	en	Zm91cHRhaW4=
3137	en	Zm91bXRhaW4=
3138	en	Zm91dGFpbg==
3139	en	Rm91bm50YWlu
3140	en	bm9udW1lbnQ=
3141	en	b251bWVudA==
3142	en	bW1vbnVtZW50
3143	en	b21udW1lbnQ=
3144	en	aW1vbnVtZW50
3145	en	bW9udW1pbnQ=
3146	en	bW9udW1lbmI=
3147	en	bW9udW1ybnQ=
3148	en	bW9udW1udA==
3149	en	TW9udW1lZW50
3150	en	dGFiYml0
3151	en	YWJiaXQ=
3152	en	cnJhYmJpdA==
3153	en	YXJiYml0
3154	en	YmFiYml0
3155	en	Z3JhYmJpdA==
3156	en	cmViYml0
3157	en	cnNiYml0
3158	en	cmJiaXQ=
3159	en	UmFhYmJpdA==
3160	en	ZWxycGhhbnQ=
3161	en	ZWxwaGFudA==
3162	en	ZWxlZXBoYW50
3163	en	ZWxwZWhhbnQ=
3164	en	ZWxpcGhhbnQ=
3165	en	ZWx3ZXBoYW50
3166	en	ZWxlcGhhbmI=
3167	en	ZWxlcGhhbnk=
3168	en	ZWxlcGhhbg==
3169	en	RWxlcGhhbnR0
3170	en	ZG9scGhpbQ==
3171	en	ZG9scGhp
3172	en	ZG9scGhpbm4=
3173	en	ZG9scGhpcA==
3174	en	ZG9scGhpeG4=
3175	en	ZG9wbGhpbg==
3176	en	ZHVscGhpbg==
3177	en	ZG9rcGhpbg==
3178	en	ZG9waGlu
3179	en	RG9sbHBoaW4=
3180	en	cGVtZ3Vpbg==
3181	en	cGVndWlu
3182	en	cGVubmd1aW4=
3183	en	cGVnbnVpbg==
3184	en	cGVwZ3Vpbg==
3185	en	cGV2bmd1aW4=
3186	en	cGVuZ2Fpbg==
3187	en	cGVuZ3Vvbg==
3188	en	cGVuZ3Vu
3189	en	UGVuZ3VpaW4=
3190	en	Z2lyYWZnZQ==
3191	en	Z2lyYWZl
3192	en	Z2lyYWZmZmU=
3193	en	Z2lyYWZlZg==
3194	en	Z2lyYWZxZmU=
3195	en	Z2lyZWZmZQ==
3196	en	bWlyYWZmZQ==
3197	en	Z2lyc2ZmZQ==
3198	en	Z2lyZmZl
3199	en	R2lyYWFmZmU=
3200	en	cmV2ZWlwdA==
3201	en	cmVlaXB0
3202	en	cmVjY2VpcHQ=
3203	en	cmVlY2lwdA==
3204	en	cmVkZWlwdA==
3205	en	cmV2Y2VpcHQ=
3206	en	cmVjaWlwdA==
3207	en	dGVjZWlwdA==
3208	en	ZWNlaXB0
3209	en	UnJlY2VpcHQ=
3210	en	Y2VyeWlmaWNhdGU=
3211	en	Y2VyaWZpY2F0ZQ==
3212	en	Y2VydHRpZmljYXRl
3213	en	Y2VyaXRmaWNhdGU=
3214	en	Y2VyYmlmaWNhdGU=
3215	en	Y2VyZ3RpZmljYXRl
3216	en	Y2VydGlmaWNhdGk=
3217	en	Y2VydGlmaXZhdGU=
3218	en	Y2VydGlmaWF0ZQ==
3219	en	Q2VydGlmaWNjYXRl
3220	en	cGFzc29vcnQ=
3221	en	cGFzc29ydA==
3222	en	cGFzc3Bwb3J0
3223	en	cGFzc29wcnQ=
3224	en	cGFzc3NvcnQ=
3225	en	cGFzc2twb3J0
3226	en	cGFzc3B1cnQ=
3227	en	cGFzc3BvdHQ=
3228	en	cGFzc3BvdA==
3229	en	UGFzc3BvcnJ0
3230	en	c29nbmF0dXJl
3231	en	c2duYXR1cmU=
3232	en	c2lpZ25hdHVyZQ==
3233	en	c2dpbmF0dXJl
3234	en	c3FpZ25hdHVyZQ==
3235	en	c2lnbmF0dXJp
3236	en	c2lnbmFidXJl
3237	en	c2lnbmF0dXJy
3238	en	c2lnbmF0dXI=
3239	en	U2lnbmF0dXJlZQ==
3240	en	ZHBjdW1lbnQ=
3241	en	ZGN1bWVudA==
3242	en	ZG9vY3VtZW50
3243	en	ZGNvdW1lbnQ=
3244	en	ZHVjdW1lbnQ=
3245	en	ZHBvY3VtZW50
3246	en	ZG9jdW1lbmI=
3247	en	ZG9jdW1lbnk=
3248	en	ZG9jdW1lbg==
3249	en	RG9jdW1lbnR0
3250	en	bWlzdGFsZQ==
3251	en	bWlzdGFl
3252	en	bWlzdGFra2U=
3253	en	bWlzdGFlaw==
3254	en	bWlzdGFiZQ==
3255	en	bWlzdGFxa2U=
3256	en	bWlzdGFraQ==
3257	en	bWlkdGFrZQ==
3258	en	bWl0YWtl
3259	en	TWlzc3Rha2U=
3260	en	ZGlmZmV0ZW5jZQ==
3261	en	ZGlmZmVlbmNl
3262	en	ZGlmZmVycmVuY2U=
3263	en	ZGlmZmVlcm5jZQ==
3264	en	ZGlmZmViZW5jZQ==
3265	en	ZGlmZmV0cmVuY2U=
3266	en	ZGlmZmVyaW5jZQ==
3267	en	ZmlmZmVyZW5jZQ==
3268	en	aWZmZXJlbmNl
3269	en	RGRpZmZlcmVuY2U=
3270	en	cGF5dGVybg==
3271	en	cGF0ZXJu
3272	en	cGF0dHRlcm4=
3273	en	cGFidGVybg==
3274	en	cGF2dHRlcm4=
3275	en	cHRhdGVybg==
3276	en	cGV0dGVybg==
3277	en	cGF0dGVybQ==
3278	en	cHR0ZXJu
3279	en	UGF0dGVybm4=
3280	en	ZHJ0YWls
3281	en	ZHRhaWw=
3282	en	ZGVldGFpbA==
3283	en	ZHRlYWls
3284	en	ZGl0YWls
3285	en	ZG5ldGFpbA==
3286	en	ZGV0YWli
3287	en	ZGV0c2ls
3288	en	ZGV0aWw=
3289	en	RGV0YWFpbA==
3290	en	c2hhZm93
3291	en	c2hhb3c=
3292	en	c2hhZGRvdw==
3293	en	c2hhb2R3
3294	en	c2hhYmRvdw==
3295	en	dGhhZG93
3296	en	c2hhZHV3
3297	en	ZGhhZG93
3298	en	aGFkb3c=
3299	en	U3NoYWRvdw==
3300	en	YmVhdXRpZ3Vs
3301	en	YmVhdXRpdWw=
3302	en	YmVhdXRpZmZ1bA==
3303	en	YmVhdXRpdWZs
3304	en	YmVhdXRpemZ1bA==
3305	en	Y2VhdXRpZnVs
3306	en	YmVldXRpZnVs
3307	en	bmVhdXRpZnVs
3308	en	ZWF1dGlmdWw=
3309	en	QmJlYXV0aWZ1bA==
3310	en	Y29tZm9ydGFubGU=
3311	en	Y29tZm9ydGFsZQ==
3312	en	Y29tZm9ydGFiYmxl
3313	en	Y29tZm9ydGFsYmU=
3314	en	Y29tZm9ydGFjbGU=
3315	en	Y29tZm9ydGFwYmxl
3316	en	Y29tZm9ydGFibGk=
3317	en	Y29tZm9yeWFibGU=
3318	en	Y29tZm9yYWJsZQ==
3319	en	Q29tZm9ydHRhYmxl
3320	en	c29hY2lvdXM=
3321	en	c2FjaW91cw==
3322	en	c3BwYWNpb3Vz
3323	en	c2FwY2lvdXM=
3324	en	c3NhY2lvdXM=
3325	en	c2FwYWNpb3Vz
3326	en	c3BhY2lvYXM=
3327	en	c3BhdmlvdXM=
3328	en	c3BhaW91cw==
3329	en	U3BhY2Npb3Vz
3330	en	cGVhdmVmdWw=
3331	en	cGVhZWZ1bA==
3332	en	cGVhY2NlZnVs
3333	en	cGVhZWNmdWw=
3334	en	cGVhZGVmdWw=
3335	en	cGVhZGNlZnVs
3336	en	cGlhY2VmdWw=
3337	en	cHJhY2VmdWw=
3338	en	cGFjZWZ1bA==
3339	en	UGVlYWNlZnVs
3340	en	cXVpZWV0
3341	en	cXVpaXQ=
3342	en	cXVpYWV0
3343	en	cXVpZXk=
3344	en	cXVpZQ==
3345	en	cXVpZWI=
3346	en	cWl1ZXQ=
3347	en	cXVpZXR0
3348	en	cWFpZXQ=
3349	en	UXVpbmV0
3350	en	csOpZHVtw6k=
3351	en	csOpdW3DqQ==
3352	en	csOpc3N1bcOp
3353	en	csOpdXNtw6k=
3354	en	csOpdHVtw6k=
3355	en	csOpdXN1bcOp
3356	en	csOpc2Ftw6k=
3357	en	csOpc3Vuw6k=
3358	en	csOpc3XDqQ==
3359	en	UsOpc3VtbcOp
3360	en	cG90dGZvbGlv
3361	en	cG90Zm9saW8=
3362	en	cG9ycnRmb2xpbw==
3363	en	cG90cmZvbGlv
3364	en	cG9idGZvbGlv
3365	en	cG94cnRmb2xpbw==
3366	en	cG9ydGZ1bGlv
3367	en	cG9yeWZvbGlv
3368	en	cG9yZm9saW8=
3369	en	UG9ydHRmb2xpbw==
3370	en	ZGlvbG9tYQ==
3371	en	ZGlsb21h
3372	en	ZGlwcGxvbWE=
3373	en	ZGlscG9tYQ==
3374	en	ZGlzbG9tYQ==
3375	en	ZGl2cGxvbWE=
3376	en	ZGlwbG9tZQ==
3377	en	ZGlwa29tYQ==
3378	en	ZGlwb21h
3379	en	RGlwbGxvbWE=
3380	en	Y29sbGV2dGlvbg==
3381	en	Y29sbGV0aW9u
3382	en	Y29sbGVjY3Rpb24=
3383	en	Y29sbGV0Y2lvbg==
3384	en	Y29sbGVkdGlvbg==
3385	en	Y29sbGV0Y3Rpb24=
3386	en	Y29sbGVjdGl1bg==
3387	en	Y29sbGVjdGlwbg==
3388	en	Y29sbGVjdGlu
3389	en	Q29sbGVjdGlvb24=
3390	en	cGhvdG9ocmFwaA==
3391	en	cGhvdG9yYXBo
3392	en	cGhvdG9nZ3JhcGg=
3393	en	cGhvdG9yZ2FwaA==
3394	en	cGhvdG9tcmFwaA==
3395	en	cGhvdG90Z3JhcGg=
3396	en	cGh1dG9ncmFwaA==
3397	en	cGhwdG9ncmFwaA==
3398	en	cGh0b2dyYXBo
3399	en	UGhvb3RvZ3JhcGg=
3400	es	ZGlyZWNjacOzbg==
3401	es	ZGlyZWNjacOzbg==
3402	es	ZGlyZWNjacOzbg==
3403	es	ZGlyZWNjacOzbg==
3404	es	ZGlyZWNjacOzbg==
3405	es	ZGlyZWNjacOzbg==
3406	es	RGlyZWNjacOzbg==
3407	es	Y29ycmVjY2nDs24=
3408	es	Y29ycmVjY2nDs24=
3409	es	Y29ycmVjY2nDs24=
3410	es	Y29ycmVjY2nDs24=
3411	es	Y29ycmVjY2nDs24=
3412	es	Y29ycmVjY2nDs24=
3413	es	Q29ycmVjY2nDs24=
3414	es	b3J0b2dyYWbDrWE=
3415	es	b3J0b2dyYWbDrWE=
3416	es	b3J0b2dyYWbDrWE=
3417	es	b3J0b2dyYWbDrWE=
3418	es	b3J0b2dyYWbDrWE=
3419	es	b3J0b2dyYWbDrWE=
3420	es	T3J0b2dyYWbDrWE=
3421	es	aW5zdHJ1Y2Npw7Nu
3422	es	aW5zdHJ1Y2Npw7Nu
3423	es	aW5zdHJ1Y2Npw7Nu
3424	es	aW5zdHJ1Y2Npw7Nu
3425	es	aW5zdHJ1Y2Npw7Nu
3426	es	aW5zdHJ1Y2Npw7Nu
3427	es	SW5zdHJ1Y2Npw7Nu
3428	es	aW5mb3JtYWNpw7Nu
3429	es	aW5mb3JtYWNpw7Nu
3430	es	aW5mb3JtYWNpw7Nu
3431	es	aW5mb3JtYWNpw7Nu
3432	es	aW5mb3JtYWNpw7Nu
3433	es	aW5mb3JtYWNpw7Nu
3434	es	SW5mb3JtYWNpw7Nu
3435	es	bWVuc2FqZQ==
3436	es	bWVuc2FqZQ==
3437	es	bWVuc2FqZQ==
3438	es	bWVuc2FqZQ==
3439	es	bWVuc2FqZQ==
3440	es	bWVuc2FqZQ==
3441	es	TWVuc2FqZQ==
3442	es	YXZpc28=
3443	es	YXZpc28=
3444	es	YXZpc28=
3445	es	YXZpc28=
3446	es	YXZpc28=
3447	es	YXZpc28=
3448	es	QXZpc28=
3449	es	cGFxdWV0ZQ==
3450	es	cGFxdWV0ZQ==
3451	es	cGFxdWV0ZQ==
3452	es	cGFxdWV0ZQ==
3453	es	cGFxdWV0ZQ==
3454	es	cGFxdWV0ZQ==
3455	es	UGFxdWV0ZQ==
3456	es	dGVsZWdyYW1h
3457	es	dGVsZWdyYW1h
3458	es	dGVsZWdyYW1h
3459	es	dGVsZWdyYW1h
3460	es	dGVsZWdyYW1h
3461	es	dGVsZWdyYW1h
3462	es	VGVsZWdyYW1h
3463	es	ZG9jdW1lbnRv
3464	es	ZG9jdW1lbnRv
3465	es	ZG9jdW1lbnRv
3466	es	ZG9jdW1lbnRv
3467	es	ZG9jdW1lbnRv
3468	es	ZG9jdW1lbnRv
3469	es	RG9jdW1lbnRv
3470	es	bMOhcGl6
3471	es	bMOhcGl6
3472	es	bMOhcGl6
3473	es	bMOhcGl6
3474	es	bMOhcGl6
3475	es	bMOhcGl6
3476	es	TMOhcGl6
3477	es	Y3VhZGVybm8=
3478	es	Y3VhZGVybm8=
3479	es	Y3VhZGVybm8=
3480	es	Y3VhZGVybm8=
3481	es	Y3VhZGVybm8=
3482	es	Y3VhZGVybm8=
3483	es	Q3VhZGVybm8=
3484	es	Y2FsZW5kYXJpbw==
3485	es	Y2FsZW5kYXJpbw==
3486	es	Y2FsZW5kYXJpbw==
3487	es	Y2FsZW5kYXJpbw==
3488	es	Y2FsZW5kYXJpbw==
3489	es	Y2FsZW5kYXJpbw==
3490	es	Q2FsZW5kYXJpbw==
3491	es	c29icmU=
3492	es	c29icmU=
3493	es	c29icmU=
3494	es	c29icmU=
3495	es	c29icmU=
3496	es	c29icmU=
3497	es	U29icmU=
3498	es	cGVyacOzZGljbw==
3499	es	cGVyacOzZGljbw==
3500	es	cGVyacOzZGljbw==
3501	es	cGVyacOzZGljbw==
3502	es	cGVyacOzZGljbw==
3503	es	cGVyacOzZGljbw==
3504	es	UGVyacOzZGljbw==
3505	es	YWxkZWE=
3506	es	YWxkZWE=
3507	es	YWxkZWE=
3508	es	YWxkZWE=
3509	es	YWxkZWE=
3510	es	YWxkZWE=
3511	es	QWxkZWE=
3512	es	bW9udGHDsWE=
3513	es	bW9udGHDsWE=
3514	es	bW9udGHDsWE=
3515	es	bW9udGHDsWE=
3516	es	bW9udGHDsWE=
3517	es	bW9udGHDsWE=
3518	es	TW9udGHDsWE=
3519	es	Zm9ydGFsZXph
3520	es	Zm9ydGFsZXph
3521	es	Zm9ydGFsZXph
3522	es	Zm9ydGFsZXph
3523	es	Zm9ydGFsZXph
3524	es	Zm9ydGFsZXph
3525	es	Rm9ydGFsZXph
3526	es	dG9ycmU=
3527	es	dG9ycmU=
3528	es	dG9ycmU=
3529	es	dG9ycmU=
3530	es	dG9ycmU=
3531	es	dG9ycmU=
3532	es	VG9ycmU=
3533	es	aWdsZXNpYQ==
3534	es	aWdsZXNpYQ==
3535	es	aWdsZXNpYQ==
3536	es	aWdsZXNpYQ==
3537	es	aWdsZXNpYQ==
3538	es	aWdsZXNpYQ==
3539	es	SWdsZXNpYQ==
3540	es	bW90b3I=
3541	es	bW90b3I=
3542	es	bW90b3I=
3543	es	bW90b3I=
3544	es	bW90b3I=
3545	es	bW90b3I=
3546	es	TW90b3I=
3547	es	ZnJlbm8=
3548	es	ZnJlbm8=
3549	es	ZnJlbm8=
3550	es	ZnJlbm8=
3551	es	ZnJlbm8=
3552	es	ZnJlbm8=
3553	es	RnJlbm8=
3554	es	ZXNwZWpv
3555	es	ZXNwZWpv
3556	es	ZXNwZWpv
3557	es	ZXNwZWpv
3558	es	ZXNwZWpv
3559	es	ZXNwZWpv
3560	es	RXNwZWpv
3561	es	cmFkaWFkb3I=
3562	es	cmFkaWFkb3I=
3563	es	cmFkaWFkb3I=
3564	es	cmFkaWFkb3I=
3565	es	cmFkaWFkb3I=
3566	es	cmFkaWFkb3I=
3567	es	UmFkaWFkb3I=
3568	es	bmV1bcOhdGljbw==
3569	es	bmV1bcOhdGljbw==
3570	es	bmV1bcOhdGljbw==
3571	es	bmV1bcOhdGljbw==
3572	es	bmV1bcOhdGljbw==
3573	es	bmV1bcOhdGljbw==
3574	es	TmV1bcOhdGljbw==
3575	es	dmVudGFuYQ==
3576	es	dmVudGFuYQ==
3577	es	dmVudGFuYQ==
3578	es	dmVudGFuYQ==
3579	es	dmVudGFuYQ==
3580	es	dmVudGFuYQ==
3581	es	VmVudGFuYQ==
3582	es	Y2FydGE=
3583	es	Y2FydGE=
3584	es	Y2FydGE=
3585	es	Y2FydGE=
3586	es	Y2FydGE=
3587	es	Y2FydGE=
3588	es	Q2FydGE=
3589	es	cHVlcnRh
3590	es	cHVlcnRh
3591	es	cHVlcnRh
3592	es	cHVlcnRh
3593	es	cHVlcnRh
3594	es	cHVlcnRh
3595	es	UHVlcnRh
3596	es	bWFsZXRh
3597	es	bWFsZXRh
3598	es	bWFsZXRh
3599	es	bWFsZXRh
3600	es	bWFsZXRh
3601	es	bWFsZXRh
3602	es	TWFsZXRh
3603	es	Y2FycGV0YQ==
3604	es	Y2FycGV0YQ==
3605	es	Y2FycGV0YQ==
3606	es	Y2FycGV0YQ==
3607	es	Y2FycGV0YQ==
3608	es	Y2FycGV0YQ==
3609	es	Q2FycGV0YQ==
3610	es	cmVjaWJpcg==
3611	es	cmVjaWJpcg==
3612	es	cmVjaWJpcg==
3613	es	cmVjaWJpcg==
3614	es	cmVjaWJpcg==
3615	es	cmVjaWJpcg==
3616	es	UmVjaWJpcg==
3617	es	YcOxYWRpcg==
3618	es	YcOxYWRpcg==
3619	es	YcOxYWRpcg==
3620	es	YcOxYWRpcg==
3621	es	YcOxYWRpcg==
3622	es	YcOxYWRpcg==
3623	es	QcOxYWRpcg==
3624	es	Y29ycmVnaXI=
3625	es	Y29ycmVnaXI=
3626	es	Y29ycmVnaXI=
3627	es	Y29ycmVnaXI=
3628	es	Y29ycmVnaXI=
3629	es	Y29ycmVnaXI=
3630	es	Q29ycmVnaXI=
3631	es	Z3VhcmRhcg==
3632	es	Z3VhcmRhcg==
3633	es	Z3VhcmRhcg==
3634	es	Z3VhcmRhcg==
3635	es	Z3VhcmRhcg==
3636	es	Z3VhcmRhcg==
3637	es	R3VhcmRhcg==
3638	es	Ym9ycmFy
3639	es	Ym9ycmFy
3640	es	Ym9ycmFy
3641	es	Ym9ycmFy
3642	es	Ym9ycmFy
3643	es	Ym9ycmFy
3644	es	Qm9ycmFy
3645	es	Y8OhbWFyYQ==
3646	es	Y8OhbWFyYQ==
3647	es	Y8OhbWFyYQ==
3648	es	Y8OhbWFyYQ==
3649	es	Y8OhbWFyYQ==
3650	es	Y8OhbWFyYQ==
3651	es	Q8OhbWFyYQ==
3652	es	aW1wcmVzb3Jh
3653	es	aW1wcmVzb3Jh
3654	es	aW1wcmVzb3Jh
3655	es	aW1wcmVzb3Jh
3656	es	aW1wcmVzb3Jh
3657	es	aW1wcmVzb3Jh
3658	es	SW1wcmVzb3Jh
3659	es	cGFudGFsbGE=
3660	es	cGFudGFsbGE=
3661	es	cGFudGFsbGE=
3662	es	cGFudGFsbGE=
3663	es	cGFudGFsbGE=
3664	es	cGFudGFsbGE=
3665	es	UGFudGFsbGE=
3666	es	YW50ZW5h
3667	es	YW50ZW5h
3668	es	YW50ZW5h
3669	es	YW50ZW5h
3670	es	YW50ZW5h
3671	es	YW50ZW5h
3672	es	QW50ZW5h
3673	es	YXBsaWNhY2nDs24=
3674	es	YXBsaWNhY2nDs24=
3675	es	YXBsaWNhY2nDs24=
3676	es	YXBsaWNhY2nDs24=
3677	es	YXBsaWNhY2nDs24=
3678	es	YXBsaWNhY2nDs24=
3679	es	QXBsaWNhY2nDs24=
3680	es	bW9sw6ljdWxh
3681	es	bW9sw6ljdWxh
3682	es	bW9sw6ljdWxh
3683	es	bW9sw6ljdWxh
3684	es	bW9sw6ljdWxh
3685	es	bW9sw6ljdWxh
3686	es	TW9sw6ljdWxh
3687	es	cmVhY2Npw7Nu
3688	es	cmVhY2Npw7Nu
3689	es	cmVhY2Npw7Nu
3690	es	cmVhY2Npw7Nu
3691	es	cmVhY2Npw7Nu
3692	es	cmVhY2Npw7Nu
3693	es	UmVhY2Npw7Nu
3694	es	dGVtcGVyYXR1cmE=
3695	es	dGVtcGVyYXR1cmE=
3696	es	dGVtcGVyYXR1cmE=
3697	es	dGVtcGVyYXR1cmE=
3698	es	dGVtcGVyYXR1cmE=
3699	es	dGVtcGVyYXR1cmE=
3700	es	VGVtcGVyYXR1cmE=
3701	es	ZGVuc2lkYWQ=
3702	es	ZGVuc2lkYWQ=
3703	es	ZGVuc2lkYWQ=
3704	es	ZGVuc2lkYWQ=
3705	es	ZGVuc2lkYWQ=
3706	es	ZGVuc2lkYWQ=
3707	es	RGVuc2lkYWQ=
3708	es	ZXN0cnVjdHVyYQ==
3709	es	ZXN0cnVjdHVyYQ==
3710	es	ZXN0cnVjdHVyYQ==
3711	es	ZXN0cnVjdHVyYQ==
3712	es	ZXN0cnVjdHVyYQ==
3713	es	ZXN0cnVjdHVyYQ==
3714	es	RXN0cnVjdHVyYQ==
3715	es	dGVqYWRv
3716	es	dGVqYWRv
3717	es	dGVqYWRv
3718	es	dGVqYWRv
3719	es	dGVqYWRv
3720	es	dGVqYWRv
3721	es	VGVqYWRv
3722	es	dGVjaG8=
3723	es	dGVjaG8=
3724	es	dGVjaG8=
3725	es	dGVjaG8=
3726	es	dGVjaG8=
3727	es	dGVjaG8=
3728	es	VGVjaG8=
3729	es	bXVybw==
3730	es	bXVybw==
3731	es	bXVybw==
3732	es	bXVybw==
3733	es	bXVybw==
3734	es	bXVybw==
3735	es	TXVybw==
3736	es	YXNjZW5zb3I=
3737	es	YXNjZW5zb3I=
3738	es	YXNjZW5zb3I=
3739	es	YXNjZW5zb3I=
3740	es	YXNjZW5zb3I=
3741	es	YXNjZW5zb3I=
3742	es	QXNjZW5zb3I=
3743	es	YmFsY8Ozbg==
3744	es	YmFsY8Ozbg==
3745	es	YmFsY8Ozbg==
3746	es	YmFsY8Ozbg==
3747	es	YmFsY8Ozbg==
3748	es	YmFsY8Ozbg==
3749	es	QmFsY8Ozbg==
3750	es	dGFyZWE=
3751	es	dGFyZWE=
3752	es	dGFyZWE=
3753	es	dGFyZWE=
3754	es	dGFyZWE=
3755	es	dGFyZWE=
3756	es	VGFyZWE=
3757	es	ZsOzcm11bGE=
3758	es	ZsOzcm11bGE=
3759	es	ZsOzcm11bGE=
3760	es	ZsOzcm11bGE=
3761	es	ZsOzcm11bGE=
3762	es	ZsOzcm11bGE=
3763	es	RsOzcm11bGE=
3764	es	dGVvcsOtYQ==
3765	es	dGVvcsOtYQ==
3766	es	dGVvcsOtYQ==
3767	es	dGVvcsOtYQ==
3768	es	dGVvcsOtYQ==
3769	es	dGVvcsOtYQ==
3770	es	VGVvcsOtYQ==
3771	es	cHJlZ3VudGE=
3772	es	cHJlZ3VudGE=
3773	es	cHJlZ3VudGE=
3774	es	cHJlZ3VudGE=
3775	es	cHJlZ3VudGE=
3776	es	cHJlZ3VudGE=
3777	es	UHJlZ3VudGE=
3778	es	cmVzcHVlc3Rh
3779	es	cmVzcHVlc3Rh
3780	es	cmVzcHVlc3Rh
3781	es	cmVzcHVlc3Rh
3782	es	cmVzcHVlc3Rh
3783	es	cmVzcHVlc3Rh
3784	es	UmVzcHVlc3Rh
3785	es	Y2hhcXVldGE=
3786	es	Y2hhcXVldGE=
3787	es	Y2hhcXVldGE=
3788	es	Y2hhcXVldGE=
3789	es	Y2hhcXVldGE=
3790	es	Y2hhcXVldGE=
3791	es	Q2hhcXVldGE=
3792	es	YnVmYW5kYQ==
3793	es	YnVmYW5kYQ==
3794	es	YnVmYW5kYQ==
3795	es	YnVmYW5kYQ==
3796	es	YnVmYW5kYQ==
3797	es	YnVmYW5kYQ==
3798	es	QnVmYW5kYQ==
3799	es	Y2FtaXNh
3800	es	Y2FtaXNh
3801	es	Y2FtaXNh
3802	es	Y2FtaXNh
3803	es	Y2FtaXNh
3804	es	Y2FtaXNh
3805	es	Q2FtaXNh
3806	es	bWFudGE=
3807	es	bWFudGE=
3808	es	bWFudGE=
3809	es	bWFudGE=
3810	es	bWFudGE=
3811	es	bWFudGE=
3812	es	TWFudGE=
3813	es	dG9hbGxh
3814	es	dG9hbGxh
3815	es	dG9hbGxh
3816	es	dG9hbGxh
3817	es	dG9hbGxh
3818	es	dG9hbGxh
3819	es	VG9hbGxh
3820	es	cHJveWVjdG8=
3821	es	cHJveWVjdG8=
3822	es	cHJveWVjdG8=
3823	es	cHJveWVjdG8=
3824	es	cHJveWVjdG8=
3825	es	cHJveWVjdG8=
3826	es	UHJveWVjdG8=
3827	es	cHJlc3VwdWVzdG8=
3828	es	cHJlc3VwdWVzdG8=
3829	es	cHJlc3VwdWVzdG8=
3830	es	cHJlc3VwdWVzdG8=
3831	es	cHJlc3VwdWVzdG8=
3832	es	cHJlc3VwdWVzdG8=
3833	es	UHJlc3VwdWVzdG8=
3834	es	Y29udHJhdG8=
3835	es	Y29udHJhdG8=
3836	es	Y29udHJhdG8=
3837	es	Y29udHJhdG8=
3838	es	Y29udHJhdG8=
3839	es	Y29udHJhdG8=
3840	es	Q29udHJhdG8=
3841	es	cGxhbg==
3842	es	cGxhbg==
3843	es	cGxhbg==
3844	es	cGxhbg==
3845	es	cGxhbg==
3846	es	cGxhbg==
3847	es	UGxhbg==
3848	es	aG9yYXJpbw==
3849	es	aG9yYXJpbw==
3850	es	aG9yYXJpbw==
3851	es	aG9yYXJpbw==
3852	es	aG9yYXJpbw==
3853	es	aG9yYXJpbw==
3854	es	SG9yYXJpbw==
3855	es	cGFu
3856	es	cGFu
3857	es	cGFu
3858	es	cGFu
3859	es	cGFu
3860	es	cGFu
3861	es	UGFu
3862	es	cXVlc28=
3863	es	cXVlc28=
3864	es	cXVlc28=
3865	es	cXVlc28=
3866	es	cXVlc28=
3867	es	cXVlc28=
3868	es	UXVlc28=
3869	es	bWFudGVxdWlsbGE=
3870	es	bWFudGVxdWlsbGE=
3871	es	bWFudGVxdWlsbGE=
3872	es	bWFudGVxdWlsbGE=
3873	es	bWFudGVxdWlsbGE=
3874	es	bWFudGVxdWlsbGE=
3875	es	TWFudGVxdWlsbGE=
3876	es	Y2Fmw6k=
3877	es	Y2Fmw6k=
3878	es	Y2Fmw6k=
3879	es	Y2Fmw6k=
3880	es	Y2Fmw6k=
3881	es	Y2Fmw6k=
3882	es	Q2Fmw6k=
3883	es	Y2hvY29sYXRl
3884	es	Y2hvY29sYXRl
3885	es	Y2hvY29sYXRl
3886	es	Y2hvY29sYXRl
3887	es	Y2hvY29sYXRl
3888	es	Y2hvY29sYXRl
3889	es	Q2hvY29sYXRl
3890	es	bXVzZW8=
3891	es	bXVzZW8=
3892	es	bXVzZW8=
3893	es	bXVzZW8=
3894	es	bXVzZW8=
3895	es	bXVzZW8=
3896	es	TXVzZW8=
3897	es	cGFsYWNpbw==
3898	es	cGFsYWNpbw==
3899	es	cGFsYWNpbw==
3900	es	cGFsYWNpbw==
3901	es	cGFsYWNpbw==
3902	es	cGFsYWNpbw==
3903	es	UGFsYWNpbw==
3904	es	bW9udW1lbnRv
3905	es	bW9udW1lbnRv
3906	es	bW9udW1lbnRv
3907	es	bW9udW1lbnRv
3908	es	bW9udW1lbnRv
3909	es	bW9udW1lbnRv
3910	es	TW9udW1lbnRv
3911	es	Y2FzdGlsbG8=
3912	es	Y2FzdGlsbG8=
3913	es	Y2FzdGlsbG8=
3914	es	Y2FzdGlsbG8=
3915	es	Y2FzdGlsbG8=
3916	es	Y2FzdGlsbG8=
3917	es	Q2FzdGlsbG8=
3918	es	cHVlbnRl
3919	es	cHVlbnRl
3920	es	cHVlbnRl
3921	es	cHVlbnRl
3922	es	cHVlbnRl
3923	es	cHVlbnRl
3924	es	UHVlbnRl
3925	es	Y29uZWpv
3926	es	Y29uZWpv
3927	es	Y29uZWpv
3928	es	Y29uZWpv
3929	es	Y29uZWpv
3930	es	Y29uZWpv
3931	es	Q29uZWpv
3932	es	ZWxlZmFudGU=
3933	es	ZWxlZmFudGU=
3934	es	ZWxlZmFudGU=
3935	es	ZWxlZmFudGU=
3936	es	ZWxlZmFudGU=
3937	es	ZWxlZmFudGU=
3938	es	RWxlZmFudGU=
3939	es	ZGVsZsOtbg==
3940	es	ZGVsZsOtbg==
3941	es	ZGVsZsOtbg==
3942	es	ZGVsZsOtbg==
3943	es	ZGVsZsOtbg==
3944	es	ZGVsZsOtbg==
3945	es	RGVsZsOtbg==
3946	es	cGluZ8O8aW5v
3947	es	cGluZ8O8aW5v
3948	es	cGluZ8O8aW5v
3949	es	cGluZ8O8aW5v
3950	es	cGluZ8O8aW5v
3951	es	cGluZ8O8aW5v
3952	es	UGluZ8O8aW5v
3953	es	Y2FiYWxsbw==
3954	es	Y2FiYWxsbw==
3955	es	Y2FiYWxsbw==
3956	es	Y2FiYWxsbw==
3957	es	Y2FiYWxsbw==
3958	es	Y2FiYWxsbw==
3959	es	Q2FiYWxsbw==
3960	es	cGFzYXBvcnRl
3961	es	cGFzYXBvcnRl
3962	es	cGFzYXBvcnRl
3963	es	cGFzYXBvcnRl
3964	es	cGFzYXBvcnRl
3965	es	cGFzYXBvcnRl
3966	es	UGFzYXBvcnRl
3967	es	cmVjaWJv
3968	es	cmVjaWJv
3969	es	cmVjaWJv
3970	es	cmVjaWJv
3971	es	cmVjaWJv
3972	es	cmVjaWJv
3973	es	UmVjaWJv
3974	es	YmlsbGV0ZQ==
3975	es	YmlsbGV0ZQ==
3976	es	YmlsbGV0ZQ==
3977	es	YmlsbGV0ZQ==
3978	es	YmlsbGV0ZQ==
3979	es	YmlsbGV0ZQ==
3980	es	QmlsbGV0ZQ==
3981	es	Y2VydGlmaWNhZG8=
3982	es	Y2VydGlmaWNhZG8=
3983	es	Y2VydGlmaWNhZG8=
3984	es	Y2VydGlmaWNhZG8=
3985	es	Y2VydGlmaWNhZG8=
3986	es	Y2VydGlmaWNhZG8=
3987	es	Q2VydGlmaWNhZG8=
3988	es	cGVybWlzbw==
3989	es	cGVybWlzbw==
3990	es	cGVybWlzbw==
3991	es	cGVybWlzbw==
3992	es	cGVybWlzbw==
3993	es	cGVybWlzbw==
3994	es	UGVybWlzbw==
3995	es	ZGlmZXJlbmNpYQ==
3996	es	ZGlmZXJlbmNpYQ==
3997	es	ZGlmZXJlbmNpYQ==
3998	es	ZGlmZXJlbmNpYQ==
3999	es	ZGlmZXJlbmNpYQ==
4000	es	ZGlmZXJlbmNpYQ==
4001	es	RGlmZXJlbmNpYQ==
4002	es	dGVuZGVuY2lh
4003	es	dGVuZGVuY2lh
4004	es	dGVuZGVuY2lh
4005	es	dGVuZGVuY2lh
4006	es	dGVuZGVuY2lh
4007	es	dGVuZGVuY2lh
4008	es	VGVuZGVuY2lh
4009	es	c29tYnJh
4010	es	c29tYnJh
4011	es	c29tYnJh
4012	es	c29tYnJh
4013	es	c29tYnJh
4014	es	c29tYnJh
4015	es	U29tYnJh
4016	es	c2XDsWFs
4017	es	c2XDsWFs
4018	es	c2XDsWFs
4019	es	c2XDsWFs
4020	es	c2XDsWFs
4021	es	c2XDsWFs
4022	es	U2XDsWFs
4023	es	bm92ZWRhZA==
4024	es	bm92ZWRhZA==
4025	es	bm92ZWRhZA==
4026	es	bm92ZWRhZA==
4027	es	bm92ZWRhZA==
4028	es	bm92ZWRhZA==
4029	es	Tm92ZWRhZA==
4030	es	Ym9uaXRh
4031	es	Ym9uaXRh
4032	es	Ym9uaXRh
4033	es	Ym9uaXRh
4034	es	Ym9uaXRh
4035	es	Ym9uaXRh
4036	es	Qm9uaXRh
4037	es	Y8OzbW9kYQ==
4038	es	Y8OzbW9kYQ==
4039	es	Y8OzbW9kYQ==
4040	es	Y8OzbW9kYQ==
4041	es	Y8OzbW9kYQ==
4042	es	Y8OzbW9kYQ==
4043	es	Q8OzbW9kYQ==
4044	es	ZXNwYWNpb3Nh
4045	es	ZXNwYWNpb3Nh
4046	es	ZXNwYWNpb3Nh
4047	es	ZXNwYWNpb3Nh
4048	es	ZXNwYWNpb3Nh
4049	es	ZXNwYWNpb3Nh
4050	es	RXNwYWNpb3Nh
4051	es	dHJhbnF1aWxh
4052	es	dHJhbnF1aWxh
4053	es	dHJhbnF1aWxh
4054	es	dHJhbnF1aWxh
4055	es	dHJhbnF1aWxh
4056	es	dHJhbnF1aWxh
4057	es	VHJhbnF1aWxh
4058	es	bHVtaW5vc2E=
4059	es	bHVtaW5vc2E=
4060	es	bHVtaW5vc2E=
4061	es	bHVtaW5vc2E=
4062	es	bHVtaW5vc2E=
4063	es	bHVtaW5vc2E=
4064	es	THVtaW5vc2E=
4065	es	cGFjaWVuY2lh
4066	es	cGFjaWVuY2lh
4067	es	cGFjaWVuY2lh
4068	es	cGFjaWVuY2lh
4069	es	cGFjaWVuY2lh
4070	es	cGFjaWVuY2lh
4071	es	UGFjaWVuY2lh
4072	es	cHJ1ZGVuY2lh
4073	es	cHJ1ZGVuY2lh
4074	es	cHJ1ZGVuY2lh
4075	es	cHJ1ZGVuY2lh
4076	es	cHJ1ZGVuY2lh
4077	es	cHJ1ZGVuY2lh
4078	es	UHJ1ZGVuY2lh
4079	es	ZXhwZXJpZW5jaWE=
4080	es	ZXhwZXJpZW5jaWE=
4081	es	ZXhwZXJpZW5jaWE=
4082	es	ZXhwZXJpZW5jaWE=
4083	es	ZXhwZXJpZW5jaWE=
4084	es	ZXhwZXJpZW5jaWE=
4085	es	RXhwZXJpZW5jaWE=
4086	es	Y29uc3RhbmNpYQ==
4087	es	Y29uc3RhbmNpYQ==
4088	es	Y29uc3RhbmNpYQ==
4089	es	Y29uc3RhbmNpYQ==
4090	es	Y29uc3RhbmNpYQ==
4091	es	Y29uc3RhbmNpYQ==
4092	es	Q29uc3RhbmNpYQ==
4093	es	ZW5lcmfDrWE=
4094	es	ZW5lcmfDrWE=
4095	es	ZW5lcmfDrWE=
4096	es	ZW5lcmfDrWE=
4097	es	ZW5lcmfDrWE=
4098	es	ZW5lcmfDrWE=
4099	es	RW5lcmfDrWE=
4100	es	bWVuc2FnZQ==
4101	es	Y29ycmVjaW9u
4102	es	cGluZ3Vpbm8=
4103	es	ZGlyZWNjacOzcA==
4104	es	ZGlyZWNjacOzbG4=
4105	es	aWRyZWNjacOzbg==
4106	es	ZGlyZWNjacO6bg==
4107	es	ZmlyZWNjacOzbg==
4108	es	aXJlY2Npw7Nu
4109	es	RGRpcmVjY2nDs24=
4110	es	Y29ycmVjY2lvbg==
4111	es	dm9ycmVjY2nDs24=
4112	es	b3JyZWNjacOzbg==
4113	es	Y2NvcnJlY2Npw7Nu
4114	es	b2NycmVjY2nDs24=
4115	es	ZG9ycmVjY2nDs24=
4116	es	a2NvcnJlY2Npw7Nu
4117	es	Y29ycmljY2nDs24=
4118	es	Y29ycnJjY2nDs24=
4119	es	Q29ycmNjacOzbg==
4120	es	b3J0b2dyYWZpYQ==
4121	es	b3J5b2dyYWbDrWE=
4122	es	b3JvZ3JhZsOtYQ==
4123	es	b3J0dG9ncmFmw61h
4124	es	b3JvdGdyYWbDrWE=
4125	es	b3Jib2dyYWbDrWE=
4126	es	b3J4dG9ncmFmw61h
4127	es	b3J0b2dyYWbDs2E=
4128	es	b3J0b2hyYWbDrWE=
4129	es	T3J0b3JhZsOtYQ==
4130	es	aW5zdHJ1Y2Npb24=
4131	es	aW5kdHJ1Y2Npw7Nu
4132	es	aW50cnVjY2nDs24=
4133	es	aW5zc3RydWNjacOzbg==
4134	es	aW50c3J1Y2Npw7Nu
4135	es	aW50dHJ1Y2Npw7Nu
4136	es	aW55c3RydWNjacOzbg==
4137	es	aW5zdHJ1Y2Npw7pu
4138	es	aW5zdHJ1Y2Nvw7Nu
4139	es	SW5zdHJ1Y2PDs24=
4140	es	aW5mb3RtYWNpw7Nu
4141	es	aW5mb21hY2nDs24=
4142	es	aW5mb3JybWFjacOzbg==
4143	es	aW5mb21yYWNpw7Nu
4144	es	aW5mb2JtYWNpw7Nu
4145	es	aW5mb21ybWFjacOzbg==
4146	es	aW5mb3JtZWNpw7Nu
4147	es	aW1mb3JtYWNpw7Nu
4148	es	aWZvcm1hY2nDs24=
4149	es	SW5uZm9ybWFjacOzbg==
4150	es	bWVuc3NqZQ==
4151	es	bWVuc2pl
4152	es	bWVuc2FhamU=
4153	es	bWVuc2phZQ==
4154	es	bWVuc2VqZQ==
4155	es	bWVuc2lhamU=
4156	es	bWVudGFqZQ==
4157	es	bWVuZGFqZQ==
4158	es	bWVuYWpl
4159	es	TWVuc2FqZWU=
4160	es	YXZpc3A=
4161	es	YXZpcw==
4162	es	YXZpc29v
4163	es	YXZpc3U=
4164	es	YXZpc2dv
4165	es	YXZzaW8=
4166	es	YXZpdG8=
4167	es	YXZvc28=
4168	es	YXZzbw==
4169	es	QXZpaXNv
4170	es	cGFxaWV0ZQ==
4171	es	cGFxZXRl
4172	es	cGFxdXVldGU=
4173	es	cGFxZXV0ZQ==
4174	es	cGFxw6FldGU=
4175	es	cGFxYnVldGU=
4176	es	c2FxdWV0ZQ==
4177	es	cGFxdWV0cg==
4178	es	cGFxdWV0
4179	es	UGFxdWV0ZWU=
4180	es	dGVsZWdyc21h
4181	es	dGVsZWdybWE=
4182	es	dGVsZWdyYWFtYQ==
4183	es	dGVsZWdybWFh
4184	es	dGVsZWdyZW1h
4185	es	dGVsZWdyeGFtYQ==
4186	es	YmVsZWdyYW1h
4187	es	dHJsZWdyYW1h
4188	es	dGxlZ3JhbWE=
4189	es	VGVlbGVncmFtYQ==
4190	es	ZG9jdW1lbXRv
4191	es	ZG9jdW1ldG8=
4192	es	ZG9jdW1lbm50bw==
4193	es	ZG9jdW1ldG5v
4194	es	ZG9jdW1lcHRv
4195	es	ZG9jdW1leG50bw==
4196	es	ZG9jdW1lbnR1
4197	es	Zm9jdW1lbnRv
4198	es	b2N1bWVudG8=
4199	es	RGRvY3VtZW50bw==
4200	es	bHBpeg==
4201	es	bMOhw6FwaXo=
4202	es	bHDDoWl6
4203	es	bMOpcGl6
4204	es	bG3DoXBpeg==
4205	es	bMOhcGl4
4206	es	bMOhcGli
4207	es	bMOhcGk=
4208	es	bMOhcGl6eg==
4209	es	TMOhaXB6
4210	es	Y3VhZHJybm8=
4211	es	Y3VhZHJubw==
4212	es	Y3VhZGVlcm5v
4213	es	Y3VhZHJlbm8=
4214	es	Y3VhZGlybm8=
4215	es	Y3VhZGplcm5v
4216	es	Y3VhZGVibm8=
4217	es	Y3VhZGV0bm8=
4218	es	Y3VhZGVubw==
4219	es	Q3VhZGVycm5v
4220	es	Y3NsZW5kYXJpbw==
4221	es	Y2xlbmRhcmlv
4222	es	Y2FhbGVuZGFyaW8=
4223	es	Y2xhZW5kYXJpbw==
4224	es	Y2VsZW5kYXJpbw==
4225	es	Y3FhbGVuZGFyaW8=
4226	es	Y2FsZXBkYXJpbw==
4227	es	Y2FsZW1kYXJpbw==
4228	es	Y2FsZWRhcmlv
4229	es	Q2FsZW5uZGFyaW8=
4230	es	c29idGU=
4231	es	c29iZQ==
4232	es	c29icnJl
4233	es	c29iZXI=
4234	es	c29iYmU=
4235	es	c29ienJl
4236	es	c3VicmU=
4237	es	ZG9icmU=
4238	es	b2JyZQ==
4239	es	U3NvYnJl
4240	es	cGVyacOzZGljcA==
4241	es	cGVyacOzZGlj
4242	es	cGVyacOzZGljb28=
4243	es	cGVyacOzZGljdQ==
4244	es	cGVyacOzZGljbG8=
4245	es	cHJlacOzZGljbw==
4246	es	cGViacOzZGljbw==
4247	es	cHJyacOzZGljbw==
4248	es	cHJpw7NkaWNv
4249	es	UGVlcmnDs2RpY28=
4250	es	YWxmZWE=
4251	es	YWxlYQ==
4252	es	YWxkZGVh
4253	es	YWxlZGE=
4254	es	YWxzZGVh
4255	es	YWxkZWU=
4256	es	YWJkZWE=
4257	es	YWxkZXM=
4258	es	YWxkZQ==
4259	es	QWxkZWFh
4260	es	bW9udGHDsXM=
4261	es	bW9udGHDsQ==
4262	es	bW9udGHDsWFh
4263	es	bW9udGHDsWU=
4264	es	bW9udGHDsXZh
4265	es	b21udGHDsWE=
4266	es	bW9wdGHDsWE=
4267	es	bm9udGHDsWE=
4268	es	b250YcOxYQ==
4269	es	TW1vbnRhw7Fh
4270	es	Z29ydGFsZXph
4271	es	b3J0YWxlemE=
4272	es	ZmZvcnRhbGV6YQ==
4273	es	b2ZydGFsZXph
4274	es	amZvcnRhbGV6YQ==
4275	es	Zm9ydGFiZXph
4276	es	ZnVydGFsZXph
4277	es	Zm9ydGHDsWV6YQ==
4278	es	Zm9ydGFlemE=
4279	es	Rm9ydGFsbGV6YQ==
4280	es	dG9ydGU=
4281	es	dG9yZQ==
4282	es	dG9ycnJl
4283	es	dG9yZXI=
4284	es	dG9yYmU=
4285	es	dG9yenJl
4286	es	dHVycmU=
4287	es	eW9ycmU=
4288	es	b3JyZQ==
4289	es	VHRvcnJl
4290	es	aWdsZWRpYQ==
4291	es	aWdsZWlh
4292	es	aWdsZXNzaWE=
4293	es	aWdsZWlzYQ==
4294	es	aWdsZXRpYQ==
4295	es	aWdsZWlzaWE=
4296	es	aWdsZXNpZQ==
4297	es	b2dsZXNpYQ==
4298	es	Z2xlc2lh
4299	es	SWlnbGVzaWE=
4300	es	bW95b3I=
4301	es	bW9vcg==
4302	es	bW90dG9y
4303	es	bW9vdHI=
4304	es	bW9ib3I=
4305	es	bW9zdG9y
4306	es	bW90dXI=
4307	es	bW90b3Q=
4308	es	bW90cg==
4309	es	TW90b3Jy
4310	es	ZnJybm8=
4311	es	ZnJubw==
4312	es	ZnJlZW5v
4313	es	ZnJuZW8=
4314	es	ZnJpbm8=
4315	es	ZnJzZW5v
4316	es	ZmJlbm8=
4317	es	ZnRlbm8=
4318	es	ZmVubw==
4319	es	RnJlbm5v
4320	es	ZXNvZWpv
4321	es	ZXNlam8=
4322	es	ZXNwcGVqbw==
4323	es	ZXNlcGpv
4324	es	ZXNzZWpv
4325	es	ZXN0cGVqbw==
4326	es	ZXNwZWp1
4327	es	ZXNwZWpw
4328	es	ZXNwZWo=
4329	es	RXNwZWpvbw==
4330	es	dGFkaWFkb3I=
4331	es	YWRpYWRvcg==
4332	es	cnJhZGlhZG9y
4333	es	YXJkaWFkb3I=
4334	es	YmFkaWFkb3I=
4335	es	aXJhZGlhZG9y
4336	es	cmFkaWFkdXI=
4337	es	cmFkaWFkcHI=
4338	es	cmFkaWFkcg==
4339	es	UmFkaWFkb29y
4340	es	bmV1bWF0aWNv
4341	es	bmV1bXRpY28=
4342	es	bmV1bcOhw6F0aWNv
4343	es	bmV1bXTDoWljbw==
4344	es	bmV1bcOpdGljbw==
4345	es	bmV1bWvDoXRpY28=
4346	es	bmV1bcOhdGl2bw==
4347	es	bmV1bcOhdGlkbw==
4348	es	bmV1bcOhdGlv
4349	es	TmV1bcOhdGljY28=
4350	es	dmVudGFucw==
4351	es	dmVudGFu
4352	es	dmVudGFuYWE=
4353	es	dmVudGFuZQ==
4354	es	dmVudGFudmE=
4355	es	ZXZudGFuYQ==
4356	es	dmVwdGFuYQ==
4357	es	YmVudGFuYQ==
4358	es	ZW50YW5h
4359	es	VnZlbnRhbmE=
4360	es	dmFydGE=
4361	es	YXJ0YQ==
4362	es	Y2NhcnRh
4363	es	YWNydGE=
4364	es	ZGFydGE=
4365	es	ZmNhcnRh
4366	es	Y2VydGE=
4367	es	Y3NydGE=
4368	es	Y3J0YQ==
4369	es	Q2FhcnRh
4370	es	cHVlcnRz
4371	es	cHVlcnQ=
4372	es	cHVlcnRhYQ==
4373	es	cHVlcnRl
4374	es	cHVlcnTDsWE=
4375	es	cHVlcmF0
4376	es	cHVlcmJh
4377	es	cHVlcnlh
4378	es	cHVlcmE=
4379	es	UHV1ZXJ0YQ==
4380	es	bmFsZXRh
4381	es	bW1hbGV0YQ==
4382	es	YW1sZXRh
4383	es	Z21hbGV0YQ==
4384	es	bWFldGE=
4385	es	bWFiZXRh
4386	es	bWFsZXRl
4387	es	bWHDsWV0YQ==
4388	es	bWFsbGV0YQ==
4389	es	TWFlbHRh
4390	es	Y2FycGV5YQ==
4391	es	Y2FycGVh
4392	es	Y2FycGV0dGE=
4393	es	Y2FycGVhdA==
4394	es	Y2FycGViYQ==
4395	es	Y2FycGVvdGE=
4396	es	Y2FycGV0ZQ==
4397	es	Y2FycGV0cw==
4398	es	Y2FycGV0
4399	es	Q2FycGV0YWE=
4400	es	cmVjb2Jpcg==
4401	es	cmVjYmly
4402	es	cmVjaWliaXI=
4403	es	cmVjYmlpcg==
4404	es	cmVjYmliaXI=
4405	es	cmVjaWJpYg==
4406	es	cmljaWJpcg==
4407	es	cmVjaWJpdA==
4408	es	cmVjaWJy
4409	es	UmVjaWJpcnI=
4410	es	YW5hZGly
4411	es	YWxhZGly
4412	es	YWFkaXI=
4413	es	YcOxw7FhZGly
4414	es	YWHDsWRpcg==
4415	es	YWJhZGly
4416	es	YW7DsWFkaXI=
4417	es	YcOxZWRpcg==
4418	es	YcOxYWZpcg==
4419	es	QcOxYWly
4420	es	Y290cmVnaXI=
4421	es	Y29yZWdpcg==
4422	es	Y29ycnJlZ2ly
4423	es	Y29icmVnaXI=
4424	es	Y292cnJlZ2ly
4425	es	Y29ycmVpZ3I=
4426	es	Y3VycmVnaXI=
4427	es	Y29ycmVoaXI=
4428	es	Y29ycmVpcg==
4429	es	Q29ycmVnZ2ly
4430	es	Z2lhcmRhcg==
4431	es	Z2FyZGFy
4432	es	Z3V1YXJkYXI=
4433	es	Z2F1cmRhcg==
4434	es	Z8OhYXJkYXI=
4435	es	Z8OxdWFyZGFy
4436	es	Z3VhcmRhYg==
4437	es	Z3VhcmRhdA==
4438	es	dWFyZGFy
4439	es	R3VhcmRhcnI=
4440	es	bm9ycmFy
4441	es	b3JyYXI=
4442	es	YmJvcnJhcg==
4443	es	b2JycmFy
4444	es	Y29ycmFy
4445	es	Z2JvcnJhcg==
4446	es	Ym9ycmVy
4447	es	Ym9ydGFy
4448	es	Ym9yYXI=
4449	es	Qm9ycnJhcg==
4450	es	Y8OhbmFyYQ==
4451	es	Y8OhYXJh
4452	es	Y8OhbW1hcmE=
4453	es	Y8OhYW1yYQ==
4454	es	Y8OhdG1hcmE=
4455	es	Y8OhbWVyYQ==
4456	es	Y8OhbWFiYQ==
4457	es	Y8OhbXNyYQ==
4458	es	Y8OhbXJh
4459	es	Q8OhbWFhcmE=
4460	es	aW5wcmVzb3Jh
4461	es	aXByZXNvcmE=
4462	es	aW1tcHJlc29yYQ==
4463	es	aXBtcmVzb3Jh
4464	es	aXBtcHJlc29yYQ==
4465	es	aW1wcmVzb3Jl
4466	es	aW1wcmV0b3Jh
4467	es	aW1wcmVzb3Jz
4468	es	aW1wcmVzb3I=
4469	es	SW1wcmVzb3JhYQ==
4470	es	cGFudHNsbGE=
4471	es	cGFudGxsYQ==
4472	es	cGFudGFhbGxh
4473	es	cGFudGxhbGE=
4474	es	cGFudGVsbGE=
4475	es	cGFudGphbGxh
4476	es	cGFudGFibGE=
4477	es	cGFudGHDsWxh
4478	es	cGFudGFsYQ==
4479	es	UGFudGFsbGxh
4480	es	YW50cm5h
4481	es	YW50bmE=
4482	es	YW50ZWVuYQ==
4483	es	YW50bmVh
4484	es	YW50aW5h
4485	es	YW50YWVuYQ==
4486	es	YW50ZXBh
4487	es	YW50ZW5z
4488	es	YW50ZW4=
4489	es	QW50ZW5hYQ==
4490	es	YXBsaWNhY2lvbg==
4491	es	YXBsaWNhY2nDs20=
4492	es	YXBsaWNhY2nDsw==
4493	es	YXBsaWNhY2nDs25u
4494	es	YXBsaWNhY2nDs3A=
4495	es	YXBsaWNhY2nDs3Nu
4496	es	YXBsaWNhaWPDs24=
4497	es	ZXBsaWNhY2nDs24=
4498	es	YXBsaWNhdmnDs24=
4499	es	QXBsaWNhacOzbg==
4500	es	bW9sZWN1bGE=
4501	es	bW9sw6ljdcOxYQ==
4502	es	bW9sw6ljdWE=
4503	es	bW9sw6ljdWxsYQ==
4504	es	bW9sw6ljdWFs
4505	es	bW9sw6ljdWJh
4506	es	bW9sw6ljdXdsYQ==
4507	es	bW9sw6ljw6FsYQ==
4508	es	bW9sw6l2dWxh
4509	es	TW9sw6l1bGE=
4510	es	cmVhY2Npbg==
4511	es	cmVhY2Npw7PDs24=
4512	es	cmVhY2NpbsOz
4513	es	cmVhY2Npw7pu
4514	es	cmVhY2Npd8Ozbg==
4515	es	dGVhY2Npw7Nu
4516	es	YmVhY2Npw7Nu
4517	es	ZWFjY2nDs24=
4518	es	cnJlYWNjacOzbg==
4519	es	RXJhY2Npw7Nu
4520	es	dHJtcGVyYXR1cmE=
4521	es	dG1wZXJhdHVyYQ==
4522	es	dGVlbXBlcmF0dXJh
4523	es	dG1lcGVyYXR1cmE=
4524	es	dGltcGVyYXR1cmE=
4525	es	dHJlbXBlcmF0dXJh
4526	es	dGVtcGVyYXR1YmE=
4527	es	dGVtcGVyYXR1dGE=
4528	es	dGVtcGVyYXR1YQ==
4529	es	VGVtcGVyYXR1cnJh
4530	es	ZGVuc2lkYWY=
4531	es	ZGVuc2lkYQ==
4532	es	ZGVuc2lkYWRk
4533	es	ZGVuc2lkYWFk
4534	es	ZGVuc2lhZGQ=
4535	es	ZGVwc2lkYWQ=
4536	es	ZGluc2lkYWQ=
4537	es	ZGVuc2lmYWQ=
4538	es	ZGVuc2lhZA==
4539	es	RGVuc2lkZGFk
4540	es	ZXN5cnVjdHVyYQ==
4541	es	ZXNydWN0dXJh
4542	es	ZXN0dHJ1Y3R1cmE=
4543	es	ZXNydHVjdHVyYQ==
4544	es	ZXNicnVjdHVyYQ==
4545	es	ZXN4dHJ1Y3R1cmE=
4546	es	ZXN0csOhY3R1cmE=
4547	es	ZXN0cnV2dHVyYQ==
4548	es	ZXN0cnV0dXJh
4549	es	RXN0cnVjY3R1cmE=
4550	es	eWVqYWRv
4551	es	ZWphZG8=
4552	es	dHRlamFkbw==
4553	es	ZXRqYWRv
4554	es	YmVqYWRv
4555	es	Z3RlamFkbw==
4556	es	dGVqYWR1
4557	es	dGVqYWRw
4558	es	dGVqYWQ=
4559	es	VGVqYWRvbw==
4560	es	eWVjaG8=
4561	es	dHRlY2hv
4562	es	ZXRjaG8=
4563	es	YmVjaG8=
4564	es	ZnRlY2hv
4565	es	dGVjaHU=
4566	es	dGVjbw==
4567	es	dGVjaHA=
4568	es	dGVjaG9v
4569	es	VGVjb2g=
4570	es	bXV0bw==
4571	es	bXVv
4572	es	bXVycm8=
4573	es	bXVvcg==
4574	es	bXVibw==
4575	es	bXVhcm8=
4576	es	bXVydQ==
4577	es	bXVycA==
4578	es	bXVy
4579	es	TXVyb28=
4580	es	YXNjcm5zb3I=
4581	es	YXNjbnNvcg==
4582	es	YXNjZWVuc29y
4583	es	YXNjbmVzb3I=
4584	es	YXNjaW5zb3I=
4585	es	YXNjY2Vuc29y
4586	es	YXNkZW5zb3I=
4587	es	YXN2ZW5zb3I=
4588	es	YXNlbnNvcg==
4589	es	QXNjZW5zb3Jy
4590	es	YmFsY29u
4591	es	YmFsY24=
4592	es	YmFsY8Ozw7Nu
4593	es	YmFsY27Dsw==
4594	es	YmFsY8O6bg==
4595	es	YmFsY2jDs24=
4596	es	YmFsY8OzbQ==
4597	es	YmFsY8OzcA==
4598	es	YmFsY8Oz
4599	es	QmFsY8Ozbm4=
4600	es	dGFycmE=
4601	es	dGFyZWVh
4602	es	dGFyYWU=
4603	es	dGFyaWE=
4604	es	dGFyemVh
4605	es	YmFyZWE=
4606	es	dGFyZQ==
4607	es	eWFyZWE=
4608	es	dHRhcmVh
4609	es	QXRyZWE=
4610	es	Z8Ozcm11bGE=
4611	es	w7NybXVsYQ==
4612	es	ZmbDs3JtdWxh
4613	es	w7Nmcm11bGE=
4614	es	aGbDs3JtdWxh
4615	es	ZsOzcm3DoWxh
4616	es	ZsOzcm11YmE=
4617	es	ZsOzcm1pbGE=
4618	es	ZsOzcm1sYQ==
4619	es	RsOzcm11dWxh
4620	es	eWVvcsOtYQ==
4621	es	ZW9yw61h
4622	es	dHRlb3LDrWE=
4623	es	ZXRvcsOtYQ==
4624	es	YmVvcsOtYQ==
4625	es	Z3Rlb3LDrWE=
4626	es	dGlvcsOtYQ==
4627	es	dHJvcsOtYQ==
4628	es	dG9yw61h
4629	es	VGVlb3LDrWE=
4630	es	cHRlZ3VudGE=
4631	es	cGVndW50YQ==
4632	es	cHJyZWd1bnRh
4633	es	cGVyZ3VudGE=
4634	es	cGJlZ3VudGE=
4635	es	cG9yZWd1bnRh
4636	es	cHJpZ3VudGE=
4637	es	cHJlZ3VudHM=
4638	es	cHJlZ3VudA==
4639	es	UHJlZ3VudGFh
4640	es	cmVzb3Vlc3Rh
4641	es	cmVzdWVzdGE=
4642	es	cmVzcHB1ZXN0YQ==
4643	es	cmVzdXBlc3Rh
4644	es	cmVzc3Vlc3Rh
4645	es	cmVzZHB1ZXN0YQ==
4646	es	cmVzcMOhZXN0YQ==
4647	es	cmVzcGllc3Rh
4648	es	cmVzcGVzdGE=
4649	es	UmVzcHV1ZXN0YQ==
4650	es	Y2hhd3VldGE=
4651	es	Y2hhdWV0YQ==
4652	es	Y2hhcXF1ZXRh
4653	es	Y2hhdXFldGE=
4654	es	Y2hhYnVldGE=
4655	es	Y2hhY3F1ZXRh
4656	es	Y2hhcXVldGU=
4657	es	Y2hhcXVldHM=
4658	es	Y2hhcXVldA==
4659	es	Q2hhcXVldGFh
4660	es	YnVnYW5kYQ==
4661	es	YnVhbmRh
4662	es	YnVmZmFuZGE=
4663	es	YnVhZm5kYQ==
4664	es	YnV1ZmFuZGE=
4665	es	YnVmYXBkYQ==
4666	es	YnVmYW5kZQ==
4667	es	YnVmYW1kYQ==
4668	es	YnVmYWRh
4669	es	QnVmYW5uZGE=
4670	es	Y2FuaXNh
4671	es	Y2Fpc2E=
4672	es	Y2FtbWlzYQ==
4673	es	Y2FpbXNh
4674	es	Y2F0bWlzYQ==
4675	es	ZGFtaXNh
4676	es	Y2FtaXNl
4677	es	dmFtaXNh
4678	es	YW1pc2E=
4679	es	Q2NhbWlzYQ==
4680	es	bmFudGE=
4681	es	YW50YQ==
4682	es	bW1hbnRh
4683	es	YW1udGE=
4684	es	Zm1hbnRh
4685	es	bWFudGU=
4686	es	bWFwdGE=
4687	es	bWFudHM=
4688	es	bWFudA==
4689	es	TWFudGFh
4690	es	eW9hbGxh
4691	es	b2FsbGE=
4692	es	dHRvYWxsYQ==
4693	es	b3RhbGxh
4694	es	Ym9hbGxh
4695	es	Z3RvYWxsYQ==
4696	es	dG9lbGxh
4697	es	dG9zbGxh
4698	es	dG9sbGE=
4699	es	VG9hYWxsYQ==
4700	es	cHJvdWVjdG8=
4701	es	cHJvZWN0bw==
4702	es	cHJveXllY3Rv
4703	es	cHJvZXljdG8=
4704	es	cHJvYmVjdG8=
4705	es	cHJvY3llY3Rv
4706	es	cHJ1eWVjdG8=
4707	es	cHRveWVjdG8=
4708	es	cG95ZWN0bw==
4709	es	UHJyb3llY3Rv
4710	es	cHJlc2lwdWVzdG8=
4711	es	cHJlc3B1ZXN0bw==
4712	es	cHJlc3V1cHVlc3Rv
4713	es	cHJlc3B1dWVzdG8=
4714	es	cHJlc8OhcHVlc3Rv
4715	es	cHJlc211cHVlc3Rv
4716	es	cHJlc3VwdWV0dG8=
4717	es	cHJlc3VwdWVkdG8=
4718	es	cHJlc3VwdWV0bw==
4719	es	UHJlc3VwdWVzc3Rv
4720	es	Y3BudHJhdG8=
4721	es	Y250cmF0bw==
4722	es	Y29vbnRyYXRv
4723	es	Y25vdHJhdG8=
4724	es	Y3VudHJhdG8=
4725	es	Y2FvbnRyYXRv
4726	es	Y29udGJhdG8=
4727	es	Y29udHJzdG8=
4728	es	Y29udHJ0bw==
4729	es	Q29udHJhYXRv
4730	es	cGxhbQ==
4731	es	cGxh
4732	es	cGxhbm4=
4733	es	cGxhcA==
4734	es	cGxheW4=
4735	es	bHBhbg==
4736	es	cGxlbg==
4737	es	b2xhbg==
4738	es	cGxu
4739	es	UHBsYW4=
4740	es	aHByYXJpbw==
4741	es	aHJhcmlv
4742	es	aG9vcmFyaW8=
4743	es	aHJvYXJpbw==
4744	es	aHVyYXJpbw==
4745	es	aMOxb3Jhcmlv
4746	es	Ym9yYXJpbw==
4747	es	aG9yc3Jpbw==
4748	es	aG9ycmlv
4749	es	SG9yYWFyaW8=
4750	es	cGFubg==
4751	es	cGFxbg==
4752	es	b2Fu
4753	es	YXBu
4754	es	cG4=
4755	es	cHBhbg==
4756	es	cGFlbg==
4757	es	cHNu
4758	es	cG5h
4759	es	UGFybg==
4760	es	cXVlbw==
4761	es	cXVlc3Nv
4762	es	cXVlb3M=
4763	es	cXVldG8=
4764	es	cXVlenNv
4765	es	cXVlc3A=
4766	es	cXVlc3U=
4767	es	cXVlcw==
4768	es	cXVlc29v
4769	es	UXVzZW8=
4770	es	bWFudGV3dWlsbGE=
4771	es	bWFudGV1aWxsYQ==
4772	es	bWFudGVxcXVpbGxh
4773	es	bWFudGV1cWlsbGE=
4774	es	bWFudGVidWlsbGE=
4775	es	bWFudGVzcXVpbGxh
4776	es	bWFudGVxw6FpbGxh
4777	es	bWFudGVxaWlsbGE=
4778	es	bWFudGVxaWxsYQ==
4779	es	TWFudGVxdXVpbGxh
4780	es	Y2Fm
4781	es	Y2Fmw6nDqQ==
4782	es	Y2Fmw60=
4783	es	Y2FmecOp
4784	es	Y3Nmw6k=
4785	es	Y2Zhw6k=
4786	es	ZGFmw6k=
4787	es	Y2bDqQ==
4788	es	Y2FhZsOp
4789	es	Q2Vmw6k=
4790	es	Y2hvY29sc3Rl
4791	es	Y2hvY29sdGU=
4792	es	Y2hvY29sYWF0ZQ==
4793	es	Y2hvY29sdGFl
4794	es	Y2hvY29sZXRl
4795	es	Y2hvY29seGF0ZQ==
4796	es	Y2hvY29iYXRl
4797	es	Y2hvY2/DsWF0ZQ==
4798	es	Y2hvY29hdGU=
4799	es	Q2hvY29sbGF0ZQ==
4800	es	bnVzZW8=
4801	es	dXNlbw==
4802	es	bW11c2Vv
4803	es	dW1zZW8=
4804	es	Zm11c2Vv
4805	es	bXVzaW8=
4806	es	bXV0ZW8=
4807	es	bXVzcm8=
4808	es	bXVzbw==
4809	es	TXVzZWVv
4810	es	cGFsYXZpbw==
4811	es	cGFsYWlv
4812	es	cGFsYWNjaW8=
4813	es	cGFsYWljbw==
4814	es	cGFsYWRpbw==
4815	es	cGFsYWljaW8=
4816	es	cGFsYWNpdQ==
4817	es	cGHDsWFjaW8=
4818	es	cGFhY2lv
4819	es	UGFsbGFjaW8=
4820	es	bm9udW1lbnRv
4821	es	b251bWVudG8=
4822	es	bW1vbnVtZW50bw==
4823	es	b21udW1lbnRv
4824	es	am1vbnVtZW50bw==
4825	es	bW9udW1lbnR1
4826	es	bW9udW1lcHRv
4827	es	bW9udW1lbnRw
4828	es	bW9udW1lbnQ=
4829	es	TW9udW1lbnRvbw==
4830	es	Y2FzdG9sbG8=
4831	es	Y2FzdGxsbw==
4832	es	Y2FzdGlpbGxv
4833	es	Y2FzdGxpbG8=
4834	es	Y2FzdGppbGxv
4835	es	Y2FzdGlibG8=
4836	es	Y2FzdGlsbHU=
4837	es	Y2FzdGnDsWxv
4838	es	Y2FzdGlsbw==
4839	es	Q2FzdGlsbGxv
4840	es	cHVybnRl
4841	es	cHVudGU=
4842	es	cHVlZW50ZQ==
4843	es	cHVuZXRl
4844	es	cHVpbnRl
4845	es	cHV0ZW50ZQ==
4846	es	c3VlbnRl
4847	es	b3VlbnRl
4848	es	dWVudGU=
4849	es	UHB1ZW50ZQ==
4850	es	Y29tZWpv
4851	es	Y29lam8=
4852	es	Y29ubmVqbw==
4853	es	Y29lbmpv
4854	es	Y29wZWpv
4855	es	Y290bmVqbw==
4856	es	Y29uaWpv
4857	es	Y29uZWtv
4858	es	Y29uZW8=
4859	es	Q29uZWpqbw==
4860	es	ZWxlZmFueWU=
4861	es	ZWxlZmFuZQ==
4862	es	ZWxlZmFudHRl
4863	es	ZWxlZmFuZXQ=
4864	es	ZWxlZmFuYmU=
4865	es	ZWxlZmFud3Rl
4866	es	ZWxpZmFudGU=
4867	es	ZWxyZmFudGU=
4868	es	ZWxmYW50ZQ==
4869	es	RWxlZWZhbnRl
4870	es	ZGVsZmlu
4871	es	ZGVsZm4=
4872	es	ZGVsZsOtw61u
4873	es	ZGVsZm7DrQ==
4874	es	ZGVsZsOzbg==
4875	es	ZGVsZmjDrW4=
4876	es	ZHJsZsOtbg==
4877	es	ZGViZsOtbg==
4878	es	ZGxmw61u
4879	es	RGVlbGbDrW4=
4880	es	cGluZ3Vpbm8=
4881	es	cGluZ2lubw==
4882	es	cGluZ8O8w7xpbm8=
4883	es	cGluZ2nDvG5v
4884	es	cGluZ2Jpbm8=
4885	es	cGluZ2rDvGlubw==
4886	es	cGluZ8O8aW5w
4887	es	cGluZ8O8aW51
4888	es	cGluZ8O8aW4=
4889	es	UGluZ8O8aW5vbw==
4890	es	Y2FiYWxscA==
4891	es	Y2FiYWxs
4892	es	Y2FiYWxsb28=
4893	es	Y2FiYWxsdQ==
4894	es	Y2FiYWxsdm8=
4895	es	Y2FiYWxvbA==
4896	es	Y2FiYWxibw==
4897	es	Y2FiYWzDsW8=
4898	es	Y2FiYWxv
4899	es	Q2FiYWxsbG8=
4900	es	cGFzYXBwcnRl
4901	es	cGFzYXBydGU=
4902	es	cGFzYXBvb3J0ZQ==
4903	es	cGFzYXByb3Rl
4904	es	cGFzYXB1cnRl
4905	es	cGFzYXBxb3J0ZQ==
4906	es	cGFzYXBvYnRl
4907	es	cGFzYXBvdHRl
4908	es	cGFzYXBvdGU=
4909	es	UGFzYXBvcnJ0ZQ==
4910	es	dGVjaWJv
4911	es	ZWNpYm8=
4912	es	cnJlY2libw==
4913	es	ZXJjaWJv
4914	es	YmVjaWJv
4915	es	Z3JlY2libw==
4916	es	cmVjaWJ1
4917	es	cmV2aWJv
4918	es	cmVpYm8=
4919	es	UmVjY2libw==
4920	es	YmlsbGV5ZQ==
4921	es	YmlsbGVl
4922	es	YmlsbGV0dGU=
4923	es	YmlsbGVldA==
4924	es	YmlsbGViZQ==
4925	es	YmlsbGVvdGU=
4926	es	YmlsbGV0aQ==
4927	es	Ym9sbGV0ZQ==
4928	es	YmxsZXRl
4929	es	QmlpbGxldGU=
4930	es	Y2VyeWlmaWNhZG8=
4931	es	Y2VyaWZpY2Fkbw==
4932	es	Y2VydHRpZmljYWRv
4933	es	Y2VyaXRmaWNhZG8=
4934	es	Y2VyYmlmaWNhZG8=
4935	es	Y2VyZnRpZmljYWRv
4936	es	Y2lydGlmaWNhZG8=
4937	es	Y3JydGlmaWNhZG8=
4938	es	Y3J0aWZpY2Fkbw==
4939	es	Q2VlcnRpZmljYWRv
4940	es	cGVybWlkbw==
4941	es	cGVybWlv
4942	es	cGVybWlzc28=
4943	es	cGVybWlvcw==
4944	es	cGVybWlvc28=
4945	es	cGlybWlzbw==
4946	es	cGVibWlzbw==
4947	es	cHJybWlzbw==
4948	es	cHJtaXNv
4949	es	UGVlcm1pc28=
4950	es	ZG9mZXJlbmNpYQ==
4951	es	ZGZlcmVuY2lh
4952	es	ZGlpZmVyZW5jaWE=
4953	es	ZGZpZXJlbmNpYQ==
4954	es	ZHFpZmVyZW5jaWE=
4955	es	ZGlmZXJlbmRpYQ==
4956	es	ZGlmZXJpbmNpYQ==
4957	es	ZGlmZXJlbnZpYQ==
4958	es	ZGlmZXJlbmlh
4959	es	RGlmZXJlbmNjaWE=
4960	es	dGVuZHJuY2lh
4961	es	dGVuZG5jaWE=
4962	es	dGVuZGVlbmNpYQ==
4963	es	dGVuZG5lY2lh
4964	es	dGVuZGluY2lh
4965	es	dGVuZGtlbmNpYQ==
4966	es	dGVuZGVuZGlh
4967	es	dGVuZGVudmlh
4968	es	dGVuZGVuaWE=
4969	es	VGVuZGVuY2NpYQ==
4970	es	c3BtYnJh
4971	es	c21icmE=
4972	es	c29vbWJyYQ==
4973	es	c21vYnJh
4974	es	c3VtYnJh
4975	es	c25vbWJyYQ==
4976	es	c29tY3Jh
4977	es	c29tbnJh
4978	es	c29tcmE=
4979	es	U29tYmJyYQ==
4980	es	c2VuYWw=
4981	es	c2XDsXNs
4982	es	c2XDsWw=
4983	es	c2XDsWFhbA==
4984	es	c2XDsWxh
4985	es	c2XDsWVs
4986	es	c2XDsXphbA==
4987	es	c2ViYWw=
4988	es	c2VsYWw=
4989	es	RcOxYWw=
4990	es	bnB2ZWRhZA==
4991	es	bnZlZGFk
4992	es	bm9vdmVkYWQ=
4993	es	bnZvZWRhZA==
4994	es	bnV2ZWRhZA==
4995	es	bsOxb3ZlZGFk
4996	es	cG92ZWRhZA==
4997	es	bm92ZWRzZA==
4998	es	bm92ZWRk
4999	es	Tm92ZWRhYWQ=
5000	es	Ym9taXRh
5001	es	Ym9pdGE=
5002	es	Ym9ubml0YQ==
5003	es	Ym9pbnRh
5004	es	Ym9waXRh
5005	es	Ym90bml0YQ==
5006	es	YnVuaXRh
5007	es	bm9uaXRh
5008	es	b25pdGE=
5009	es	QmJvbml0YQ==
5010	es	dsOzbW9kYQ==
5011	es	w7Ntb2Rh
5012	es	Y2PDs21vZGE=
5013	es	w7NjbW9kYQ==
5014	es	ZMOzbW9kYQ==
5015	es	Z2PDs21vZGE=
5016	es	Y8OzbXVkYQ==
5017	es	Y8OzbXBkYQ==
5018	es	Y8OzbWRh
5019	es	Q8OzbW9vZGE=
5020	es	ZXNwYWNpb3Nz
5021	es	ZXNwYWNpb3NhYQ==
5022	es	ZXNwYWNpb3Nl
5023	es	ZXNwYWNpb3NsYQ==
5024	es	ZXNwYWNpb2E=
5025	es	ZXNwYWNpb2Fz
5026	es	ZXNwYWNpb3Rh
5027	es	ZXNwYWNpb2Rh
5028	es	ZXNwYWNpaW9zYQ==
5029	es	RXNwYWNpdXNh
5030	es	dHJhbnF1b2xh
5031	es	dHJhbnF1bGE=
5032	es	dHJhbnF1aWlsYQ==
5033	es	dHJhbnF1bGlh
5034	es	dHJhbnF1eGlsYQ==
5035	es	dHJhcHF1aWxh
5036	es	dHJlbnF1aWxh
5037	es	dHJhbXF1aWxh
5038	es	dHJhcXVpbGE=
5039	es	VHJhbm5xdWlsYQ==
5040	es	bHVtb25vc2E=
5041	es	bHVtbm9zYQ==
5042	es	bHVtaWlub3Nh
5043	es	bHVtbmlvc2E=
5044	es	bHVtY2lub3Nh
5045	es	YnVtaW5vc2E=
5046	es	bHVtaW51c2E=
5047	es	w7F1bWlub3Nh
5048	es	dW1pbm9zYQ==
5049	es	TGx1bWlub3Nh
5050	es	cGF2aWVuY2lh
5051	es	cGFpZW5jaWE=
5052	es	cGFjY2llbmNpYQ==
5053	es	cGFpY2VuY2lh
5054	es	cGFkaWVuY2lh
5055	es	cGF3Y2llbmNpYQ==
5056	es	cGFjaWVuY2ll
5057	es	cGFjaWVuY29h
5058	es	cGFjaWVuY2E=
5059	es	UGFjaWVuY2lpYQ==
5060	es	cHR1ZGVuY2lh
5061	es	cHVkZW5jaWE=
5062	es	cHJydWRlbmNpYQ==
5063	es	cHVyZGVuY2lh
5064	es	cGJ1ZGVuY2lh
5065	es	cHBydWRlbmNpYQ==
5066	es	cHJ1ZGluY2lh
5067	es	cHJ1ZHJuY2lh
5068	es	cHJ1ZG5jaWE=
5069	es	UHJ1ZGVlbmNpYQ==
5070	es	ZXhwZXJpZW5jb2E=
5071	es	ZXhwZXJpZW5jYQ==
5072	es	ZXhwZXJpZW5jaWlh
5073	es	ZXhwZXJpZW5jYWk=
5074	es	ZXhwZXJpZW5jdGlh
5075	es	ZXhwaXJpZW5jaWE=
5076	es	ZXhwZXJpZW5kaWE=
5077	es	ZXhwcnJpZW5jaWE=
5078	es	ZXhwcmllbmNpYQ==
5079	es	RXhwZWVyaWVuY2lh
5080	es	Y29uc3RhbWNpYQ==
5081	es	Y29uc3RhY2lh
5082	es	Y29uc3Rhbm5jaWE=
5083	es	Y29uc3RhY25pYQ==
5084	es	Y29uc3RhcGNpYQ==
5085	es	Y29uc3RheW5jaWE=
5086	es	Y3Vuc3RhbmNpYQ==
5087	es	Y3Buc3RhbmNpYQ==
5088	es	Y25zdGFuY2lh
5089	es	Q29vbnN0YW5jaWE=
5090	es	ZW1lcmfDrWE=
5091	es	ZWVyZ8OtYQ==
5092	es	ZW5uZXJnw61h
5093	es	ZWVucmfDrWE=
5094	es	ZXBlcmfDrWE=
5095	es	ZcOxbmVyZ8OtYQ==
5096	es	aW5lcmfDrWE=
5097	es	cm5lcmfDrWE=
5098	es	bmVyZ8OtYQ==
5099	es	RW5lcnJnw61h
5100	en	TkFTQQ==
5101	en	SFRUUA==
5102	en	SlNPTg==
5103	en	VVRG
5104	en	Q1BV
5105	en	UkFN
5106	en	U1NE
5107	en	U1FM
5108	en	SU1F
5109	en	TkZD
5110	en	cmVzdW1l
5111	en	Y2FmZQ==
5112	en	c29sbw==
5113	en	ZXN0YQ==
5114	en	Y29tbw==
5115	en	ZWw=
5116	en	0LLRgdC1
5117	en	0LXRidC1
5118	en	0L/RgNC40YfRkdC8
5119	en	0LHQtdGA0LXRgg==
5120	en	ZmVhdHVyZS9jYWxpYnJhdGlvbi1maXh0dXJlLTA=
5121	en	ZmVhdHVyZS9jYWxpYnJhdGlvbi1maXh0dXJlLTE=
5122	en	ZmVhdHVyZS9jYWxpYnJhdGlvbi1maXh0dXJlLTI=
5123	en	ZmVhdHVyZS9jYWxpYnJhdGlvbi1maXh0dXJlLTM=
5124	en	ZmVhdHVyZS9jYWxpYnJhdGlvbi1maXh0dXJlLTQ=
5125	en	ZmVhdHVyZS9jYWxpYnJhdGlvbi1maXh0dXJlLTU=
5126	en	ZmVhdHVyZS9jYWxpYnJhdGlvbi1maXh0dXJlLTY=
5127	en	ZmVhdHVyZS9jYWxpYnJhdGlvbi1maXh0dXJlLTc=
5128	en	ZmVhdHVyZS9jYWxpYnJhdGlvbi1maXh0dXJlLTg=
5129	en	ZmVhdHVyZS9jYWxpYnJhdGlvbi1maXh0dXJlLTk=
5130	en	UnVuZQ==
5131	en	QUlHYXRl
5132	en	SG9tZUFzc2lzdGFudA==
5133	en	RVNQSG9tZQ==
5134	en	UG9zdGdyZVNRTA==
5135	en	Tmlrb24=
5136	en	SUtFQQ==
5137	en	UGV1Z2VvdA==
5138	en	TEVHTw==
5139	en	TW96aWxsYQ==
5140	en	Y3VycmVudFdvcmQ=
5141	en	Y2FuZGlkYXRlU2NvcmU=
5142	en	dGV4dEJ1ZmZlcg==
5143	en	cmVhZFN0YXRl
5144	en	d3JpdGVWYWx1ZQ==
5145	en	c3RhcnRUaW1lcg==
5146	en	c3RvcFdvcmtlcg==
5147	en	cGFyc2VJbnB1dA==
5148	en	cmVuZGVyVmlldw==
5149	en	dXBkYXRlUGFuZWw=
5150	en	c2FtcGxlc1sxMF0uc2NvcmU=
5151	en	c2FtcGxlc1sxMV0uc2NvcmU=
5152	en	c2FtcGxlc1sxMl0uc2NvcmU=
5153	en	c2FtcGxlc1sxM10uc2NvcmU=
5154	en	c2FtcGxlc1sxNF0uc2NvcmU=
5155	en	c2FtcGxlc1sxNV0uc2NvcmU=
5156	en	c2FtcGxlc1sxNl0uc2NvcmU=
5157	en	c2FtcGxlc1sxN10uc2NvcmU=
5158	en	c2FtcGxlc1sxOF0uc2NvcmU=
5159	en	c2FtcGxlc1sxOV0uc2NvcmU=
5160	en	a3ViZWN0bA==
5161	en	Z2l0IHN0YXR1cw==
5162	en	bHMgLWxh
5163	en	cHdk
5164	en	bWtkaXIgZGVtbw==
5165	en	Y2F0IFJFQURNRS5tZA==
5166	en	d2MgLWw=
5167	en	c29ydCAtdQ==
5168	en	aGVhZCAtbiA1
5169	en	dGFpbCAtbiA4
5170	en	SDJP
5171	en	QjEy
5172	en	UTRfS19N
5173	en	VVRGOA==
5174	en	V2lGaTY=
5175	en	VVNCMw==
5176	en	QW5kcm9pZDI2
5177	en	UGl4ZWw5
5178	en	SVNPOTAwMQ==
5179	en	QTMyMA==
5180	en	c2FtcGxlLWNhbGlicmF0aW9uLTBAZXhhbXBsZS50ZXN0
5181	en	c2FtcGxlLWNhbGlicmF0aW9uLTFAZXhhbXBsZS50ZXN0
5182	en	c2FtcGxlLWNhbGlicmF0aW9uLTJAZXhhbXBsZS50ZXN0
5183	en	c2FtcGxlLWNhbGlicmF0aW9uLTNAZXhhbXBsZS50ZXN0
5184	en	c2FtcGxlLWNhbGlicmF0aW9uLTRAZXhhbXBsZS50ZXN0
5185	en	c2FtcGxlLWNhbGlicmF0aW9uLTVAZXhhbXBsZS50ZXN0
5186	en	c2FtcGxlLWNhbGlicmF0aW9uLTZAZXhhbXBsZS50ZXN0
5187	en	c2FtcGxlLWNhbGlicmF0aW9uLTdAZXhhbXBsZS50ZXN0
5188	en	c2FtcGxlLWNhbGlicmF0aW9uLThAZXhhbXBsZS50ZXN0
5189	en	c2FtcGxlLWNhbGlicmF0aW9uLTlAZXhhbXBsZS50ZXN0
5190	en	UlVORV9DQUxJQlJBVElPTl9PUFRJT05fMA==
5191	en	UlVORV9DQUxJQlJBVElPTl9PUFRJT05fMQ==
5192	en	UlVORV9DQUxJQlJBVElPTl9PUFRJT05fMg==
5193	en	UlVORV9DQUxJQlJBVElPTl9PUFRJT05fMw==
5194	en	UlVORV9DQUxJQlJBVElPTl9PUFRJT05fNA==
5195	en	UlVORV9DQUxJQlJBVElPTl9PUFRJT05fNQ==
5196	en	UlVORV9DQUxJQlJBVElPTl9PUFRJT05fNg==
5197	en	UlVORV9DQUxJQlJBVElPTl9PUFRJT05fNw==
5198	en	UlVORV9DQUxJQlJBVElPTl9PUFRJT05fOA==
5199	en	UlVORV9DQUxJQlJBVElPTl9PUFRJT05fOQ==
5200	en	Zml4dHVyZV9jYWxpYnJhdGlvbl8wLmpzb25s
5201	en	Zml4dHVyZV9jYWxpYnJhdGlvbl8xLmpzb25s
5202	en	Zml4dHVyZV9jYWxpYnJhdGlvbl8yLmpzb25s
5203	en	Zml4dHVyZV9jYWxpYnJhdGlvbl8zLmpzb25s
5204	en	Zml4dHVyZV9jYWxpYnJhdGlvbl80Lmpzb25s
5205	en	Zml4dHVyZV9jYWxpYnJhdGlvbl81Lmpzb25s
5206	en	Zml4dHVyZV9jYWxpYnJhdGlvbl82Lmpzb25s
5207	en	Zml4dHVyZV9jYWxpYnJhdGlvbl83Lmpzb25s
5208	en	Zml4dHVyZV9jYWxpYnJhdGlvbl84Lmpzb25s
5209	en	Zml4dHVyZV9jYWxpYnJhdGlvbl85Lmpzb25s
5210	en	MHgwMDBB
5211	en	MHgwMDBC
5212	en	MHgwMDBD
5213	en	MHgwMDBE
5214	en	MHgwMDBF
5215	en	MHgwMDBG
5216	en	MHgwMDEw
5217	en	MHgwMDEx
5218	en	MHgwMDEy
5219	en	MHgwMDEz
5220	en	YnVpbGQuZXhhbXBsZQ==
5221	en	Y2FjaGUuZXhhbXBsZQ==
5222	en	ZGV2LmV4YW1wbGU=
5223	en	dGVzdC5leGFtcGxl
5224	en	ZG9jcy5leGFtcGxl
5225	en	bW9kZWwuZXhhbXBsZQ==
5226	en	Y2kuZXhhbXBsZQ==
5227	en	YXBpLmV4YW1wbGU=
5228	en	Z2l0LmV4YW1wbGU=
5229	en	cWEuZXhhbXBsZQ==
5230	en	c3RkOjp2ZWN0b3I=
5231	en	c3RkOjpzdHJpbmc=
5232	en	c3RkOjpvcHRpb25hbA==
5233	en	c2l6ZV90
5234	en	dWludDMyX3Q=
5235	en	bnVsbHB0cg==
5236	en	Y29uc3RleHBy
5237	en	bm9leGNlcHQ=
5238	en	dGhyZWFkX2xvY2Fs
5239	en	c3RhdGljX2Nhc3Q=
5240	en	SW5wdXRDb25uZWN0aW9u
5241	en	S2V5Ym9hcmRTdGF0ZQ==
5242	en	b25DcmVhdGU=
5243	en	Y29tbWl0VGV4dA==
5244	en	c2V0Q29tcG9zaW5nVGV4dA==
5245	en	U3RyaW5nQnVpbGRlcg==
5246	en	SW50QXJyYXk=
5247	en	c2VhbGVkQ2xhc3M=
5248	en	ZGF0YU9iamVjdA==
5249	en	aXNOdWxsT3JFbXB0eQ==
5250	en	X19pbml0X18=
5251	en	X19uYW1lX18=
5252	en	c3RyLmVuY29kZQ==
5253	en	cGF0aGxpYi5QYXRo
5254	en	bGVuKGl0ZW1zKQ==
5255	en	ZGljdC5nZXQ=
5256	en	anNvbi5sb2Fkcw==
5257	en	cmFuZ2UoMTAp
5258	en	aXNpbnN0YW5jZQ==
5259	en	U3RvcEl0ZXJhdGlvbg==
5260	en	MTkyLjAuMi4xMA==
5261	en	MTkyLjAuMi4xMQ==
5262	en	MTkyLjAuMi4xMg==
5263	en	MTkyLjAuMi4xMw==
5264	en	MTkyLjAuMi4xNA==
5265	en	MTkyLjAuMi4xNQ==
5266	en	MTkyLjAuMi4xNg==
5267	en	MTkyLjAuMi4xNw==
5268	en	MTkyLjAuMi4xOA==
5269	en	MTkyLjAuMi4xOQ==
5270	en	MjAwMTpkYjg6YTo6MQ==
5271	en	MjAwMTpkYjg6Yjo6MQ==
5272	en	MjAwMTpkYjg6Yzo6MQ==
5273	en	MjAwMTpkYjg6ZDo6MQ==
5274	en	MjAwMTpkYjg6ZTo6MQ==
5275	en	MjAwMTpkYjg6Zjo6MQ==
5276	en	MjAwMTpkYjg6MTA6OjE=
5277	en	MjAwMTpkYjg6MTE6OjE=
5278	en	MjAwMTpkYjg6MTI6OjE=
5279	en	MjAwMTpkYjg6MTM6OjE=
5280	en	bG9jYWwtbW9kZWw=
5281	en	dHlwaW5nLXN0YXRl
5282	en	c2NvcmUtY2FjaGU=
5283	en	aW5wdXQtbWV0aG9k
5284	en	d29yZC1ib3VuZGFyeQ==
5285	en	dGV4dC1lbnRyeQ==
5286	en	YXV0by1yZXBsYWNl
5287	en	c2FmZS1tb2Rl
5288	en	ZXJyb3ItY29kZQ==
5289	en	YnVpbGQtdG9vbA==
5290	en	ZGVidWct0YHQsdC+0YDQutCw
5291	en	cmVsZWFzZS3QstC10YDRgdC40Y8=
5292	en	YnVpbGQt0YHRhtC10L3QsNGA0LjQuQ==
5293	en	0LvQvtCzLXBhcnNlcg==
5294	en	0YLQtdGB0YItcnVubmVy
5295	en	bW9kby1kZWJ1Zw==
5296	en	cmVwb3J0ZS1KU09O
5297	en	YXJjaGl2by1sb2c=
5298	en	YnVmZmVyLdGB0YLRgNC+0LrQsA==
5299	en	bW9kZWxvLWxvY2Fs
5300	en	0JjRgNC40L3QsA==
5301	en	0J7Qu9GM0LPQsA==
5302	en	0JDQvdC00YDQtdC5
5303	en	QWxpY2U=
5304	en	R2Vvcmdl
5305	en	U29mw61h
5306	en	w4FsdmFybw==
5307	en	THVjw61h
5308	en	TsO6cmlh
5309	en	WW9sYW5kYQ==
5310	en	MTAuNW1z
5311	en	MTEuNW1z
5312	en	MTIuNW1z
5313	en	MTMuNW1z
5314	en	MTQuNW1z
5315	en	MTUuNW1z
5316	en	MTYuNW1z
5317	en	MTcuNW1z
5318	en	MTguNW1z
5319	en	MTkuNW1z
5320	en	b3JnLmV4YW1wbGUuY2FsaWJyYXRpb24ubW9kdWxlMA==
5321	en	b3JnLmV4YW1wbGUuY2FsaWJyYXRpb24ubW9kdWxlMQ==
5322	en	b3JnLmV4YW1wbGUuY2FsaWJyYXRpb24ubW9kdWxlMg==
5323	en	b3JnLmV4YW1wbGUuY2FsaWJyYXRpb24ubW9kdWxlMw==
5324	en	b3JnLmV4YW1wbGUuY2FsaWJyYXRpb24ubW9kdWxlNA==
5325	en	b3JnLmV4YW1wbGUuY2FsaWJyYXRpb24ubW9kdWxlNQ==
5326	en	b3JnLmV4YW1wbGUuY2FsaWJyYXRpb24ubW9kdWxlNg==
5327	en	b3JnLmV4YW1wbGUuY2FsaWJyYXRpb24ubW9kdWxlNw==
5328	en	b3JnLmV4YW1wbGUuY2FsaWJyYXRpb24ubW9kdWxlOA==
5329	en	b3JnLmV4YW1wbGUuY2FsaWJyYXRpb24ubW9kdWxlOQ==
5330	en	L3N5bnRoZXRpYy9jYWxpYnJhdGlvbi9tb2R1bGUtMC9maXh0dXJlLmt0
5331	en	L3N5bnRoZXRpYy9jYWxpYnJhdGlvbi9tb2R1bGUtMS9maXh0dXJlLmt0
5332	en	L3N5bnRoZXRpYy9jYWxpYnJhdGlvbi9tb2R1bGUtMi9maXh0dXJlLmt0
5333	en	L3N5bnRoZXRpYy9jYWxpYnJhdGlvbi9tb2R1bGUtMy9maXh0dXJlLmt0
5334	en	L3N5bnRoZXRpYy9jYWxpYnJhdGlvbi9tb2R1bGUtNC9maXh0dXJlLmt0
5335	en	L3N5bnRoZXRpYy9jYWxpYnJhdGlvbi9tb2R1bGUtNS9maXh0dXJlLmt0
5336	en	L3N5bnRoZXRpYy9jYWxpYnJhdGlvbi9tb2R1bGUtNi9maXh0dXJlLmt0
5337	en	L3N5bnRoZXRpYy9jYWxpYnJhdGlvbi9tb2R1bGUtNy9maXh0dXJlLmt0
5338	en	L3N5bnRoZXRpYy9jYWxpYnJhdGlvbi9tb2R1bGUtOC9maXh0dXJlLmt0
5339	en	L3N5bnRoZXRpYy9jYWxpYnJhdGlvbi9tb2R1bGUtOS9maXh0dXJlLmt0
5340	en	MS4wLjAtYmV0YS4x
5341	en	MS4xLjAtYmV0YS4y
5342	en	MS4yLjAtYmV0YS4z
5343	en	MS4zLjAtYmV0YS40
5344	en	MS40LjAtYmV0YS41
5345	en	MS41LjAtYmV0YS42
5346	en	MS42LjAtYmV0YS43
5347	en	MS43LjAtYmV0YS44
5348	en	MS44LjAtYmV0YS45
5349	en	MS45LjAtYmV0YS4xMA==
5350	en	d29yZF9jb3VudA==
5351	en	c2NvcmVfc3Vt
5352	en	bW9kZWxfcGF0aA==
5353	en	aW5wdXRfc2l6ZQ==
5354	en	b3V0cHV0X2ZpbGU=
5355	en	dXNlcl9oaW50
5356	en	dGVzdF9jYXNl
5357	en	ZGF0YV9yb3c=
5358	en	aXRlbV9rZXk=
5359	en	Y2FjaGVfaWQ=
5360	en	0JjQstCw0L3QvtCy
5361	en	0KHQvtC60L7Qu9C+0LLQsA==
5362	en	0JzQvtGA0L7Qt9C+0LI=
5363	en	U21pdGg=
5364	en	VGF5bG9y
5365	en	R2FyY8OtYQ==
5366	en	TXXDsW96
5367	en	UMOpcmV6
5368	en	SWdsZXNpYXM=
5369	en	TMOzcGV6
5370	en	aHR0cHM6Ly9leGFtcGxlLnRlc3QvY2FsaWJyYXRpb24vcGFnZS0w
5371	en	aHR0cHM6Ly9leGFtcGxlLnRlc3QvY2FsaWJyYXRpb24vcGFnZS0x
5372	en	aHR0cHM6Ly9leGFtcGxlLnRlc3QvY2FsaWJyYXRpb24vcGFnZS0y
5373	en	aHR0cHM6Ly9leGFtcGxlLnRlc3QvY2FsaWJyYXRpb24vcGFnZS0z
5374	en	aHR0cHM6Ly9leGFtcGxlLnRlc3QvY2FsaWJyYXRpb24vcGFnZS00
5375	en	aHR0cHM6Ly9leGFtcGxlLnRlc3QvY2FsaWJyYXRpb24vcGFnZS01
5376	en	aHR0cHM6Ly9leGFtcGxlLnRlc3QvY2FsaWJyYXRpb24vcGFnZS02
5377	en	aHR0cHM6Ly9leGFtcGxlLnRlc3QvY2FsaWJyYXRpb24vcGFnZS03
5378	en	aHR0cHM6Ly9leGFtcGxlLnRlc3QvY2FsaWJyYXRpb24vcGFnZS04
5379	en	aHR0cHM6Ly9leGFtcGxlLnRlc3QvY2FsaWJyYXRpb24vcGFnZS05
5380	en	MDAwMDAwMGEtMTIzNC00NTY3LTg5YWItMDEyMzQ1Njc4OWFi
5381	en	MDAwMDAwMGItMTIzNC00NTY3LTg5YWItMDEyMzQ1Njc4OWFi
5382	en	MDAwMDAwMGMtMTIzNC00NTY3LTg5YWItMDEyMzQ1Njc4OWFi
5383	en	MDAwMDAwMGQtMTIzNC00NTY3LTg5YWItMDEyMzQ1Njc4OWFi
5384	en	MDAwMDAwMGUtMTIzNC00NTY3LTg5YWItMDEyMzQ1Njc4OWFi
5385	en	MDAwMDAwMGYtMTIzNC00NTY3LTg5YWItMDEyMzQ1Njc4OWFi
5386	en	MDAwMDAwMTAtMTIzNC00NTY3LTg5YWItMDEyMzQ1Njc4OWFi
5387	en	MDAwMDAwMTEtMTIzNC00NTY3LTg5YWItMDEyMzQ1Njc4OWFi
5388	en	MDAwMDAwMTItMTIzNC00NTY3LTg5YWItMDEyMzQ1Njc4OWFi
5389	en	MDAwMDAwMTMtMTIzNC00NTY3LTg5YWItMDEyMzQ1Njc4OWFi
5390	en	cnVuZV9jYWxpYnJhdGlvbl92MTA=
5391	en	cnVuZV9jYWxpYnJhdGlvbl92MTE=
5392	en	cnVuZV9jYWxpYnJhdGlvbl92MTI=
5393	en	cnVuZV9jYWxpYnJhdGlvbl92MTM=
5394	en	cnVuZV9jYWxpYnJhdGlvbl92MTQ=
5395	en	cnVuZV9jYWxpYnJhdGlvbl92MTU=
5396	en	cnVuZV9jYWxpYnJhdGlvbl92MTY=
5397	en	cnVuZV9jYWxpYnJhdGlvbl92MTc=
5398	en	cnVuZV9jYWxpYnJhdGlvbl92MTg=
5399	en	cnVuZV9jYWxpYnJhdGlvbl92MTk=
5400	es	TkFTQQ==
5401	es	SFRUUA==
5402	es	SlNPTg==
5403	es	VVRG
5404	es	Q1BV
5405	es	UkFN
5406	es	U1NE
5407	es	U1FM
5408	es	SU1F
5409	es	TkZD
5410	es	cmVzdW1l
5411	es	Y2FmZQ==
5412	es	c29sbw==
5413	es	ZXN0YQ==
5414	es	Y29tbw==
5415	es	ZWw=
5416	es	0LLRgdC1
5417	es	0LXRidC1
5418	es	0L/RgNC40YfRkdC8
5419	es	0LHQtdGA0LXRgg==
5420	es	ZmVhdHVyZS9jYWxpYnJhdGlvbi1maXh0dXJlLTA=
5421	es	ZmVhdHVyZS9jYWxpYnJhdGlvbi1maXh0dXJlLTE=
5422	es	ZmVhdHVyZS9jYWxpYnJhdGlvbi1maXh0dXJlLTI=
5423	es	ZmVhdHVyZS9jYWxpYnJhdGlvbi1maXh0dXJlLTM=
5424	es	ZmVhdHVyZS9jYWxpYnJhdGlvbi1maXh0dXJlLTQ=
5425	es	ZmVhdHVyZS9jYWxpYnJhdGlvbi1maXh0dXJlLTU=
5426	es	ZmVhdHVyZS9jYWxpYnJhdGlvbi1maXh0dXJlLTY=
5427	es	ZmVhdHVyZS9jYWxpYnJhdGlvbi1maXh0dXJlLTc=
5428	es	ZmVhdHVyZS9jYWxpYnJhdGlvbi1maXh0dXJlLTg=
5429	es	ZmVhdHVyZS9jYWxpYnJhdGlvbi1maXh0dXJlLTk=
5430	es	UnVuZQ==
5431	es	QUlHYXRl
5432	es	SG9tZUFzc2lzdGFudA==
5433	es	RVNQSG9tZQ==
5434	es	UG9zdGdyZVNRTA==
5435	es	Tmlrb24=
5436	es	SUtFQQ==
5437	es	UGV1Z2VvdA==
5438	es	TEVHTw==
5439	es	TW96aWxsYQ==
5440	es	Y3VycmVudFdvcmQ=
5441	es	Y2FuZGlkYXRlU2NvcmU=
5442	es	dGV4dEJ1ZmZlcg==
5443	es	cmVhZFN0YXRl
5444	es	d3JpdGVWYWx1ZQ==
5445	es	c3RhcnRUaW1lcg==
5446	es	c3RvcFdvcmtlcg==
5447	es	cGFyc2VJbnB1dA==
5448	es	cmVuZGVyVmlldw==
5449	es	dXBkYXRlUGFuZWw=
5450	es	c2FtcGxlc1sxMF0uc2NvcmU=
5451	es	c2FtcGxlc1sxMV0uc2NvcmU=
5452	es	c2FtcGxlc1sxMl0uc2NvcmU=
5453	es	c2FtcGxlc1sxM10uc2NvcmU=
5454	es	c2FtcGxlc1sxNF0uc2NvcmU=
5455	es	c2FtcGxlc1sxNV0uc2NvcmU=
5456	es	c2FtcGxlc1sxNl0uc2NvcmU=
5457	es	c2FtcGxlc1sxN10uc2NvcmU=
5458	es	c2FtcGxlc1sxOF0uc2NvcmU=
5459	es	c2FtcGxlc1sxOV0uc2NvcmU=
5460	es	a3ViZWN0bA==
5461	es	Z2l0IHN0YXR1cw==
5462	es	bHMgLWxh
5463	es	cHdk
5464	es	bWtkaXIgZGVtbw==
5465	es	Y2F0IFJFQURNRS5tZA==
5466	es	d2MgLWw=
5467	es	c29ydCAtdQ==
5468	es	aGVhZCAtbiA1
5469	es	dGFpbCAtbiA4
5470	es	SDJP
5471	es	QjEy
5472	es	UTRfS19N
5473	es	VVRGOA==
5474	es	V2lGaTY=
5475	es	VVNCMw==
5476	es	QW5kcm9pZDI2
5477	es	UGl4ZWw5
5478	es	SVNPOTAwMQ==
5479	es	QTMyMA==
5480	es	c2FtcGxlLWNhbGlicmF0aW9uLTBAZXhhbXBsZS50ZXN0
5481	es	c2FtcGxlLWNhbGlicmF0aW9uLTFAZXhhbXBsZS50ZXN0
5482	es	c2FtcGxlLWNhbGlicmF0aW9uLTJAZXhhbXBsZS50ZXN0
5483	es	c2FtcGxlLWNhbGlicmF0aW9uLTNAZXhhbXBsZS50ZXN0
5484	es	c2FtcGxlLWNhbGlicmF0aW9uLTRAZXhhbXBsZS50ZXN0
5485	es	c2FtcGxlLWNhbGlicmF0aW9uLTVAZXhhbXBsZS50ZXN0
5486	es	c2FtcGxlLWNhbGlicmF0aW9uLTZAZXhhbXBsZS50ZXN0
5487	es	c2FtcGxlLWNhbGlicmF0aW9uLTdAZXhhbXBsZS50ZXN0
5488	es	c2FtcGxlLWNhbGlicmF0aW9uLThAZXhhbXBsZS50ZXN0
5489	es	c2FtcGxlLWNhbGlicmF0aW9uLTlAZXhhbXBsZS50ZXN0
5490	es	UlVORV9DQUxJQlJBVElPTl9PUFRJT05fMA==
5491	es	UlVORV9DQUxJQlJBVElPTl9PUFRJT05fMQ==
5492	es	UlVORV9DQUxJQlJBVElPTl9PUFRJT05fMg==
5493	es	UlVORV9DQUxJQlJBVElPTl9PUFRJT05fMw==
5494	es	UlVORV9DQUxJQlJBVElPTl9PUFRJT05fNA==
5495	es	UlVORV9DQUxJQlJBVElPTl9PUFRJT05fNQ==
5496	es	UlVORV9DQUxJQlJBVElPTl9PUFRJT05fNg==
5497	es	UlVORV9DQUxJQlJBVElPTl9PUFRJT05fNw==
5498	es	UlVORV9DQUxJQlJBVElPTl9PUFRJT05fOA==
5499	es	UlVORV9DQUxJQlJBVElPTl9PUFRJT05fOQ==
5500	es	Zml4dHVyZV9jYWxpYnJhdGlvbl8wLmpzb25s
5501	es	Zml4dHVyZV9jYWxpYnJhdGlvbl8xLmpzb25s
5502	es	Zml4dHVyZV9jYWxpYnJhdGlvbl8yLmpzb25s
5503	es	Zml4dHVyZV9jYWxpYnJhdGlvbl8zLmpzb25s
5504	es	Zml4dHVyZV9jYWxpYnJhdGlvbl80Lmpzb25s
5505	es	Zml4dHVyZV9jYWxpYnJhdGlvbl81Lmpzb25s
5506	es	Zml4dHVyZV9jYWxpYnJhdGlvbl82Lmpzb25s
5507	es	Zml4dHVyZV9jYWxpYnJhdGlvbl83Lmpzb25s
5508	es	Zml4dHVyZV9jYWxpYnJhdGlvbl84Lmpzb25s
5509	es	Zml4dHVyZV9jYWxpYnJhdGlvbl85Lmpzb25s
5510	es	MHgwMDBB
5511	es	MHgwMDBC
5512	es	MHgwMDBD
5513	es	MHgwMDBE
5514	es	MHgwMDBF
5515	es	MHgwMDBG
5516	es	MHgwMDEw
5517	es	MHgwMDEx
5518	es	MHgwMDEy
5519	es	MHgwMDEz
5520	es	YnVpbGQuZXhhbXBsZQ==
5521	es	Y2FjaGUuZXhhbXBsZQ==
5522	es	ZGV2LmV4YW1wbGU=
5523	es	dGVzdC5leGFtcGxl
5524	es	ZG9jcy5leGFtcGxl
5525	es	bW9kZWwuZXhhbXBsZQ==
5526	es	Y2kuZXhhbXBsZQ==
5527	es	YXBpLmV4YW1wbGU=
5528	es	Z2l0LmV4YW1wbGU=
5529	es	cWEuZXhhbXBsZQ==
5530	es	c3RkOjp2ZWN0b3I=
5531	es	c3RkOjpzdHJpbmc=
5532	es	c3RkOjpvcHRpb25hbA==
5533	es	c2l6ZV90
5534	es	dWludDMyX3Q=
5535	es	bnVsbHB0cg==
5536	es	Y29uc3RleHBy
5537	es	bm9leGNlcHQ=
5538	es	dGhyZWFkX2xvY2Fs
5539	es	c3RhdGljX2Nhc3Q=
5540	es	SW5wdXRDb25uZWN0aW9u
5541	es	S2V5Ym9hcmRTdGF0ZQ==
5542	es	b25DcmVhdGU=
5543	es	Y29tbWl0VGV4dA==
5544	es	c2V0Q29tcG9zaW5nVGV4dA==
5545	es	U3RyaW5nQnVpbGRlcg==
5546	es	SW50QXJyYXk=
5547	es	c2VhbGVkQ2xhc3M=
5548	es	ZGF0YU9iamVjdA==
5549	es	aXNOdWxsT3JFbXB0eQ==
5550	es	X19pbml0X18=
5551	es	X19uYW1lX18=
5552	es	c3RyLmVuY29kZQ==
5553	es	cGF0aGxpYi5QYXRo
5554	es	bGVuKGl0ZW1zKQ==
5555	es	ZGljdC5nZXQ=
5556	es	anNvbi5sb2Fkcw==
5557	es	cmFuZ2UoMTAp
5558	es	aXNpbnN0YW5jZQ==
5559	es	U3RvcEl0ZXJhdGlvbg==
5560	es	MTkyLjAuMi4xMA==
5561	es	MTkyLjAuMi4xMQ==
5562	es	MTkyLjAuMi4xMg==
5563	es	MTkyLjAuMi4xMw==
5564	es	MTkyLjAuMi4xNA==
5565	es	MTkyLjAuMi4xNQ==
5566	es	MTkyLjAuMi4xNg==
5567	es	MTkyLjAuMi4xNw==
5568	es	MTkyLjAuMi4xOA==
5569	es	MTkyLjAuMi4xOQ==
5570	es	MjAwMTpkYjg6YTo6MQ==
5571	es	MjAwMTpkYjg6Yjo6MQ==
5572	es	MjAwMTpkYjg6Yzo6MQ==
5573	es	MjAwMTpkYjg6ZDo6MQ==
5574	es	MjAwMTpkYjg6ZTo6MQ==
5575	es	MjAwMTpkYjg6Zjo6MQ==
5576	es	MjAwMTpkYjg6MTA6OjE=
5577	es	MjAwMTpkYjg6MTE6OjE=
5578	es	MjAwMTpkYjg6MTI6OjE=
5579	es	MjAwMTpkYjg6MTM6OjE=
5580	es	bG9jYWwtbW9kZWw=
5581	es	dHlwaW5nLXN0YXRl
5582	es	c2NvcmUtY2FjaGU=
5583	es	aW5wdXQtbWV0aG9k
5584	es	d29yZC1ib3VuZGFyeQ==
5585	es	dGV4dC1lbnRyeQ==
5586	es	YXV0by1yZXBsYWNl
5587	es	c2FmZS1tb2Rl
5588	es	ZXJyb3ItY29kZQ==
5589	es	YnVpbGQtdG9vbA==
5590	es	ZGVidWct0YHQsdC+0YDQutCw
5591	es	cmVsZWFzZS3QstC10YDRgdC40Y8=
5592	es	YnVpbGQt0YHRhtC10L3QsNGA0LjQuQ==
5593	es	0LvQvtCzLXBhcnNlcg==
5594	es	0YLQtdGB0YItcnVubmVy
5595	es	bW9kby1kZWJ1Zw==
5596	es	cmVwb3J0ZS1KU09O
5597	es	YXJjaGl2by1sb2c=
5598	es	YnVmZmVyLdGB0YLRgNC+0LrQsA==
5599	es	bW9kZWxvLWxvY2Fs
5600	es	0JjRgNC40L3QsA==
5601	es	0J7Qu9GM0LPQsA==
5602	es	0JDQvdC00YDQtdC5
5603	es	QWxpY2U=
5604	es	R2Vvcmdl
5605	es	U29mw61h
5606	es	w4FsdmFybw==
5607	es	THVjw61h
5608	es	TsO6cmlh
5609	es	WW9sYW5kYQ==
5610	es	MTAuNW1z
5611	es	MTEuNW1z
5612	es	MTIuNW1z
5613	es	MTMuNW1z
5614	es	MTQuNW1z
5615	es	MTUuNW1z
5616	es	MTYuNW1z
5617	es	MTcuNW1z
5618	es	MTguNW1z
5619	es	MTkuNW1z
5620	es	b3JnLmV4YW1wbGUuY2FsaWJyYXRpb24ubW9kdWxlMA==
5621	es	b3JnLmV4YW1wbGUuY2FsaWJyYXRpb24ubW9kdWxlMQ==
5622	es	b3JnLmV4YW1wbGUuY2FsaWJyYXRpb24ubW9kdWxlMg==
5623	es	b3JnLmV4YW1wbGUuY2FsaWJyYXRpb24ubW9kdWxlMw==
5624	es	b3JnLmV4YW1wbGUuY2FsaWJyYXRpb24ubW9kdWxlNA==
5625	es	b3JnLmV4YW1wbGUuY2FsaWJyYXRpb24ubW9kdWxlNQ==
5626	es	b3JnLmV4YW1wbGUuY2FsaWJyYXRpb24ubW9kdWxlNg==
5627	es	b3JnLmV4YW1wbGUuY2FsaWJyYXRpb24ubW9kdWxlNw==
5628	es	b3JnLmV4YW1wbGUuY2FsaWJyYXRpb24ubW9kdWxlOA==
5629	es	b3JnLmV4YW1wbGUuY2FsaWJyYXRpb24ubW9kdWxlOQ==
5630	es	L3N5bnRoZXRpYy9jYWxpYnJhdGlvbi9tb2R1bGUtMC9maXh0dXJlLmt0
5631	es	L3N5bnRoZXRpYy9jYWxpYnJhdGlvbi9tb2R1bGUtMS9maXh0dXJlLmt0
5632	es	L3N5bnRoZXRpYy9jYWxpYnJhdGlvbi9tb2R1bGUtMi9maXh0dXJlLmt0
5633	es	L3N5bnRoZXRpYy9jYWxpYnJhdGlvbi9tb2R1bGUtMy9maXh0dXJlLmt0
5634	es	L3N5bnRoZXRpYy9jYWxpYnJhdGlvbi9tb2R1bGUtNC9maXh0dXJlLmt0
5635	es	L3N5bnRoZXRpYy9jYWxpYnJhdGlvbi9tb2R1bGUtNS9maXh0dXJlLmt0
5636	es	L3N5bnRoZXRpYy9jYWxpYnJhdGlvbi9tb2R1bGUtNi9maXh0dXJlLmt0
5637	es	L3N5bnRoZXRpYy9jYWxpYnJhdGlvbi9tb2R1bGUtNy9maXh0dXJlLmt0
5638	es	L3N5bnRoZXRpYy9jYWxpYnJhdGlvbi9tb2R1bGUtOC9maXh0dXJlLmt0
5639	es	L3N5bnRoZXRpYy9jYWxpYnJhdGlvbi9tb2R1bGUtOS9maXh0dXJlLmt0
5640	es	MS4wLjAtYmV0YS4x
5641	es	MS4xLjAtYmV0YS4y
5642	es	MS4yLjAtYmV0YS4z
5643	es	MS4zLjAtYmV0YS40
5644	es	MS40LjAtYmV0YS41
5645	es	MS41LjAtYmV0YS42
5646	es	MS42LjAtYmV0YS43
5647	es	MS43LjAtYmV0YS44
5648	es	MS44LjAtYmV0YS45
5649	es	MS45LjAtYmV0YS4xMA==
5650	es	d29yZF9jb3VudA==
5651	es	c2NvcmVfc3Vt
5652	es	bW9kZWxfcGF0aA==
5653	es	aW5wdXRfc2l6ZQ==
5654	es	b3V0cHV0X2ZpbGU=
5655	es	dXNlcl9oaW50
5656	es	dGVzdF9jYXNl
5657	es	ZGF0YV9yb3c=
5658	es	aXRlbV9rZXk=
5659	es	Y2FjaGVfaWQ=
5660	es	0JjQstCw0L3QvtCy
5661	es	0KHQvtC60L7Qu9C+0LLQsA==
5662	es	0JzQvtGA0L7Qt9C+0LI=
5663	es	U21pdGg=
5664	es	VGF5bG9y
5665	es	R2FyY8OtYQ==
5666	es	TXXDsW96
5667	es	UMOpcmV6
5668	es	SWdsZXNpYXM=
5669	es	TMOzcGV6
5670	es	aHR0cHM6Ly9leGFtcGxlLnRlc3QvY2FsaWJyYXRpb24vcGFnZS0w
5671	es	aHR0cHM6Ly9leGFtcGxlLnRlc3QvY2FsaWJyYXRpb24vcGFnZS0x
5672	es	aHR0cHM6Ly9leGFtcGxlLnRlc3QvY2FsaWJyYXRpb24vcGFnZS0y
5673	es	aHR0cHM6Ly9leGFtcGxlLnRlc3QvY2FsaWJyYXRpb24vcGFnZS0z
5674	es	aHR0cHM6Ly9leGFtcGxlLnRlc3QvY2FsaWJyYXRpb24vcGFnZS00
5675	es	aHR0cHM6Ly9leGFtcGxlLnRlc3QvY2FsaWJyYXRpb24vcGFnZS01
5676	es	aHR0cHM6Ly9leGFtcGxlLnRlc3QvY2FsaWJyYXRpb24vcGFnZS02
5677	es	aHR0cHM6Ly9leGFtcGxlLnRlc3QvY2FsaWJyYXRpb24vcGFnZS03
5678	es	aHR0cHM6Ly9leGFtcGxlLnRlc3QvY2FsaWJyYXRpb24vcGFnZS04
5679	es	aHR0cHM6Ly9leGFtcGxlLnRlc3QvY2FsaWJyYXRpb24vcGFnZS05
5680	es	MDAwMDAwMGEtMTIzNC00NTY3LTg5YWItMDEyMzQ1Njc4OWFi
5681	es	MDAwMDAwMGItMTIzNC00NTY3LTg5YWItMDEyMzQ1Njc4OWFi
5682	es	MDAwMDAwMGMtMTIzNC00NTY3LTg5YWItMDEyMzQ1Njc4OWFi
5683	es	MDAwMDAwMGQtMTIzNC00NTY3LTg5YWItMDEyMzQ1Njc4OWFi
5684	es	MDAwMDAwMGUtMTIzNC00NTY3LTg5YWItMDEyMzQ1Njc4OWFi
5685	es	MDAwMDAwMGYtMTIzNC00NTY3LTg5YWItMDEyMzQ1Njc4OWFi
5686	es	MDAwMDAwMTAtMTIzNC00NTY3LTg5YWItMDEyMzQ1Njc4OWFi
5687	es	MDAwMDAwMTEtMTIzNC00NTY3LTg5YWItMDEyMzQ1Njc4OWFi
5688	es	MDAwMDAwMTItMTIzNC00NTY3LTg5YWItMDEyMzQ1Njc4OWFi
5689	es	MDAwMDAwMTMtMTIzNC00NTY3LTg5YWItMDEyMzQ1Njc4OWFi
5690	es	cnVuZV9jYWxpYnJhdGlvbl92MTA=
5691	es	cnVuZV9jYWxpYnJhdGlvbl92MTE=
5692	es	cnVuZV9jYWxpYnJhdGlvbl92MTI=
5693	es	cnVuZV9jYWxpYnJhdGlvbl92MTM=
5694	es	cnVuZV9jYWxpYnJhdGlvbl92MTQ=
5695	es	cnVuZV9jYWxpYnJhdGlvbl92MTU=
5696	es	cnVuZV9jYWxpYnJhdGlvbl92MTY=
5697	es	cnVuZV9jYWxpYnJhdGlvbl92MTc=
5698	es	cnVuZV9jYWxpYnJhdGlvbl92MTg=
5699	es	cnVuZV9jYWxpYnJhdGlvbl92MTk=
5700	ru	TkFTQQ==
5701	ru	SFRUUA==
5702	ru	SlNPTg==
5703	ru	VVRG
5704	ru	Q1BV
5705	ru	UkFN
5706	ru	U1NE
5707	ru	U1FM
5708	ru	SU1F
5709	ru	TkZD
5710	ru	cmVzdW1l
5711	ru	Y2FmZQ==
5712	ru	c29sbw==
5713	ru	ZXN0YQ==
5714	ru	Y29tbw==
5715	ru	ZWw=
5716	ru	0LLRgdC1
5717	ru	0LXRidC1
5718	ru	0L/RgNC40YfRkdC8
5719	ru	0LHQtdGA0LXRgg==
5720	ru	ZmVhdHVyZS9jYWxpYnJhdGlvbi1maXh0dXJlLTA=
5721	ru	ZmVhdHVyZS9jYWxpYnJhdGlvbi1maXh0dXJlLTE=
5722	ru	ZmVhdHVyZS9jYWxpYnJhdGlvbi1maXh0dXJlLTI=
5723	ru	ZmVhdHVyZS9jYWxpYnJhdGlvbi1maXh0dXJlLTM=
5724	ru	ZmVhdHVyZS9jYWxpYnJhdGlvbi1maXh0dXJlLTQ=
5725	ru	ZmVhdHVyZS9jYWxpYnJhdGlvbi1maXh0dXJlLTU=
5726	ru	ZmVhdHVyZS9jYWxpYnJhdGlvbi1maXh0dXJlLTY=
5727	ru	ZmVhdHVyZS9jYWxpYnJhdGlvbi1maXh0dXJlLTc=
5728	ru	ZmVhdHVyZS9jYWxpYnJhdGlvbi1maXh0dXJlLTg=
5729	ru	ZmVhdHVyZS9jYWxpYnJhdGlvbi1maXh0dXJlLTk=
5730	ru	UnVuZQ==
5731	ru	QUlHYXRl
5732	ru	SG9tZUFzc2lzdGFudA==
5733	ru	RVNQSG9tZQ==
5734	ru	UG9zdGdyZVNRTA==
5735	ru	Tmlrb24=
5736	ru	SUtFQQ==
5737	ru	UGV1Z2VvdA==
5738	ru	TEVHTw==
5739	ru	TW96aWxsYQ==
5740	ru	Y3VycmVudFdvcmQ=
5741	ru	Y2FuZGlkYXRlU2NvcmU=
5742	ru	dGV4dEJ1ZmZlcg==
5743	ru	cmVhZFN0YXRl
5744	ru	d3JpdGVWYWx1ZQ==
5745	ru	c3RhcnRUaW1lcg==
5746	ru	c3RvcFdvcmtlcg==
5747	ru	cGFyc2VJbnB1dA==
5748	ru	cmVuZGVyVmlldw==
5749	ru	dXBkYXRlUGFuZWw=
5750	ru	c2FtcGxlc1sxMF0uc2NvcmU=
5751	ru	c2FtcGxlc1sxMV0uc2NvcmU=
5752	ru	c2FtcGxlc1sxMl0uc2NvcmU=
5753	ru	c2FtcGxlc1sxM10uc2NvcmU=
5754	ru	c2FtcGxlc1sxNF0uc2NvcmU=
5755	ru	c2FtcGxlc1sxNV0uc2NvcmU=
5756	ru	c2FtcGxlc1sxNl0uc2NvcmU=
5757	ru	c2FtcGxlc1sxN10uc2NvcmU=
5758	ru	c2FtcGxlc1sxOF0uc2NvcmU=
5759	ru	c2FtcGxlc1sxOV0uc2NvcmU=
5760	ru	a3ViZWN0bA==
5761	ru	Z2l0IHN0YXR1cw==
5762	ru	bHMgLWxh
5763	ru	cHdk
5764	ru	bWtkaXIgZGVtbw==
5765	ru	Y2F0IFJFQURNRS5tZA==
5766	ru	d2MgLWw=
5767	ru	c29ydCAtdQ==
5768	ru	aGVhZCAtbiA1
5769	ru	dGFpbCAtbiA4
5770	ru	SDJP
5771	ru	QjEy
5772	ru	UTRfS19N
5773	ru	VVRGOA==
5774	ru	V2lGaTY=
5775	ru	VVNCMw==
5776	ru	QW5kcm9pZDI2
5777	ru	UGl4ZWw5
5778	ru	SVNPOTAwMQ==
5779	ru	QTMyMA==
5780	ru	c2FtcGxlLWNhbGlicmF0aW9uLTBAZXhhbXBsZS50ZXN0
5781	ru	c2FtcGxlLWNhbGlicmF0aW9uLTFAZXhhbXBsZS50ZXN0
5782	ru	c2FtcGxlLWNhbGlicmF0aW9uLTJAZXhhbXBsZS50ZXN0
5783	ru	c2FtcGxlLWNhbGlicmF0aW9uLTNAZXhhbXBsZS50ZXN0
5784	ru	c2FtcGxlLWNhbGlicmF0aW9uLTRAZXhhbXBsZS50ZXN0
5785	ru	c2FtcGxlLWNhbGlicmF0aW9uLTVAZXhhbXBsZS50ZXN0
5786	ru	c2FtcGxlLWNhbGlicmF0aW9uLTZAZXhhbXBsZS50ZXN0
5787	ru	c2FtcGxlLWNhbGlicmF0aW9uLTdAZXhhbXBsZS50ZXN0
5788	ru	c2FtcGxlLWNhbGlicmF0aW9uLThAZXhhbXBsZS50ZXN0
5789	ru	c2FtcGxlLWNhbGlicmF0aW9uLTlAZXhhbXBsZS50ZXN0
5790	ru	UlVORV9DQUxJQlJBVElPTl9PUFRJT05fMA==
5791	ru	UlVORV9DQUxJQlJBVElPTl9PUFRJT05fMQ==
5792	ru	UlVORV9DQUxJQlJBVElPTl9PUFRJT05fMg==
5793	ru	UlVORV9DQUxJQlJBVElPTl9PUFRJT05fMw==
5794	ru	UlVORV9DQUxJQlJBVElPTl9PUFRJT05fNA==
5795	ru	UlVORV9DQUxJQlJBVElPTl9PUFRJT05fNQ==
5796	ru	UlVORV9DQUxJQlJBVElPTl9PUFRJT05fNg==
5797	ru	UlVORV9DQUxJQlJBVElPTl9PUFRJT05fNw==
5798	ru	UlVORV9DQUxJQlJBVElPTl9PUFRJT05fOA==
5799	ru	UlVORV9DQUxJQlJBVElPTl9PUFRJT05fOQ==
5800	ru	Zml4dHVyZV9jYWxpYnJhdGlvbl8wLmpzb25s
5801	ru	Zml4dHVyZV9jYWxpYnJhdGlvbl8xLmpzb25s
5802	ru	Zml4dHVyZV9jYWxpYnJhdGlvbl8yLmpzb25s
5803	ru	Zml4dHVyZV9jYWxpYnJhdGlvbl8zLmpzb25s
5804	ru	Zml4dHVyZV9jYWxpYnJhdGlvbl80Lmpzb25s
5805	ru	Zml4dHVyZV9jYWxpYnJhdGlvbl81Lmpzb25s
5806	ru	Zml4dHVyZV9jYWxpYnJhdGlvbl82Lmpzb25s
5807	ru	Zml4dHVyZV9jYWxpYnJhdGlvbl83Lmpzb25s
5808	ru	Zml4dHVyZV9jYWxpYnJhdGlvbl84Lmpzb25s
5809	ru	Zml4dHVyZV9jYWxpYnJhdGlvbl85Lmpzb25s
5810	ru	MHgwMDBB
5811	ru	MHgwMDBC
5812	ru	MHgwMDBD
5813	ru	MHgwMDBE
5814	ru	MHgwMDBF
5815	ru	MHgwMDBG
5816	ru	MHgwMDEw
5817	ru	MHgwMDEx
5818	ru	MHgwMDEy
5819	ru	MHgwMDEz
5820	ru	YnVpbGQuZXhhbXBsZQ==
5821	ru	Y2FjaGUuZXhhbXBsZQ==
5822	ru	ZGV2LmV4YW1wbGU=
5823	ru	dGVzdC5leGFtcGxl
5824	ru	ZG9jcy5leGFtcGxl
5825	ru	bW9kZWwuZXhhbXBsZQ==
5826	ru	Y2kuZXhhbXBsZQ==
5827	ru	YXBpLmV4YW1wbGU=
5828	ru	Z2l0LmV4YW1wbGU=
5829	ru	cWEuZXhhbXBsZQ==
5830	ru	c3RkOjp2ZWN0b3I=
5831	ru	c3RkOjpzdHJpbmc=
5832	ru	c3RkOjpvcHRpb25hbA==
5833	ru	c2l6ZV90
5834	ru	dWludDMyX3Q=
5835	ru	bnVsbHB0cg==
5836	ru	Y29uc3RleHBy
5837	ru	bm9leGNlcHQ=
5838	ru	dGhyZWFkX2xvY2Fs
5839	ru	c3RhdGljX2Nhc3Q=
5840	ru	SW5wdXRDb25uZWN0aW9u
5841	ru	S2V5Ym9hcmRTdGF0ZQ==
5842	ru	b25DcmVhdGU=
5843	ru	Y29tbWl0VGV4dA==
5844	ru	c2V0Q29tcG9zaW5nVGV4dA==
5845	ru	U3RyaW5nQnVpbGRlcg==
5846	ru	SW50QXJyYXk=
5847	ru	c2VhbGVkQ2xhc3M=
5848	ru	ZGF0YU9iamVjdA==
5849	ru	aXNOdWxsT3JFbXB0eQ==
5850	ru	X19pbml0X18=
5851	ru	X19uYW1lX18=
5852	ru	c3RyLmVuY29kZQ==
5853	ru	cGF0aGxpYi5QYXRo
5854	ru	bGVuKGl0ZW1zKQ==
5855	ru	ZGljdC5nZXQ=
5856	ru	anNvbi5sb2Fkcw==
5857	ru	cmFuZ2UoMTAp
5858	ru	aXNpbnN0YW5jZQ==
5859	ru	U3RvcEl0ZXJhdGlvbg==
5860	ru	MTkyLjAuMi4xMA==
5861	ru	MTkyLjAuMi4xMQ==
5862	ru	MTkyLjAuMi4xMg==
5863	ru	MTkyLjAuMi4xMw==
5864	ru	MTkyLjAuMi4xNA==
5865	ru	MTkyLjAuMi4xNQ==
5866	ru	MTkyLjAuMi4xNg==
5867	ru	MTkyLjAuMi4xNw==
5868	ru	MTkyLjAuMi4xOA==
5869	ru	MTkyLjAuMi4xOQ==
5870	ru	MjAwMTpkYjg6YTo6MQ==
5871	ru	MjAwMTpkYjg6Yjo6MQ==
5872	ru	MjAwMTpkYjg6Yzo6MQ==
5873	ru	MjAwMTpkYjg6ZDo6MQ==
5874	ru	MjAwMTpkYjg6ZTo6MQ==
5875	ru	MjAwMTpkYjg6Zjo6MQ==
5876	ru	MjAwMTpkYjg6MTA6OjE=
5877	ru	MjAwMTpkYjg6MTE6OjE=
5878	ru	MjAwMTpkYjg6MTI6OjE=
5879	ru	MjAwMTpkYjg6MTM6OjE=
5880	ru	bG9jYWwtbW9kZWw=
5881	ru	dHlwaW5nLXN0YXRl
5882	ru	c2NvcmUtY2FjaGU=
5883	ru	aW5wdXQtbWV0aG9k
5884	ru	d29yZC1ib3VuZGFyeQ==
5885	ru	dGV4dC1lbnRyeQ==
5886	ru	YXV0by1yZXBsYWNl
5887	ru	c2FmZS1tb2Rl
5888	ru	ZXJyb3ItY29kZQ==
5889	ru	YnVpbGQtdG9vbA==
5890	ru	ZGVidWct0YHQsdC+0YDQutCw
5891	ru	cmVsZWFzZS3QstC10YDRgdC40Y8=
5892	ru	YnVpbGQt0YHRhtC10L3QsNGA0LjQuQ==
5893	ru	0LvQvtCzLXBhcnNlcg==
5894	ru	0YLQtdGB0YItcnVubmVy
5895	ru	bW9kby1kZWJ1Zw==
5896	ru	cmVwb3J0ZS1KU09O
5897	ru	YXJjaGl2by1sb2c=
5898	ru	YnVmZmVyLdGB0YLRgNC+0LrQsA==
5899	ru	bW9kZWxvLWxvY2Fs
5900	ru	0JjRgNC40L3QsA==
5901	ru	0J7Qu9GM0LPQsA==
5902	ru	0JDQvdC00YDQtdC5
5903	ru	QWxpY2U=
5904	ru	R2Vvcmdl
5905	ru	U29mw61h
5906	ru	w4FsdmFybw==
5907	ru	THVjw61h
5908	ru	TsO6cmlh
5909	ru	WW9sYW5kYQ==
5910	ru	MTAuNW1z
5911	ru	MTEuNW1z
5912	ru	MTIuNW1z
5913	ru	MTMuNW1z
5914	ru	MTQuNW1z
5915	ru	MTUuNW1z
5916	ru	MTYuNW1z
5917	ru	MTcuNW1z
5918	ru	MTguNW1z
5919	ru	MTkuNW1z
5920	ru	b3JnLmV4YW1wbGUuY2FsaWJyYXRpb24ubW9kdWxlMA==
5921	ru	b3JnLmV4YW1wbGUuY2FsaWJyYXRpb24ubW9kdWxlMQ==
5922	ru	b3JnLmV4YW1wbGUuY2FsaWJyYXRpb24ubW9kdWxlMg==
5923	ru	b3JnLmV4YW1wbGUuY2FsaWJyYXRpb24ubW9kdWxlMw==
5924	ru	b3JnLmV4YW1wbGUuY2FsaWJyYXRpb24ubW9kdWxlNA==
5925	ru	b3JnLmV4YW1wbGUuY2FsaWJyYXRpb24ubW9kdWxlNQ==
5926	ru	b3JnLmV4YW1wbGUuY2FsaWJyYXRpb24ubW9kdWxlNg==
5927	ru	b3JnLmV4YW1wbGUuY2FsaWJyYXRpb24ubW9kdWxlNw==
5928	ru	b3JnLmV4YW1wbGUuY2FsaWJyYXRpb24ubW9kdWxlOA==
5929	ru	b3JnLmV4YW1wbGUuY2FsaWJyYXRpb24ubW9kdWxlOQ==
5930	ru	L3N5bnRoZXRpYy9jYWxpYnJhdGlvbi9tb2R1bGUtMC9maXh0dXJlLmt0
5931	ru	L3N5bnRoZXRpYy9jYWxpYnJhdGlvbi9tb2R1bGUtMS9maXh0dXJlLmt0
5932	ru	L3N5bnRoZXRpYy9jYWxpYnJhdGlvbi9tb2R1bGUtMi9maXh0dXJlLmt0
5933	ru	L3N5bnRoZXRpYy9jYWxpYnJhdGlvbi9tb2R1bGUtMy9maXh0dXJlLmt0
5934	ru	L3N5bnRoZXRpYy9jYWxpYnJhdGlvbi9tb2R1bGUtNC9maXh0dXJlLmt0
5935	ru	L3N5bnRoZXRpYy9jYWxpYnJhdGlvbi9tb2R1bGUtNS9maXh0dXJlLmt0
5936	ru	L3N5bnRoZXRpYy9jYWxpYnJhdGlvbi9tb2R1bGUtNi9maXh0dXJlLmt0
5937	ru	L3N5bnRoZXRpYy9jYWxpYnJhdGlvbi9tb2R1bGUtNy9maXh0dXJlLmt0
5938	ru	L3N5bnRoZXRpYy9jYWxpYnJhdGlvbi9tb2R1bGUtOC9maXh0dXJlLmt0
5939	ru	L3N5bnRoZXRpYy9jYWxpYnJhdGlvbi9tb2R1bGUtOS9maXh0dXJlLmt0
5940	ru	MS4wLjAtYmV0YS4x
5941	ru	MS4xLjAtYmV0YS4y
5942	ru	MS4yLjAtYmV0YS4z
5943	ru	MS4zLjAtYmV0YS40
5944	ru	MS40LjAtYmV0YS41
5945	ru	MS41LjAtYmV0YS42
5946	ru	MS42LjAtYmV0YS43
5947	ru	MS43LjAtYmV0YS44
5948	ru	MS44LjAtYmV0YS45
5949	ru	MS45LjAtYmV0YS4xMA==
5950	ru	d29yZF9jb3VudA==
5951	ru	c2NvcmVfc3Vt
5952	ru	bW9kZWxfcGF0aA==
5953	ru	aW5wdXRfc2l6ZQ==
5954	ru	b3V0cHV0X2ZpbGU=
5955	ru	dXNlcl9oaW50
5956	ru	dGVzdF9jYXNl
5957	ru	ZGF0YV9yb3c=
5958	ru	aXRlbV9rZXk=
5959	ru	Y2FjaGVfaWQ=
5960	ru	0JjQstCw0L3QvtCy
5961	ru	0KHQvtC60L7Qu9C+0LLQsA==
5962	ru	0JzQvtGA0L7Qt9C+0LI=
5963	ru	U21pdGg=
5964	ru	VGF5bG9y
5965	ru	R2FyY8OtYQ==
5966	ru	TXXDsW96
5967	ru	UMOpcmV6
5968	ru	SWdsZXNpYXM=
5969	ru	TMOzcGV6
5970	ru	aHR0cHM6Ly9leGFtcGxlLnRlc3QvY2FsaWJyYXRpb24vcGFnZS0w
5971	ru	aHR0cHM6Ly9leGFtcGxlLnRlc3QvY2FsaWJyYXRpb24vcGFnZS0x
5972	ru	aHR0cHM6Ly9leGFtcGxlLnRlc3QvY2FsaWJyYXRpb24vcGFnZS0y
5973	ru	aHR0cHM6Ly9leGFtcGxlLnRlc3QvY2FsaWJyYXRpb24vcGFnZS0z
5974	ru	aHR0cHM6Ly9leGFtcGxlLnRlc3QvY2FsaWJyYXRpb24vcGFnZS00
5975	ru	aHR0cHM6Ly9leGFtcGxlLnRlc3QvY2FsaWJyYXRpb24vcGFnZS01
5976	ru	aHR0cHM6Ly9leGFtcGxlLnRlc3QvY2FsaWJyYXRpb24vcGFnZS02
5977	ru	aHR0cHM6Ly9leGFtcGxlLnRlc3QvY2FsaWJyYXRpb24vcGFnZS03
5978	ru	aHR0cHM6Ly9leGFtcGxlLnRlc3QvY2FsaWJyYXRpb24vcGFnZS04
5979	ru	aHR0cHM6Ly9leGFtcGxlLnRlc3QvY2FsaWJyYXRpb24vcGFnZS05
5980	ru	MDAwMDAwMGEtMTIzNC00NTY3LTg5YWItMDEyMzQ1Njc4OWFi
5981	ru	MDAwMDAwMGItMTIzNC00NTY3LTg5YWItMDEyMzQ1Njc4OWFi
5982	ru	MDAwMDAwMGMtMTIzNC00NTY3LTg5YWItMDEyMzQ1Njc4OWFi
5983	ru	MDAwMDAwMGQtMTIzNC00NTY3LTg5YWItMDEyMzQ1Njc4OWFi
5984	ru	MDAwMDAwMGUtMTIzNC00NTY3LTg5YWItMDEyMzQ1Njc4OWFi
5985	ru	MDAwMDAwMGYtMTIzNC00NTY3LTg5YWItMDEyMzQ1Njc4OWFi
5986	ru	MDAwMDAwMTAtMTIzNC00NTY3LTg5YWItMDEyMzQ1Njc4OWFi
5987	ru	MDAwMDAwMTEtMTIzNC00NTY3LTg5YWItMDEyMzQ1Njc4OWFi
5988	ru	MDAwMDAwMTItMTIzNC00NTY3LTg5YWItMDEyMzQ1Njc4OWFi
5989	ru	MDAwMDAwMTMtMTIzNC00NTY3LTg5YWItMDEyMzQ1Njc4OWFi
5990	ru	cnVuZV9jYWxpYnJhdGlvbl92MTA=
5991	ru	cnVuZV9jYWxpYnJhdGlvbl92MTE=
5992	ru	cnVuZV9jYWxpYnJhdGlvbl92MTI=
5993	ru	cnVuZV9jYWxpYnJhdGlvbl92MTM=
5994	ru	cnVuZV9jYWxpYnJhdGlvbl92MTQ=
5995	ru	cnVuZV9jYWxpYnJhdGlvbl92MTU=
5996	ru	cnVuZV9jYWxpYnJhdGlvbl92MTY=
5997	ru	cnVuZV9jYWxpYnJhdGlvbl92MTc=
5998	ru	cnVuZV9jYWxpYnJhdGlvbl92MTg=
5999	ru	cnVuZV9jYWxpYnJhdGlvbl92MTk=
