INSTRUMENTATION_STATUS: numtests=139
INSTRUMENTATION_STATUS: stream=
io.github.mesteriis.rune.keyboard.ime.ui.CandidateStripInstrumentedTest:
INSTRUMENTATION_STATUS: id=AndroidJUnitRunner
INSTRUMENTATION_STATUS: test=candidateUpdatesKeepKeysShiftLanguageAndContainerIdentity
INSTRUMENTATION_STATUS: class=io.github.mesteriis.rune.keyboard.ime.ui.CandidateStripInstrumentedTest
INSTRUMENTATION_STATUS: current=1
INSTRUMENTATION_STATUS_CODE: 1
INSTRUMENTATION_STATUS: numtests=139
INSTRUMENTATION_STATUS: stream=.
INSTRUMENTATION_STATUS: id=AndroidJUnitRunner
INSTRUMENTATION_STATUS: test=candidateUpdatesKeepKeysShiftLanguageAndContainerIdentity
INSTRUMENTATION_STATUS: class=io.github.mesteriis.rune.keyboard.ime.ui.CandidateStripInstrumentedTest
INSTRUMENTATION_STATUS: current=1
INSTRUMENTATION_STATUS_CODE: 0
INSTRUMENTATION_STATUS: numtests=139
INSTRUMENTATION_STATUS: stream=
INSTRUMENTATION_STATUS: id=AndroidJUnitRunner
INSTRUMENTATION_STATUS: test=updateDuringHeldKeyDoesNotCancelTouchOrFlushPendingRender
INSTRUMENTATION_STATUS: class=io.github.mesteriis.rune.keyboard.ime.ui.CandidateStripInstrumentedTest
INSTRUMENTATION_STATUS: current=2
INSTRUMENTATION_STATUS_CODE: 1
INSTRUMENTATION_STATUS: numtests=139
INSTRUMENTATION_STATUS: stream=.
INSTRUMENTATION_STATUS: id=AndroidJUnitRunner
INSTRUMENTATION_STATUS: test=updateDuringHeldKeyDoesNotCancelTouchOrFlushPendingRender
INSTRUMENTATION_STATUS: class=io.github.mesteriis.rune.keyboard.ime.ui.CandidateStripInstrumentedTest
INSTRUMENTATION_STATUS: current=2
INSTRUMENTATION_STATUS_CODE: 0
INSTRUMENTATION_STATUS: numtests=139
INSTRUMENTATION_STATUS: stream=
INSTRUMENTATION_STATUS: id=AndroidJUnitRunner
INSTRUMENTATION_STATUS: test=candidateRefreshBetweenDownAndUpDoesNotSelectReplacementCell
INSTRUMENTATION_STATUS: class=io.github.mesteriis.rune.keyboard.ime.ui.CandidateStripInstrumentedTest
INSTRUMENTATION_STATUS: current=3
INSTRUMENTATION_STATUS_CODE: 1
INSTRUMENTATION_STATUS: numtests=139
INSTRUMENTATION_STATUS: stream=.
INSTRUMENTATION_STATUS: id=AndroidJUnitRunner
INSTRUMENTATION_STATUS: test=candidateRefreshBetweenDownAndUpDoesNotSelectReplacementCell
INSTRUMENTATION_STATUS: class=io.github.mesteriis.rune.keyboard.ime.ui.CandidateStripInstrumentedTest
INSTRUMENTATION_STATUS: current=3
INSTRUMENTATION_STATUS_CODE: 0
INSTRUMENTATION_STATUS: numtests=139
INSTRUMENTATION_STATUS: stream=
INSTRUMENTATION_STATUS: id=AndroidJUnitRunner
INSTRUMENTATION_STATUS: test=cancellationStillReachesNestedLetterAndSpaceKeys
INSTRUMENTATION_STATUS: class=io.github.mesteriis.rune.keyboard.ime.ui.CandidateStripInstrumentedTest
INSTRUMENTATION_STATUS: current=4
INSTRUMENTATION_STATUS_CODE: 1
INSTRUMENTATION_STATUS: numtests=139
INSTRUMENTATION_STATUS: stream=.
INSTRUMENTATION_STATUS: id=AndroidJUnitRunner
INSTRUMENTATION_STATUS: test=cancellationStillReachesNestedLetterAndSpaceKeys
INSTRUMENTATION_STATUS: class=io.github.mesteriis.rune.keyboard.ime.ui.CandidateStripInstrumentedTest
INSTRUMENTATION_STATUS: current=4
INSTRUMENTATION_STATUS_CODE: 0
INSTRUMENTATION_STATUS: numtests=139
INSTRUMENTATION_STATUS: stream=
INSTRUMENTATION_STATUS: id=AndroidJUnitRunner
INSTRUMENTATION_STATUS: test=originalAndCorrectionExposeSelectedStateLabelledActionAndIdCallbacks
INSTRUMENTATION_STATUS: class=io.github.mesteriis.rune.keyboard.ime.ui.CandidateStripInstrumentedTest
INSTRUMENTATION_STATUS: current=5
INSTRUMENTATION_STATUS_CODE: 1
INSTRUMENTATION_STATUS: numtests=139
INSTRUMENTATION_STATUS: stream=.
INSTRUMENTATION_STATUS: id=AndroidJUnitRunner
INSTRUMENTATION_STATUS: test=originalAndCorrectionExposeSelectedStateLabelledActionAndIdCallbacks
INSTRUMENTATION_STATUS: class=io.github.mesteriis.rune.keyboard.ime.ui.CandidateStripInstrumentedTest
INSTRUMENTATION_STATUS: current=5
INSTRUMENTATION_STATUS_CODE: 0
INSTRUMENTATION_STATUS: numtests=139
INSTRUMENTATION_STATUS: stream=
INSTRUMENTATION_STATUS: id=AndroidJUnitRunner
INSTRUMENTATION_STATUS: test=candidateUpOutsideWithoutMoveDoesNotSelect
INSTRUMENTATION_STATUS: class=io.github.mesteriis.rune.keyboard.ime.ui.CandidateStripInstrumentedTest
INSTRUMENTATION_STATUS: current=6
INSTRUMENTATION_STATUS_CODE: 1
INSTRUMENTATION_STATUS: numtests=139
INSTRUMENTATION_STATUS: stream=.
INSTRUMENTATION_STATUS: id=AndroidJUnitRunner
INSTRUMENTATION_STATUS: test=candidateUpOutsideWithoutMoveDoesNotSelect
INSTRUMENTATION_STATUS: class=io.github.mesteriis.rune.keyboard.ime.ui.CandidateStripInstrumentedTest
INSTRUMENTATION_STATUS: current=6
INSTRUMENTATION_STATUS_CODE: 0
INSTRUMENTATION_STATUS: numtests=139
INSTRUMENTATION_STATUS: stream=
INSTRUMENTATION_STATUS: id=AndroidJUnitRunner
INSTRUMENTATION_STATUS: test=secondaryPointerIsIgnoredAndCannotTakeOverReleasedOwner
INSTRUMENTATION_STATUS: class=io.github.mesteriis.rune.keyboard.ime.ui.CandidateStripInstrumentedTest
INSTRUMENTATION_STATUS: current=7
INSTRUMENTATION_STATUS_CODE: 1
INSTRUMENTATION_STATUS: numtests=139
INSTRUMENTATION_STATUS: stream=.
INSTRUMENTATION_STATUS: id=AndroidJUnitRunner
INSTRUMENTATION_STATUS: test=secondaryPointerIsIgnoredAndCannotTakeOverReleasedOwner
INSTRUMENTATION_STATUS: class=io.github.mesteriis.rune.keyboard.ime.ui.CandidateStripInstrumentedTest
INSTRUMENTATION_STATUS: current=7
INSTRUMENTATION_STATUS_CODE: 0
INSTRUMENTATION_STATUS: numtests=139
INSTRUMENTATION_STATUS: stream=
INSTRUMENTATION_STATUS: id=AndroidJUnitRunner
INSTRUMENTATION_STATUS: test=candidateUpdateKeepsAttachedAlternatePopupSelectionAlive
INSTRUMENTATION_STATUS: class=io.github.mesteriis.rune.keyboard.ime.ui.CandidateStripInstrumentedTest
INSTRUMENTATION_STATUS: current=8
INSTRUMENTATION_STATUS_CODE: 1
INSTRUMENTATION_STATUS: numtests=139
INSTRUMENTATION_STATUS: stream=.
INSTRUMENTATION_STATUS: id=AndroidJUnitRunner
INSTRUMENTATION_STATUS: test=candidateUpdateKeepsAttachedAlternatePopupSelectionAlive
INSTRUMENTATION_STATUS: class=io.github.mesteriis.rune.keyboard.ime.ui.CandidateStripInstrumentedTest
INSTRUMENTATION_STATUS: current=8
INSTRUMENTATION_STATUS_CODE: 0
INSTRUMENTATION_STATUS: numtests=139
INSTRUMENTATION_STATUS: stream=
INSTRUMENTATION_STATUS: id=AndroidJUnitRunner
INSTRUMENTATION_STATUS: test=sameIdWithChangedTextOrTypeCancelsPendingCandidateTap
INSTRUMENTATION_STATUS: class=io.github.mesteriis.rune.keyboard.ime.ui.CandidateStripInstrumentedTest
INSTRUMENTATION_STATUS: current=9
INSTRUMENTATION_STATUS_CODE: 1
INSTRUMENTATION_STATUS: numtests=139
INSTRUMENTATION_STATUS: stream=.
INSTRUMENTATION_STATUS: id=AndroidJUnitRunner
INSTRUMENTATION_STATUS: test=sameIdWithChangedTextOrTypeCancelsPendingCandidateTap
INSTRUMENTATION_STATUS: class=io.github.mesteriis.rune.keyboard.ime.ui.CandidateStripInstrumentedTest
INSTRUMENTATION_STATUS: current=9
INSTRUMENTATION_STATUS_CODE: 0
INSTRUMENTATION_STATUS: numtests=139
INSTRUMENTATION_STATUS: stream=
INSTRUMENTATION_STATUS: id=AndroidJUnitRunner
INSTRUMENTATION_STATUS: test=missingOwnerPointerCancelsCandidateTap
INSTRUMENTATION_STATUS: class=io.github.mesteriis.rune.keyboard.ime.ui.CandidateStripInstrumentedTest
INSTRUMENTATION_STATUS: current=10
INSTRUMENTATION_STATUS_CODE: 1
INSTRUMENTATION_STATUS: numtests=139
INSTRUMENTATION_STATUS: stream=.
INSTRUMENTATION_STATUS: id=AndroidJUnitRunner
INSTRUMENTATION_STATUS: test=missingOwnerPointerCancelsCandidateTap
INSTRUMENTATION_STATUS: class=io.github.mesteriis.rune.keyboard.ime.ui.CandidateStripInstrumentedTest
INSTRUMENTATION_STATUS: current=10
INSTRUMENTATION_STATUS_CODE: 0
INSTRUMENTATION_STATUS: numtests=139
INSTRUMENTATION_STATUS: stream=
io.github.mesteriis.rune.keyboard.intelligence.client.BoundModelScoringClientInstrumentedTest:
INSTRUMENTATION_STATUS: id=AndroidJUnitRunner
INSTRUMENTATION_STATUS: test=repeatedSecurityExceptionsReleaseEveryConnectionAndStopRetryWhenIneligible
INSTRUMENTATION_STATUS: class=io.github.mesteriis.rune.keyboard.intelligence.client.BoundModelScoringClientInstrumentedTest
INSTRUMENTATION_STATUS: current=11
INSTRUMENTATION_STATUS_CODE: 1
INSTRUMENTATION_STATUS: numtests=139
INSTRUMENTATION_STATUS: stream=.
INSTRUMENTATION_STATUS: id=AndroidJUnitRunner
INSTRUMENTATION_STATUS: test=repeatedSecurityExceptionsReleaseEveryConnectionAndStopRetryWhenIneligible
INSTRUMENTATION_STATUS: class=io.github.mesteriis.rune.keyboard.intelligence.client.BoundModelScoringClientInstrumentedTest
INSTRUMENTATION_STATUS: current=11
INSTRUMENTATION_STATUS_CODE: 0
INSTRUMENTATION_STATUS: numtests=139
INSTRUMENTATION_STATUS: stream=
INSTRUMENTATION_STATUS: id=AndroidJUnitRunner
INSTRUMENTATION_STATUS: test=repeatedFalseBindsReleaseEveryConnectionAndStopRetryWhenIneligible
INSTRUMENTATION_STATUS: class=io.github.mesteriis.rune.keyboard.intelligence.client.BoundModelScoringClientInstrumentedTest
INSTRUMENTATION_STATUS: current=12
INSTRUMENTATION_STATUS_CODE: 1
INSTRUMENTATION_STATUS: numtests=139
INSTRUMENTATION_STATUS: stream=.
INSTRUMENTATION_STATUS: id=AndroidJUnitRunner
INSTRUMENTATION_STATUS: test=repeatedFalseBindsReleaseEveryConnectionAndStopRetryWhenIneligible
INSTRUMENTATION_STATUS: class=io.github.mesteriis.rune.keyboard.intelligence.client.BoundModelScoringClientInstrumentedTest
INSTRUMENTATION_STATUS: current=12
INSTRUMENTATION_STATUS_CODE: 0
INSTRUMENTATION_STATUS: numtests=139
INSTRUMENTATION_STATUS: stream=
io.github.mesteriis.rune.keyboard.intelligence.client.ModelDemandClientInstrumentedTest:
INSTRUMENTATION_STATUS: id=AndroidJUnitRunner
INSTRUMENTATION_STATUS: test=falseBindsExhaustExactlyTwoRetriesWhileDemandRemainsTrue
INSTRUMENTATION_STATUS: class=io.github.mesteriis.rune.keyboard.intelligence.client.ModelDemandClientInstrumentedTest
INSTRUMENTATION_STATUS: current=13
INSTRUMENTATION_STATUS_CODE: 1
INSTRUMENTATION_STATUS: numtests=139
INSTRUMENTATION_STATUS: stream=.
INSTRUMENTATION_STATUS: id=AndroidJUnitRunner
INSTRUMENTATION_STATUS: test=falseBindsExhaustExactlyTwoRetriesWhileDemandRemainsTrue
INSTRUMENTATION_STATUS: class=io.github.mesteriis.rune.keyboard.intelligence.client.ModelDemandClientInstrumentedTest
INSTRUMENTATION_STATUS: current=13
INSTRUMENTATION_STATUS_CODE: 0
INSTRUMENTATION_STATUS: numtests=139
INSTRUMENTATION_STATUS: stream=
INSTRUMENTATION_STATUS: id=AndroidJUnitRunner
INSTRUMENTATION_STATUS: test=nullBindingAndDeathDisconnectOnceAndConnectedNotificationsAreTransitions
INSTRUMENTATION_STATUS: class=io.github.mesteriis.rune.keyboard.intelligence.client.ModelDemandClientInstrumentedTest
INSTRUMENTATION_STATUS: current=14
INSTRUMENTATION_STATUS_CODE: 1
INSTRUMENTATION_STATUS: numtests=139
INSTRUMENTATION_STATUS: stream=.
INSTRUMENTATION_STATUS: id=AndroidJUnitRunner
INSTRUMENTATION_STATUS: test=nullBindingAndDeathDisconnectOnceAndConnectedNotificationsAreTransitions
INSTRUMENTATION_STATUS: class=io.github.mesteriis.rune.keyboard.intelligence.client.ModelDemandClientInstrumentedTest
INSTRUMENTATION_STATUS: current=14
INSTRUMENTATION_STATUS_CODE: 0
INSTRUMENTATION_STATUS: numtests=139
INSTRUMENTATION_STATUS: stream=
INSTRUMENTATION_STATUS: id=AndroidJUnitRunner
INSTRUMENTATION_STATUS: test=disableAndTerminalCloseRemoveTimersAndRejectCapturedTasks
INSTRUMENTATION_STATUS: class=io.github.mesteriis.rune.keyboard.intelligence.client.ModelDemandClientInstrumentedTest
INSTRUMENTATION_STATUS: current=15
INSTRUMENTATION_STATUS_CODE: 1
INSTRUMENTATION_STATUS: numtests=139
INSTRUMENTATION_STATUS: stream=.
INSTRUMENTATION_STATUS: id=AndroidJUnitRunner
INSTRUMENTATION_STATUS: test=disableAndTerminalCloseRemoveTimersAndRejectCapturedTasks
INSTRUMENTATION_STATUS: class=io.github.mesteriis.rune.keyboard.intelligence.client.ModelDemandClientInstrumentedTest
INSTRUMENTATION_STATUS: current=15
INSTRUMENTATION_STATUS_CODE: 0
INSTRUMENTATION_STATUS: numtests=139
INSTRUMENTATION_STATUS: stream=
INSTRUMENTATION_STATUS: id=AndroidJUnitRunner
INSTRUMENTATION_STATUS: test=offOnPreservesWatermarkAndRetiredCallbackCannotDeliver
INSTRUMENTATION_STATUS: class=io.github.mesteriis.rune.keyboard.intelligence.client.ModelDemandClientInstrumentedTest
INSTRUMENTATION_STATUS: current=16
INSTRUMENTATION_STATUS_CODE: 1
INSTRUMENTATION_STATUS: numtests=139
INSTRUMENTATION_STATUS: stream=.
INSTRUMENTATION_STATUS: id=AndroidJUnitRunner
INSTRUMENTATION_STATUS: test=offOnPreservesWatermarkAndRetiredCallbackCannotDeliver
INSTRUMENTATION_STATUS: class=io.github.mesteriis.rune.keyboard.intelligence.client.ModelDemandClientInstrumentedTest
INSTRUMENTATION_STATUS: current=16
INSTRUMENTATION_STATUS_CODE: 0
INSTRUMENTATION_STATUS: numtests=139
INSTRUMENTATION_STATUS: stream=
INSTRUMENTATION_STATUS: id=AndroidJUnitRunner
INSTRUMENTATION_STATUS: test=oldTimerCannotEraseNewPendingRetryAndOldConnectionCannotDisconnectIt
INSTRUMENTATION_STATUS: class=io.github.mesteriis.rune.keyboard.intelligence.client.ModelDemandClientInstrumentedTest
INSTRUMENTATION_STATUS: current=17
INSTRUMENTATION_STATUS_CODE: 1
INSTRUMENTATION_STATUS: numtests=139
INSTRUMENTATION_STATUS: stream=.
INSTRUMENTATION_STATUS: id=AndroidJUnitRunner
INSTRUMENTATION_STATUS: test=oldTimerCannotEraseNewPendingRetryAndOldConnectionCannotDisconnectIt
INSTRUMENTATION_STATUS: class=io.github.mesteriis.rune.keyboard.intelligence.client.ModelDemandClientInstrumentedTest
INSTRUMENTATION_STATUS: current=17
INSTRUMENTATION_STATUS_CODE: 0
INSTRUMENTATION_STATUS: numtests=139
INSTRUMENTATION_STATUS: stream=
INSTRUMENTATION_STATUS: id=AndroidJUnitRunner
INSTRUMENTATION_STATUS: test=newSessionCancelsOldRequestAndGenerationRejectsRecycledTokenCallback
INSTRUMENTATION_STATUS: class=io.github.mesteriis.rune.keyboard.intelligence.client.ModelDemandClientInstrumentedTest
INSTRUMENTATION_STATUS: current=18
INSTRUMENTATION_STATUS_CODE: 1
INSTRUMENTATION_STATUS: numtests=139
INSTRUMENTATION_STATUS: stream=.
INSTRUMENTATION_STATUS: id=AndroidJUnitRunner
INSTRUMENTATION_STATUS: test=newSessionCancelsOldRequestAndGenerationRejectsRecycledTokenCallback
INSTRUMENTATION_STATUS: class=io.github.mesteriis.rune.keyboard.intelligence.client.ModelDemandClientInstrumentedTest
INSTRUMENTATION_STATUS: current=18
INSTRUMENTATION_STATUS_CODE: 0
INSTRUMENTATION_STATUS: numtests=139
INSTRUMENTATION_STATUS: stream=
INSTRUMENTATION_STATUS: id=AndroidJUnitRunner
INSTRUMENTATION_STATUS: test=sameAttachPreservesReplyAndRequestSequence
INSTRUMENTATION_STATUS: class=io.github.mesteriis.rune.keyboard.intelligence.client.ModelDemandClientInstrumentedTest
INSTRUMENTATION_STATUS: current=19
INSTRUMENTATION_STATUS_CODE: 1
INSTRUMENTATION_STATUS: numtests=139
INSTRUMENTATION_STATUS: stream=.
INSTRUMENTATION_STATUS: id=AndroidJUnitRunner
INSTRUMENTATION_STATUS: test=sameAttachPreservesReplyAndRequestSequence
INSTRUMENTATION_STATUS: class=io.github.mesteriis.rune.keyboard.intelligence.client.ModelDemandClientInstrumentedTest
INSTRUMENTATION_STATUS: current=19
INSTRUMENTATION_STATUS_CODE: 0
INSTRUMENTATION_STATUS: numtests=139
INSTRUMENTATION_STATUS: stream=
INSTRUMENTATION_STATUS: id=AndroidJUnitRunner
INSTRUMENTATION_STATUS: test=normalizedNoDemandNeverBindsAndConsumerDomainsAreIndependent
INSTRUMENTATION_STATUS: class=io.github.mesteriis.rune.keyboard.intelligence.client.ModelDemandClientInstrumentedTest
INSTRUMENTATION_STATUS: current=20
INSTRUMENTATION_STATUS_CODE: 1
INSTRUMENTATION_STATUS: numtests=139
INSTRUMENTATION_STATUS: stream=.
INSTRUMENTATION_STATUS: id=AndroidJUnitRunner
INSTRUMENTATION_STATUS: test=normalizedNoDemandNeverBindsAndConsumerDomainsAreIndependent
INSTRUMENTATION_STATUS: class=io.github.mesteriis.rune.keyboard.intelligence.client.ModelDemandClientInstrumentedTest
INSTRUMENTATION_STATUS: current=20
INSTRUMENTATION_STATUS_CODE: 0
INSTRUMENTATION_STATUS: numtests=139
INSTRUMENTATION_STATUS: stream=
INSTRUMENTATION_STATUS: id=AndroidJUnitRunner
INSTRUMENTATION_STATUS: test=remoteFailureClearsActiveTokenAndDoesNotReplayOnReconnect
INSTRUMENTATION_STATUS: class=io.github.mesteriis.rune.keyboard.intelligence.client.ModelDemandClientInstrumentedTest
INSTRUMENTATION_STATUS: current=21
INSTRUMENTATION_STATUS_CODE: 1
INSTRUMENTATION_STATUS: numtests=139
INSTRUMENTATION_STATUS: stream=.
INSTRUMENTATION_STATUS: id=AndroidJUnitRunner
INSTRUMENTATION_STATUS: test=remoteFailureClearsActiveTokenAndDoesNotReplayOnReconnect
INSTRUMENTATION_STATUS: class=io.github.mesteriis.rune.keyboard.intelligence.client.ModelDemandClientInstrumentedTest
INSTRUMENTATION_STATUS: current=21
INSTRUMENTATION_STATUS_CODE: 0
INSTRUMENTATION_STATUS: numtests=139
INSTRUMENTATION_STATUS: stream=
INSTRUMENTATION_STATUS: id=AndroidJUnitRunner
INSTRUMENTATION_STATUS: test=successfulReconnectsDoNotReplenishCreditOrReplayRequests
INSTRUMENTATION_STATUS: class=io.github.mesteriis.rune.keyboard.intelligence.client.ModelDemandClientInstrumentedTest
INSTRUMENTATION_STATUS: current=22
INSTRUMENTATION_STATUS_CODE: 1
INSTRUMENTATION_STATUS: numtests=139
INSTRUMENTATION_STATUS: stream=.
INSTRUMENTATION_STATUS: id=AndroidJUnitRunner
INSTRUMENTATION_STATUS: test=successfulReconnectsDoNotReplenishCreditOrReplayRequests
INSTRUMENTATION_STATUS: class=io.github.mesteriis.rune.keyboard.intelligence.client.ModelDemandClientInstrumentedTest
INSTRUMENTATION_STATUS: current=22
INSTRUMENTATION_STATUS_CODE: 0
INSTRUMENTATION_STATUS: numtests=139
INSTRUMENTATION_STATUS: stream=
INSTRUMENTATION_STATUS: id=AndroidJUnitRunner
INSTRUMENTATION_STATUS: test=securityFailuresExhaustExactlyTwoRetriesWhileDemandRemainsTrue
INSTRUMENTATION_STATUS: class=io.github.mesteriis.rune.keyboard.intelligence.client.ModelDemandClientInstrumentedTest
INSTRUMENTATION_STATUS: current=23
INSTRUMENTATION_STATUS_CODE: 1
INSTRUMENTATION_STATUS: numtests=139
INSTRUMENTATION_STATUS: stream=.
INSTRUMENTATION_STATUS: id=AndroidJUnitRunner
INSTRUMENTATION_STATUS: test=securityFailuresExhaustExactlyTwoRetriesWhileDemandRemainsTrue
INSTRUMENTATION_STATUS: class=io.github.mesteriis.rune.keyboard.intelligence.client.ModelDemandClientInstrumentedTest
INSTRUMENTATION_STATUS: current=23
INSTRUMENTATION_STATUS_CODE: 0
INSTRUMENTATION_STATUS: numtests=139
INSTRUMENTATION_STATUS: stream=
io.github.mesteriis.rune.keyboard.intelligence.delivery.DeliveryStateStoreInstrumentedTest:
INSTRUMENTATION_STATUS: id=AndroidJUnitRunner
INSTRUMENTATION_STATUS: test=atomicallyRoundTripsInDedicatedDirectory
INSTRUMENTATION_STATUS: class=io.github.mesteriis.rune.keyboard.intelligence.delivery.DeliveryStateStoreInstrumentedTest
INSTRUMENTATION_STATUS: current=24
INSTRUMENTATION_STATUS_CODE: 1
INSTRUMENTATION_STATUS: numtests=139
INSTRUMENTATION_STATUS: stream=.
INSTRUMENTATION_STATUS: id=AndroidJUnitRunner
INSTRUMENTATION_STATUS: test=atomicallyRoundTripsInDedicatedDirectory
INSTRUMENTATION_STATUS: class=io.github.mesteriis.rune.keyboard.intelligence.delivery.DeliveryStateStoreInstrumentedTest
INSTRUMENTATION_STATUS: current=24
INSTRUMENTATION_STATUS_CODE: 0
INSTRUMENTATION_STATUS: numtests=139
INSTRUMENTATION_STATUS: stream=
INSTRUMENTATION_STATUS: id=AndroidJUnitRunner
INSTRUMENTATION_STATUS: test=recoversCommittedBackupWhenBaseFileIsMissing
INSTRUMENTATION_STATUS: class=io.github.mesteriis.rune.keyboard.intelligence.delivery.DeliveryStateStoreInstrumentedTest
INSTRUMENTATION_STATUS: current=25
INSTRUMENTATION_STATUS_CODE: 1
INSTRUMENTATION_STATUS: numtests=139
INSTRUMENTATION_STATUS: stream=.
INSTRUMENTATION_STATUS: id=AndroidJUnitRunner
INSTRUMENTATION_STATUS: test=recoversCommittedBackupWhenBaseFileIsMissing
INSTRUMENTATION_STATUS: class=io.github.mesteriis.rune.keyboard.intelligence.delivery.DeliveryStateStoreInstrumentedTest
INSTRUMENTATION_STATUS: current=25
INSTRUMENTATION_STATUS_CODE: 0
INSTRUMENTATION_STATUS: numtests=139
INSTRUMENTATION_STATUS: stream=
INSTRUMENTATION_STATUS: id=AndroidJUnitRunner
INSTRUMENTATION_STATUS: test=concurrentInstancesSerializeWithinOneProcess
INSTRUMENTATION_STATUS: class=io.github.mesteriis.rune.keyboard.intelligence.delivery.DeliveryStateStoreInstrumentedTest
INSTRUMENTATION_STATUS: current=26
INSTRUMENTATION_STATUS_CODE: 1
INSTRUMENTATION_STATUS: numtests=139
INSTRUMENTATION_STATUS: stream=.
INSTRUMENTATION_STATUS: id=AndroidJUnitRunner
INSTRUMENTATION_STATUS: test=concurrentInstancesSerializeWithinOneProcess
INSTRUMENTATION_STATUS: class=io.github.mesteriis.rune.keyboard.intelligence.delivery.DeliveryStateStoreInstrumentedTest
INSTRUMENTATION_STATUS: current=26
INSTRUMENTATION_STATUS_CODE: 0
INSTRUMENTATION_STATUS: numtests=139
INSTRUMENTATION_STATUS: stream=
io.github.mesteriis.rune.keyboard.intelligence.delivery.ModelDeliveryManifestInstrumentedTest:
INSTRUMENTATION_STATUS: id=AndroidJUnitRunner
INSTRUMENTATION_STATUS: test=declaresOnlyInternetAndPrivateWorkerComponents
INSTRUMENTATION_STATUS: class=io.github.mesteriis.rune.keyboard.intelligence.delivery.ModelDeliveryManifestInstrumentedTest
INSTRUMENTATION_STATUS: current=27
INSTRUMENTATION_STATUS_CODE: 1
INSTRUMENTATION_STATUS: numtests=139
INSTRUMENTATION_STATUS: stream=.
INSTRUMENTATION_STATUS: id=AndroidJUnitRunner
INSTRUMENTATION_STATUS: test=declaresOnlyInternetAndPrivateWorkerComponents
INSTRUMENTATION_STATUS: class=io.github.mesteriis.rune.keyboard.intelligence.delivery.ModelDeliveryManifestInstrumentedTest
INSTRUMENTATION_STATUS: current=27
INSTRUMENTATION_STATUS_CODE: 0
INSTRUMENTATION_STATUS: numtests=139
INSTRUMENTATION_STATUS: stream=
io.github.mesteriis.rune.keyboard.intelligence.inference.ActiveModelLifecycleInstrumentedTest:
INSTRUMENTATION_STATUS: id=AndroidJUnitRunner
INSTRUMENTATION_STATUS: test=retiredWatchCallbacksAfterRestartCannotPoisonCurrentRegistration
INSTRUMENTATION_STATUS: class=io.github.mesteriis.rune.keyboard.intelligence.inference.ActiveModelLifecycleInstrumentedTest
INSTRUMENTATION_STATUS: current=28
INSTRUMENTATION_STATUS_CODE: 1
INSTRUMENTATION_STATUS: numtests=139
INSTRUMENTATION_STATUS: stream=.
INSTRUMENTATION_STATUS: id=AndroidJUnitRunner
INSTRUMENTATION_STATUS: test=retiredWatchCallbacksAfterRestartCannotPoisonCurrentRegistration
INSTRUMENTATION_STATUS: class=io.github.mesteriis.rune.keyboard.intelligence.inference.ActiveModelLifecycleInstrumentedTest
INSTRUMENTATION_STATUS: current=28
INSTRUMENTATION_STATUS_CODE: 0
INSTRUMENTATION_STATUS: numtests=139
INSTRUMENTATION_STATUS: stream=
INSTRUMENTATION_STATUS: id=AndroidJUnitRunner
INSTRUMENTATION_STATUS: test=ordinaryCancellationSuppressesLateSuccessAndReusesValidatedModel
INSTRUMENTATION_STATUS: class=io.github.mesteriis.rune.keyboard.intelligence.inference.ActiveModelLifecycleInstrumentedTest
INSTRUMENTATION_STATUS: current=29
INSTRUMENTATION_STATUS_CODE: 1
INSTRUMENTATION_STATUS: numtests=139
INSTRUMENTATION_STATUS: stream=.
INSTRUMENTATION_STATUS: id=AndroidJUnitRunner
INSTRUMENTATION_STATUS: test=ordinaryCancellationSuppressesLateSuccessAndReusesValidatedModel
INSTRUMENTATION_STATUS: class=io.github.mesteriis.rune.keyboard.intelligence.inference.ActiveModelLifecycleInstrumentedTest
INSTRUMENTATION_STATUS: current=29
INSTRUMENTATION_STATUS_CODE: 0
INSTRUMENTATION_STATUS: numtests=139
INSTRUMENTATION_STATUS: stream=
INSTRUMENTATION_STATUS: id=AndroidJUnitRunner
INSTRUMENTATION_STATUS: test=explicitInvalidationOfUnchangedIdentityStillUnloadsBeforeReload
INSTRUMENTATION_STATUS: class=io.github.mesteriis.rune.keyboard.intelligence.inference.ActiveModelLifecycleInstrumentedTest
INSTRUMENTATION_STATUS: current=30
INSTRUMENTATION_STATUS_CODE: 1
INSTRUMENTATION_STATUS: numtests=139
INSTRUMENTATION_STATUS: stream=.
INSTRUMENTATION_STATUS: id=AndroidJUnitRunner
INSTRUMENTATION_STATUS: test=explicitInvalidationOfUnchangedIdentityStillUnloadsBeforeReload
INSTRUMENTATION_STATUS: class=io.github.mesteriis.rune.keyboard.intelligence.inference.ActiveModelLifecycleInstrumentedTest
INSTRUMENTATION_STATUS: current=30
INSTRUMENTATION_STATUS_CODE: 0
INSTRUMENTATION_STATUS: numtests=139
INSTRUMENTATION_STATUS: stream=
INSTRUMENTATION_STATUS: id=AndroidJUnitRunner
INSTRUMENTATION_STATUS: test=retiredWatchCallbacksAfterCloseCannotInvalidate
INSTRUMENTATION_STATUS: class=io.github.mesteriis.rune.keyboard.intelligence.inference.ActiveModelLifecycleInstrumentedTest
INSTRUMENTATION_STATUS: current=31
INSTRUMENTATION_STATUS_CODE: 1
INSTRUMENTATION_STATUS: numtests=139
INSTRUMENTATION_STATUS: stream=.
INSTRUMENTATION_STATUS: id=AndroidJUnitRunner
INSTRUMENTATION_STATUS: test=retiredWatchCallbacksAfterCloseCannotInvalidate
INSTRUMENTATION_STATUS: class=io.github.mesteriis.rune.keyboard.intelligence.inference.ActiveModelLifecycleInstrumentedTest
INSTRUMENTATION_STATUS: current=31
INSTRUMENTATION_STATUS_CODE: 0
INSTRUMENTATION_STATUS: numtests=139
INSTRUMENTATION_STATUS: stream=
INSTRUMENTATION_STATUS: id=AndroidJUnitRunner
INSTRUMENTATION_STATUS: test=failedWatchRestartRetiresCallbacksAndLaterCurrentEventStillInvalidates
INSTRUMENTATION_STATUS: class=io.github.mesteriis.rune.keyboard.intelligence.inference.ActiveModelLifecycleInstrumentedTest
INSTRUMENTATION_STATUS: current=32
INSTRUMENTATION_STATUS_CODE: 1
INSTRUMENTATION_STATUS: numtests=139
INSTRUMENTATION_STATUS: stream=.
INSTRUMENTATION_STATUS: id=AndroidJUnitRunner
INSTRUMENTATION_STATUS: test=failedWatchRestartRetiresCallbacksAndLaterCurrentEventStillInvalidates
INSTRUMENTATION_STATUS: class=io.github.mesteriis.rune.keyboard.intelligence.inference.ActiveModelLifecycleInstrumentedTest
INSTRUMENTATION_STATUS: current=32
INSTRUMENTATION_STATUS_CODE: 0
INSTRUMENTATION_STATUS: numtests=139
INSTRUMENTATION_STATUS: stream=
INSTRUMENTATION_STATUS: id=AndroidJUnitRunner
INSTRUMENTATION_STATUS: test=committedBackupWinsWithoutReadSideRecovery
INSTRUMENTATION_STATUS: class=io.github.mesteriis.rune.keyboard.intelligence.inference.ActiveModelLifecycleInstrumentedTest
INSTRUMENTATION_STATUS: current=33
INSTRUMENTATION_STATUS_CODE: 1
INSTRUMENTATION_STATUS: numtests=139
INSTRUMENTATION_STATUS: stream=.
INSTRUMENTATION_STATUS: id=AndroidJUnitRunner
INSTRUMENTATION_STATUS: test=committedBackupWinsWithoutReadSideRecovery
INSTRUMENTATION_STATUS: class=io.github.mesteriis.rune.keyboard.intelligence.inference.ActiveModelLifecycleInstrumentedTest
INSTRUMENTATION_STATUS: current=33
INSTRUMENTATION_STATUS_CODE: 0
INSTRUMENTATION_STATUS: numtests=139
INSTRUMENTATION_STATUS: stream=
INSTRUMENTATION_STATUS: id=AndroidJUnitRunner
INSTRUMENTATION_STATUS: test=modelSizeAndSymlinkEscapeAreRejectedBeforeLoad
INSTRUMENTATION_STATUS: class=io.github.mesteriis.rune.keyboard.intelligence.inference.ActiveModelLifecycleInstrumentedTest
INSTRUMENTATION_STATUS: current=34
INSTRUMENTATION_STATUS_CODE: 1
INSTRUMENTATION_STATUS: numtests=139
INSTRUMENTATION_STATUS: stream=.
INSTRUMENTATION_STATUS: id=AndroidJUnitRunner
INSTRUMENTATION_STATUS: test=modelSizeAndSymlinkEscapeAreRejectedBeforeLoad
INSTRUMENTATION_STATUS: class=io.github.mesteriis.rune.keyboard.intelligence.inference.ActiveModelLifecycleInstrumentedTest
INSTRUMENTATION_STATUS: current=34
INSTRUMENTATION_STATUS_CODE: 0
INSTRUMENTATION_STATUS: numtests=139
INSTRUMENTATION_STATUS: stream=
INSTRUMENTATION_STATUS: id=AndroidJUnitRunner
INSTRUMENTATION_STATUS: test=pointerRotationCancelsBlockedScoreAndReloadsNextIdentity
INSTRUMENTATION_STATUS: class=io.github.mesteriis.rune.keyboard.intelligence.inference.ActiveModelLifecycleInstrumentedTest
INSTRUMENTATION_STATUS: current=35
INSTRUMENTATION_STATUS_CODE: 1
INSTRUMENTATION_STATUS: numtests=139
INSTRUMENTATION_STATUS: stream=.
INSTRUMENTATION_STATUS: id=AndroidJUnitRunner
INSTRUMENTATION_STATUS: test=pointerRotationCancelsBlockedScoreAndReloadsNextIdentity
INSTRUMENTATION_STATUS: class=io.github.mesteriis.rune.keyboard.intelligence.inference.ActiveModelLifecycleInstrumentedTest
INSTRUMENTATION_STATUS: current=35
INSTRUMENTATION_STATUS_CODE: 0
INSTRUMENTATION_STATUS: numtests=139
INSTRUMENTATION_STATUS: stream=
INSTRUMENTATION_STATUS: id=AndroidJUnitRunner
INSTRUMENTATION_STATUS: test=pointerDeletionCancelsBlockedScoreAndLeavesNoModel
INSTRUMENTATION_STATUS: class=io.github.mesteriis.rune.keyboard.intelligence.inference.ActiveModelLifecycleInstrumentedTest
INSTRUMENTATION_STATUS: current=36
INSTRUMENTATION_STATUS_CODE: 1
INSTRUMENTATION_STATUS: numtests=139
INSTRUMENTATION_STATUS: stream=.
INSTRUMENTATION_STATUS: id=AndroidJUnitRunner
INSTRUMENTATION_STATUS: test=pointerDeletionCancelsBlockedScoreAndLeavesNoModel
INSTRUMENTATION_STATUS: class=io.github.mesteriis.rune.keyboard.intelligence.inference.ActiveModelLifecycleInstrumentedTest
INSTRUMENTATION_STATUS: current=36
INSTRUMENTATION_STATUS_CODE: 0
INSTRUMENTATION_STATUS: numtests=139
INSTRUMENTATION_STATUS: stream=
INSTRUMENTATION_STATUS: id=AndroidJUnitRunner
INSTRUMENTATION_STATUS: test=cancelledWordDuringPreparationReleasesPayloadAndNextWordSharesTheLoad
INSTRUMENTATION_STATUS: class=io.github.mesteriis.rune.keyboard.intelligence.inference.ActiveModelLifecycleInstrumentedTest
INSTRUMENTATION_STATUS: current=37
INSTRUMENTATION_STATUS_CODE: 1
INSTRUMENTATION_STATUS: numtests=139
INSTRUMENTATION_STATUS: stream=.
INSTRUMENTATION_STATUS: id=AndroidJUnitRunner
INSTRUMENTATION_STATUS: test=cancelledWordDuringPreparationReleasesPayloadAndNextWordSharesTheLoad
INSTRUMENTATION_STATUS: class=io.github.mesteriis.rune.keyboard.intelligence.inference.ActiveModelLifecycleInstrumentedTest
INSTRUMENTATION_STATUS: current=37
INSTRUMENTATION_STATUS_CODE: 0
INSTRUMENTATION_STATUS: numtests=139
INSTRUMENTATION_STATUS: stream=
INSTRUMENTATION_STATUS: id=AndroidJUnitRunner
INSTRUMENTATION_STATUS: test=sessionUnbindDuringPreparationCancelsPartialLoadAndRebindStartsFresh
INSTRUMENTATION_STATUS: class=io.github.mesteriis.rune.keyboard.intelligence.inference.ActiveModelLifecycleInstrumentedTest
INSTRUMENTATION_STATUS: current=38
INSTRUMENTATION_STATUS_CODE: 1
INSTRUMENTATION_STATUS: numtests=139
INSTRUMENTATION_STATUS: stream=.
INSTRUMENTATION_STATUS: id=AndroidJUnitRunner
INSTRUMENTATION_STATUS: test=sessionUnbindDuringPreparationCancelsPartialLoadAndRebindStartsFresh
INSTRUMENTATION_STATUS: class=io.github.mesteriis.rune.keyboard.intelligence.inference.ActiveModelLifecycleInstrumentedTest
INSTRUMENTATION_STATUS: current=38
INSTRUMENTATION_STATUS_CODE: 0
INSTRUMENTATION_STATUS: numtests=139
INSTRUMENTATION_STATUS: stream=
INSTRUMENTATION_STATUS: id=AndroidJUnitRunner
INSTRUMENTATION_STATUS: test=missingWatchDirectoryFailsRegistrationAndRealWatchObservesVersionDeletion
INSTRUMENTATION_STATUS: class=io.github.mesteriis.rune.keyboard.intelligence.inference.ActiveModelLifecycleInstrumentedTest
INSTRUMENTATION_STATUS: current=39
INSTRUMENTATION_STATUS_CODE: 1
INSTRUMENTATION_STATUS: numtests=139
INSTRUMENTATION_STATUS: stream=.
INSTRUMENTATION_STATUS: id=AndroidJUnitRunner
INSTRUMENTATION_STATUS: test=missingWatchDirectoryFailsRegistrationAndRealWatchObservesVersionDeletion
INSTRUMENTATION_STATUS: class=io.github.mesteriis.rune.keyboard.intelligence.inference.ActiveModelLifecycleInstrumentedTest
INSTRUMENTATION_STATUS: current=39
INSTRUMENTATION_STATUS_CODE: 0
INSTRUMENTATION_STATUS: numtests=139
INSTRUMENTATION_STATUS: stream=
INSTRUMENTATION_STATUS: id=AndroidJUnitRunner
INSTRUMENTATION_STATUS: test=cancellationBeforeAdapterAdmissionDoesNotLoadScoreOrDiscardWarmModel
INSTRUMENTATION_STATUS: class=io.github.mesteriis.rune.keyboard.intelligence.inference.ActiveModelLifecycleInstrumentedTest
INSTRUMENTATION_STATUS: current=40
INSTRUMENTATION_STATUS_CODE: 1
INSTRUMENTATION_STATUS: numtests=139
INSTRUMENTATION_STATUS: stream=.
INSTRUMENTATION_STATUS: id=AndroidJUnitRunner
INSTRUMENTATION_STATUS: test=cancellationBeforeAdapterAdmissionDoesNotLoadScoreOrDiscardWarmModel
INSTRUMENTATION_STATUS: class=io.github.mesteriis.rune.keyboard.intelligence.inference.ActiveModelLifecycleInstrumentedTest
INSTRUMENTATION_STATUS: current=40
INSTRUMENTATION_STATUS_CODE: 0
INSTRUMENTATION_STATUS: numtests=139
INSTRUMENTATION_STATUS: stream=
INSTRUMENTATION_STATUS: id=AndroidJUnitRunner
INSTRUMENTATION_STATUS: test=closeStillReleasesAValidatedWarmModel
INSTRUMENTATION_STATUS: class=io.github.mesteriis.rune.keyboard.intelligence.inference.ActiveModelLifecycleInstrumentedTest
INSTRUMENTATION_STATUS: current=41
INSTRUMENTATION_STATUS_CODE: 1
INSTRUMENTATION_STATUS: numtests=139
INSTRUMENTATION_STATUS: stream=.
INSTRUMENTATION_STATUS: id=AndroidJUnitRunner
INSTRUMENTATION_STATUS: test=closeStillReleasesAValidatedWarmModel
INSTRUMENTATION_STATUS: class=io.github.mesteriis.rune.keyboard.intelligence.inference.ActiveModelLifecycleInstrumentedTest
INSTRUMENTATION_STATUS: current=41
INSTRUMENTATION_STATUS_CODE: 0
INSTRUMENTATION_STATUS: numtests=139
INSTRUMENTATION_STATUS: stream=
INSTRUMENTATION_STATUS: id=AndroidJUnitRunner
INSTRUMENTATION_STATUS: test=absentCorruptAndOversizedPointersFailClosedBeforeRuntimeLoad
INSTRUMENTATION_STATUS: class=io.github.mesteriis.rune.keyboard.intelligence.inference.ActiveModelLifecycleInstrumentedTest
INSTRUMENTATION_STATUS: current=42
INSTRUMENTATION_STATUS_CODE: 1
INSTRUMENTATION_STATUS: numtests=139
INSTRUMENTATION_STATUS: stream=.
INSTRUMENTATION_STATUS: id=AndroidJUnitRunner
INSTRUMENTATION_STATUS: test=absentCorruptAndOversizedPointersFailClosedBeforeRuntimeLoad
INSTRUMENTATION_STATUS: class=io.github.mesteriis.rune.keyboard.intelligence.inference.ActiveModelLifecycleInstrumentedTest
INSTRUMENTATION_STATUS: current=42
INSTRUMENTATION_STATUS_CODE: 0
INSTRUMENTATION_STATUS: numtests=139
INSTRUMENTATION_STATUS: stream=
INSTRUMENTATION_STATUS: id=AndroidJUnitRunner
INSTRUMENTATION_STATUS: test=nativeLoadKeepsSharedPhysicalLockUntilSourceIsConsumed
INSTRUMENTATION_STATUS: class=io.github.mesteriis.rune.keyboard.intelligence.inference.ActiveModelLifecycleInstrumentedTest
INSTRUMENTATION_STATUS: current=43
INSTRUMENTATION_STATUS_CODE: 1
INSTRUMENTATION_STATUS: numtests=139
INSTRUMENTATION_STATUS: stream=.
INSTRUMENTATION_STATUS: id=AndroidJUnitRunner
INSTRUMENTATION_STATUS: test=nativeLoadKeepsSharedPhysicalLockUntilSourceIsConsumed
INSTRUMENTATION_STATUS: class=io.github.mesteriis.rune.keyboard.intelligence.inference.ActiveModelLifecycleInstrumentedTest
INSTRUMENTATION_STATUS: current=43
INSTRUMENTATION_STATUS_CODE: 0
INSTRUMENTATION_STATUS: numtests=139
INSTRUMENTATION_STATUS: stream=
io.github.mesteriis.rune.keyboard.intelligence.inference.RealModelScoringInstrumentedTest:
INSTRUMENTATION_STATUS: id=AndroidJUnitRunner
INSTRUMENTATION_STATUS: test=installedRuneTextLoadsAndScoresBoundedCandidates
INSTRUMENTATION_STATUS: class=io.github.mesteriis.rune.keyboard.intelligence.inference.RealModelScoringInstrumentedTest
INSTRUMENTATION_STATUS: current=44
INSTRUMENTATION_STATUS_CODE: 1
INSTRUMENTATION_STATUS: numtests=139
INSTRUMENTATION_STATUS: stream=
io.github.mesteriis.rune.keyboard.intelligence.inference.RealModelScoringInstrumentedTest:
INSTRUMENTATION_STATUS: id=AndroidJUnitRunner
INSTRUMENTATION_STATUS: test=installedRuneTextLoadsAndScoresBoundedCandidates
INSTRUMENTATION_STATUS: class=io.github.mesteriis.rune.keyboard.intelligence.inference.RealModelScoringInstrumentedTest
INSTRUMENTATION_STATUS: stack=org.junit.AssumptionViolatedException: Exact Rune Text model is not installed
	at org.junit.Assume.assumeTrue(Assume.java:68)
	at io.github.mesteriis.rune.keyboard.intelligence.inference.RealModelScoringInstrumentedTest.installedRuneTextLoadsAndScoresBoundedCandidates(RealModelScoringInstrumentedTest.kt:44)

INSTRUMENTATION_STATUS: current=44
INSTRUMENTATION_STATUS_CODE: -4
INSTRUMENTATION_STATUS: numtests=139
INSTRUMENTATION_STATUS: stream=
io.github.mesteriis.rune.keyboard.intelligence.inference.RealModelServiceInstrumentedTest:
INSTRUMENTATION_STATUS: id=AndroidJUnitRunner
INSTRUMENTATION_STATUS: test=exactInstalledModelPreparesAndScoresThroughPrivateBinder
INSTRUMENTATION_STATUS: class=io.github.mesteriis.rune.keyboard.intelligence.inference.RealModelServiceInstrumentedTest
INSTRUMENTATION_STATUS: current=45
INSTRUMENTATION_STATUS_CODE: 1
INSTRUMENTATION_STATUS: numtests=139
INSTRUMENTATION_STATUS: stream=
io.github.mesteriis.rune.keyboard.intelligence.inference.RealModelServiceInstrumentedTest:
INSTRUMENTATION_STATUS: id=AndroidJUnitRunner
INSTRUMENTATION_STATUS: test=exactInstalledModelPreparesAndScoresThroughPrivateBinder
INSTRUMENTATION_STATUS: class=io.github.mesteriis.rune.keyboard.intelligence.inference.RealModelServiceInstrumentedTest
INSTRUMENTATION_STATUS: stack=org.junit.AssumptionViolatedException: Explicit installed-model service probe only
	at org.junit.Assume.assumeTrue(Assume.java:68)
	at io.github.mesteriis.rune.keyboard.intelligence.inference.RealModelServiceInstrumentedTest.exactInstalledModelPreparesAndScoresThroughPrivateBinder(RealModelServiceInstrumentedTest.kt:35)

INSTRUMENTATION_STATUS: current=45
INSTRUMENTATION_STATUS_CODE: -4
INSTRUMENTATION_STATUS: numtests=139
INSTRUMENTATION_STATUS: stream=
io.github.mesteriis.rune.keyboard.intelligence.inference.ScoringIpcInstrumentedTest:
INSTRUMENTATION_STATUS: id=AndroidJUnitRunner
INSTRUMENTATION_STATUS: test=privateManifestContract
INSTRUMENTATION_STATUS: class=io.github.mesteriis.rune.keyboard.intelligence.inference.ScoringIpcInstrumentedTest
INSTRUMENTATION_STATUS: current=46
INSTRUMENTATION_STATUS_CODE: 1
INSTRUMENTATION_STATUS: numtests=139
INSTRUMENTATION_STATUS: stream=.
INSTRUMENTATION_STATUS: id=AndroidJUnitRunner
INSTRUMENTATION_STATUS: test=privateManifestContract
INSTRUMENTATION_STATUS: class=io.github.mesteriis.rune.keyboard.intelligence.inference.ScoringIpcInstrumentedTest
INSTRUMENTATION_STATUS: current=46
INSTRUMENTATION_STATUS_CODE: 0
INSTRUMENTATION_STATUS: numtests=139
INSTRUMENTATION_STATUS: stream=
INSTRUMENTATION_STATUS: id=AndroidJUnitRunner
INSTRUMENTATION_STATUS: test=oversizedCountAndTextRejectBeforeAllocation
INSTRUMENTATION_STATUS: class=io.github.mesteriis.rune.keyboard.intelligence.inference.ScoringIpcInstrumentedTest
INSTRUMENTATION_STATUS: current=47
INSTRUMENTATION_STATUS_CODE: 1
INSTRUMENTATION_STATUS: numtests=139
INSTRUMENTATION_STATUS: stream=.
INSTRUMENTATION_STATUS: id=AndroidJUnitRunner
INSTRUMENTATION_STATUS: test=oversizedCountAndTextRejectBeforeAllocation
INSTRUMENTATION_STATUS: class=io.github.mesteriis.rune.keyboard.intelligence.inference.ScoringIpcInstrumentedTest
INSTRUMENTATION_STATUS: current=47
INSTRUMENTATION_STATUS_CODE: 0
INSTRUMENTATION_STATUS: numtests=139
INSTRUMENTATION_STATUS: stream=
INSTRUMENTATION_STATUS: id=AndroidJUnitRunner
INSTRUMENTATION_STATUS: test=observerConfirmsRegistrationThenInvalidatesOnPointerChange
INSTRUMENTATION_STATUS: class=io.github.mesteriis.rune.keyboard.intelligence.inference.ScoringIpcInstrumentedTest
INSTRUMENTATION_STATUS: current=48
INSTRUMENTATION_STATUS_CODE: 1
INSTRUMENTATION_STATUS: numtests=139
INSTRUMENTATION_STATUS: stream=.
INSTRUMENTATION_STATUS: id=AndroidJUnitRunner
INSTRUMENTATION_STATUS: test=observerConfirmsRegistrationThenInvalidatesOnPointerChange
INSTRUMENTATION_STATUS: class=io.github.mesteriis.rune.keyboard.intelligence.inference.ScoringIpcInstrumentedTest
INSTRUMENTATION_STATUS: current=48
INSTRUMENTATION_STATUS_CODE: 0
INSTRUMENTATION_STATUS: numtests=139
INSTRUMENTATION_STATUS: stream=
INSTRUMENTATION_STATUS: id=AndroidJUnitRunner
INSTRUMENTATION_STATUS: test=boundedRequestAndNumericReplyRoundTrip
INSTRUMENTATION_STATUS: class=io.github.mesteriis.rune.keyboard.intelligence.inference.ScoringIpcInstrumentedTest
INSTRUMENTATION_STATUS: current=49
INSTRUMENTATION_STATUS_CODE: 1
INSTRUMENTATION_STATUS: numtests=139
INSTRUMENTATION_STATUS: stream=.
INSTRUMENTATION_STATUS: id=AndroidJUnitRunner
INSTRUMENTATION_STATUS: test=boundedRequestAndNumericReplyRoundTrip
INSTRUMENTATION_STATUS: class=io.github.mesteriis.rune.keyboard.intelligence.inference.ScoringIpcInstrumentedTest
INSTRUMENTATION_STATUS: current=49
INSTRUMENTATION_STATUS_CODE: 0
INSTRUMENTATION_STATUS: numtests=139
INSTRUMENTATION_STATUS: stream=
io.github.mesteriis.rune.keyboard.intelligence.inference.ScoringLifecycleInstrumentedTest:
INSTRUMENTATION_STATUS: id=AndroidJUnitRunner
INSTRUMENTATION_STATUS: test=immediateCancelSuppressesCallbackAndDoesNotWaitForScore
INSTRUMENTATION_STATUS: class=io.github.mesteriis.rune.keyboard.intelligence.inference.ScoringLifecycleInstrumentedTest
INSTRUMENTATION_STATUS: current=50
INSTRUMENTATION_STATUS_CODE: 1
INSTRUMENTATION_STATUS: numtests=139
INSTRUMENTATION_STATUS: stream=.
INSTRUMENTATION_STATUS: id=AndroidJUnitRunner
INSTRUMENTATION_STATUS: test=immediateCancelSuppressesCallbackAndDoesNotWaitForScore
INSTRUMENTATION_STATUS: class=io.github.mesteriis.rune.keyboard.intelligence.inference.ScoringLifecycleInstrumentedTest
INSTRUMENTATION_STATUS: current=50
INSTRUMENTATION_STATUS_CODE: 0
INSTRUMENTATION_STATUS: numtests=139
INSTRUMENTATION_STATUS: stream=
INSTRUMENTATION_STATUS: id=AndroidJUnitRunner
INSTRUMENTATION_STATUS: test=onewayTransportKeepsOneActiveAndOnlyLatestPending
INSTRUMENTATION_STATUS: class=io.github.mesteriis.rune.keyboard.intelligence.inference.ScoringLifecycleInstrumentedTest
INSTRUMENTATION_STATUS: current=51
INSTRUMENTATION_STATUS_CODE: 1
INSTRUMENTATION_STATUS: numtests=139
INSTRUMENTATION_STATUS: stream=.
INSTRUMENTATION_STATUS: id=AndroidJUnitRunner
INSTRUMENTATION_STATUS: test=onewayTransportKeepsOneActiveAndOnlyLatestPending
INSTRUMENTATION_STATUS: class=io.github.mesteriis.rune.keyboard.intelligence.inference.ScoringLifecycleInstrumentedTest
INSTRUMENTATION_STATUS: current=51
INSTRUMENTATION_STATUS_CODE: 0
INSTRUMENTATION_STATUS: numtests=139
INSTRUMENTATION_STATUS: stream=
INSTRUMENTATION_STATUS: id=AndroidJUnitRunner
INSTRUMENTATION_STATUS: test=criticalBackgroundAndLowMemoryRemainSuspendedUntilActualUnbindBind
INSTRUMENTATION_STATUS: class=io.github.mesteriis.rune.keyboard.intelligence.inference.ScoringLifecycleInstrumentedTest
INSTRUMENTATION_STATUS: current=52
INSTRUMENTATION_STATUS_CODE: 1
INSTRUMENTATION_STATUS: numtests=139
INSTRUMENTATION_STATUS: stream=.
INSTRUMENTATION_STATUS: id=AndroidJUnitRunner
INSTRUMENTATION_STATUS: test=criticalBackgroundAndLowMemoryRemainSuspendedUntilActualUnbindBind
INSTRUMENTATION_STATUS: class=io.github.mesteriis.rune.keyboard.intelligence.inference.ScoringLifecycleInstrumentedTest
INSTRUMENTATION_STATUS: current=52
INSTRUMENTATION_STATUS_CODE: 0
INSTRUMENTATION_STATUS: numtests=139
INSTRUMENTATION_STATUS: stream=
INSTRUMENTATION_STATUS: id=AndroidJUnitRunner
INSTRUMENTATION_STATUS: test=obsoleteConnectionEventsCannotReviveAnEndedClient
INSTRUMENTATION_STATUS: class=io.github.mesteriis.rune.keyboard.intelligence.inference.ScoringLifecycleInstrumentedTest
INSTRUMENTATION_STATUS: current=53
INSTRUMENTATION_STATUS_CODE: 1
INSTRUMENTATION_STATUS: numtests=139
INSTRUMENTATION_STATUS: stream=.
INSTRUMENTATION_STATUS: id=AndroidJUnitRunner
INSTRUMENTATION_STATUS: test=obsoleteConnectionEventsCannotReviveAnEndedClient
INSTRUMENTATION_STATUS: class=io.github.mesteriis.rune.keyboard.intelligence.inference.ScoringLifecycleInstrumentedTest
INSTRUMENTATION_STATUS: current=53
INSTRUMENTATION_STATUS_CODE: 0
INSTRUMENTATION_STATUS: numtests=139
INSTRUMENTATION_STATUS: stream=
INSTRUMENTATION_STATUS: id=AndroidJUnitRunner
INSTRUMENTATION_STATUS: test=debugFixtureIsPrivateSameUidAndActuallyRemote
INSTRUMENTATION_STATUS: class=io.github.mesteriis.rune.keyboard.intelligence.inference.ScoringLifecycleInstrumentedTest
INSTRUMENTATION_STATUS: current=54
INSTRUMENTATION_STATUS_CODE: 1
INSTRUMENTATION_STATUS: numtests=139
INSTRUMENTATION_STATUS: stream=.
INSTRUMENTATION_STATUS: id=AndroidJUnitRunner
INSTRUMENTATION_STATUS: test=debugFixtureIsPrivateSameUidAndActuallyRemote
INSTRUMENTATION_STATUS: class=io.github.mesteriis.rune.keyboard.intelligence.inference.ScoringLifecycleInstrumentedTest
INSTRUMENTATION_STATUS: current=54
INSTRUMENTATION_STATUS_CODE: 0
INSTRUMENTATION_STATUS: numtests=139
INSTRUMENTATION_STATUS: stream=
INSTRUMENTATION_STATUS: id=AndroidJUnitRunner
INSTRUMENTATION_STATUS: test=aRealReplyEvaluatedAfterMainThreadCancellationIsIgnored
INSTRUMENTATION_STATUS: class=io.github.mesteriis.rune.keyboard.intelligence.inference.ScoringLifecycleInstrumentedTest
INSTRUMENTATION_STATUS: current=55
INSTRUMENTATION_STATUS_CODE: 1
INSTRUMENTATION_STATUS: numtests=139
INSTRUMENTATION_STATUS: stream=.
INSTRUMENTATION_STATUS: id=AndroidJUnitRunner
INSTRUMENTATION_STATUS: test=aRealReplyEvaluatedAfterMainThreadCancellationIsIgnored
INSTRUMENTATION_STATUS: class=io.github.mesteriis.rune.keyboard.intelligence.inference.ScoringLifecycleInstrumentedTest
INSTRUMENTATION_STATUS: current=55
INSTRUMENTATION_STATUS_CODE: 0
INSTRUMENTATION_STATUS: numtests=139
INSTRUMENTATION_STATUS: stream=
INSTRUMENTATION_STATUS: id=AndroidJUnitRunner
INSTRUMENTATION_STATUS: test=ineligibleEndedAndClosedSessionsCancelDeathRetryAndReleaseRegistrations
INSTRUMENTATION_STATUS: class=io.github.mesteriis.rune.keyboard.intelligence.inference.ScoringLifecycleInstrumentedTest
INSTRUMENTATION_STATUS: current=56
INSTRUMENTATION_STATUS_CODE: 1
INSTRUMENTATION_STATUS: numtests=139
INSTRUMENTATION_STATUS: stream=.
INSTRUMENTATION_STATUS: id=AndroidJUnitRunner
INSTRUMENTATION_STATUS: test=ineligibleEndedAndClosedSessionsCancelDeathRetryAndReleaseRegistrations
INSTRUMENTATION_STATUS: class=io.github.mesteriis.rune.keyboard.intelligence.inference.ScoringLifecycleInstrumentedTest
INSTRUMENTATION_STATUS: current=56
INSTRUMENTATION_STATUS_CODE: 0
INSTRUMENTATION_STATUS: numtests=139
INSTRUMENTATION_STATUS: stream=
INSTRUMENTATION_STATUS: id=AndroidJUnitRunner
INSTRUMENTATION_STATUS: test=realClientRebindsAfterProcessDeathWithoutReplayingPayload
INSTRUMENTATION_STATUS: class=io.github.mesteriis.rune.keyboard.intelligence.inference.ScoringLifecycleInstrumentedTest
INSTRUMENTATION_STATUS: current=57
INSTRUMENTATION_STATUS_CODE: 1
INSTRUMENTATION_STATUS: numtests=139
INSTRUMENTATION_STATUS: stream=.
INSTRUMENTATION_STATUS: id=AndroidJUnitRunner
INSTRUMENTATION_STATUS: test=realClientRebindsAfterProcessDeathWithoutReplayingPayload
INSTRUMENTATION_STATUS: class=io.github.mesteriis.rune.keyboard.intelligence.inference.ScoringLifecycleInstrumentedTest
INSTRUMENTATION_STATUS: current=57
INSTRUMENTATION_STATUS_CODE: 0
INSTRUMENTATION_STATUS: numtests=139
INSTRUMENTATION_STATUS: stream=
INSTRUMENTATION_STATUS: id=AndroidJUnitRunner
INSTRUMENTATION_STATUS: test=criticalTrimAndInvalidationDropPendingCancelActiveAndUnload
INSTRUMENTATION_STATUS: class=io.github.mesteriis.rune.keyboard.intelligence.inference.ScoringLifecycleInstrumentedTest
INSTRUMENTATION_STATUS: current=58
INSTRUMENTATION_STATUS_CODE: 1
INSTRUMENTATION_STATUS: numtests=139
INSTRUMENTATION_STATUS: stream=.
INSTRUMENTATION_STATUS: id=AndroidJUnitRunner
INSTRUMENTATION_STATUS: test=criticalTrimAndInvalidationDropPendingCancelActiveAndUnload
INSTRUMENTATION_STATUS: class=io.github.mesteriis.rune.keyboard.intelligence.inference.ScoringLifecycleInstrumentedTest
INSTRUMENTATION_STATUS: current=58
INSTRUMENTATION_STATUS_CODE: 0
INSTRUMENTATION_STATUS: numtests=139
INSTRUMENTATION_STATUS: stream=
INSTRUMENTATION_STATUS: id=AndroidJUnitRunner
INSTRUMENTATION_STATUS: test=ownerCanCertifyOnePostSpaceTokenWithoutAcceptingOtherOldRevisionReplies
INSTRUMENTATION_STATUS: class=io.github.mesteriis.rune.keyboard.intelligence.inference.ScoringLifecycleInstrumentedTest
INSTRUMENTATION_STATUS: current=59
INSTRUMENTATION_STATUS_CODE: 1
INSTRUMENTATION_STATUS: numtests=139
INSTRUMENTATION_STATUS: stream=.
INSTRUMENTATION_STATUS: id=AndroidJUnitRunner
INSTRUMENTATION_STATUS: test=ownerCanCertifyOnePostSpaceTokenWithoutAcceptingOtherOldRevisionReplies
INSTRUMENTATION_STATUS: class=io.github.mesteriis.rune.keyboard.intelligence.inference.ScoringLifecycleInstrumentedTest
INSTRUMENTATION_STATUS: current=59
INSTRUMENTATION_STATUS_CODE: 0
INSTRUMENTATION_STATUS: numtests=139
INSTRUMENTATION_STATUS: stream=
INSTRUMENTATION_STATUS: id=AndroidJUnitRunner
INSTRUMENTATION_STATUS: test=idleWorkerUnloadsAfterCompletionWithoutMoreInput
INSTRUMENTATION_STATUS: class=io.github.mesteriis.rune.keyboard.intelligence.inference.ScoringLifecycleInstrumentedTest
INSTRUMENTATION_STATUS: current=60
INSTRUMENTATION_STATUS_CODE: 1
INSTRUMENTATION_STATUS: numtests=139
INSTRUMENTATION_STATUS: stream=.
INSTRUMENTATION_STATUS: id=AndroidJUnitRunner
INSTRUMENTATION_STATUS: test=idleWorkerUnloadsAfterCompletionWithoutMoreInput
INSTRUMENTATION_STATUS: class=io.github.mesteriis.rune.keyboard.intelligence.inference.ScoringLifecycleInstrumentedTest
INSTRUMENTATION_STATUS: current=60
INSTRUMENTATION_STATUS_CODE: 0
INSTRUMENTATION_STATUS: numtests=139
INSTRUMENTATION_STATUS: stream=
io.github.mesteriis.rune.keyboard.intelligence.readiness.AndroidModelCandidatesInstrumentedTest:
INSTRUMENTATION_STATUS: id=AndroidJUnitRunner
INSTRUMENTATION_STATUS: test=endingSessionClearsReadyAndLaterSessionRechecksRemovedModel
INSTRUMENTATION_STATUS: class=io.github.mesteriis.rune.keyboard.intelligence.readiness.AndroidModelCandidatesInstrumentedTest
INSTRUMENTATION_STATUS: current=61
INSTRUMENTATION_STATUS_CODE: 1
INSTRUMENTATION_STATUS: numtests=139
INSTRUMENTATION_STATUS: stream=.
INSTRUMENTATION_STATUS: id=AndroidJUnitRunner
INSTRUMENTATION_STATUS: test=endingSessionClearsReadyAndLaterSessionRechecksRemovedModel
INSTRUMENTATION_STATUS: class=io.github.mesteriis.rune.keyboard.intelligence.readiness.AndroidModelCandidatesInstrumentedTest
INSTRUMENTATION_STATUS: current=61
INSTRUMENTATION_STATUS_CODE: 0
INSTRUMENTATION_STATUS: numtests=139
INSTRUMENTATION_STATUS: stream=
INSTRUMENTATION_STATUS: id=AndroidJUnitRunner
INSTRUMENTATION_STATUS: test=contextualCandidatesUseOneBoundedRemoteRequestAndEqualScoresKeepOriginal
INSTRUMENTATION_STATUS: class=io.github.mesteriis.rune.keyboard.intelligence.readiness.AndroidModelCandidatesInstrumentedTest
INSTRUMENTATION_STATUS: current=62
INSTRUMENTATION_STATUS_CODE: 1
INSTRUMENTATION_STATUS: numtests=139
INSTRUMENTATION_STATUS: stream=.
INSTRUMENTATION_STATUS: id=AndroidJUnitRunner
INSTRUMENTATION_STATUS: test=contextualCandidatesUseOneBoundedRemoteRequestAndEqualScoresKeepOriginal
INSTRUMENTATION_STATUS: class=io.github.mesteriis.rune.keyboard.intelligence.readiness.AndroidModelCandidatesInstrumentedTest
INSTRUMENTATION_STATUS: current=62
INSTRUMENTATION_STATUS_CODE: 0
INSTRUMENTATION_STATUS: numtests=139
INSTRUMENTATION_STATUS: stream=
INSTRUMENTATION_STATUS: id=AndroidJUnitRunner
INSTRUMENTATION_STATUS: test=inactiveOrSensitiveFactoryNeverReadsMetadataOrBinds
INSTRUMENTATION_STATUS: class=io.github.mesteriis.rune.keyboard.intelligence.readiness.AndroidModelCandidatesInstrumentedTest
INSTRUMENTATION_STATUS: current=63
INSTRUMENTATION_STATUS_CODE: 1
INSTRUMENTATION_STATUS: numtests=139
INSTRUMENTATION_STATUS: stream=.
INSTRUMENTATION_STATUS: id=AndroidJUnitRunner
INSTRUMENTATION_STATUS: test=inactiveOrSensitiveFactoryNeverReadsMetadataOrBinds
INSTRUMENTATION_STATUS: class=io.github.mesteriis.rune.keyboard.intelligence.readiness.AndroidModelCandidatesInstrumentedTest
INSTRUMENTATION_STATUS: current=63
INSTRUMENTATION_STATUS_CODE: 0
INSTRUMENTATION_STATUS: numtests=139
INSTRUMENTATION_STATUS: stream=
INSTRUMENTATION_STATUS: id=AndroidJUnitRunner
INSTRUMENTATION_STATUS: test=readyDoesNotReplayAndNextEditUsesRealRemoteClientWithoutEditorWrite
INSTRUMENTATION_STATUS: class=io.github.mesteriis.rune.keyboard.intelligence.readiness.AndroidModelCandidatesInstrumentedTest
INSTRUMENTATION_STATUS: current=64
INSTRUMENTATION_STATUS_CODE: 1
INSTRUMENTATION_STATUS: numtests=139
INSTRUMENTATION_STATUS: stream=.
INSTRUMENTATION_STATUS: id=AndroidJUnitRunner
INSTRUMENTATION_STATUS: test=readyDoesNotReplayAndNextEditUsesRealRemoteClientWithoutEditorWrite
INSTRUMENTATION_STATUS: class=io.github.mesteriis.rune.keyboard.intelligence.readiness.AndroidModelCandidatesInstrumentedTest
INSTRUMENTATION_STATUS: current=64
INSTRUMENTATION_STATUS_CODE: 0
INSTRUMENTATION_STATUS: numtests=139
INSTRUMENTATION_STATUS: stream=
INSTRUMENTATION_STATUS: id=AndroidJUnitRunner
INSTRUMENTATION_STATUS: test=current95ProfileAppliesRemoteModelCorrectionAndImmediateUndo
INSTRUMENTATION_STATUS: class=io.github.mesteriis.rune.keyboard.intelligence.readiness.AndroidModelCandidatesInstrumentedTest
INSTRUMENTATION_STATUS: current=65
INSTRUMENTATION_STATUS_CODE: 1
INSTRUMENTATION_STATUS: numtests=139
INSTRUMENTATION_STATUS: stream=.
INSTRUMENTATION_STATUS: id=AndroidJUnitRunner
INSTRUMENTATION_STATUS: test=current95ProfileAppliesRemoteModelCorrectionAndImmediateUndo
INSTRUMENTATION_STATUS: class=io.github.mesteriis.rune.keyboard.intelligence.readiness.AndroidModelCandidatesInstrumentedTest
INSTRUMENTATION_STATUS: current=65
INSTRUMENTATION_STATUS_CODE: 0
INSTRUMENTATION_STATUS: numtests=139
INSTRUMENTATION_STATUS: stream=
INSTRUMENTATION_STATUS: id=AndroidJUnitRunner
INSTRUMENTATION_STATUS: test=realBinderReplyAfterSpaceUsesOwnedSuffixAndImmediateUndo
INSTRUMENTATION_STATUS: class=io.github.mesteriis.rune.keyboard.intelligence.readiness.AndroidModelCandidatesInstrumentedTest
INSTRUMENTATION_STATUS: current=66
INSTRUMENTATION_STATUS_CODE: 1
INSTRUMENTATION_STATUS: numtests=139
INSTRUMENTATION_STATUS: stream=.
INSTRUMENTATION_STATUS: id=AndroidJUnitRunner
INSTRUMENTATION_STATUS: test=realBinderReplyAfterSpaceUsesOwnedSuffixAndImmediateUndo
INSTRUMENTATION_STATUS: class=io.github.mesteriis.rune.keyboard.intelligence.readiness.AndroidModelCandidatesInstrumentedTest
INSTRUMENTATION_STATUS: current=66
INSTRUMENTATION_STATUS_CODE: 0
INSTRUMENTATION_STATUS: numtests=139
INSTRUMENTATION_STATUS: stream=
io.github.mesteriis.rune.keyboard.intelligence.runtime.ModelActivationCoordinatorInstrumentedTest:
INSTRUMENTATION_STATUS: id=AndroidJUnitRunner
INSTRUMENTATION_STATUS: test=idleActiveModelDoesNotRequestRuntimeWork
INSTRUMENTATION_STATUS: class=io.github.mesteriis.rune.keyboard.intelligence.runtime.ModelActivationCoordinatorInstrumentedTest
INSTRUMENTATION_STATUS: current=67
INSTRUMENTATION_STATUS_CODE: 1
INSTRUMENTATION_STATUS: numtests=139
INSTRUMENTATION_STATUS: stream=.
INSTRUMENTATION_STATUS: id=AndroidJUnitRunner
INSTRUMENTATION_STATUS: test=idleActiveModelDoesNotRequestRuntimeWork
INSTRUMENTATION_STATUS: class=io.github.mesteriis.rune.keyboard.intelligence.runtime.ModelActivationCoordinatorInstrumentedTest
INSTRUMENTATION_STATUS: current=67
INSTRUMENTATION_STATUS_CODE: 0
INSTRUMENTATION_STATUS: numtests=139
INSTRUMENTATION_STATUS: stream=
INSTRUMENTATION_STATUS: id=AndroidJUnitRunner
INSTRUMENTATION_STATUS: test=failedPostCommitReloadPromotesPreviousActive
INSTRUMENTATION_STATUS: class=io.github.mesteriis.rune.keyboard.intelligence.runtime.ModelActivationCoordinatorInstrumentedTest
INSTRUMENTATION_STATUS: current=68
INSTRUMENTATION_STATUS_CODE: 1
INSTRUMENTATION_STATUS: numtests=139
INSTRUMENTATION_STATUS: stream=.
INSTRUMENTATION_STATUS: id=AndroidJUnitRunner
INSTRUMENTATION_STATUS: test=failedPostCommitReloadPromotesPreviousActive
INSTRUMENTATION_STATUS: class=io.github.mesteriis.rune.keyboard.intelligence.runtime.ModelActivationCoordinatorInstrumentedTest
INSTRUMENTATION_STATUS: current=68
INSTRUMENTATION_STATUS_CODE: 0
INSTRUMENTATION_STATUS: numtests=139
INSTRUMENTATION_STATUS: stream=
INSTRUMENTATION_STATUS: id=AndroidJUnitRunner
INSTRUMENTATION_STATUS: test=failedActiveAndRollbackClearPointerInsteadOfExposingBadModel
INSTRUMENTATION_STATUS: class=io.github.mesteriis.rune.keyboard.intelligence.runtime.ModelActivationCoordinatorInstrumentedTest
INSTRUMENTATION_STATUS: current=69
INSTRUMENTATION_STATUS_CODE: 1
INSTRUMENTATION_STATUS: numtests=139
INSTRUMENTATION_STATUS: stream=.
INSTRUMENTATION_STATUS: id=AndroidJUnitRunner
INSTRUMENTATION_STATUS: test=failedActiveAndRollbackClearPointerInsteadOfExposingBadModel
INSTRUMENTATION_STATUS: class=io.github.mesteriis.rune.keyboard.intelligence.runtime.ModelActivationCoordinatorInstrumentedTest
INSTRUMENTATION_STATUS: current=69
INSTRUMENTATION_STATUS_CODE: 0
INSTRUMENTATION_STATUS: numtests=139
INSTRUMENTATION_STATUS: stream=
INSTRUMENTATION_STATUS: id=AndroidJUnitRunner
INSTRUMENTATION_STATUS: test=concurrentPointerStoreInstancesSerializeWithinOneProcess
INSTRUMENTATION_STATUS: class=io.github.mesteriis.rune.keyboard.intelligence.runtime.ModelActivationCoordinatorInstrumentedTest
INSTRUMENTATION_STATUS: current=70
INSTRUMENTATION_STATUS_CODE: 1
INSTRUMENTATION_STATUS: numtests=139
INSTRUMENTATION_STATUS: stream=.
INSTRUMENTATION_STATUS: id=AndroidJUnitRunner
INSTRUMENTATION_STATUS: test=concurrentPointerStoreInstancesSerializeWithinOneProcess
INSTRUMENTATION_STATUS: class=io.github.mesteriis.rune.keyboard.intelligence.runtime.ModelActivationCoordinatorInstrumentedTest
INSTRUMENTATION_STATUS: current=70
INSTRUMENTATION_STATUS_CODE: 0
INSTRUMENTATION_STATUS: numtests=139
INSTRUMENTATION_STATUS: stream=
INSTRUMENTATION_STATUS: id=AndroidJUnitRunner
INSTRUMENTATION_STATUS: test=resumesSelfTestingJournalFromMovedVersion
INSTRUMENTATION_STATUS: class=io.github.mesteriis.rune.keyboard.intelligence.runtime.ModelActivationCoordinatorInstrumentedTest
INSTRUMENTATION_STATUS: current=71
INSTRUMENTATION_STATUS_CODE: 1
INSTRUMENTATION_STATUS: numtests=139
INSTRUMENTATION_STATUS: stream=.
INSTRUMENTATION_STATUS: id=AndroidJUnitRunner
INSTRUMENTATION_STATUS: test=resumesSelfTestingJournalFromMovedVersion
INSTRUMENTATION_STATUS: class=io.github.mesteriis.rune.keyboard.intelligence.runtime.ModelActivationCoordinatorInstrumentedTest
INSTRUMENTATION_STATUS: current=71
INSTRUMENTATION_STATUS_CODE: 0
INSTRUMENTATION_STATUS: numtests=139
INSTRUMENTATION_STATUS: stream=
INSTRUMENTATION_STATUS: id=AndroidJUnitRunner
INSTRUMENTATION_STATUS: test=recoveryUsesPersistedActivationDirectoryAfterDescriptorChanges
INSTRUMENTATION_STATUS: class=io.github.mesteriis.rune.keyboard.intelligence.runtime.ModelActivationCoordinatorInstrumentedTest
INSTRUMENTATION_STATUS: current=72
INSTRUMENTATION_STATUS_CODE: 1
INSTRUMENTATION_STATUS: numtests=139
INSTRUMENTATION_STATUS: stream=.
INSTRUMENTATION_STATUS: id=AndroidJUnitRunner
INSTRUMENTATION_STATUS: test=recoveryUsesPersistedActivationDirectoryAfterDescriptorChanges
INSTRUMENTATION_STATUS: class=io.github.mesteriis.rune.keyboard.intelligence.runtime.ModelActivationCoordinatorInstrumentedTest
INSTRUMENTATION_STATUS: current=72
INSTRUMENTATION_STATUS_CODE: 0
INSTRUMENTATION_STATUS: numtests=139
INSTRUMENTATION_STATUS: stream=
INSTRUMENTATION_STATUS: id=AndroidJUnitRunner
INSTRUMENTATION_STATUS: test=pointerStoreRecoversCommittedBackupWhenBaseFileIsMissing
INSTRUMENTATION_STATUS: class=io.github.mesteriis.rune.keyboard.intelligence.runtime.ModelActivationCoordinatorInstrumentedTest
INSTRUMENTATION_STATUS: current=73
INSTRUMENTATION_STATUS_CODE: 1
INSTRUMENTATION_STATUS: numtests=139
INSTRUMENTATION_STATUS: stream=.
INSTRUMENTATION_STATUS: id=AndroidJUnitRunner
INSTRUMENTATION_STATUS: test=pointerStoreRecoversCommittedBackupWhenBaseFileIsMissing
INSTRUMENTATION_STATUS: class=io.github.mesteriis.rune.keyboard.intelligence.runtime.ModelActivationCoordinatorInstrumentedTest
INSTRUMENTATION_STATUS: current=73
INSTRUMENTATION_STATUS_CODE: 0
INSTRUMENTATION_STATUS: numtests=139
INSTRUMENTATION_STATUS: stream=
INSTRUMENTATION_STATUS: id=AndroidJUnitRunner
INSTRUMENTATION_STATUS: test=committedSelfTestingJournalDoesNotRotateRollbackAgain
INSTRUMENTATION_STATUS: class=io.github.mesteriis.rune.keyboard.intelligence.runtime.ModelActivationCoordinatorInstrumentedTest
INSTRUMENTATION_STATUS: current=74
INSTRUMENTATION_STATUS_CODE: 1
INSTRUMENTATION_STATUS: numtests=139
INSTRUMENTATION_STATUS: stream=.
INSTRUMENTATION_STATUS: id=AndroidJUnitRunner
INSTRUMENTATION_STATUS: test=committedSelfTestingJournalDoesNotRotateRollbackAgain
INSTRUMENTATION_STATUS: class=io.github.mesteriis.rune.keyboard.intelligence.runtime.ModelActivationCoordinatorInstrumentedTest
INSTRUMENTATION_STATUS: current=74
INSTRUMENTATION_STATUS_CODE: 0
INSTRUMENTATION_STATUS: numtests=139
INSTRUMENTATION_STATUS: stream=
INSTRUMENTATION_STATUS: id=AndroidJUnitRunner
INSTRUMENTATION_STATUS: test=legacySameVersionCandidateCannotMaskCorruptRetainedActive
INSTRUMENTATION_STATUS: class=io.github.mesteriis.rune.keyboard.intelligence.runtime.ModelActivationCoordinatorInstrumentedTest
INSTRUMENTATION_STATUS: current=75
INSTRUMENTATION_STATUS_CODE: 1
INSTRUMENTATION_STATUS: numtests=139
INSTRUMENTATION_STATUS: stream=.
INSTRUMENTATION_STATUS: id=AndroidJUnitRunner
INSTRUMENTATION_STATUS: test=legacySameVersionCandidateCannotMaskCorruptRetainedActive
INSTRUMENTATION_STATUS: class=io.github.mesteriis.rune.keyboard.intelligence.runtime.ModelActivationCoordinatorInstrumentedTest
INSTRUMENTATION_STATUS: current=75
INSTRUMENTATION_STATUS_CODE: 0
INSTRUMENTATION_STATUS: numtests=139
INSTRUMENTATION_STATUS: stream=
INSTRUMENTATION_STATUS: id=AndroidJUnitRunner
INSTRUMENTATION_STATUS: test=legacyPhaseWithoutActivationDirectoryFailsClosed
INSTRUMENTATION_STATUS: class=io.github.mesteriis.rune.keyboard.intelligence.runtime.ModelActivationCoordinatorInstrumentedTest
INSTRUMENTATION_STATUS: current=76
INSTRUMENTATION_STATUS_CODE: 1
INSTRUMENTATION_STATUS: numtests=139
INSTRUMENTATION_STATUS: stream=.
INSTRUMENTATION_STATUS: id=AndroidJUnitRunner
INSTRUMENTATION_STATUS: test=legacyPhaseWithoutActivationDirectoryFailsClosed
INSTRUMENTATION_STATUS: class=io.github.mesteriis.rune.keyboard.intelligence.runtime.ModelActivationCoordinatorInstrumentedTest
INSTRUMENTATION_STATUS: current=76
INSTRUMENTATION_STATUS_CODE: 0
INSTRUMENTATION_STATUS: numtests=139
INSTRUMENTATION_STATUS: stream=
INSTRUMENTATION_STATUS: id=AndroidJUnitRunner
INSTRUMENTATION_STATUS: test=sameVersionImportReturnsToReadyWithoutRotatingOrStalling
INSTRUMENTATION_STATUS: class=io.github.mesteriis.rune.keyboard.intelligence.runtime.ModelActivationCoordinatorInstrumentedTest
INSTRUMENTATION_STATUS: current=77
INSTRUMENTATION_STATUS_CODE: 1
INSTRUMENTATION_STATUS: numtests=139
INSTRUMENTATION_STATUS: stream=.
INSTRUMENTATION_STATUS: id=AndroidJUnitRunner
INSTRUMENTATION_STATUS: test=sameVersionImportReturnsToReadyWithoutRotatingOrStalling
INSTRUMENTATION_STATUS: class=io.github.mesteriis.rune.keyboard.intelligence.runtime.ModelActivationCoordinatorInstrumentedTest
INSTRUMENTATION_STATUS: current=77
INSTRUMENTATION_STATUS_CODE: 0
INSTRUMENTATION_STATUS: numtests=139
INSTRUMENTATION_STATUS: stream=
INSTRUMENTATION_STATUS: id=AndroidJUnitRunner
INSTRUMENTATION_STATUS: test=rollbackCommitFailureKeepsDurablePhaseForRetry
INSTRUMENTATION_STATUS: class=io.github.mesteriis.rune.keyboard.intelligence.runtime.ModelActivationCoordinatorInstrumentedTest
INSTRUMENTATION_STATUS: current=78
INSTRUMENTATION_STATUS_CODE: 1
INSTRUMENTATION_STATUS: numtests=139
INSTRUMENTATION_STATUS: stream=.
INSTRUMENTATION_STATUS: id=AndroidJUnitRunner
INSTRUMENTATION_STATUS: test=rollbackCommitFailureKeepsDurablePhaseForRetry
INSTRUMENTATION_STATUS: class=io.github.mesteriis.rune.keyboard.intelligence.runtime.ModelActivationCoordinatorInstrumentedTest
INSTRUMENTATION_STATUS: current=78
INSTRUMENTATION_STATUS_CODE: 0
INSTRUMENTATION_STATUS: numtests=139
INSTRUMENTATION_STATUS: stream=
INSTRUMENTATION_STATUS: id=AndroidJUnitRunner
INSTRUMENTATION_STATUS: test=deletingPointerLeavesNoAtomicFileThatCanRestoreAnActiveModel
INSTRUMENTATION_STATUS: class=io.github.mesteriis.rune.keyboard.intelligence.runtime.ModelActivationCoordinatorInstrumentedTest
INSTRUMENTATION_STATUS: current=79
INSTRUMENTATION_STATUS_CODE: 1
INSTRUMENTATION_STATUS: numtests=139
INSTRUMENTATION_STATUS: stream=.
INSTRUMENTATION_STATUS: id=AndroidJUnitRunner
INSTRUMENTATION_STATUS: test=deletingPointerLeavesNoAtomicFileThatCanRestoreAnActiveModel
INSTRUMENTATION_STATUS: class=io.github.mesteriis.rune.keyboard.intelligence.runtime.ModelActivationCoordinatorInstrumentedTest
INSTRUMENTATION_STATUS: current=79
INSTRUMENTATION_STATUS_CODE: 0
INSTRUMENTATION_STATUS: numtests=139
INSTRUMENTATION_STATUS: stream=
INSTRUMENTATION_STATUS: id=AndroidJUnitRunner
INSTRUMENTATION_STATUS: test=rollbackPhaseAfterPointerCommitCannotReactivateFailedVersion
INSTRUMENTATION_STATUS: class=io.github.mesteriis.rune.keyboard.intelligence.runtime.ModelActivationCoordinatorInstrumentedTest
INSTRUMENTATION_STATUS: current=80
INSTRUMENTATION_STATUS_CODE: 1
INSTRUMENTATION_STATUS: numtests=139
INSTRUMENTATION_STATUS: stream=.
INSTRUMENTATION_STATUS: id=AndroidJUnitRunner
INSTRUMENTATION_STATUS: test=rollbackPhaseAfterPointerCommitCannotReactivateFailedVersion
INSTRUMENTATION_STATUS: class=io.github.mesteriis.rune.keyboard.intelligence.runtime.ModelActivationCoordinatorInstrumentedTest
INSTRUMENTATION_STATUS: current=80
INSTRUMENTATION_STATUS_CODE: 0
INSTRUMENTATION_STATUS: numtests=139
INSTRUMENTATION_STATUS: stream=
INSTRUMENTATION_STATUS: id=AndroidJUnitRunner
INSTRUMENTATION_STATUS: test=clearPointerPhaseFinishesCleanupAfterPointerCommitCrash
INSTRUMENTATION_STATUS: class=io.github.mesteriis.rune.keyboard.intelligence.runtime.ModelActivationCoordinatorInstrumentedTest
INSTRUMENTATION_STATUS: current=81
INSTRUMENTATION_STATUS_CODE: 1
INSTRUMENTATION_STATUS: numtests=139
INSTRUMENTATION_STATUS: stream=.
INSTRUMENTATION_STATUS: id=AndroidJUnitRunner
INSTRUMENTATION_STATUS: test=clearPointerPhaseFinishesCleanupAfterPointerCommitCrash
INSTRUMENTATION_STATUS: class=io.github.mesteriis.rune.keyboard.intelligence.runtime.ModelActivationCoordinatorInstrumentedTest
INSTRUMENTATION_STATUS: current=81
INSTRUMENTATION_STATUS_CODE: 0
INSTRUMENTATION_STATUS: numtests=139
INSTRUMENTATION_STATUS: stream=
io.github.mesteriis.rune.keyboard.intelligence.ui.ModelSettingsActivityInstrumentedTest:
INSTRUMENTATION_STATUS: id=AndroidJUnitRunner
INSTRUMENTATION_STATUS: test=opensWithoutModelAndSurvivesRotation
INSTRUMENTATION_STATUS: class=io.github.mesteriis.rune.keyboard.intelligence.ui.ModelSettingsActivityInstrumentedTest
INSTRUMENTATION_STATUS: current=82
INSTRUMENTATION_STATUS_CODE: 1
INSTRUMENTATION_STATUS: numtests=139
INSTRUMENTATION_STATUS: stream=.
INSTRUMENTATION_STATUS: id=AndroidJUnitRunner
INSTRUMENTATION_STATUS: test=opensWithoutModelAndSurvivesRotation
INSTRUMENTATION_STATUS: class=io.github.mesteriis.rune.keyboard.intelligence.ui.ModelSettingsActivityInstrumentedTest
INSTRUMENTATION_STATUS: current=82
INSTRUMENTATION_STATUS_CODE: 0
INSTRUMENTATION_STATUS: numtests=139
INSTRUMENTATION_STATUS: stream=
io.github.mesteriis.rune.keyboard.qa.ContextualPunctuationEditorInstrumentedTest:
INSTRUMENTATION_STATUS: id=AndroidJUnitRunner
INSTRUMENTATION_STATUS: test=remoteCursorMovementInvalidatesPendingReplyAndHeldPunctuationSelection
INSTRUMENTATION_STATUS: class=io.github.mesteriis.rune.keyboard.qa.ContextualPunctuationEditorInstrumentedTest
INSTRUMENTATION_STATUS: current=83
INSTRUMENTATION_STATUS_CODE: 1
INSTRUMENTATION_STATUS: numtests=139
INSTRUMENTATION_STATUS: stream=.
INSTRUMENTATION_STATUS: id=AndroidJUnitRunner
INSTRUMENTATION_STATUS: test=remoteCursorMovementInvalidatesPendingReplyAndHeldPunctuationSelection
INSTRUMENTATION_STATUS: class=io.github.mesteriis.rune.keyboard.qa.ContextualPunctuationEditorInstrumentedTest
INSTRUMENTATION_STATUS: current=83
INSTRUMENTATION_STATUS_CODE: 0
INSTRUMENTATION_STATUS: numtests=139
INSTRUMENTATION_STATUS: stream=
INSTRUMENTATION_STATUS: id=AndroidJUnitRunner
INSTRUMENTATION_STATUS: test=explicitSelectionChangesOnlyOwnedBoundaryAndOptionalFirstLetterAcrossBinder
INSTRUMENTATION_STATUS: class=io.github.mesteriis.rune.keyboard.qa.ContextualPunctuationEditorInstrumentedTest
INSTRUMENTATION_STATUS: current=84
INSTRUMENTATION_STATUS_CODE: 1
INSTRUMENTATION_STATUS: numtests=139
INSTRUMENTATION_STATUS: stream=.
INSTRUMENTATION_STATUS: id=AndroidJUnitRunner
INSTRUMENTATION_STATUS: test=explicitSelectionChangesOnlyOwnedBoundaryAndOptionalFirstLetterAcrossBinder
INSTRUMENTATION_STATUS: class=io.github.mesteriis.rune.keyboard.qa.ContextualPunctuationEditorInstrumentedTest
INSTRUMENTATION_STATUS: current=84
INSTRUMENTATION_STATUS_CODE: 0
INSTRUMENTATION_STATUS: numtests=139
INSTRUMENTATION_STATUS: stream=
INSTRUMENTATION_STATUS: id=AndroidJUnitRunner
INSTRUMENTATION_STATUS: test=obsoleteReplyAndCandidateCannotReplaceNewWordOrConsumeItsCurrentRequest
INSTRUMENTATION_STATUS: class=io.github.mesteriis.rune.keyboard.qa.ContextualPunctuationEditorInstrumentedTest
INSTRUMENTATION_STATUS: current=85
INSTRUMENTATION_STATUS_CODE: 1
INSTRUMENTATION_STATUS: numtests=139
INSTRUMENTATION_STATUS: stream=.
INSTRUMENTATION_STATUS: id=AndroidJUnitRunner
INSTRUMENTATION_STATUS: test=obsoleteReplyAndCandidateCannotReplaceNewWordOrConsumeItsCurrentRequest
INSTRUMENTATION_STATUS: class=io.github.mesteriis.rune.keyboard.qa.ContextualPunctuationEditorInstrumentedTest
INSTRUMENTATION_STATUS: current=85
INSTRUMENTATION_STATUS_CODE: 0
INSTRUMENTATION_STATUS: numtests=139
INSTRUMENTATION_STATUS: stream=
io.github.mesteriis.rune.keyboard.qa.EditorActionInstrumentedTest:
INSTRUMENTATION_STATUS: id=AndroidJUnitRunner
INSTRUMENTATION_STATUS: test=multilineEnterCommitsANewlineInsteadOfSending
INSTRUMENTATION_STATUS: class=io.github.mesteriis.rune.keyboard.qa.EditorActionInstrumentedTest
INSTRUMENTATION_STATUS: current=86
INSTRUMENTATION_STATUS_CODE: 1
INSTRUMENTATION_STATUS: numtests=139
INSTRUMENTATION_STATUS: stream=.
INSTRUMENTATION_STATUS: id=AndroidJUnitRunner
INSTRUMENTATION_STATUS: test=multilineEnterCommitsANewlineInsteadOfSending
INSTRUMENTATION_STATUS: class=io.github.mesteriis.rune.keyboard.qa.EditorActionInstrumentedTest
INSTRUMENTATION_STATUS: current=86
INSTRUMENTATION_STATUS_CODE: 0
INSTRUMENTATION_STATUS: numtests=139
INSTRUMENTATION_STATUS: stream=
INSTRUMENTATION_STATUS: id=AndroidJUnitRunner
INSTRUMENTATION_STATUS: test=standardAndCustomEditorActionsReachTheRemoteEditor
INSTRUMENTATION_STATUS: class=io.github.mesteriis.rune.keyboard.qa.EditorActionInstrumentedTest
INSTRUMENTATION_STATUS: current=87
INSTRUMENTATION_STATUS_CODE: 1
INSTRUMENTATION_STATUS: numtests=139
INSTRUMENTATION_STATUS: stream=.
INSTRUMENTATION_STATUS: id=AndroidJUnitRunner
INSTRUMENTATION_STATUS: test=standardAndCustomEditorActionsReachTheRemoteEditor
INSTRUMENTATION_STATUS: class=io.github.mesteriis.rune.keyboard.qa.EditorActionInstrumentedTest
INSTRUMENTATION_STATUS: current=87
INSTRUMENTATION_STATUS_CODE: 0
INSTRUMENTATION_STATUS: numtests=139
INSTRUMENTATION_STATUS: stream=
io.github.mesteriis.rune.keyboard.qa.EditorBoundaryInstrumentedTest:
INSTRUMENTATION_STATUS: id=AndroidJUnitRunner
INSTRUMENTATION_STATUS: test=cyrillicSurrogateAndComplexGraphemesAreAtomic
INSTRUMENTATION_STATUS: class=io.github.mesteriis.rune.keyboard.qa.EditorBoundaryInstrumentedTest
INSTRUMENTATION_STATUS: current=88
INSTRUMENTATION_STATUS_CODE: 1
INSTRUMENTATION_STATUS: numtests=139
INSTRUMENTATION_STATUS: stream=.
INSTRUMENTATION_STATUS: id=AndroidJUnitRunner
INSTRUMENTATION_STATUS: test=cyrillicSurrogateAndComplexGraphemesAreAtomic
INSTRUMENTATION_STATUS: class=io.github.mesteriis.rune.keyboard.qa.EditorBoundaryInstrumentedTest
INSTRUMENTATION_STATUS: current=88
INSTRUMENTATION_STATUS_CODE: 0
INSTRUMENTATION_STATUS: numtests=139
INSTRUMENTATION_STATUS: stream=
INSTRUMENTATION_STATUS: id=AndroidJUnitRunner
INSTRUMENTATION_STATUS: test=injectedDownAndUpCommitExactlyOneKey
INSTRUMENTATION_STATUS: class=io.github.mesteriis.rune.keyboard.qa.EditorBoundaryInstrumentedTest
INSTRUMENTATION_STATUS: current=89
INSTRUMENTATION_STATUS_CODE: 1
INSTRUMENTATION_STATUS: numtests=139
INSTRUMENTATION_STATUS: stream=.
INSTRUMENTATION_STATUS: id=AndroidJUnitRunner
INSTRUMENTATION_STATUS: test=injectedDownAndUpCommitExactlyOneKey
INSTRUMENTATION_STATUS: class=io.github.mesteriis.rune.keyboard.qa.EditorBoundaryInstrumentedTest
INSTRUMENTATION_STATUS: current=89
INSTRUMENTATION_STATUS_CODE: 0
INSTRUMENTATION_STATUS: numtests=139
INSTRUMENTATION_STATUS: stream=
INSTRUMENTATION_STATUS: id=AndroidJUnitRunner
INSTRUMENTATION_STATUS: test=commitReplaceDeleteAndCursorBoundariesCrossBinder
INSTRUMENTATION_STATUS: class=io.github.mesteriis.rune.keyboard.qa.EditorBoundaryInstrumentedTest
INSTRUMENTATION_STATUS: current=90
INSTRUMENTATION_STATUS_CODE: 1
INSTRUMENTATION_STATUS: numtests=139
INSTRUMENTATION_STATUS: stream=.
INSTRUMENTATION_STATUS: id=AndroidJUnitRunner
INSTRUMENTATION_STATUS: test=commitReplaceDeleteAndCursorBoundariesCrossBinder
INSTRUMENTATION_STATUS: class=io.github.mesteriis.rune.keyboard.qa.EditorBoundaryInstrumentedTest
INSTRUMENTATION_STATUS: current=90
INSTRUMENTATION_STATUS_CODE: 0
INSTRUMENTATION_STATUS: numtests=139
INSTRUMENTATION_STATUS: stream=
INSTRUMENTATION_STATUS: id=AndroidJUnitRunner
INSTRUMENTATION_STATUS: test=editorFieldTypesExposeTheirRequiredLayouts
INSTRUMENTATION_STATUS: class=io.github.mesteriis.rune.keyboard.qa.EditorBoundaryInstrumentedTest
INSTRUMENTATION_STATUS: current=91
INSTRUMENTATION_STATUS_CODE: 1
INSTRUMENTATION_STATUS: numtests=139
INSTRUMENTATION_STATUS: stream=.
INSTRUMENTATION_STATUS: id=AndroidJUnitRunner
INSTRUMENTATION_STATUS: test=editorFieldTypesExposeTheirRequiredLayouts
INSTRUMENTATION_STATUS: class=io.github.mesteriis.rune.keyboard.qa.EditorBoundaryInstrumentedTest
INSTRUMENTATION_STATUS: current=91
INSTRUMENTATION_STATUS_CODE: 0
INSTRUMENTATION_STATUS: numtests=139
INSTRUMENTATION_STATUS: stream=
io.github.mesteriis.rune.keyboard.qa.EditorFocusNavigationInstrumentedTest:
INSTRUMENTATION_STATUS: id=AndroidJUnitRunner
INSTRUMENTATION_STATUS: test=alreadyFocusedEditorRestoresKeyboardAfterExplicitHide
INSTRUMENTATION_STATUS: class=io.github.mesteriis.rune.keyboard.qa.EditorFocusNavigationInstrumentedTest
INSTRUMENTATION_STATUS: current=92
INSTRUMENTATION_STATUS_CODE: 1
INSTRUMENTATION_STATUS: numtests=139
INSTRUMENTATION_STATUS: stream=.
INSTRUMENTATION_STATUS: id=AndroidJUnitRunner
INSTRUMENTATION_STATUS: test=alreadyFocusedEditorRestoresKeyboardAfterExplicitHide
INSTRUMENTATION_STATUS: class=io.github.mesteriis.rune.keyboard.qa.EditorFocusNavigationInstrumentedTest
INSTRUMENTATION_STATUS: current=92
INSTRUMENTATION_STATUS_CODE: 0
INSTRUMENTATION_STATUS: numtests=139
INSTRUMENTATION_STATUS: stream=
INSTRUMENTATION_STATUS: id=AndroidJUnitRunner
INSTRUMENTATION_STATUS: test=offscreenCustomEditorReceivesOneFocusTapAndItsAction
INSTRUMENTATION_STATUS: class=io.github.mesteriis.rune.keyboard.qa.EditorFocusNavigationInstrumentedTest
INSTRUMENTATION_STATUS: current=93
INSTRUMENTATION_STATUS_CODE: 1
INSTRUMENTATION_STATUS: numtests=139
INSTRUMENTATION_STATUS: stream=.
INSTRUMENTATION_STATUS: id=AndroidJUnitRunner
INSTRUMENTATION_STATUS: test=offscreenCustomEditorReceivesOneFocusTapAndItsAction
INSTRUMENTATION_STATUS: class=io.github.mesteriis.rune.keyboard.qa.EditorFocusNavigationInstrumentedTest
INSTRUMENTATION_STATUS: current=93
INSTRUMENTATION_STATUS_CODE: 0
INSTRUMENTATION_STATUS: numtests=139
INSTRUMENTATION_STATUS: stream=
io.github.mesteriis.rune.keyboard.qa.ImeLifecycleInstrumentedTest:
INSTRUMENTATION_STATUS: id=AndroidJUnitRunner
INSTRUMENTATION_STATUS: test=backspaceRepeatStopsAfterCancel
INSTRUMENTATION_STATUS: class=io.github.mesteriis.rune.keyboard.qa.ImeLifecycleInstrumentedTest
INSTRUMENTATION_STATUS: current=94
INSTRUMENTATION_STATUS_CODE: 1
INSTRUMENTATION_STATUS: numtests=139
INSTRUMENTATION_STATUS: stream=.
INSTRUMENTATION_STATUS: id=AndroidJUnitRunner
INSTRUMENTATION_STATUS: test=backspaceRepeatStopsAfterCancel
INSTRUMENTATION_STATUS: class=io.github.mesteriis.rune.keyboard.qa.ImeLifecycleInstrumentedTest
INSTRUMENTATION_STATUS: current=94
INSTRUMENTATION_STATUS_CODE: 0
INSTRUMENTATION_STATUS: numtests=139
INSTRUMENTATION_STATUS: stream=
INSTRUMENTATION_STATUS: id=AndroidJUnitRunner
INSTRUMENTATION_STATUS: test=settingsChangeAppliesToTheNextImeView
INSTRUMENTATION_STATUS: class=io.github.mesteriis.rune.keyboard.qa.ImeLifecycleInstrumentedTest
INSTRUMENTATION_STATUS: current=95
INSTRUMENTATION_STATUS_CODE: 1
INSTRUMENTATION_STATUS: numtests=139
INSTRUMENTATION_STATUS: stream=.
INSTRUMENTATION_STATUS: id=AndroidJUnitRunner
INSTRUMENTATION_STATUS: test=settingsChangeAppliesToTheNextImeView
INSTRUMENTATION_STATUS: class=io.github.mesteriis.rune.keyboard.qa.ImeLifecycleInstrumentedTest
INSTRUMENTATION_STATUS: current=95
INSTRUMENTATION_STATUS_CODE: 0
INSTRUMENTATION_STATUS: numtests=139
INSTRUMENTATION_STATUS: stream=
INSTRUMENTATION_STATUS: id=AndroidJUnitRunner
INSTRUMENTATION_STATUS: test=focusLossCancelsAnArmedCharacterGesture
INSTRUMENTATION_STATUS: class=io.github.mesteriis.rune.keyboard.qa.ImeLifecycleInstrumentedTest
INSTRUMENTATION_STATUS: current=96
INSTRUMENTATION_STATUS_CODE: 1
INSTRUMENTATION_STATUS: numtests=139
INSTRUMENTATION_STATUS: stream=.
INSTRUMENTATION_STATUS: id=AndroidJUnitRunner
INSTRUMENTATION_STATUS: test=focusLossCancelsAnArmedCharacterGesture
INSTRUMENTATION_STATUS: class=io.github.mesteriis.rune.keyboard.qa.ImeLifecycleInstrumentedTest
INSTRUMENTATION_STATUS: current=96
INSTRUMENTATION_STATUS_CODE: 0
INSTRUMENTATION_STATUS: numtests=139
INSTRUMENTATION_STATUS: stream=
INSTRUMENTATION_STATUS: id=AndroidJUnitRunner
INSTRUMENTATION_STATUS: test=backspaceRepeatStopsWhenImeViewDetaches
INSTRUMENTATION_STATUS: class=io.github.mesteriis.rune.keyboard.qa.ImeLifecycleInstrumentedTest
INSTRUMENTATION_STATUS: current=97
INSTRUMENTATION_STATUS_CODE: 1
INSTRUMENTATION_STATUS: numtests=139
INSTRUMENTATION_STATUS: stream=.
INSTRUMENTATION_STATUS: id=AndroidJUnitRunner
INSTRUMENTATION_STATUS: test=backspaceRepeatStopsWhenImeViewDetaches
INSTRUMENTATION_STATUS: class=io.github.mesteriis.rune.keyboard.qa.ImeLifecycleInstrumentedTest
INSTRUMENTATION_STATUS: current=97
INSTRUMENTATION_STATUS_CODE: 0
INSTRUMENTATION_STATUS: numtests=139
INSTRUMENTATION_STATUS: stream=
io.github.mesteriis.rune.keyboard.qa.ImePrivacyInstrumentedTest:
INSTRUMENTATION_STATUS: id=AndroidJUnitRunner
INSTRUMENTATION_STATUS: test=passwordFieldSuppressesPopupWithNormalFieldPositiveControl
INSTRUMENTATION_STATUS: class=io.github.mesteriis.rune.keyboard.qa.ImePrivacyInstrumentedTest
INSTRUMENTATION_STATUS: current=98
INSTRUMENTATION_STATUS_CODE: 1
INSTRUMENTATION_STATUS: preview_max_changed_pixels=4662
INSTRUMENTATION_STATUS: preview_samples=15
INSTRUMENTATION_STATUS: preview_observed_ms=1011
INSTRUMENTATION_STATUS: preview_phase=0
INSTRUMENTATION_STATUS: preview_first_visible_sample_ms=100
INSTRUMENTATION_STATUS_CODE: 0
INSTRUMENTATION_STATUS: preview_max_changed_pixels=0
INSTRUMENTATION_STATUS: preview_samples=15
INSTRUMENTATION_STATUS: preview_observed_ms=1002
INSTRUMENTATION_STATUS: preview_phase=1
INSTRUMENTATION_STATUS: preview_first_visible_sample_ms=-1
INSTRUMENTATION_STATUS_CODE: 0
INSTRUMENTATION_STATUS: preview_max_changed_pixels=0
INSTRUMENTATION_STATUS: preview_samples=15
INSTRUMENTATION_STATUS: preview_observed_ms=1002
INSTRUMENTATION_STATUS: preview_phase=2
INSTRUMENTATION_STATUS: preview_first_visible_sample_ms=-1
INSTRUMENTATION_STATUS_CODE: 0
INSTRUMENTATION_STATUS: numtests=139
INSTRUMENTATION_STATUS: stream=.
INSTRUMENTATION_STATUS: id=AndroidJUnitRunner
INSTRUMENTATION_STATUS: test=passwordFieldSuppressesPopupWithNormalFieldPositiveControl
INSTRUMENTATION_STATUS: class=io.github.mesteriis.rune.keyboard.qa.ImePrivacyInstrumentedTest
INSTRUMENTATION_STATUS: current=98
INSTRUMENTATION_STATUS_CODE: 0
INSTRUMENTATION_STATUS: numtests=139
INSTRUMENTATION_STATUS: stream=
INSTRUMENTATION_STATUS: id=AndroidJUnitRunner
INSTRUMENTATION_STATUS: test=syntheticCanaryIsAbsentFromRuneProcessLogcat
INSTRUMENTATION_STATUS: class=io.github.mesteriis.rune.keyboard.qa.ImePrivacyInstrumentedTest
INSTRUMENTATION_STATUS: current=99
INSTRUMENTATION_STATUS_CODE: 1
INSTRUMENTATION_STATUS: numtests=139
INSTRUMENTATION_STATUS: stream=.
INSTRUMENTATION_STATUS: id=AndroidJUnitRunner
INSTRUMENTATION_STATUS: test=syntheticCanaryIsAbsentFromRuneProcessLogcat
INSTRUMENTATION_STATUS: class=io.github.mesteriis.rune.keyboard.qa.ImePrivacyInstrumentedTest
INSTRUMENTATION_STATUS: current=99
INSTRUMENTATION_STATUS_CODE: 0
INSTRUMENTATION_STATUS: numtests=139
INSTRUMENTATION_STATUS: stream=
io.github.mesteriis.rune.keyboard.qa.LiveCandidatesInstrumentedTest:
INSTRUMENTATION_STATUS: id=AndroidJUnitRunner
INSTRUMENTATION_STATUS: test=canonicalCaseAutoReplacesOnBoundaryAndBackspaceRestoresOriginal
INSTRUMENTATION_STATUS: class=io.github.mesteriis.rune.keyboard.qa.LiveCandidatesInstrumentedTest
INSTRUMENTATION_STATUS: current=100
INSTRUMENTATION_STATUS_CODE: 1
INSTRUMENTATION_STATUS: numtests=139
INSTRUMENTATION_STATUS: stream=.
INSTRUMENTATION_STATUS: id=AndroidJUnitRunner
INSTRUMENTATION_STATUS: test=canonicalCaseAutoReplacesOnBoundaryAndBackspaceRestoresOriginal
INSTRUMENTATION_STATUS: class=io.github.mesteriis.rune.keyboard.qa.LiveCandidatesInstrumentedTest
INSTRUMENTATION_STATUS: current=100
INSTRUMENTATION_STATUS_CODE: 0
INSTRUMENTATION_STATUS: numtests=139
INSTRUMENTATION_STATUS: stream=
INSTRUMENTATION_STATUS: id=AndroidJUnitRunner
INSTRUMENTATION_STATUS: test=boundaryKeepsTypedOriginalAndDropsPreviousSuggestions
INSTRUMENTATION_STATUS: class=io.github.mesteriis.rune.keyboard.qa.LiveCandidatesInstrumentedTest
INSTRUMENTATION_STATUS: current=101
INSTRUMENTATION_STATUS_CODE: 1
INSTRUMENTATION_STATUS: numtests=139
INSTRUMENTATION_STATUS: stream=.
INSTRUMENTATION_STATUS: id=AndroidJUnitRunner
INSTRUMENTATION_STATUS: test=boundaryKeepsTypedOriginalAndDropsPreviousSuggestions
INSTRUMENTATION_STATUS: class=io.github.mesteriis.rune.keyboard.qa.LiveCandidatesInstrumentedTest
INSTRUMENTATION_STATUS: current=101
INSTRUMENTATION_STATUS_CODE: 0
INSTRUMENTATION_STATUS: numtests=139
INSTRUMENTATION_STATUS: stream=
INSTRUMENTATION_STATUS: id=AndroidJUnitRunner
INSTRUMENTATION_STATUS: test=correctionAndOriginalTapsReplaceOnlyOwnedWordWithNoReadback
INSTRUMENTATION_STATUS: class=io.github.mesteriis.rune.keyboard.qa.LiveCandidatesInstrumentedTest
INSTRUMENTATION_STATUS: current=102
INSTRUMENTATION_STATUS_CODE: 1
INSTRUMENTATION_STATUS: numtests=139
INSTRUMENTATION_STATUS: stream=.
INSTRUMENTATION_STATUS: id=AndroidJUnitRunner
INSTRUMENTATION_STATUS: test=correctionAndOriginalTapsReplaceOnlyOwnedWordWithNoReadback
INSTRUMENTATION_STATUS: class=io.github.mesteriis.rune.keyboard.qa.LiveCandidatesInstrumentedTest
INSTRUMENTATION_STATUS: current=102
INSTRUMENTATION_STATUS_CODE: 0
INSTRUMENTATION_STATUS: numtests=139
INSTRUMENTATION_STATUS: stream=
INSTRUMENTATION_STATUS: id=AndroidJUnitRunner
INSTRUMENTATION_STATUS: test=sensitiveEditorTransitionClearsLoadedSuggestionsAndPreservesPlainTyping
INSTRUMENTATION_STATUS: class=io.github.mesteriis.rune.keyboard.qa.LiveCandidatesInstrumentedTest
INSTRUMENTATION_STATUS: current=103
INSTRUMENTATION_STATUS_CODE: 1
INSTRUMENTATION_STATUS: numtests=139
INSTRUMENTATION_STATUS: stream=.
INSTRUMENTATION_STATUS: id=AndroidJUnitRunner
INSTRUMENTATION_STATUS: test=sensitiveEditorTransitionClearsLoadedSuggestionsAndPreservesPlainTyping
INSTRUMENTATION_STATUS: class=io.github.mesteriis.rune.keyboard.qa.LiveCandidatesInstrumentedTest
INSTRUMENTATION_STATUS: current=103
INSTRUMENTATION_STATUS_CODE: 0
INSTRUMENTATION_STATUS: numtests=139
INSTRUMENTATION_STATUS: stream=
io.github.mesteriis.rune.keyboard.qa.LiveFakeModelBinderInstrumentedTest:
INSTRUMENTATION_STATUS: id=AndroidJUnitRunner
INSTRUMENTATION_STATUS: test=originalControlThenModelCorrectionOnSpaceAndOwnedUndo
INSTRUMENTATION_STATUS: class=io.github.mesteriis.rune.keyboard.qa.LiveFakeModelBinderInstrumentedTest
INSTRUMENTATION_STATUS: current=104
INSTRUMENTATION_STATUS_CODE: 1
INSTRUMENTATION_STATUS: numtests=139
INSTRUMENTATION_STATUS: stream=.
INSTRUMENTATION_STATUS: id=AndroidJUnitRunner
INSTRUMENTATION_STATUS: test=originalControlThenModelCorrectionOnSpaceAndOwnedUndo
INSTRUMENTATION_STATUS: class=io.github.mesteriis.rune.keyboard.qa.LiveFakeModelBinderInstrumentedTest
INSTRUMENTATION_STATUS: current=104
INSTRUMENTATION_STATUS_CODE: 0
INSTRUMENTATION_STATUS: numtests=139
INSTRUMENTATION_STATUS: stream=
INSTRUMENTATION_STATUS: id=AndroidJUnitRunner
INSTRUMENTATION_STATUS: test=blockedReplyAfterRealOriginalTapCannotReviveCorrection
INSTRUMENTATION_STATUS: class=io.github.mesteriis.rune.keyboard.qa.LiveFakeModelBinderInstrumentedTest
INSTRUMENTATION_STATUS: current=105
INSTRUMENTATION_STATUS_CODE: 1
INSTRUMENTATION_STATUS: numtests=139
INSTRUMENTATION_STATUS: stream=.
INSTRUMENTATION_STATUS: id=AndroidJUnitRunner
INSTRUMENTATION_STATUS: test=blockedReplyAfterRealOriginalTapCannotReviveCorrection
INSTRUMENTATION_STATUS: class=io.github.mesteriis.rune.keyboard.qa.LiveFakeModelBinderInstrumentedTest
INSTRUMENTATION_STATUS: current=105
INSTRUMENTATION_STATUS_CODE: 0
INSTRUMENTATION_STATUS: numtests=139
INSTRUMENTATION_STATUS: stream=
INSTRUMENTATION_STATUS: id=AndroidJUnitRunner
INSTRUMENTATION_STATUS: test=remoteProcessDeathPreservesEditorAndRetryDoesNotReplay
INSTRUMENTATION_STATUS: class=io.github.mesteriis.rune.keyboard.qa.LiveFakeModelBinderInstrumentedTest
INSTRUMENTATION_STATUS: current=106
INSTRUMENTATION_STATUS_CODE: 1
INSTRUMENTATION_STATUS: numtests=139
INSTRUMENTATION_STATUS: stream=.
INSTRUMENTATION_STATUS: id=AndroidJUnitRunner
INSTRUMENTATION_STATUS: test=remoteProcessDeathPreservesEditorAndRetryDoesNotReplay
INSTRUMENTATION_STATUS: class=io.github.mesteriis.rune.keyboard.qa.LiveFakeModelBinderInstrumentedTest
INSTRUMENTATION_STATUS: current=106
INSTRUMENTATION_STATUS_CODE: 0
INSTRUMENTATION_STATUS: numtests=139
INSTRUMENTATION_STATUS: stream=
io.github.mesteriis.rune.keyboard.qa.MechanicalPunctuationInstrumentedTest:
INSTRUMENTATION_STATUS: id=AndroidJUnitRunner
INSTRUMENTATION_STATUS: test=pairOfDotsWaitsForWhitespaceAndNewWordThenUndoesCapsTogether
INSTRUMENTATION_STATUS: class=io.github.mesteriis.rune.keyboard.qa.MechanicalPunctuationInstrumentedTest
INSTRUMENTATION_STATUS: current=107
INSTRUMENTATION_STATUS_CODE: 1
INSTRUMENTATION_STATUS: numtests=139
INSTRUMENTATION_STATUS: stream=.
INSTRUMENTATION_STATUS: id=AndroidJUnitRunner
INSTRUMENTATION_STATUS: test=pairOfDotsWaitsForWhitespaceAndNewWordThenUndoesCapsTogether
INSTRUMENTATION_STATUS: class=io.github.mesteriis.rune.keyboard.qa.MechanicalPunctuationInstrumentedTest
INSTRUMENTATION_STATUS: current=107
INSTRUMENTATION_STATUS_CODE: 0
INSTRUMENTATION_STATUS: numtests=139
INSTRUMENTATION_STATUS: stream=
INSTRUMENTATION_STATUS: id=AndroidJUnitRunner
INSTRUMENTATION_STATUS: test=decimalVersionAndHostnameKeepOwnedBoundariesWithoutLayerChanges
INSTRUMENTATION_STATUS: class=io.github.mesteriis.rune.keyboard.qa.MechanicalPunctuationInstrumentedTest
INSTRUMENTATION_STATUS: current=108
INSTRUMENTATION_STATUS_CODE: 1
INSTRUMENTATION_STATUS: numtests=139
INSTRUMENTATION_STATUS: stream=.
INSTRUMENTATION_STATUS: id=AndroidJUnitRunner
INSTRUMENTATION_STATUS: test=decimalVersionAndHostnameKeepOwnedBoundariesWithoutLayerChanges
INSTRUMENTATION_STATUS: class=io.github.mesteriis.rune.keyboard.qa.MechanicalPunctuationInstrumentedTest
INSTRUMENTATION_STATUS: current=108
INSTRUMENTATION_STATUS_CODE: 0
INSTRUMENTATION_STATUS: numtests=139
INSTRUMENTATION_STATUS: stream=
INSTRUMENTATION_STATUS: id=AndroidJUnitRunner
INSTRUMENTATION_STATUS: test=cachedMechanicalTogglePreservesHeldKeyInstancesAndNextInputUndo
INSTRUMENTATION_STATUS: class=io.github.mesteriis.rune.keyboard.qa.MechanicalPunctuationInstrumentedTest
INSTRUMENTATION_STATUS: current=109
INSTRUMENTATION_STATUS_CODE: 1
INSTRUMENTATION_STATUS: numtests=139
INSTRUMENTATION_STATUS: stream=.
INSTRUMENTATION_STATUS: id=AndroidJUnitRunner
INSTRUMENTATION_STATUS: test=cachedMechanicalTogglePreservesHeldKeyInstancesAndNextInputUndo
INSTRUMENTATION_STATUS: class=io.github.mesteriis.rune.keyboard.qa.MechanicalPunctuationInstrumentedTest
INSTRUMENTATION_STATUS: current=109
INSTRUMENTATION_STATUS_CODE: 0
INSTRUMENTATION_STATUS: numtests=139
INSTRUMENTATION_STATUS: stream=
INSTRUMENTATION_STATUS: id=AndroidJUnitRunner
INSTRUMENTATION_STATUS: test=commaPopupPunctuationCapsAndImmediateUndoNeverReplayOldWord
INSTRUMENTATION_STATUS: class=io.github.mesteriis.rune.keyboard.qa.MechanicalPunctuationInstrumentedTest
INSTRUMENTATION_STATUS: current=110
INSTRUMENTATION_STATUS_CODE: 1
INSTRUMENTATION_STATUS: numtests=139
INSTRUMENTATION_STATUS: stream=.
INSTRUMENTATION_STATUS: id=AndroidJUnitRunner
INSTRUMENTATION_STATUS: test=commaPopupPunctuationCapsAndImmediateUndoNeverReplayOldWord
INSTRUMENTATION_STATUS: class=io.github.mesteriis.rune.keyboard.qa.MechanicalPunctuationInstrumentedTest
INSTRUMENTATION_STATUS: current=110
INSTRUMENTATION_STATUS_CODE: 0
INSTRUMENTATION_STATUS: numtests=139
INSTRUMENTATION_STATUS: stream=
INSTRUMENTATION_STATUS: id=AndroidJUnitRunner
INSTRUMENTATION_STATUS: test=commandDotKeepsItsSeparatorAcrossBoundaryAndOrdinaryBackspace
INSTRUMENTATION_STATUS: class=io.github.mesteriis.rune.keyboard.qa.MechanicalPunctuationInstrumentedTest
INSTRUMENTATION_STATUS: current=111
INSTRUMENTATION_STATUS_CODE: 1
INSTRUMENTATION_STATUS: numtests=139
INSTRUMENTATION_STATUS: stream=.
INSTRUMENTATION_STATUS: id=AndroidJUnitRunner
INSTRUMENTATION_STATUS: test=commandDotKeepsItsSeparatorAcrossBoundaryAndOrdinaryBackspace
INSTRUMENTATION_STATUS: class=io.github.mesteriis.rune.keyboard.qa.MechanicalPunctuationInstrumentedTest
INSTRUMENTATION_STATUS: current=111
INSTRUMENTATION_STATUS_CODE: 0
INSTRUMENTATION_STATUS: numtests=139
INSTRUMENTATION_STATUS: stream=
io.github.mesteriis.rune.keyboard.qa.OwnedBatchInstrumentedTest:
INSTRUMENTATION_STATUS: id=AndroidJUnitRunner
INSTRUMENTATION_STATUS: test=commitBoundaryAndRestoreOwnedRegionPreserveTextAndDoNotReadEditor
INSTRUMENTATION_STATUS: class=io.github.mesteriis.rune.keyboard.qa.OwnedBatchInstrumentedTest
INSTRUMENTATION_STATUS: current=112
INSTRUMENTATION_STATUS_CODE: 1
INSTRUMENTATION_STATUS: numtests=139
INSTRUMENTATION_STATUS: stream=.
INSTRUMENTATION_STATUS: id=AndroidJUnitRunner
INSTRUMENTATION_STATUS: test=commitBoundaryAndRestoreOwnedRegionPreserveTextAndDoNotReadEditor
INSTRUMENTATION_STATUS: class=io.github.mesteriis.rune.keyboard.qa.OwnedBatchInstrumentedTest
INSTRUMENTATION_STATUS: current=112
INSTRUMENTATION_STATUS_CODE: 0
INSTRUMENTATION_STATUS: numtests=139
INSTRUMENTATION_STATUS: stream=
io.github.mesteriis.rune.keyboard.qa.RapidTypingInstrumentedTest:
INSTRUMENTATION_STATUS: id=AndroidJUnitRunner
INSTRUMENTATION_STATUS: test=rapidTouchBurstKeepsEveryCharacterAcrossWordBoundaries
INSTRUMENTATION_STATUS: class=io.github.mesteriis.rune.keyboard.qa.RapidTypingInstrumentedTest
INSTRUMENTATION_STATUS: current=113
INSTRUMENTATION_STATUS_CODE: 1
INSTRUMENTATION_STATUS: rapid_touch_releases=75
INSTRUMENTATION_STATUS: rapid_touch_burst_ms=1977
INSTRUMENTATION_STATUS_CODE: 0
INSTRUMENTATION_STATUS: numtests=139
INSTRUMENTATION_STATUS: stream=.
INSTRUMENTATION_STATUS: id=AndroidJUnitRunner
INSTRUMENTATION_STATUS: test=rapidTouchBurstKeepsEveryCharacterAcrossWordBoundaries
INSTRUMENTATION_STATUS: class=io.github.mesteriis.rune.keyboard.qa.RapidTypingInstrumentedTest
INSTRUMENTATION_STATUS: current=113
INSTRUMENTATION_STATUS_CODE: 0
INSTRUMENTATION_STATUS: numtests=139
INSTRUMENTATION_STATUS: stream=
io.github.mesteriis.rune.keyboard.qa.RawEditorInstrumentedTest:
INSTRUMENTATION_STATUS: id=AndroidJUnitRunner
INSTRUMENTATION_STATUS: test=typeNullUsesRawKeysWithoutCompositionCorrectionsStripOrReadback
INSTRUMENTATION_STATUS: class=io.github.mesteriis.rune.keyboard.qa.RawEditorInstrumentedTest
INSTRUMENTATION_STATUS: current=114
INSTRUMENTATION_STATUS_CODE: 1
INSTRUMENTATION_STATUS: numtests=139
INSTRUMENTATION_STATUS: stream=.
INSTRUMENTATION_STATUS: id=AndroidJUnitRunner
INSTRUMENTATION_STATUS: test=typeNullUsesRawKeysWithoutCompositionCorrectionsStripOrReadback
INSTRUMENTATION_STATUS: class=io.github.mesteriis.rune.keyboard.qa.RawEditorInstrumentedTest
INSTRUMENTATION_STATUS: current=114
INSTRUMENTATION_STATUS_CODE: 0
INSTRUMENTATION_STATUS: numtests=139
INSTRUMENTATION_STATUS: stream=
io.github.mesteriis.rune.keyboard.qa.RealModelTypingInstrumentedTest:
INSTRUMENTATION_STATUS: id=AndroidJUnitRunner
INSTRUMENTATION_STATUS: test=installedModelCorrectsOnSpaceWithoutTapAndBackspaceRestoresOriginal
INSTRUMENTATION_STATUS: class=io.github.mesteriis.rune.keyboard.qa.RealModelTypingInstrumentedTest
INSTRUMENTATION_STATUS: current=115
INSTRUMENTATION_STATUS_CODE: 1
INSTRUMENTATION_STATUS: numtests=139
INSTRUMENTATION_STATUS: stream=
io.github.mesteriis.rune.keyboard.qa.RealModelTypingInstrumentedTest:
INSTRUMENTATION_STATUS: id=AndroidJUnitRunner
INSTRUMENTATION_STATUS: test=installedModelCorrectsOnSpaceWithoutTapAndBackspaceRestoresOriginal
INSTRUMENTATION_STATUS: class=io.github.mesteriis.rune.keyboard.qa.RealModelTypingInstrumentedTest
INSTRUMENTATION_STATUS: stack=org.junit.AssumptionViolatedException: Explicit installed-model typing probe only
	at org.junit.Assume.assumeTrue(Assume.java:68)
	at io.github.mesteriis.rune.keyboard.qa.RealModelTypingInstrumentedTest.installedModelCorrectsOnSpaceWithoutTapAndBackspaceRestoresOriginal(RealModelTypingInstrumentedTest.kt:17)

INSTRUMENTATION_STATUS: current=115
INSTRUMENTATION_STATUS_CODE: -4
INSTRUMENTATION_STATUS: numtests=139
INSTRUMENTATION_STATUS: stream=
io.github.mesteriis.rune.keyboard.qa.SmartTypingComposingInstrumentedTest:
INSTRUMENTATION_STATUS: id=AndroidJUnitRunner
INSTRUMENTATION_STATUS: test=droppedSpanWithExplicitCallbackContinuesAsPlainText
INSTRUMENTATION_STATUS: class=io.github.mesteriis.rune.keyboard.qa.SmartTypingComposingInstrumentedTest
INSTRUMENTATION_STATUS: current=116
INSTRUMENTATION_STATUS_CODE: 1
INSTRUMENTATION_STATUS: numtests=139
INSTRUMENTATION_STATUS: stream=.
INSTRUMENTATION_STATUS: id=AndroidJUnitRunner
INSTRUMENTATION_STATUS: test=droppedSpanWithExplicitCallbackContinuesAsPlainText
INSTRUMENTATION_STATUS: class=io.github.mesteriis.rune.keyboard.qa.SmartTypingComposingInstrumentedTest
INSTRUMENTATION_STATUS: current=116
INSTRUMENTATION_STATUS_CODE: 0
INSTRUMENTATION_STATUS: numtests=139
INSTRUMENTATION_STATUS: stream=
INSTRUMENTATION_STATUS: id=AndroidJUnitRunner
INSTRUMENTATION_STATUS: test=rejectedSpanWithExplicitCallbackContinuesAsPlainText
INSTRUMENTATION_STATUS: class=io.github.mesteriis.rune.keyboard.qa.SmartTypingComposingInstrumentedTest
INSTRUMENTATION_STATUS: current=117
INSTRUMENTATION_STATUS_CODE: 1
INSTRUMENTATION_STATUS: numtests=139
INSTRUMENTATION_STATUS: stream=.
INSTRUMENTATION_STATUS: id=AndroidJUnitRunner
INSTRUMENTATION_STATUS: test=rejectedSpanWithExplicitCallbackContinuesAsPlainText
INSTRUMENTATION_STATUS: class=io.github.mesteriis.rune.keyboard.qa.SmartTypingComposingInstrumentedTest
INSTRUMENTATION_STATUS: current=117
INSTRUMENTATION_STATUS_CODE: 0
INSTRUMENTATION_STATUS: numtests=139
INSTRUMENTATION_STATUS: stream=
INSTRUMENTATION_STATUS: id=AndroidJUnitRunner
INSTRUMENTATION_STATUS: test=changingToSensitiveEditorRemovesThePreviousOriginalFromTheStrip
INSTRUMENTATION_STATUS: class=io.github.mesteriis.rune.keyboard.qa.SmartTypingComposingInstrumentedTest
INSTRUMENTATION_STATUS: current=118
INSTRUMENTATION_STATUS_CODE: 1
INSTRUMENTATION_STATUS: numtests=139
INSTRUMENTATION_STATUS: stream=.
INSTRUMENTATION_STATUS: id=AndroidJUnitRunner
INSTRUMENTATION_STATUS: test=changingToSensitiveEditorRemovesThePreviousOriginalFromTheStrip
INSTRUMENTATION_STATUS: class=io.github.mesteriis.rune.keyboard.qa.SmartTypingComposingInstrumentedTest
INSTRUMENTATION_STATUS: current=118
INSTRUMENTATION_STATUS_CODE: 0
INSTRUMENTATION_STATUS: numtests=139
INSTRUMENTATION_STATUS: stream=
INSTRUMENTATION_STATUS: id=AndroidJUnitRunner
INSTRUMENTATION_STATUS: test=noPersonalizedLearningNeverReadsEditorTextOrSetsComposition
INSTRUMENTATION_STATUS: class=io.github.mesteriis.rune.keyboard.qa.SmartTypingComposingInstrumentedTest
INSTRUMENTATION_STATUS: current=119
INSTRUMENTATION_STATUS_CODE: 1
INSTRUMENTATION_STATUS: numtests=139
INSTRUMENTATION_STATUS: stream=.
INSTRUMENTATION_STATUS: id=AndroidJUnitRunner
INSTRUMENTATION_STATUS: test=noPersonalizedLearningNeverReadsEditorTextOrSetsComposition
INSTRUMENTATION_STATUS: class=io.github.mesteriis.rune.keyboard.qa.SmartTypingComposingInstrumentedTest
INSTRUMENTATION_STATUS: current=119
INSTRUMENTATION_STATUS_CODE: 0
INSTRUMENTATION_STATUS: numtests=139
INSTRUMENTATION_STATUS: stream=
INSTRUMENTATION_STATUS: id=AndroidJUnitRunner
INSTRUMENTATION_STATUS: test=droppedOwnedSpanWithCallbackDisablesCompositionForTheSession
INSTRUMENTATION_STATUS: class=io.github.mesteriis.rune.keyboard.qa.SmartTypingComposingInstrumentedTest
INSTRUMENTATION_STATUS: current=120
INSTRUMENTATION_STATUS_CODE: 1
INSTRUMENTATION_STATUS: numtests=139
INSTRUMENTATION_STATUS: stream=.
INSTRUMENTATION_STATUS: id=AndroidJUnitRunner
INSTRUMENTATION_STATUS: test=droppedOwnedSpanWithCallbackDisablesCompositionForTheSession
INSTRUMENTATION_STATUS: class=io.github.mesteriis.rune.keyboard.qa.SmartTypingComposingInstrumentedTest
INSTRUMENTATION_STATUS: current=120
INSTRUMENTATION_STATUS_CODE: 0
INSTRUMENTATION_STATUS: numtests=139
INSTRUMENTATION_STATUS: stream=
INSTRUMENTATION_STATUS: id=AndroidJUnitRunner
INSTRUMENTATION_STATUS: test=cursorMovementAndSelectionFinishTheOldSpan
INSTRUMENTATION_STATUS: class=io.github.mesteriis.rune.keyboard.qa.SmartTypingComposingInstrumentedTest
INSTRUMENTATION_STATUS: current=121
INSTRUMENTATION_STATUS_CODE: 1
INSTRUMENTATION_STATUS: numtests=139
INSTRUMENTATION_STATUS: stream=.
INSTRUMENTATION_STATUS: id=AndroidJUnitRunner
INSTRUMENTATION_STATUS: test=cursorMovementAndSelectionFinishTheOldSpan
INSTRUMENTATION_STATUS: class=io.github.mesteriis.rune.keyboard.qa.SmartTypingComposingInstrumentedTest
INSTRUMENTATION_STATUS: current=121
INSTRUMENTATION_STATUS_CODE: 0
INSTRUMENTATION_STATUS: numtests=139
INSTRUMENTATION_STATUS: stream=
INSTRUMENTATION_STATUS: id=AndroidJUnitRunner
INSTRUMENTATION_STATUS: test=restartInputDoesNotReplaceOrDuplicateThePriorComposition
INSTRUMENTATION_STATUS: class=io.github.mesteriis.rune.keyboard.qa.SmartTypingComposingInstrumentedTest
INSTRUMENTATION_STATUS: current=122
INSTRUMENTATION_STATUS_CODE: 1
INSTRUMENTATION_STATUS: numtests=139
INSTRUMENTATION_STATUS: stream=.
INSTRUMENTATION_STATUS: id=AndroidJUnitRunner
INSTRUMENTATION_STATUS: test=restartInputDoesNotReplaceOrDuplicateThePriorComposition
INSTRUMENTATION_STATUS: class=io.github.mesteriis.rune.keyboard.qa.SmartTypingComposingInstrumentedTest
INSTRUMENTATION_STATUS: current=122
INSTRUMENTATION_STATUS_CODE: 0
INSTRUMENTATION_STATUS: numtests=139
INSTRUMENTATION_STATUS: stream=
INSTRUMENTATION_STATUS: id=AndroidJUnitRunner
INSTRUMENTATION_STATUS: test=languageSwitchPreservesTextAndFinishesComposition
INSTRUMENTATION_STATUS: class=io.github.mesteriis.rune.keyboard.qa.SmartTypingComposingInstrumentedTest
INSTRUMENTATION_STATUS: current=123
INSTRUMENTATION_STATUS_CODE: 1
INSTRUMENTATION_STATUS: numtests=139
INSTRUMENTATION_STATUS: stream=.
INSTRUMENTATION_STATUS: id=AndroidJUnitRunner
INSTRUMENTATION_STATUS: test=languageSwitchPreservesTextAndFinishesComposition
INSTRUMENTATION_STATUS: class=io.github.mesteriis.rune.keyboard.qa.SmartTypingComposingInstrumentedTest
INSTRUMENTATION_STATUS: current=123
INSTRUMENTATION_STATUS_CODE: 0
INSTRUMENTATION_STATUS: numtests=139
INSTRUMENTATION_STATUS: stream=
INSTRUMENTATION_STATUS: id=AndroidJUnitRunner
INSTRUMENTATION_STATUS: test=doubleSpaceWithoutOwnedWordKeepsBothSpacesAndDoesNotReadEditor
INSTRUMENTATION_STATUS: class=io.github.mesteriis.rune.keyboard.qa.SmartTypingComposingInstrumentedTest
INSTRUMENTATION_STATUS: current=124
INSTRUMENTATION_STATUS_CODE: 1
INSTRUMENTATION_STATUS: numtests=139
INSTRUMENTATION_STATUS: stream=.
INSTRUMENTATION_STATUS: id=AndroidJUnitRunner
INSTRUMENTATION_STATUS: test=doubleSpaceWithoutOwnedWordKeepsBothSpacesAndDoesNotReadEditor
INSTRUMENTATION_STATUS: class=io.github.mesteriis.rune.keyboard.qa.SmartTypingComposingInstrumentedTest
INSTRUMENTATION_STATUS: current=124
INSTRUMENTATION_STATUS_CODE: 0
INSTRUMENTATION_STATUS: numtests=139
INSTRUMENTATION_STATUS: stream=
INSTRUMENTATION_STATUS: id=AndroidJUnitRunner
INSTRUMENTATION_STATUS: test=editorRewriteInvalidatesOwnedTextWithoutReplay
INSTRUMENTATION_STATUS: class=io.github.mesteriis.rune.keyboard.qa.SmartTypingComposingInstrumentedTest
INSTRUMENTATION_STATUS: current=125
INSTRUMENTATION_STATUS_CODE: 1
INSTRUMENTATION_STATUS: numtests=139
INSTRUMENTATION_STATUS: stream=.
INSTRUMENTATION_STATUS: id=AndroidJUnitRunner
INSTRUMENTATION_STATUS: test=editorRewriteInvalidatesOwnedTextWithoutReplay
INSTRUMENTATION_STATUS: class=io.github.mesteriis.rune.keyboard.qa.SmartTypingComposingInstrumentedTest
INSTRUMENTATION_STATUS: current=125
INSTRUMENTATION_STATUS_CODE: 0
INSTRUMENTATION_STATUS: numtests=139
INSTRUMENTATION_STATUS: stream=
INSTRUMENTATION_STATUS: id=AndroidJUnitRunner
INSTRUMENTATION_STATUS: test=currentOriginalStripTapDoesNotWriteEditorAndUpdatesWithTheWord
INSTRUMENTATION_STATUS: class=io.github.mesteriis.rune.keyboard.qa.SmartTypingComposingInstrumentedTest
INSTRUMENTATION_STATUS: current=126
INSTRUMENTATION_STATUS_CODE: 1
INSTRUMENTATION_STATUS: numtests=139
INSTRUMENTATION_STATUS: stream=.
INSTRUMENTATION_STATUS: id=AndroidJUnitRunner
INSTRUMENTATION_STATUS: test=currentOriginalStripTapDoesNotWriteEditorAndUpdatesWithTheWord
INSTRUMENTATION_STATUS: class=io.github.mesteriis.rune.keyboard.qa.SmartTypingComposingInstrumentedTest
INSTRUMENTATION_STATUS: current=126
INSTRUMENTATION_STATUS_CODE: 0
INSTRUMENTATION_STATUS: numtests=139
INSTRUMENTATION_STATUS: stream=
INSTRUMENTATION_STATUS: id=AndroidJUnitRunner
INSTRUMENTATION_STATUS: test=inputViewDetachDoesNotReplayThePriorComposition
INSTRUMENTATION_STATUS: class=io.github.mesteriis.rune.keyboard.qa.SmartTypingComposingInstrumentedTest
INSTRUMENTATION_STATUS: current=127
INSTRUMENTATION_STATUS_CODE: 1
INSTRUMENTATION_STATUS: numtests=139
INSTRUMENTATION_STATUS: stream=.
INSTRUMENTATION_STATUS: id=AndroidJUnitRunner
INSTRUMENTATION_STATUS: test=inputViewDetachDoesNotReplayThePriorComposition
INSTRUMENTATION_STATUS: class=io.github.mesteriis.rune.keyboard.qa.SmartTypingComposingInstrumentedTest
INSTRUMENTATION_STATUS: current=127
INSTRUMENTATION_STATUS_CODE: 0
INSTRUMENTATION_STATUS: numtests=139
INSTRUMENTATION_STATUS: stream=
INSTRUMENTATION_STATUS: id=AndroidJUnitRunner
INSTRUMENTATION_STATUS: test=stationarySpaceHoldFinishesCompositionBeforeAnyCursorStep
INSTRUMENTATION_STATUS: class=io.github.mesteriis.rune.keyboard.qa.SmartTypingComposingInstrumentedTest
INSTRUMENTATION_STATUS: current=128
INSTRUMENTATION_STATUS_CODE: 1
INSTRUMENTATION_STATUS: numtests=139
INSTRUMENTATION_STATUS: stream=.
INSTRUMENTATION_STATUS: id=AndroidJUnitRunner
INSTRUMENTATION_STATUS: test=stationarySpaceHoldFinishesCompositionBeforeAnyCursorStep
INSTRUMENTATION_STATUS: class=io.github.mesteriis.rune.keyboard.qa.SmartTypingComposingInstrumentedTest
INSTRUMENTATION_STATUS: current=128
INSTRUMENTATION_STATUS_CODE: 0
INSTRUMENTATION_STATUS: numtests=139
INSTRUMENTATION_STATUS: stream=
INSTRUMENTATION_STATUS: id=AndroidJUnitRunner
INSTRUMENTATION_STATUS: test=doubleSpaceUndoSurvivesBinderSelectionAcknowledgement
INSTRUMENTATION_STATUS: class=io.github.mesteriis.rune.keyboard.qa.SmartTypingComposingInstrumentedTest
INSTRUMENTATION_STATUS: current=129
INSTRUMENTATION_STATUS_CODE: 1
INSTRUMENTATION_STATUS: numtests=139
INSTRUMENTATION_STATUS: stream=.
INSTRUMENTATION_STATUS: id=AndroidJUnitRunner
INSTRUMENTATION_STATUS: test=doubleSpaceUndoSurvivesBinderSelectionAcknowledgement
INSTRUMENTATION_STATUS: class=io.github.mesteriis.rune.keyboard.qa.SmartTypingComposingInstrumentedTest
INSTRUMENTATION_STATUS: current=129
INSTRUMENTATION_STATUS_CODE: 0
INSTRUMENTATION_STATUS: numtests=139
INSTRUMENTATION_STATUS: stream=
INSTRUMENTATION_STATUS: id=AndroidJUnitRunner
INSTRUMENTATION_STATUS: test=wordAndLeadingBoundaryComposeAndDeleteWithoutReplayingCommittedText
INSTRUMENTATION_STATUS: class=io.github.mesteriis.rune.keyboard.qa.SmartTypingComposingInstrumentedTest
INSTRUMENTATION_STATUS: current=130
INSTRUMENTATION_STATUS_CODE: 1
INSTRUMENTATION_STATUS: numtests=139
INSTRUMENTATION_STATUS: stream=.
INSTRUMENTATION_STATUS: id=AndroidJUnitRunner
INSTRUMENTATION_STATUS: test=wordAndLeadingBoundaryComposeAndDeleteWithoutReplayingCommittedText
INSTRUMENTATION_STATUS: class=io.github.mesteriis.rune.keyboard.qa.SmartTypingComposingInstrumentedTest
INSTRUMENTATION_STATUS: current=130
INSTRUMENTATION_STATUS_CODE: 0
INSTRUMENTATION_STATUS: numtests=139
INSTRUMENTATION_STATUS: stream=
io.github.mesteriis.rune.keyboard.qa.SmartTypingSettingsInstrumentedTest:
INSTRUMENTATION_STATUS: id=AndroidJUnitRunner
INSTRUMENTATION_STATUS: test=spellingAndStripChangesPreserveMechanicalUndoAndIndependentDoubleSpace
INSTRUMENTATION_STATUS: class=io.github.mesteriis.rune.keyboard.qa.SmartTypingSettingsInstrumentedTest
INSTRUMENTATION_STATUS: current=131
INSTRUMENTATION_STATUS_CODE: 1
INSTRUMENTATION_STATUS: numtests=139
INSTRUMENTATION_STATUS: stream=.
INSTRUMENTATION_STATUS: id=AndroidJUnitRunner
INSTRUMENTATION_STATUS: test=spellingAndStripChangesPreserveMechanicalUndoAndIndependentDoubleSpace
INSTRUMENTATION_STATUS: class=io.github.mesteriis.rune.keyboard.qa.SmartTypingSettingsInstrumentedTest
INSTRUMENTATION_STATUS: current=131
INSTRUMENTATION_STATUS_CODE: 0
INSTRUMENTATION_STATUS: numtests=139
INSTRUMENTATION_STATUS: stream=
INSTRUMENTATION_STATUS: id=AndroidJUnitRunner
INSTRUMENTATION_STATUS: test=stripToggleCancelAndPrivateTransitionCannotResurrectOldCandidateContent
INSTRUMENTATION_STATUS: class=io.github.mesteriis.rune.keyboard.qa.SmartTypingSettingsInstrumentedTest
INSTRUMENTATION_STATUS: current=132
INSTRUMENTATION_STATUS_CODE: 1
INSTRUMENTATION_STATUS: numtests=139
INSTRUMENTATION_STATUS: stream=.
INSTRUMENTATION_STATUS: id=AndroidJUnitRunner
INSTRUMENTATION_STATUS: test=stripToggleCancelAndPrivateTransitionCannotResurrectOldCandidateContent
INSTRUMENTATION_STATUS: class=io.github.mesteriis.rune.keyboard.qa.SmartTypingSettingsInstrumentedTest
INSTRUMENTATION_STATUS: current=132
INSTRUMENTATION_STATUS_CODE: 0
INSTRUMENTATION_STATUS: numtests=139
INSTRUMENTATION_STATUS: stream=
INSTRUMENTATION_STATUS: id=AndroidJUnitRunner
INSTRUMENTATION_STATUS: test=disablingSpellingCancelsHeldCorrectionWithoutEditorMutation
INSTRUMENTATION_STATUS: class=io.github.mesteriis.rune.keyboard.qa.SmartTypingSettingsInstrumentedTest
INSTRUMENTATION_STATUS: current=133
INSTRUMENTATION_STATUS_CODE: 1
INSTRUMENTATION_STATUS: numtests=139
INSTRUMENTATION_STATUS: stream=.
INSTRUMENTATION_STATUS: id=AndroidJUnitRunner
INSTRUMENTATION_STATUS: test=disablingSpellingCancelsHeldCorrectionWithoutEditorMutation
INSTRUMENTATION_STATUS: class=io.github.mesteriis.rune.keyboard.qa.SmartTypingSettingsInstrumentedTest
INSTRUMENTATION_STATUS: current=133
INSTRUMENTATION_STATUS_CODE: 0
INSTRUMENTATION_STATUS: numtests=139
INSTRUMENTATION_STATUS: stream=
INSTRUMENTATION_STATUS: id=AndroidJUnitRunner
INSTRUMENTATION_STATUS: test=liveOffDropsCorrectionsAndEnableWaitsForExplicitEdit
INSTRUMENTATION_STATUS: class=io.github.mesteriis.rune.keyboard.qa.SmartTypingSettingsInstrumentedTest
INSTRUMENTATION_STATUS: current=134
INSTRUMENTATION_STATUS_CODE: 1
INSTRUMENTATION_STATUS: numtests=139
INSTRUMENTATION_STATUS: stream=.
INSTRUMENTATION_STATUS: id=AndroidJUnitRunner
INSTRUMENTATION_STATUS: test=liveOffDropsCorrectionsAndEnableWaitsForExplicitEdit
INSTRUMENTATION_STATUS: class=io.github.mesteriis.rune.keyboard.qa.SmartTypingSettingsInstrumentedTest
INSTRUMENTATION_STATUS: current=134
INSTRUMENTATION_STATUS_CODE: 0
INSTRUMENTATION_STATUS: numtests=139
INSTRUMENTATION_STATUS: stream=
INSTRUMENTATION_STATUS: id=AndroidJUnitRunner
INSTRUMENTATION_STATUS: test=stripBothDirectionsAndRepeatedTogglesPreserveHeldKeyAndSingleRelease
INSTRUMENTATION_STATUS: class=io.github.mesteriis.rune.keyboard.qa.SmartTypingSettingsInstrumentedTest
INSTRUMENTATION_STATUS: current=135
INSTRUMENTATION_STATUS_CODE: 1
INSTRUMENTATION_STATUS: numtests=139
INSTRUMENTATION_STATUS: stream=.
INSTRUMENTATION_STATUS: id=AndroidJUnitRunner
INSTRUMENTATION_STATUS: test=stripBothDirectionsAndRepeatedTogglesPreserveHeldKeyAndSingleRelease
INSTRUMENTATION_STATUS: class=io.github.mesteriis.rune.keyboard.qa.SmartTypingSettingsInstrumentedTest
INSTRUMENTATION_STATUS: current=135
INSTRUMENTATION_STATUS_CODE: 0
INSTRUMENTATION_STATUS: numtests=139
INSTRUMENTATION_STATUS: stream=
INSTRUMENTATION_STATUS: id=AndroidJUnitRunner
INSTRUMENTATION_STATUS: test=controlsPersistIndependentlyAndExplainCurrentCapabilities
INSTRUMENTATION_STATUS: class=io.github.mesteriis.rune.keyboard.qa.SmartTypingSettingsInstrumentedTest
INSTRUMENTATION_STATUS: current=136
INSTRUMENTATION_STATUS_CODE: 1
INSTRUMENTATION_STATUS: numtests=139
INSTRUMENTATION_STATUS: stream=.
INSTRUMENTATION_STATUS: id=AndroidJUnitRunner
INSTRUMENTATION_STATUS: test=controlsPersistIndependentlyAndExplainCurrentCapabilities
INSTRUMENTATION_STATUS: class=io.github.mesteriis.rune.keyboard.qa.SmartTypingSettingsInstrumentedTest
INSTRUMENTATION_STATUS: current=136
INSTRUMENTATION_STATUS_CODE: 0
INSTRUMENTATION_STATUS: numtests=139
INSTRUMENTATION_STATUS: stream=
io.github.mesteriis.rune.keyboard.smarttyping.lexicon.PackedLexiconAssetsInstrumentedTest:
INSTRUMENTATION_STATUS: id=AndroidJUnitRunner
INSTRUMENTATION_STATUS: test=packagedMappingsNoticesAndExactReferencesAreAvailableOffMainThread
INSTRUMENTATION_STATUS: class=io.github.mesteriis.rune.keyboard.smarttyping.lexicon.PackedLexiconAssetsInstrumentedTest
INSTRUMENTATION_STATUS: current=137
INSTRUMENTATION_STATUS_CODE: 1
INSTRUMENTATION_STATUS: canonical_case_contract=v1 language=0 wall_ns=222162084 cpu_ns=212056085
INSTRUMENTATION_STATUS_CODE: 0
INSTRUMENTATION_STATUS: canonical_case_contract=v1 language=1 wall_ns=16822333 cpu_ns=12812793
INSTRUMENTATION_STATUS_CODE: 0
INSTRUMENTATION_STATUS: canonical_case_contract=v1 language=2 wall_ns=183184958 cpu_ns=171955832
INSTRUMENTATION_STATUS_CODE: 0
INSTRUMENTATION_STATUS: packed_reader_contract=v1 language=0 open_ns=81959 load_ns=345662875 cpu_ns=338133416 mapped_bytes=5388002 words=121255 nodes=272385 references=8 java_before=5106720 java_after=5348688 pss_kib_before=51627 pss_kib_after=51484
INSTRUMENTATION_STATUS_CODE: 0
INSTRUMENTATION_STATUS: packed_reader_contract=v1 language=1 open_ns=61126 load_ns=2330458459 cpu_ns=2284976118 mapped_bytes=25190742 words=668267 nodes=1250979 references=8 java_before=5348688 java_after=4690104 pss_kib_before=51496 pss_kib_after=69612
INSTRUMENTATION_STATUS_CODE: 0
INSTRUMENTATION_STATUS: packed_reader_contract=v1 language=2 open_ns=67083 load_ns=5490343086 cpu_ns=5470857556 mapped_bytes=46351852 words=1436553 nodes=2255866 references=8 java_before=4690104 java_after=7581776 pss_kib_before=69620 pss_kib_after=112356
INSTRUMENTATION_STATUS_CODE: 0
INSTRUMENTATION_STATUS: numtests=139
INSTRUMENTATION_STATUS: stream=.
INSTRUMENTATION_STATUS: id=AndroidJUnitRunner
INSTRUMENTATION_STATUS: test=packagedMappingsNoticesAndExactReferencesAreAvailableOffMainThread
INSTRUMENTATION_STATUS: class=io.github.mesteriis.rune.keyboard.smarttyping.lexicon.PackedLexiconAssetsInstrumentedTest
INSTRUMENTATION_STATUS: current=137
INSTRUMENTATION_STATUS_CODE: 0
INSTRUMENTATION_STATUS: numtests=139
INSTRUMENTATION_STATUS: stream=
io.github.mesteriis.rune.keyboard.smarttyping.lexicon.TopSevenInstrumentedTest:
INSTRUMENTATION_STATUS: id=AndroidJUnitRunner
INSTRUMENTATION_STATUS: test=requestedWidthsPreserveCertifiedPrefixes
INSTRUMENTATION_STATUS: class=io.github.mesteriis.rune.keyboard.smarttyping.lexicon.TopSevenInstrumentedTest
INSTRUMENTATION_STATUS: current=138
INSTRUMENTATION_STATUS_CODE: 1
INSTRUMENTATION_STATUS: candidate_width_measurement=v1 id=0 maximum=1 round=0 wall_ns=1061334 cpu_ns=1062000 states=1475 verified=13 completion=0 alternatives=1
INSTRUMENTATION_STATUS_CODE: 0
INSTRUMENTATION_STATUS: candidate_width_measurement=v1 id=0 maximum=3 round=0 wall_ns=3410291 cpu_ns=3412291 states=4713 verified=13 completion=0 alternatives=3
INSTRUMENTATION_STATUS_CODE: 0
INSTRUMENTATION_STATUS: candidate_width_measurement=v1 id=0 maximum=7 round=0 wall_ns=6698417 cpu_ns=6703875 states=8192 verified=13 completion=3 alternatives=7
INSTRUMENTATION_STATUS_CODE: 0
INSTRUMENTATION_STATUS: candidate_width_measurement=v1 id=1 maximum=7 round=0 wall_ns=736250 cpu_ns=737250 states=1438 verified=13 completion=0 alternatives=7
INSTRUMENTATION_STATUS_CODE: 0
INSTRUMENTATION_STATUS: candidate_width_measurement=v1 id=1 maximum=3 round=0 wall_ns=241000 cpu_ns=241708 states=444 verified=9 completion=0 alternatives=3
INSTRUMENTATION_STATUS_CODE: 0
INSTRUMENTATION_STATUS: candidate_width_measurement=v1 id=1 maximum=1 round=0 wall_ns=262458 cpu_ns=264083 states=444 verified=9 completion=0 alternatives=1
INSTRUMENTATION_STATUS_CODE: 0
INSTRUMENTATION_STATUS: candidate_width_measurement=v1 id=2 maximum=1 round=0 wall_ns=1077375 cpu_ns=1078208 states=1689 verified=2 completion=0 alternatives=1
INSTRUMENTATION_STATUS_CODE: 0
INSTRUMENTATION_STATUS: candidate_width_measurement=v1 id=2 maximum=3 round=0 wall_ns=4227792 cpu_ns=4229083 states=6379 verified=5 completion=0 alternatives=3
INSTRUMENTATION_STATUS_CODE: 0
INSTRUMENTATION_STATUS: candidate_width_measurement=v1 id=2 maximum=7 round=0 wall_ns=5324875 cpu_ns=5326458 states=8192 verified=5 completion=3 alternatives=5
INSTRUMENTATION_STATUS_CODE: 0
INSTRUMENTATION_STATUS: candidate_width_measurement=v1 id=3 maximum=7 round=0 wall_ns=5341917 cpu_ns=5183125 states=6441 verified=57 completion=0 alternatives=7
INSTRUMENTATION_STATUS_CODE: 0
INSTRUMENTATION_STATUS: candidate_width_measurement=v1 id=3 maximum=3 round=0 wall_ns=2603750 cpu_ns=2436375 states=2646 verified=46 completion=0 alternatives=3
INSTRUMENTATION_STATUS_CODE: 0
INSTRUMENTATION_STATUS: candidate_width_measurement=v1 id=3 maximum=1 round=0 wall_ns=1145375 cpu_ns=1146250 states=1775 verified=17 completion=0 alternatives=1
INSTRUMENTATION_STATUS_CODE: 0
INSTRUMENTATION_STATUS: candidate_width_measurement=v1 id=4 maximum=1 round=0 wall_ns=1085042 cpu_ns=1086000 states=1562 verified=7 completion=0 alternatives=1
INSTRUMENTATION_STATUS_CODE: 0
INSTRUMENTATION_STATUS: candidate_width_measurement=v1 id=4 maximum=3 round=0 wall_ns=3218792 cpu_ns=3220708 states=4569 verified=7 completion=0 alternatives=3
INSTRUMENTATION_STATUS_CODE: 0
INSTRUMENTATION_STATUS: candidate_width_measurement=v1 id=4 maximum=7 round=0 wall_ns=6424541 cpu_ns=6430791 states=8192 verified=7 completion=3 alternatives=7
INSTRUMENTATION_STATUS_CODE: 0
INSTRUMENTATION_STATUS: candidate_width_measurement=v1 id=5 maximum=7 round=0 wall_ns=1820750 cpu_ns=1821750 states=2139 verified=59 completion=0 alternatives=7
INSTRUMENTATION_STATUS_CODE: 0
INSTRUMENTATION_STATUS: candidate_width_measurement=v1 id=5 maximum=3 round=0 wall_ns=1742333 cpu_ns=1743667 states=2139 verified=59 completion=0 alternatives=3
INSTRUMENTATION_STATUS_CODE: 0
INSTRUMENTATION_STATUS: candidate_width_measurement=v1 id=5 maximum=1 round=0 wall_ns=362292 cpu_ns=363625 states=514 verified=11 completion=0 alternatives=1
INSTRUMENTATION_STATUS_CODE: 0
INSTRUMENTATION_STATUS: candidate_width_measurement=v1 id=6 maximum=1 round=0 wall_ns=886083 cpu_ns=887209 states=1463 verified=6 completion=0 alternatives=1
INSTRUMENTATION_STATUS_CODE: 0
INSTRUMENTATION_STATUS: candidate_width_measurement=v1 id=6 maximum=3 round=0 wall_ns=3504125 cpu_ns=3505333 states=5398 verified=16 completion=0 alternatives=3
INSTRUMENTATION_STATUS_CODE: 0
INSTRUMENTATION_STATUS: candidate_width_measurement=v1 id=6 maximum=7 round=0 wall_ns=4294209 cpu_ns=4300542 states=5398 verified=16 completion=0 alternatives=7
INSTRUMENTATION_STATUS_CODE: 0
INSTRUMENTATION_STATUS: candidate_width_measurement=v1 id=7 maximum=7 round=0 wall_ns=4718208 cpu_ns=4648459 states=5678 verified=45 completion=0 alternatives=7
INSTRUMENTATION_STATUS_CODE: 0
INSTRUMENTATION_STATUS: candidate_width_measurement=v1 id=7 maximum=3 round=0 wall_ns=1249916 cpu_ns=1251042 states=1851 verified=8 completion=0 alternatives=3
INSTRUMENTATION_STATUS_CODE: 0
INSTRUMENTATION_STATUS: candidate_width_measurement=v1 id=7 maximum=1 round=0 wall_ns=1240250 cpu_ns=1241667 states=1851 verified=8 completion=0 alternatives=1
INSTRUMENTATION_STATUS_CODE: 0
INSTRUMENTATION_STATUS: candidate_width_measurement=v1 id=8 maximum=1 round=0 wall_ns=391917 cpu_ns=393125 states=327 verified=18 completion=0 alternatives=1
INSTRUMENTATION_STATUS_CODE: 0
INSTRUMENTATION_STATUS: candidate_width_measurement=v1 id=8 maximum=3 round=0 wall_ns=1618792 cpu_ns=1619917 states=1503 verified=64 completion=4 alternatives=3
INSTRUMENTATION_STATUS_CODE: 0
INSTRUMENTATION_STATUS: candidate_width_measurement=v1 id=8 maximum=7 round=0 wall_ns=1555791 cpu_ns=1556875 states=1503 verified=64 completion=4 alternatives=7
INSTRUMENTATION_STATUS_CODE: 0
INSTRUMENTATION_STATUS: candidate_width_measurement=v1 id=9 maximum=7 round=0 wall_ns=3651667 cpu_ns=3657709 states=4662 verified=13 completion=0 alternatives=7
INSTRUMENTATION_STATUS_CODE: 0
INSTRUMENTATION_STATUS: candidate_width_measurement=v1 id=9 maximum=3 round=0 wall_ns=934875 cpu_ns=940333 states=1282 verified=10 completion=0 alternatives=3
INSTRUMENTATION_STATUS_CODE: 0
INSTRUMENTATION_STATUS: candidate_width_measurement=v1 id=9 maximum=1 round=0 wall_ns=235125 cpu_ns=236333 states=358 verified=4 completion=0 alternatives=1
INSTRUMENTATION_STATUS_CODE: 0
INSTRUMENTATION_STATUS: candidate_width_measurement=v1 id=10 maximum=1 round=0 wall_ns=286458 cpu_ns=287208 states=422 verified=20 completion=0 alternatives=1
INSTRUMENTATION_STATUS_CODE: 0
INSTRUMENTATION_STATUS: candidate_width_measurement=v1 id=10 maximum=3 round=0 wall_ns=298791 cpu_ns=300041 states=422 verified=20 completion=0 alternatives=3
INSTRUMENTATION_STATUS_CODE: 0
INSTRUMENTATION_STATUS: candidate_width_measurement=v1 id=10 maximum=7 round=0 wall_ns=1004625 cpu_ns=1005833 states=1917 verified=42 completion=0 alternatives=7
INSTRUMENTATION_STATUS_CODE: 0
INSTRUMENTATION_STATUS: candidate_width_measurement=v1 id=11 maximum=7 round=0 wall_ns=5893375 cpu_ns=5894875 states=8192 verified=49 completion=3 alternatives=7
INSTRUMENTATION_STATUS_CODE: 0
INSTRUMENTATION_STATUS: candidate_width_measurement=v1 id=11 maximum=3 round=0 wall_ns=1545917 cpu_ns=1547416 states=2058 verified=28 completion=0 alternatives=3
INSTRUMENTATION_STATUS_CODE: 0
INSTRUMENTATION_STATUS: candidate_width_measurement=v1 id=11 maximum=1 round=0 wall_ns=1896792 cpu_ns=1900042 states=2058 verified=28 completion=0 alternatives=1
INSTRUMENTATION_STATUS_CODE: 0
INSTRUMENTATION_STATUS: candidate_width_measurement=v1 id=12 maximum=1 round=0 wall_ns=302583 cpu_ns=307166 states=324 verified=4 completion=0 alternatives=1
INSTRUMENTATION_STATUS_CODE: 0
INSTRUMENTATION_STATUS: candidate_width_measurement=v1 id=12 maximum=3 round=0 wall_ns=266500 cpu_ns=268583 states=420 verified=5 completion=0 alternatives=3
INSTRUMENTATION_STATUS_CODE: 0
INSTRUMENTATION_STATUS: candidate_width_measurement=v1 id=12 maximum=7 round=0 wall_ns=954834 cpu_ns=955625 states=1986 verified=15 completion=0 alternatives=7
INSTRUMENTATION_STATUS_CODE: 0
INSTRUMENTATION_STATUS: candidate_width_measurement=v1 id=13 maximum=7 round=0 wall_ns=2333833 cpu_ns=2335250 states=2999 verified=64 completion=4 alternatives=7
INSTRUMENTATION_STATUS_CODE: 0
INSTRUMENTATION_STATUS: candidate_width_measurement=v1 id=13 maximum=3 round=0 wall_ns=1414875 cpu_ns=1416250 states=1861 verified=44 completion=0 alternatives=3
INSTRUMENTATION_STATUS_CODE: 0
INSTRUMENTATION_STATUS: candidate_width_measurement=v1 id=13 maximum=1 round=0 wall_ns=567000 cpu_ns=568000 states=599 verified=26 completion=0 alternatives=1
INSTRUMENTATION_STATUS_CODE: 0
INSTRUMENTATION_STATUS: candidate_width_measurement=v1 id=14 maximum=1 round=0 wall_ns=1273833 cpu_ns=1274958 states=1930 verified=1 completion=0 alternatives=1
INSTRUMENTATION_STATUS_CODE: 0
INSTRUMENTATION_STATUS: candidate_width_measurement=v1 id=14 maximum=3 round=0 wall_ns=5623208 cpu_ns=5624834 states=8192 verified=1 completion=3 alternatives=1
INSTRUMENTATION_STATUS_CODE: 0
INSTRUMENTATION_STATUS: candidate_width_measurement=v1 id=14 maximum=7 round=0 wall_ns=5462042 cpu_ns=5463458 states=8192 verified=1 completion=3 alternatives=1
INSTRUMENTATION_STATUS_CODE: 0
INSTRUMENTATION_STATUS: candidate_width_measurement=v1 id=15 maximum=7 round=0 wall_ns=601667 cpu_ns=602917 states=1324 verified=9 completion=0 alternatives=7
INSTRUMENTATION_STATUS_CODE: 0
INSTRUMENTATION_STATUS: candidate_width_measurement=v1 id=15 maximum=3 round=0 wall_ns=571417 cpu_ns=572291 states=1324 verified=9 completion=0 alternatives=3
INSTRUMENTATION_STATUS_CODE: 0
INSTRUMENTATION_STATUS: candidate_width_measurement=v1 id=15 maximum=1 round=0 wall_ns=155209 cpu_ns=156334 states=250 verified=3 completion=0 alternatives=1
INSTRUMENTATION_STATUS_CODE: 0
INSTRUMENTATION_STATUS: candidate_width_measurement=v1 id=16 maximum=1 round=0 wall_ns=1087708 cpu_ns=1088708 states=1607 verified=13 completion=0 alternatives=1
INSTRUMENTATION_STATUS_CODE: 0
INSTRUMENTATION_STATUS: candidate_width_measurement=v1 id=16 maximum=3 round=0 wall_ns=1065708 cpu_ns=1067042 states=1607 verified=13 completion=0 alternatives=3
INSTRUMENTATION_STATUS_CODE: 0
INSTRUMENTATION_STATUS: candidate_width_measurement=v1 id=16 maximum=7 round=0 wall_ns=5162916 cpu_ns=5185625 states=8192 verified=14 completion=3 alternatives=7
INSTRUMENTATION_STATUS_CODE: 0
INSTRUMENTATION_STATUS: candidate_width_measurement=v1 id=17 maximum=7 round=0 wall_ns=5143916 cpu_ns=5145500 states=8192 verified=2 completion=3 alternatives=2
INSTRUMENTATION_STATUS_CODE: 0
INSTRUMENTATION_STATUS: candidate_width_measurement=v1 id=17 maximum=3 round=0 wall_ns=4957541 cpu_ns=4958459 states=8192 verified=2 completion=3 alternatives=2
INSTRUMENTATION_STATUS_CODE: 0
INSTRUMENTATION_STATUS: candidate_width_measurement=v1 id=17 maximum=1 round=0 wall_ns=893583 cpu_ns=895125 states=1517 verified=1 completion=0 alternatives=1
INSTRUMENTATION_STATUS_CODE: 0
INSTRUMENTATION_STATUS: candidate_width_measurement=v1 id=18 maximum=1 round=0 wall_ns=386584 cpu_ns=297125 states=411 verified=4 completion=0 alternatives=1
INSTRUMENTATION_STATUS_CODE: 0
INSTRUMENTATION_STATUS: candidate_width_measurement=v1 id=18 maximum=3 round=0 wall_ns=884667 cpu_ns=885833 states=2064 verified=5 completion=0 alternatives=3
INSTRUMENTATION_STATUS_CODE: 0
INSTRUMENTATION_STATUS: candidate_width_measurement=v1 id=18 maximum=7 round=0 wall_ns=1401541 cpu_ns=1402625 states=3409 verified=5 completion=0 alternatives=5
INSTRUMENTATION_STATUS_CODE: 0
INSTRUMENTATION_STATUS: candidate_width_measurement=v1 id=19 maximum=7 round=0 wall_ns=614625 cpu_ns=615750 states=1121 verified=50 completion=0 alternatives=7
INSTRUMENTATION_STATUS_CODE: 0
INSTRUMENTATION_STATUS: candidate_width_measurement=v1 id=19 maximum=3 round=0 wall_ns=247833 cpu_ns=248791 states=292 verified=29 completion=0 alternatives=3
INSTRUMENTATION_STATUS_CODE: 0
INSTRUMENTATION_STATUS: candidate_width_measurement=v1 id=19 maximum=1 round=0 wall_ns=259500 cpu_ns=260709 states=292 verified=29 completion=0 alternatives=1
INSTRUMENTATION_STATUS_CODE: 0
INSTRUMENTATION_STATUS: candidate_width_measurement=v1 id=20 maximum=1 round=0 wall_ns=2610833 cpu_ns=2611834 states=2619 verified=64 completion=4 alternatives=1
INSTRUMENTATION_STATUS_CODE: 0
INSTRUMENTATION_STATUS: candidate_width_measurement=v1 id=20 maximum=3 round=0 wall_ns=2403750 cpu_ns=2405042 states=2619 verified=64 completion=4 alternatives=3
INSTRUMENTATION_STATUS_CODE: 0
INSTRUMENTATION_STATUS: candidate_width_measurement=v1 id=20 maximum=7 round=0 wall_ns=2340167 cpu_ns=2341000 states=2619 verified=64 completion=4 alternatives=7
INSTRUMENTATION_STATUS_CODE: 0
INSTRUMENTATION_STATUS: candidate_width_measurement=v1 id=21 maximum=7 round=0 wall_ns=4525125 cpu_ns=4526208 states=5806 verified=21 completion=0 alternatives=7
INSTRUMENTATION_STATUS_CODE: 0
INSTRUMENTATION_STATUS: candidate_width_measurement=v1 id=21 maximum=3 round=0 wall_ns=1590625 cpu_ns=1591709 states=2111 verified=12 completion=0 alternatives=3
INSTRUMENTATION_STATUS_CODE: 0
INSTRUMENTATION_STATUS: candidate_width_measurement=v1 id=21 maximum=1 round=0 wall_ns=1599875 cpu_ns=1601250 states=2111 verified=12 completion=0 alternatives=1
INSTRUMENTATION_STATUS_CODE: 0
INSTRUMENTATION_STATUS: candidate_width_measurement=v1 id=22 maximum=1 round=0 wall_ns=168875 cpu_ns=169666 states=293 verified=2 completion=0 alternatives=1
INSTRUMENTATION_STATUS_CODE: 0
INSTRUMENTATION_STATUS: candidate_width_measurement=v1 id=22 maximum=3 round=0 wall_ns=947750 cpu_ns=948833 states=1928 verified=10 completion=0 alternatives=3
INSTRUMENTATION_STATUS_CODE: 0
INSTRUMENTATION_STATUS: candidate_width_measurement=v1 id=22 maximum=7 round=0 wall_ns=860542 cpu_ns=861375 states=1928 verified=10 completion=0 alternatives=7
INSTRUMENTATION_STATUS_CODE: 0
INSTRUMENTATION_STATUS: candidate_width_measurement=v1 id=23 maximum=7 round=0 wall_ns=894750 cpu_ns=895917 states=1455 verified=24 completion=0 alternatives=7
INSTRUMENTATION_STATUS_CODE: 0
INSTRUMENTATION_STATUS: candidate_width_measurement=v1 id=23 maximum=3 round=0 wall_ns=152917 cpu_ns=153583 states=253 verified=3 completion=0 alternatives=3
INSTRUMENTATION_STATUS_CODE: 0
INSTRUMENTATION_STATUS: candidate_width_measurement=v1 id=23 maximum=1 round=0 wall_ns=151833 cpu_ns=152542 states=253 verified=3 completion=0 alternatives=1
INSTRUMENTATION_STATUS_CODE: 0
INSTRUMENTATION_STATUS: candidate_width_measurement=v1 id=24 maximum=1 round=0 wall_ns=138916 cpu_ns=139667 states=192 verified=11 completion=0 alternatives=1
INSTRUMENTATION_STATUS_CODE: 0
INSTRUMENTATION_STATUS: candidate_width_measurement=v1 id=24 maximum=3 round=0 wall_ns=173208 cpu_ns=174333 states=192 verified=11 completion=0 alternatives=3
INSTRUMENTATION_STATUS_CODE: 0
INSTRUMENTATION_STATUS: candidate_width_measurement=v1 id=24 maximum=7 round=0 wall_ns=799292 cpu_ns=765292 states=1273 verified=29 completion=0 alternatives=7
INSTRUMENTATION_STATUS_CODE: 0
INSTRUMENTATION_STATUS: candidate_width_measurement=v1 id=25 maximum=7 round=0 wall_ns=4815958 cpu_ns=4644124 states=6796 verified=11 completion=0 alternatives=7
INSTRUMENTATION_STATUS_CODE: 0
INSTRUMENTATION_STATUS: candidate_width_measurement=v1 id=25 maximum=3 round=0 wall_ns=3934042 cpu_ns=3934958 states=6796 verified=11 completion=0 alternatives=3
INSTRUMENTATION_STATUS_CODE: 0
INSTRUMENTATION_STATUS: candidate_width_measurement=v1 id=25 maximum=1 round=0 wall_ns=978125 cpu_ns=979458 states=1614 verified=6 completion=0 alternatives=1
INSTRUMENTATION_STATUS_CODE: 0
INSTRUMENTATION_STATUS: candidate_width_measurement=v1 id=26 maximum=1 round=0 wall_ns=1423208 cpu_ns=1424375 states=1814 verified=31 completion=0 alternatives=1
INSTRUMENTATION_STATUS_CODE: 0
INSTRUMENTATION_STATUS: candidate_width_measurement=v1 id=26 maximum=3 round=0 wall_ns=3405917 cpu_ns=3407166 states=4889 verified=39 completion=0 alternatives=3
INSTRUMENTATION_STATUS_CODE: 0
INSTRUMENTATION_STATUS: candidate_width_measurement=v1 id=26 maximum=7 round=0 wall_ns=3341917 cpu_ns=3343458 states=4889 verified=39 completion=0 alternatives=7
INSTRUMENTATION_STATUS_CODE: 0
INSTRUMENTATION_STATUS: candidate_width_measurement=v1 id=27 maximum=7 round=0 wall_ns=793375 cpu_ns=794542 states=1508 verified=8 completion=0 alternatives=7
INSTRUMENTATION_STATUS_CODE: 0
INSTRUMENTATION_STATUS: candidate_width_measurement=v1 id=27 maximum=3 round=0 wall_ns=200292 cpu_ns=201041 states=280 verified=6 completion=0 alternatives=3
INSTRUMENTATION_STATUS_CODE: 0
INSTRUMENTATION_STATUS: candidate_width_measurement=v1 id=27 maximum=1 round=0 wall_ns=199750 cpu_ns=200291 states=280 verified=6 completion=0 alternatives=1
INSTRUMENTATION_STATUS_CODE: 0
INSTRUMENTATION_STATUS: candidate_width_measurement=v1 id=28 maximum=1 round=0 wall_ns=356625 cpu_ns=357750 states=336 verified=13 completion=0 alternatives=1
INSTRUMENTATION_STATUS_CODE: 0
INSTRUMENTATION_STATUS: candidate_width_measurement=v1 id=28 maximum=3 round=0 wall_ns=1474875 cpu_ns=1475833 states=1466 verified=53 completion=0 alternatives=3
INSTRUMENTATION_STATUS_CODE: 0
INSTRUMENTATION_STATUS: candidate_width_measurement=v1 id=28 maximum=7 round=0 wall_ns=3192917 cpu_ns=3193750 states=4469 verified=63 completion=0 alternatives=7
INSTRUMENTATION_STATUS_CODE: 0
INSTRUMENTATION_STATUS: candidate_width_measurement=v1 id=29 maximum=7 round=0 wall_ns=4945375 cpu_ns=4946792 states=7060 verified=55 completion=0 alternatives=7
INSTRUMENTATION_STATUS_CODE: 0
INSTRUMENTATION_STATUS: candidate_width_measurement=v1 id=29 maximum=3 round=0 wall_ns=1476084 cpu_ns=1477709 states=1750 verified=28 completion=0 alternatives=3
INSTRUMENTATION_STATUS_CODE: 0
INSTRUMENTATION_STATUS: candidate_width_measurement=v1 id=29 maximum=1 round=0 wall_ns=1413125 cpu_ns=1413917 states=1750 verified=28 completion=0 alternatives=1
INSTRUMENTATION_STATUS_CODE: 0
INSTRUMENTATION_STATUS: candidate_width_measurement=v1 id=30 maximum=1 round=0 wall_ns=2045458 cpu_ns=2046792 states=2206 verified=64 completion=4 alternatives=1
INSTRUMENTATION_STATUS_CODE: 0
INSTRUMENTATION_STATUS: candidate_width_measurement=v1 id=30 maximum=3 round=0 wall_ns=1969541 cpu_ns=1970875 states=2206 verified=64 completion=4 alternatives=3
INSTRUMENTATION_STATUS_CODE: 0
INSTRUMENTATION_STATUS: candidate_width_measurement=v1 id=30 maximum=7 round=0 wall_ns=1989417 cpu_ns=1990834 states=2206 verified=64 completion=4 alternatives=7
INSTRUMENTATION_STATUS_CODE: 0
INSTRUMENTATION_STATUS: candidate_width_measurement=v1 id=31 maximum=7 round=0 wall_ns=4785625 cpu_ns=4787291 states=6727 verified=12 completion=0 alternatives=7
INSTRUMENTATION_STATUS_CODE: 0
INSTRUMENTATION_STATUS: candidate_width_measurement=v1 id=31 maximum=3 round=0 wall_ns=1686833 cpu_ns=1687875 states=2464 verified=5 completion=0 alternatives=3
INSTRUMENTATION_STATUS_CODE: 0
INSTRUMENTATION_STATUS: candidate_width_measurement=v1 id=31 maximum=1 round=0 wall_ns=1406250 cpu_ns=1407708 states=2079 verified=2 completion=0 alternatives=1
INSTRUMENTATION_STATUS_CODE: 0
INSTRUMENTATION_STATUS: candidate_width_measurement=v1 id=32 maximum=1 round=0 wall_ns=1630416 cpu_ns=1631417 states=1787 verified=39 completion=0 alternatives=1
INSTRUMENTATION_STATUS_CODE: 0
INSTRUMENTATION_STATUS: candidate_width_measurement=v1 id=32 maximum=3 round=0 wall_ns=1604583 cpu_ns=1605750 states=1787 verified=39 completion=0 alternatives=3
INSTRUMENTATION_STATUS_CODE: 0
INSTRUMENTATION_STATUS: candidate_width_measurement=v1 id=32 maximum=7 round=0 wall_ns=3884083 cpu_ns=3888417 states=5006 verified=47 completion=0 alternatives=7
INSTRUMENTATION_STATUS_CODE: 0
INSTRUMENTATION_STATUS: candidate_width_measurement=v1 id=33 maximum=7 round=0 wall_ns=2121209 cpu_ns=2122042 states=3501 verified=18 completion=0 alternatives=7
INSTRUMENTATION_STATUS_CODE: 0
INSTRUMENTATION_STATUS: candidate_width_measurement=v1 id=33 maximum=3 round=0 wall_ns=2045875 cpu_ns=2046792 states=3501 verified=18 completion=0 alternatives=3
INSTRUMENTATION_STATUS_CODE: 0
INSTRUMENTATION_STATUS: candidate_width_measurement=v1 id=33 maximum=1 round=0 wall_ns=892625 cpu_ns=894000 states=1398 verified=12 completion=0 alternatives=1
INSTRUMENTATION_STATUS_CODE: 0
INSTRUMENTATION_STATUS: candidate_width_measurement=v1 id=34 maximum=1 round=0 wall_ns=2045750 cpu_ns=2046875 states=2542 verified=22 completion=0 alternatives=1
INSTRUMENTATION_STATUS_CODE: 0
INSTRUMENTATION_STATUS: candidate_width_measurement=v1 id=34 maximum=3 round=0 wall_ns=2006833 cpu_ns=2008208 states=2542 verified=22 completion=0 alternatives=3
INSTRUMENTATION_STATUS_CODE: 0
INSTRUMENTATION_STATUS: candidate_width_measurement=v1 id=34 maximum=7 round=0 wall_ns=5871417 cpu_ns=5872750 states=8192 verified=26 completion=3 alternatives=7
INSTRUMENTATION_STATUS_CODE: 0
INSTRUMENTATION_STATUS: candidate_width_measurement=v1 id=35 maximum=7 round=0 wall_ns=5247958 cpu_ns=5248958 states=8192 verified=25 completion=3 alternatives=7
INSTRUMENTATION_STATUS_CODE: 0
INSTRUMENTATION_STATUS: candidate_width_measurement=v1 id=35 maximum=3 round=0 wall_ns=1429750 cpu_ns=1430875 states=1844 verified=23 completion=0 alternatives=3
INSTRUMENTATION_STATUS_CODE: 0
INSTRUMENTATION_STATUS: candidate_width_measurement=v1 id=35 maximum=1 round=0 wall_ns=1583333 cpu_ns=1585000 states=1844 verified=23 completion=0 alternatives=1
INSTRUMENTATION_STATUS_CODE: 0
INSTRUMENTATION_STATUS: candidate_width_measurement=v1 id=36 maximum=1 round=0 wall_ns=338666 cpu_ns=339375 states=367 verified=9 completion=0 alternatives=1
INSTRUMENTATION_STATUS_CODE: 0
INSTRUMENTATION_STATUS: candidate_width_measurement=v1 id=36 maximum=3 round=0 wall_ns=1927667 cpu_ns=1929083 states=2213 verified=48 completion=0 alternatives=3
INSTRUMENTATION_STATUS_CODE: 0
INSTRUMENTATION_STATUS: candidate_width_measurement=v1 id=36 maximum=7 round=0 wall_ns=1807083 cpu_ns=1808125 states=2213 verified=48 completion=0 alternatives=7
INSTRUMENTATION_STATUS_CODE: 0
INSTRUMENTATION_STATUS: candidate_width_measurement=v1 id=37 maximum=7 round=0 wall_ns=5845208 cpu_ns=5846291 states=8192 verified=5 completion=3 alternatives=5
INSTRUMENTATION_STATUS_CODE: 0
INSTRUMENTATION_STATUS: candidate_width_measurement=v1 id=37 maximum=3 round=0 wall_ns=5385875 cpu_ns=5386666 states=8192 verified=5 completion=3 alternatives=3
INSTRUMENTATION_STATUS_CODE: 0
INSTRUMENTATION_STATUS: candidate_width_measurement=v1 id=37 maximum=1 round=0 wall_ns=948916 cpu_ns=949750 states=1093 verified=5 completion=0 alternatives=1
INSTRUMENTATION_STATUS_CODE: 0
INSTRUMENTATION_STATUS: candidate_width_measurement=v1 id=38 maximum=1 round=0 wall_ns=465917 cpu_ns=466875 states=537 verified=6 completion=0 alternatives=1
INSTRUMENTATION_STATUS_CODE: 0
INSTRUMENTATION_STATUS: candidate_width_measurement=v1 id=38 maximum=3 round=0 wall_ns=2244375 cpu_ns=2245791 states=2434 verified=28 completion=0 alternatives=3
INSTRUMENTATION_STATUS_CODE: 0
INSTRUMENTATION_STATUS: candidate_width_measurement=v1 id=38 maximum=7 round=0 wall_ns=5925250 cpu_ns=5926667 states=8192 verified=29 completion=3 alternatives=7
INSTRUMENTATION_STATUS_CODE: 0
INSTRUMENTATION_STATUS: candidate_width_measurement=v1 id=39 maximum=7 round=0 wall_ns=1677625 cpu_ns=1678416 states=1873 verified=64 completion=4 alternatives=7
INSTRUMENTATION_STATUS_CODE: 0
INSTRUMENTATION_STATUS: candidate_width_measurement=v1 id=39 maximum=3 round=0 wall_ns=1668000 cpu_ns=1669167 states=1873 verified=64 completion=4 alternatives=3
INSTRUMENTATION_STATUS_CODE: 0
INSTRUMENTATION_STATUS: candidate_width_measurement=v1 id=39 maximum=1 round=0 wall_ns=490208 cpu_ns=491292 states=412 verified=23 completion=0 alternatives=1
INSTRUMENTATION_STATUS_CODE: 0
INSTRUMENTATION_STATUS: candidate_width_measurement=v1 id=40 maximum=1 round=0 wall_ns=304042 cpu_ns=305084 states=310 verified=33 completion=0 alternatives=1
INSTRUMENTATION_STATUS_CODE: 0
INSTRUMENTATION_STATUS: candidate_width_measurement=v1 id=40 maximum=3 round=0 wall_ns=246833 cpu_ns=248000 states=310 verified=33 completion=0 alternatives=3
INSTRUMENTATION_STATUS_CODE: 0
INSTRUMENTATION_STATUS: candidate_width_measurement=v1 id=40 maximum=7 round=0 wall_ns=537542 cpu_ns=538500 states=1119 verified=42 completion=0 alternatives=7
INSTRUMENTATION_STATUS_CODE: 0
INSTRUMENTATION_STATUS: candidate_width_measurement=v1 id=41 maximum=7 round=0 wall_ns=1421958 cpu_ns=1422833 states=3007 verified=13 completion=0 alternatives=7
INSTRUMENTATION_STATUS_CODE: 0
INSTRUMENTATION_STATUS: candidate_width_measurement=v1 id=41 maximum=3 round=0 wall_ns=712250 cpu_ns=713208 states=1616 verified=9 completion=0 alternatives=3
INSTRUMENTATION_STATUS_CODE: 0
INSTRUMENTATION_STATUS: candidate_width_measurement=v1 id=41 maximum=1 round=0 wall_ns=211417 cpu_ns=212334 states=353 verified=5 completion=0 alternatives=1
INSTRUMENTATION_STATUS_CODE: 0
INSTRUMENTATION_STATUS: candidate_width_measurement=v1 id=42 maximum=1 round=0 wall_ns=177416 cpu_ns=178458 states=236 verified=23 completion=0 alternatives=1
INSTRUMENTATION_STATUS_CODE: 0
INSTRUMENTATION_STATUS: candidate_width_measurement=v1 id=42 maximum=3 round=0 wall_ns=238167 cpu_ns=239042 states=401 verified=27 completion=0 alternatives=3
INSTRUMENTATION_STATUS_CODE: 0
INSTRUMENTATION_STATUS: candidate_width_measurement=v1 id=42 maximum=7 round=0 wall_ns=565250 cpu_ns=566291 states=1399 verified=41 completion=0 alternatives=7
INSTRUMENTATION_STATUS_CODE: 0
INSTRUMENTATION_STATUS: candidate_width_measurement=v1 id=43 maximum=7 round=0 wall_ns=3172625 cpu_ns=3173458 states=4904 verified=13 completion=0 alternatives=7
INSTRUMENTATION_STATUS_CODE: 0
INSTRUMENTATION_STATUS: candidate_width_measurement=v1 id=43 maximum=3 round=0 wall_ns=1006083 cpu_ns=1006875 states=1640 verified=7 completion=0 alternatives=3
INSTRUMENTATION_STATUS_CODE: 0
INSTRUMENTATION_STATUS: candidate_width_measurement=v1 id=43 maximum=1 round=0 wall_ns=1676750 cpu_ns=1511708 states=1640 verified=7 completion=0 alternatives=1
INSTRUMENTATION_STATUS_CODE: 0
INSTRUMENTATION_STATUS: candidate_width_measurement=v1 id=44 maximum=1 round=0 wall_ns=355584 cpu_ns=356667 states=612 verified=5 completion=0 alternatives=1
INSTRUMENTATION_STATUS_CODE: 0
INSTRUMENTATION_STATUS: candidate_width_measurement=v1 id=44 maximum=3 round=0 wall_ns=837750 cpu_ns=770708 states=1492 verified=7 completion=0 alternatives=3
INSTRUMENTATION_STATUS_CODE: 0
INSTRUMENTATION_STATUS: candidate_width_measurement=v1 id=44 maximum=7 round=0 wall_ns=1086542 cpu_ns=1087583 states=2455 verified=10 completion=0 alternatives=4
INSTRUMENTATION_STATUS_CODE: 0
INSTRUMENTATION_STATUS: candidate_width_measurement=v1 id=45 maximum=7 round=0 wall_ns=20167 cpu_ns=20875 states=28 verified=0 completion=2 alternatives=0
INSTRUMENTATION_STATUS_CODE: 0
INSTRUMENTATION_STATUS: candidate_width_measurement=v1 id=45 maximum=3 round=0 wall_ns=26125 cpu_ns=26958 states=28 verified=0 completion=2 alternatives=0
INSTRUMENTATION_STATUS_CODE: 0
INSTRUMENTATION_STATUS: candidate_width_measurement=v1 id=45 maximum=1 round=0 wall_ns=20667 cpu_ns=21500 states=28 verified=0 completion=2 alternatives=0
INSTRUMENTATION_STATUS_CODE: 0
INSTRUMENTATION_STATUS: candidate_width_measurement=v1 id=46 maximum=1 round=0 wall_ns=534458 cpu_ns=535334 states=724 verified=11 completion=0 alternatives=1
INSTRUMENTATION_STATUS_CODE: 0
INSTRUMENTATION_STATUS: candidate_width_measurement=v1 id=46 maximum=3 round=0 wall_ns=527875 cpu_ns=529041 states=724 verified=11 completion=0 alternatives=3
INSTRUMENTATION_STATUS_CODE: 0
INSTRUMENTATION_STATUS: candidate_width_measurement=v1 id=46 maximum=7 round=0 wall_ns=1675375 cpu_ns=1669001 states=2202 verified=27 completion=0 alternatives=7
INSTRUMENTATION_STATUS_CODE: 0
INSTRUMENTATION_STATUS: candidate_width_measurement=v1 id=47 maximum=7 round=0 wall_ns=5816042 cpu_ns=5817125 states=8192 verified=16 completion=3 alternatives=7
INSTRUMENTATION_STATUS_CODE: 0
INSTRUMENTATION_STATUS: candidate_width_measurement=v1 id=47 maximum=3 round=0 wall_ns=1905833 cpu_ns=1907042 states=2580 verified=16 completion=0 alternatives=3
INSTRUMENTATION_STATUS_CODE: 0
INSTRUMENTATION_STATUS: candidate_width_measurement=v1 id=47 maximum=1 round=0 wall_ns=1263875 cpu_ns=1264708 states=1621 verified=16 completion=0 alternatives=1
INSTRUMENTATION_STATUS_CODE: 0
INSTRUMENTATION_STATUS: candidate_width_measurement=v1 id=48 maximum=1 round=0 wall_ns=1268875 cpu_ns=1269709 states=1680 verified=21 completion=0 alternatives=1
INSTRUMENTATION_STATUS_CODE: 0
INSTRUMENTATION_STATUS: candidate_width_measurement=v1 id=48 maximum=3 round=0 wall_ns=1228125 cpu_ns=1229042 states=1680 verified=21 completion=0 alternatives=3
INSTRUMENTATION_STATUS_CODE: 0
INSTRUMENTATION_STATUS: candidate_width_measurement=v1 id=48 maximum=7 round=0 wall_ns=1193250 cpu_ns=1194000 states=1680 verified=21 completion=0 alternatives=7
INSTRUMENTATION_STATUS_CODE: 0
INSTRUMENTATION_STATUS: candidate_width_measurement=v1 id=49 maximum=7 round=0 wall_ns=792334 cpu_ns=793042 states=1514 verified=18 completion=0 alternatives=7
INSTRUMENTATION_STATUS_CODE: 0
INSTRUMENTATION_STATUS: candidate_width_measurement=v1 id=49 maximum=3 round=0 wall_ns=789958 cpu_ns=790792 states=1514 verified=18 completion=0 alternatives=3
INSTRUMENTATION_STATUS_CODE: 0
INSTRUMENTATION_STATUS: candidate_width_measurement=v1 id=49 maximum=1 round=0 wall_ns=185000 cpu_ns=185958 states=296 verified=5 completion=0 alternatives=1
INSTRUMENTATION_STATUS_CODE: 0
INSTRUMENTATION_STATUS: candidate_width_measurement=v1 id=50 maximum=1 round=0 wall_ns=270917 cpu_ns=271875 states=322 verified=8 completion=0 alternatives=1
INSTRUMENTATION_STATUS_CODE: 0
INSTRUMENTATION_STATUS: candidate_width_measurement=v1 id=50 maximum=3 round=0 wall_ns=1688500 cpu_ns=1689375 states=1892 verified=64 completion=4 alternatives=3
INSTRUMENTATION_STATUS_CODE: 0
INSTRUMENTATION_STATUS: candidate_width_measurement=v1 id=50 maximum=7 round=0 wall_ns=1650000 cpu_ns=1650958 states=1892 verified=64 completion=4 alternatives=7
INSTRUMENTATION_STATUS_CODE: 0
INSTRUMENTATION_STATUS: candidate_width_measurement=v1 id=51 maximum=7 round=0 wall_ns=408958 cpu_ns=409541 states=740 verified=11 completion=0 alternatives=7
INSTRUMENTATION_STATUS_CODE: 0
INSTRUMENTATION_STATUS: candidate_width_measurement=v1 id=51 maximum=3 round=0 wall_ns=288666 cpu_ns=289458 states=448 verified=11 completion=0 alternatives=3
INSTRUMENTATION_STATUS_CODE: 0
INSTRUMENTATION_STATUS: candidate_width_measurement=v1 id=51 maximum=1 round=0 wall_ns=279292 cpu_ns=279959 states=448 verified=11 completion=0 alternatives=1
INSTRUMENTATION_STATUS_CODE: 0
INSTRUMENTATION_STATUS: candidate_width_measurement=v1 id=52 maximum=1 round=0 wall_ns=1378583 cpu_ns=1379708 states=2008 verified=3 completion=0 alternatives=1
INSTRUMENTATION_STATUS_CODE: 0
INSTRUMENTATION_STATUS: candidate_width_measurement=v1 id=52 maximum=3 round=0 wall_ns=5769250 cpu_ns=5770291 states=8192 verified=4 completion=3 alternatives=3
INSTRUMENTATION_STATUS_CODE: 0
INSTRUMENTATION_STATUS: candidate_width_measurement=v1 id=52 maximum=7 round=0 wall_ns=5630416 cpu_ns=5631459 states=8192 verified=4 completion=3 alternatives=4
INSTRUMENTATION_STATUS_CODE: 0
INSTRUMENTATION_STATUS: candidate_width_measurement=v1 id=53 maximum=7 round=0 wall_ns=785208 cpu_ns=786083 states=1667 verified=10 completion=0 alternatives=7
INSTRUMENTATION_STATUS_CODE: 0
INSTRUMENTATION_STATUS: candidate_width_measurement=v1 id=53 maximum=3 round=0 wall_ns=258583 cpu_ns=259375 states=455 verified=6 completion=0 alternatives=3
INSTRUMENTATION_STATUS_CODE: 0
INSTRUMENTATION_STATUS: candidate_width_measurement=v1 id=53 maximum=1 round=0 wall_ns=184417 cpu_ns=185250 states=312 verified=4 completion=0 alternatives=1
INSTRUMENTATION_STATUS_CODE: 0
INSTRUMENTATION_STATUS: candidate_width_measurement=v1 id=54 maximum=1 round=0 wall_ns=1060875 cpu_ns=1061583 states=1412 verified=12 completion=0 alternatives=1
INSTRUMENTATION_STATUS_CODE: 0
INSTRUMENTATION_STATUS: candidate_width_measurement=v1 id=54 maximum=3 round=0 wall_ns=2957792 cpu_ns=2958916 states=4405 verified=14 completion=0 alternatives=3
INSTRUMENTATION_STATUS_CODE: 0
INSTRUMENTATION_STATUS: candidate_width_measurement=v1 id=54 maximum=7 round=0 wall_ns=5134375 cpu_ns=5135208 states=8192 verified=14 completion=3 alternatives=7
INSTRUMENTATION_STATUS_CODE: 0
INSTRUMENTATION_STATUS: candidate_width_measurement=v1 id=55 maximum=7 round=0 wall_ns=5047334 cpu_ns=5048416 states=6979 verified=13 completion=0 alternatives=7
INSTRUMENTATION_STATUS_CODE: 0
INSTRUMENTATION_STATUS: candidate_width_measurement=v1 id=55 maximum=3 round=0 wall_ns=4922250 cpu_ns=4924292 states=6979 verified=13 completion=0 alternatives=3
INSTRUMENTATION_STATUS_CODE: 0
INSTRUMENTATION_STATUS: candidate_width_measurement=v1 id=55 maximum=1 round=0 wall_ns=1630667 cpu_ns=1631541 states=2276 verified=10 completion=0 alternatives=1
INSTRUMENTATION_STATUS_CODE: 0
INSTRUMENTATION_STATUS: candidate_width_measurement=v1 id=56 maximum=1 round=0 wall_ns=588667 cpu_ns=589709 states=1277 verified=8 completion=0 alternatives=1
INSTRUMENTATION_STATUS_CODE: 0
INSTRUMENTATION_STATUS: candidate_width_measurement=v1 id=56 maximum=3 round=0 wall_ns=562666 cpu_ns=563542 states=1277 verified=8 completion=0 alternatives=3
INSTRUMENTATION_STATUS_CODE: 0
INSTRUMENTATION_STATUS: candidate_width_measurement=v1 id=56 maximum=7 round=0 wall_ns=589042 cpu_ns=590125 states=1277 verified=8 completion=0 alternatives=7
INSTRUMENTATION_STATUS_CODE: 0
INSTRUMENTATION_STATUS: candidate_width_measurement=v1 id=57 maximum=7 round=0 wall_ns=5738500 cpu_ns=5741083 states=8192 verified=3 completion=3 alternatives=3
INSTRUMENTATION_STATUS_CODE: 0
INSTRUMENTATION_STATUS: candidate_width_measurement=v1 id=57 maximum=3 round=0 wall_ns=5548042 cpu_ns=5550417 states=8192 verified=3 completion=3 alternatives=3
INSTRUMENTATION_STATUS_CODE: 0
INSTRUMENTATION_STATUS: candidate_width_measurement=v1 id=57 maximum=1 round=0 wall_ns=1147750 cpu_ns=1148875 states=1609 verified=3 completion=0 alternatives=1
INSTRUMENTATION_STATUS_CODE: 0
INSTRUMENTATION_STATUS: candidate_width_measurement=v1 id=58 maximum=1 round=0 wall_ns=291916 cpu_ns=293375 states=349 verified=5 completion=0 alternatives=1
INSTRUMENTATION_STATUS_CODE: 0
INSTRUMENTATION_STATUS: candidate_width_measurement=v1 id=58 maximum=3 round=0 wall_ns=1916334 cpu_ns=1918750 states=2200 verified=48 completion=0 alternatives=3
INSTRUMENTATION_STATUS_CODE: 0
INSTRUMENTATION_STATUS: candidate_width_measurement=v1 id=58 maximum=7 round=0 wall_ns=1836250 cpu_ns=1837583 states=2200 verified=48 completion=0 alternatives=7
INSTRUMENTATION_STATUS_CODE: 0
INSTRUMENTATION_STATUS: candidate_width_measurement=v1 id=59 maximum=7 round=0 wall_ns=3526625 cpu_ns=3527708 states=5151 verified=15 completion=0 alternatives=7
INSTRUMENTATION_STATUS_CODE: 0
INSTRUMENTATION_STATUS: candidate_width_measurement=v1 id=59 maximum=3 round=0 wall_ns=1774500 cpu_ns=1782958 states=2741 verified=13 completion=0 alternatives=3
INSTRUMENTATION_STATUS_CODE: 0
INSTRUMENTATION_STATUS: candidate_width_measurement=v1 id=59 maximum=1 round=0 wall_ns=971250 cpu_ns=972208 states=1483 verified=9 completion=0 alternatives=1
INSTRUMENTATION_STATUS_CODE: 0
INSTRUMENTATION_STATUS: candidate_width_measurement=v1 id=0 maximum=7 round=1 wall_ns=5122250 cpu_ns=5123125 states=8192 verified=13 completion=3 alternatives=7
INSTRUMENTATION_STATUS_CODE: 0
INSTRUMENTATION_STATUS: candidate_width_measurement=v1 id=0 maximum=3 round=1 wall_ns=2890792 cpu_ns=2891959 states=4713 verified=13 completion=0 alternatives=3
INSTRUMENTATION_STATUS_CODE: 0
INSTRUMENTATION_STATUS: candidate_width_measurement=v1 id=0 maximum=1 round=1 wall_ns=940875 cpu_ns=941584 states=1475 verified=13 completion=0 alternatives=1
INSTRUMENTATION_STATUS_CODE: 0
INSTRUMENTATION_STATUS: candidate_width_measurement=v1 id=1 maximum=1 round=1 wall_ns=227208 cpu_ns=228291 states=444 verified=9 completion=0 alternatives=1
INSTRUMENTATION_STATUS_CODE: 0
INSTRUMENTATION_STATUS: candidate_width_measurement=v1 id=1 maximum=3 round=1 wall_ns=217833 cpu_ns=218750 states=444 verified=9 completion=0 alternatives=3
INSTRUMENTATION_STATUS_CODE: 0
INSTRUMENTATION_STATUS: candidate_width_measurement=v1 id=1 maximum=7 round=1 wall_ns=604750 cpu_ns=605541 states=1438 verified=13 completion=0 alternatives=7
INSTRUMENTATION_STATUS_CODE: 0
INSTRUMENTATION_STATUS: candidate_width_measurement=v1 id=2 maximum=7 round=1 wall_ns=4781833 cpu_ns=4783167 states=8192 verified=5 completion=3 alternatives=5
INSTRUMENTATION_STATUS_CODE: 0
INSTRUMENTATION_STATUS: candidate_width_measurement=v1 id=2 maximum=3 round=1 wall_ns=3764875 cpu_ns=3765916 states=6379 verified=5 completion=0 alternatives=3
INSTRUMENTATION_STATUS_CODE: 0
INSTRUMENTATION_STATUS: candidate_width_measurement=v1 id=2 maximum=1 round=1 wall_ns=937625 cpu_ns=938541 states=1689 verified=2 completion=0 alternatives=1
INSTRUMENTATION_STATUS_CODE: 0
INSTRUMENTATION_STATUS: candidate_width_measurement=v1 id=3 maximum=1 round=1 wall_ns=1028750 cpu_ns=1029750 states=1775 verified=17 completion=0 alternatives=1
INSTRUMENTATION_STATUS_CODE: 0
INSTRUMENTATION_STATUS: candidate_width_measurement=v1 id=3 maximum=3 round=1 wall_ns=1730875 cpu_ns=1731750 states=2646 verified=46 completion=0 alternatives=3
INSTRUMENTATION_STATUS_CODE: 0
INSTRUMENTATION_STATUS: candidate_width_measurement=v1 id=3 maximum=7 round=1 wall_ns=4616500 cpu_ns=4379583 states=6441 verified=57 completion=0 alternatives=7
INSTRUMENTATION_STATUS_CODE: 0
INSTRUMENTATION_STATUS: candidate_width_measurement=v1 id=4 maximum=7 round=1 wall_ns=4822292 cpu_ns=4823375 states=8192 verified=7 completion=3 alternatives=7
INSTRUMENTATION_STATUS_CODE: 0
INSTRUMENTATION_STATUS: candidate_width_measurement=v1 id=4 maximum=3 round=1 wall_ns=2673541 cpu_ns=2674250 states=4569 verified=7 completion=0 alternatives=3
INSTRUMENTATION_STATUS_CODE: 0
INSTRUMENTATION_STATUS: candidate_width_measurement=v1 id=4 maximum=1 round=1 wall_ns=905833 cpu_ns=906542 states=1562 verified=7 completion=0 alternatives=1
INSTRUMENTATION_STATUS_CODE: 0
INSTRUMENTATION_STATUS: candidate_width_measurement=v1 id=5 maximum=1 round=1 wall_ns=309083 cpu_ns=310083 states=514 verified=11 completion=0 alternatives=1
INSTRUMENTATION_STATUS_CODE: 0
INSTRUMENTATION_STATUS: candidate_width_measurement=v1 id=5 maximum=3 round=1 wall_ns=1499042 cpu_ns=1499875 states=2139 verified=59 completion=0 alternatives=3
INSTRUMENTATION_STATUS_CODE: 0
INSTRUMENTATION_STATUS: candidate_width_measurement=v1 id=5 maximum=7 round=1 wall_ns=1519833 cpu_ns=1520667 states=2139 verified=59 completion=0 alternatives=7
INSTRUMENTATION_STATUS_CODE: 0
INSTRUMENTATION_STATUS: candidate_width_measurement=v1 id=6 maximum=7 round=1 wall_ns=2943125 cpu_ns=2944083 states=5398 verified=16 completion=0 alternatives=7
INSTRUMENTATION_STATUS_CODE: 0
INSTRUMENTATION_STATUS: candidate_width_measurement=v1 id=6 maximum=3 round=1 wall_ns=2848625 cpu_ns=2849291 states=5398 verified=16 completion=0 alternatives=3
INSTRUMENTATION_STATUS_CODE: 0
INSTRUMENTATION_STATUS: candidate_width_measurement=v1 id=6 maximum=1 round=1 wall_ns=759542 cpu_ns=760833 states=1463 verified=6 completion=0 alternatives=1
INSTRUMENTATION_STATUS_CODE: 0
INSTRUMENTATION_STATUS: candidate_width_measurement=v1 id=7 maximum=1 round=1 wall_ns=1089792 cpu_ns=1090792 states=1851 verified=8 completion=0 alternatives=1
INSTRUMENTATION_STATUS_CODE: 0
INSTRUMENTATION_STATUS: candidate_width_measurement=v1 id=7 maximum=3 round=1 wall_ns=1105500 cpu_ns=1106333 states=1851 verified=8 completion=0 alternatives=3
INSTRUMENTATION_STATUS_CODE: 0
INSTRUMENTATION_STATUS: candidate_width_measurement=v1 id=7 maximum=7 round=1 wall_ns=3957291 cpu_ns=3958000 states=5678 verified=45 completion=0 alternatives=7
INSTRUMENTATION_STATUS_CODE: 0
INSTRUMENTATION_STATUS: candidate_width_measurement=v1 id=8 maximum=7 round=1 wall_ns=1377459 cpu_ns=1378333 states=1503 verified=64 completion=4 alternatives=7
INSTRUMENTATION_STATUS_CODE: 0
INSTRUMENTATION_STATUS: candidate_width_measurement=v1 id=8 maximum=3 round=1 wall_ns=1372458 cpu_ns=1373292 states=1503 verified=64 completion=4 alternatives=3
INSTRUMENTATION_STATUS_CODE: 0
INSTRUMENTATION_STATUS: candidate_width_measurement=v1 id=8 maximum=1 round=1 wall_ns=332375 cpu_ns=333250 states=327 verified=18 completion=0 alternatives=1
INSTRUMENTATION_STATUS_CODE: 0
INSTRUMENTATION_STATUS: candidate_width_measurement=v1 id=9 maximum=1 round=1 wall_ns=207500 cpu_ns=208375 states=358 verified=4 completion=0 alternatives=1
INSTRUMENTATION_STATUS_CODE: 0
INSTRUMENTATION_STATUS: candidate_width_measurement=v1 id=9 maximum=3 round=1 wall_ns=719500 cpu_ns=720209 states=1282 verified=10 completion=0 alternatives=3
INSTRUMENTATION_STATUS_CODE: 0
INSTRUMENTATION_STATUS: candidate_width_measurement=v1 id=9 maximum=7 round=1 wall_ns=2539041 cpu_ns=2540041 states=4662 verified=13 completion=0 alternatives=7
INSTRUMENTATION_STATUS_CODE: 0
INSTRUMENTATION_STATUS: candidate_width_measurement=v1 id=10 maximum=7 round=1 wall_ns=879458 cpu_ns=880375 states=1917 verified=42 completion=0 alternatives=7
INSTRUMENTATION_STATUS_CODE: 0
INSTRUMENTATION_STATUS: candidate_width_measurement=v1 id=10 maximum=3 round=1 wall_ns=280125 cpu_ns=280917 states=422 verified=20 completion=0 alternatives=3
INSTRUMENTATION_STATUS_CODE: 0
INSTRUMENTATION_STATUS: candidate_width_measurement=v1 id=10 maximum=1 round=1 wall_ns=268041 cpu_ns=268958 states=422 verified=20 completion=0 alternatives=1
INSTRUMENTATION_STATUS_CODE: 0
INSTRUMENTATION_STATUS: candidate_width_measurement=v1 id=11 maximum=1 round=1 wall_ns=1397084 cpu_ns=1398000 states=2058 verified=28 completion=0 alternatives=1
INSTRUMENTATION_STATUS_CODE: 0
INSTRUMENTATION_STATUS: candidate_width_measurement=v1 id=11 maximum=3 round=1 wall_ns=1374417 cpu_ns=1375334 states=2058 verified=28 completion=0 alternatives=3
INSTRUMENTATION_STATUS_CODE: 0
INSTRUMENTATION_STATUS: candidate_width_measurement=v1 id=11 maximum=7 round=1 wall_ns=5270834 cpu_ns=5271709 states=8192 verified=49 completion=3 alternatives=7
INSTRUMENTATION_STATUS_CODE: 0
INSTRUMENTATION_STATUS: candidate_width_measurement=v1 id=12 maximum=7 round=1 wall_ns=871750 cpu_ns=872625 states=1986 verified=15 completion=0 alternatives=7
INSTRUMENTATION_STATUS_CODE: 0
INSTRUMENTATION_STATUS: candidate_width_measurement=v1 id=12 maximum=3 round=1 wall_ns=230666 cpu_ns=231417 states=420 verified=5 completion=0 alternatives=3
INSTRUMENTATION_STATUS_CODE: 0
INSTRUMENTATION_STATUS: candidate_width_measurement=v1 id=12 maximum=1 round=1 wall_ns=173292 cpu_ns=174083 states=324 verified=4 completion=0 alternatives=1
INSTRUMENTATION_STATUS_CODE: 0
INSTRUMENTATION_STATUS: candidate_width_measurement=v1 id=13 maximum=1 round=1 wall_ns=546250 cpu_ns=547167 states=599 verified=26 completion=0 alternatives=1
INSTRUMENTATION_STATUS_CODE: 0
INSTRUMENTATION_STATUS: candidate_width_measurement=v1 id=13 maximum=3 round=1 wall_ns=1292083 cpu_ns=1293000 states=1861 verified=44 completion=0 alternatives=3
INSTRUMENTATION_STATUS_CODE: 0
INSTRUMENTATION_STATUS: candidate_width_measurement=v1 id=13 maximum=7 round=1 wall_ns=2073541 cpu_ns=2074458 states=2999 verified=64 completion=4 alternatives=7
INSTRUMENTATION_STATUS_CODE: 0
INSTRUMENTATION_STATUS: candidate_width_measurement=v1 id=14 maximum=7 round=1 wall_ns=5115209 cpu_ns=5116292 states=8192 verified=1 completion=3 alternatives=1
INSTRUMENTATION_STATUS_CODE: 0
INSTRUMENTATION_STATUS: candidate_width_measurement=v1 id=14 maximum=3 round=1 wall_ns=5005583 cpu_ns=5006500 states=8192 verified=1 completion=3 alternatives=1
INSTRUMENTATION_STATUS_CODE: 0
INSTRUMENTATION_STATUS: candidate_width_measurement=v1 id=14 maximum=1 round=1 wall_ns=1133250 cpu_ns=1133833 states=1930 verified=1 completion=0 alternatives=1
INSTRUMENTATION_STATUS_CODE: 0
INSTRUMENTATION_STATUS: candidate_width_measurement=v1 id=15 maximum=1 round=1 wall_ns=129584 cpu_ns=130458 states=250 verified=3 completion=0 alternatives=1
INSTRUMENTATION_STATUS_CODE: 0
INSTRUMENTATION_STATUS: candidate_width_measurement=v1 id=15 maximum=3 round=1 wall_ns=522209 cpu_ns=523125 states=1324 verified=9 completion=0 alternatives=3
INSTRUMENTATION_STATUS_CODE: 0
INSTRUMENTATION_STATUS: candidate_width_measurement=v1 id=15 maximum=7 round=1 wall_ns=525667 cpu_ns=526459 states=1324 verified=9 completion=0 alternatives=7
INSTRUMENTATION_STATUS_CODE: 0
INSTRUMENTATION_STATUS: candidate_width_measurement=v1 id=16 maximum=7 round=1 wall_ns=4674709 cpu_ns=4675708 states=8192 verified=14 completion=3 alternatives=7
INSTRUMENTATION_STATUS_CODE: 0
INSTRUMENTATION_STATUS: candidate_width_measurement=v1 id=16 maximum=3 round=1 wall_ns=948458 cpu_ns=949167 states=1607 verified=13 completion=0 alternatives=3
INSTRUMENTATION_STATUS_CODE: 0
INSTRUMENTATION_STATUS: candidate_width_measurement=v1 id=16 maximum=1 round=1 wall_ns=959500 cpu_ns=960333 states=1607 verified=13 completion=0 alternatives=1
INSTRUMENTATION_STATUS_CODE: 0
INSTRUMENTATION_STATUS: candidate_width_measurement=v1 id=17 maximum=1 round=1 wall_ns=798459 cpu_ns=799292 states=1517 verified=1 completion=0 alternatives=1
INSTRUMENTATION_STATUS_CODE: 0
INSTRUMENTATION_STATUS: candidate_width_measurement=v1 id=17 maximum=3 round=1 wall_ns=4642458 cpu_ns=4643333 states=8192 verified=2 completion=3 alternatives=2
INSTRUMENTATION_STATUS_CODE: 0
INSTRUMENTATION_STATUS: candidate_width_measurement=v1 id=17 maximum=7 round=1 wall_ns=4580667 cpu_ns=4581666 states=8192 verified=2 completion=3 alternatives=2
INSTRUMENTATION_STATUS_CODE: 0
INSTRUMENTATION_STATUS: candidate_width_measurement=v1 id=18 maximum=7 round=1 wall_ns=1328500 cpu_ns=1329250 states=3409 verified=5 completion=0 alternatives=5
INSTRUMENTATION_STATUS_CODE: 0
INSTRUMENTATION_STATUS: candidate_width_measurement=v1 id=18 maximum=3 round=1 wall_ns=780791 cpu_ns=781667 states=2064 verified=5 completion=0 alternatives=3
INSTRUMENTATION_STATUS_CODE: 0
INSTRUMENTATION_STATUS: candidate_width_measurement=v1 id=18 maximum=1 round=1 wall_ns=194542 cpu_ns=195250 states=411 verified=4 completion=0 alternatives=1
INSTRUMENTATION_STATUS_CODE: 0
INSTRUMENTATION_STATUS: candidate_width_measurement=v1 id=19 maximum=1 round=1 wall_ns=228167 cpu_ns=229167 states=292 verified=29 completion=0 alternatives=1
INSTRUMENTATION_STATUS_CODE: 0
INSTRUMENTATION_STATUS: candidate_width_measurement=v1 id=19 maximum=3 round=1 wall_ns=219833 cpu_ns=220666 states=292 verified=29 completion=0 alternatives=3
INSTRUMENTATION_STATUS_CODE: 0
INSTRUMENTATION_STATUS: candidate_width_measurement=v1 id=19 maximum=7 round=1 wall_ns=552042 cpu_ns=552750 states=1121 verified=50 completion=0 alternatives=7
INSTRUMENTATION_STATUS_CODE: 0
INSTRUMENTATION_STATUS: candidate_width_measurement=v1 id=20 maximum=7 round=1 wall_ns=2384041 cpu_ns=2384958 states=2619 verified=64 completion=4 alternatives=7
INSTRUMENTATION_STATUS_CODE: 0
INSTRUMENTATION_STATUS: candidate_width_measurement=v1 id=20 maximum=3 round=1 wall_ns=2189333 cpu_ns=2190208 states=2619 verified=64 completion=4 alternatives=3
INSTRUMENTATION_STATUS_CODE: 0
INSTRUMENTATION_STATUS: candidate_width_measurement=v1 id=20 maximum=1 round=1 wall_ns=2214334 cpu_ns=2215416 states=2619 verified=64 completion=4 alternatives=1
INSTRUMENTATION_STATUS_CODE: 0
INSTRUMENTATION_STATUS: candidate_width_measurement=v1 id=21 maximum=1 round=1 wall_ns=1552917 cpu_ns=1553834 states=2111 verified=12 completion=0 alternatives=1
INSTRUMENTATION_STATUS_CODE: 0
INSTRUMENTATION_STATUS: candidate_width_measurement=v1 id=21 maximum=3 round=1 wall_ns=1413542 cpu_ns=1414500 states=2111 verified=12 completion=0 alternatives=3
INSTRUMENTATION_STATUS_CODE: 0
INSTRUMENTATION_STATUS: candidate_width_measurement=v1 id=21 maximum=7 round=1 wall_ns=4083333 cpu_ns=4084583 states=5806 verified=21 completion=0 alternatives=7
INSTRUMENTATION_STATUS_CODE: 0
INSTRUMENTATION_STATUS: candidate_width_measurement=v1 id=22 maximum=7 round=1 wall_ns=885250 cpu_ns=886166 states=1928 verified=10 completion=0 alternatives=7
INSTRUMENTATION_STATUS_CODE: 0
INSTRUMENTATION_STATUS: candidate_width_measurement=v1 id=22 maximum=3 round=1 wall_ns=811709 cpu_ns=812542 states=1928 verified=10 completion=0 alternatives=3
INSTRUMENTATION_STATUS_CODE: 0
INSTRUMENTATION_STATUS: candidate_width_measurement=v1 id=22 maximum=1 round=1 wall_ns=154125 cpu_ns=155042 states=293 verified=2 completion=0 alternatives=1
INSTRUMENTATION_STATUS_CODE: 0
INSTRUMENTATION_STATUS: candidate_width_measurement=v1 id=23 maximum=1 round=1 wall_ns=154334 cpu_ns=155417 states=253 verified=3 completion=0 alternatives=1
INSTRUMENTATION_STATUS_CODE: 0
INSTRUMENTATION_STATUS: candidate_width_measurement=v1 id=23 maximum=3 round=1 wall_ns=143250 cpu_ns=144083 states=253 verified=3 completion=0 alternatives=3
INSTRUMENTATION_STATUS_CODE: 0
INSTRUMENTATION_STATUS: candidate_width_measurement=v1 id=23 maximum=7 round=1 wall_ns=799792 cpu_ns=800625 states=1455 verified=24 completion=0 alternatives=7
INSTRUMENTATION_STATUS_CODE: 0
INSTRUMENTATION_STATUS: candidate_width_measurement=v1 id=24 maximum=7 round=1 wall_ns=514125 cpu_ns=514875 states=1273 verified=29 completion=0 alternatives=7
INSTRUMENTATION_STATUS_CODE: 0
INSTRUMENTATION_STATUS: candidate_width_measurement=v1 id=24 maximum=3 round=1 wall_ns=123625 cpu_ns=124459 states=192 verified=11 completion=0 alternatives=3
INSTRUMENTATION_STATUS_CODE: 0
INSTRUMENTATION_STATUS: candidate_width_measurement=v1 id=24 maximum=1 round=1 wall_ns=124875 cpu_ns=125625 states=192 verified=11 completion=0 alternatives=1
INSTRUMENTATION_STATUS_CODE: 0
INSTRUMENTATION_STATUS: candidate_width_measurement=v1 id=25 maximum=1 round=1 wall_ns=920250 cpu_ns=921458 states=1614 verified=6 completion=0 alternatives=1
INSTRUMENTATION_STATUS_CODE: 0
INSTRUMENTATION_STATUS: candidate_width_measurement=v1 id=25 maximum=3 round=1 wall_ns=4981208 cpu_ns=4564624 states=6796 verified=11 completion=0 alternatives=3
INSTRUMENTATION_STATUS_CODE: 0
INSTRUMENTATION_STATUS: candidate_width_measurement=v1 id=25 maximum=7 round=1 wall_ns=3604750 cpu_ns=3605500 states=6796 verified=11 completion=0 alternatives=7
INSTRUMENTATION_STATUS_CODE: 0
INSTRUMENTATION_STATUS: candidate_width_measurement=v1 id=26 maximum=7 round=1 wall_ns=3092916 cpu_ns=3093959 states=4889 verified=39 completion=0 alternatives=7
INSTRUMENTATION_STATUS_CODE: 0
INSTRUMENTATION_STATUS: candidate_width_measurement=v1 id=26 maximum=3 round=1 wall_ns=2997917 cpu_ns=2998583 states=4889 verified=39 completion=0 alternatives=3
INSTRUMENTATION_STATUS_CODE: 0
INSTRUMENTATION_STATUS: candidate_width_measurement=v1 id=26 maximum=1 round=1 wall_ns=1299125 cpu_ns=1299792 states=1814 verified=31 completion=0 alternatives=1
INSTRUMENTATION_STATUS_CODE: 0
INSTRUMENTATION_STATUS: candidate_width_measurement=v1 id=27 maximum=1 round=1 wall_ns=185792 cpu_ns=186667 states=280 verified=6 completion=0 alternatives=1
INSTRUMENTATION_STATUS_CODE: 0
INSTRUMENTATION_STATUS: candidate_width_measurement=v1 id=27 maximum=3 round=1 wall_ns=172750 cpu_ns=173417 states=280 verified=6 completion=0 alternatives=3
INSTRUMENTATION_STATUS_CODE: 0
INSTRUMENTATION_STATUS: candidate_width_measurement=v1 id=27 maximum=7 round=1 wall_ns=706541 cpu_ns=707458 states=1508 verified=8 completion=0 alternatives=7
INSTRUMENTATION_STATUS_CODE: 0
INSTRUMENTATION_STATUS: candidate_width_measurement=v1 id=28 maximum=7 round=1 wall_ns=2952917 cpu_ns=2953792 states=4469 verified=63 completion=0 alternatives=7
INSTRUMENTATION_STATUS_CODE: 0
INSTRUMENTATION_STATUS: candidate_width_measurement=v1 id=28 maximum=3 round=1 wall_ns=1305083 cpu_ns=1306125 states=1466 verified=53 completion=0 alternatives=3
INSTRUMENTATION_STATUS_CODE: 0
INSTRUMENTATION_STATUS: candidate_width_measurement=v1 id=28 maximum=1 round=1 wall_ns=309666 cpu_ns=310542 states=336 verified=13 completion=0 alternatives=1
INSTRUMENTATION_STATUS_CODE: 0
INSTRUMENTATION_STATUS: candidate_width_measurement=v1 id=29 maximum=1 round=1 wall_ns=1269292 cpu_ns=1270125 states=1750 verified=28 completion=0 alternatives=1
INSTRUMENTATION_STATUS_CODE: 0
INSTRUMENTATION_STATUS: candidate_width_measurement=v1 id=29 maximum=3 round=1 wall_ns=1271250 cpu_ns=1272000 states=1750 verified=28 completion=0 alternatives=3
INSTRUMENTATION_STATUS_CODE: 0
INSTRUMENTATION_STATUS: candidate_width_measurement=v1 id=29 maximum=7 round=1 wall_ns=4412542 cpu_ns=4413416 states=7060 verified=55 completion=0 alternatives=7
INSTRUMENTATION_STATUS_CODE: 0
INSTRUMENTATION_STATUS: candidate_width_measurement=v1 id=30 maximum=7 round=1 wall_ns=1818584 cpu_ns=1819500 states=2206 verified=64 completion=4 alternatives=7
INSTRUMENTATION_STATUS_CODE: 0
INSTRUMENTATION_STATUS: candidate_width_measurement=v1 id=30 maximum=3 round=1 wall_ns=1831375 cpu_ns=1832416 states=2206 verified=64 completion=4 alternatives=3
INSTRUMENTATION_STATUS_CODE: 0
INSTRUMENTATION_STATUS: candidate_width_measurement=v1 id=30 maximum=1 round=1 wall_ns=1778584 cpu_ns=1779583 states=2206 verified=64 completion=4 alternatives=1
INSTRUMENTATION_STATUS_CODE: 0
INSTRUMENTATION_STATUS: candidate_width_measurement=v1 id=31 maximum=1 round=1 wall_ns=1247084 cpu_ns=1247916 states=2079 verified=2 completion=0 alternatives=1
INSTRUMENTATION_STATUS_CODE: 0
INSTRUMENTATION_STATUS: candidate_width_measurement=v1 id=31 maximum=3 round=1 wall_ns=1497500 cpu_ns=1498458 states=2464 verified=5 completion=0 alternatives=3
INSTRUMENTATION_STATUS_CODE: 0
INSTRUMENTATION_STATUS: candidate_width_measurement=v1 id=31 maximum=7 round=1 wall_ns=4255667 cpu_ns=4256542 states=6727 verified=12 completion=0 alternatives=7
INSTRUMENTATION_STATUS_CODE: 0
INSTRUMENTATION_STATUS: candidate_width_measurement=v1 id=32 maximum=7 round=1 wall_ns=3327042 cpu_ns=3327875 states=5006 verified=47 completion=0 alternatives=7
INSTRUMENTATION_STATUS_CODE: 0
INSTRUMENTATION_STATUS: candidate_width_measurement=v1 id=32 maximum=3 round=1 wall_ns=1435166 cpu_ns=1436292 states=1787 verified=39 completion=0 alternatives=3
INSTRUMENTATION_STATUS_CODE: 0
INSTRUMENTATION_STATUS: candidate_width_measurement=v1 id=32 maximum=1 round=1 wall_ns=1456417 cpu_ns=1457292 states=1787 verified=39 completion=0 alternatives=1
INSTRUMENTATION_STATUS_CODE: 0
INSTRUMENTATION_STATUS: candidate_width_measurement=v1 id=33 maximum=1 round=1 wall_ns=855666 cpu_ns=856959 states=1398 verified=12 completion=0 alternatives=1
INSTRUMENTATION_STATUS_CODE: 0
INSTRUMENTATION_STATUS: candidate_width_measurement=v1 id=33 maximum=3 round=1 wall_ns=1984833 cpu_ns=1986083 states=3501 verified=18 completion=0 alternatives=3
INSTRUMENTATION_STATUS_CODE: 0
INSTRUMENTATION_STATUS: candidate_width_measurement=v1 id=33 maximum=7 round=1 wall_ns=1958458 cpu_ns=1960500 states=3501 verified=18 completion=0 alternatives=7
INSTRUMENTATION_STATUS_CODE: 0
INSTRUMENTATION_STATUS: candidate_width_measurement=v1 id=34 maximum=7 round=1 wall_ns=5538458 cpu_ns=5540041 states=8192 verified=26 completion=3 alternatives=7
INSTRUMENTATION_STATUS_CODE: 0
INSTRUMENTATION_STATUS: candidate_width_measurement=v1 id=34 maximum=3 round=1 wall_ns=1919000 cpu_ns=1920208 states=2542 verified=22 completion=0 alternatives=3
INSTRUMENTATION_STATUS_CODE: 0
INSTRUMENTATION_STATUS: candidate_width_measurement=v1 id=34 maximum=1 round=1 wall_ns=1841041 cpu_ns=1842250 states=2542 verified=22 completion=0 alternatives=1
INSTRUMENTATION_STATUS_CODE: 0
INSTRUMENTATION_STATUS: candidate_width_measurement=v1 id=35 maximum=1 round=1 wall_ns=1321625 cpu_ns=1322708 states=1844 verified=23 completion=0 alternatives=1
INSTRUMENTATION_STATUS_CODE: 0
INSTRUMENTATION_STATUS: candidate_width_measurement=v1 id=35 maximum=3 round=1 wall_ns=1341208 cpu_ns=1342917 states=1844 verified=23 completion=0 alternatives=3
INSTRUMENTATION_STATUS_CODE: 0
INSTRUMENTATION_STATUS: candidate_width_measurement=v1 id=35 maximum=7 round=1 wall_ns=4857167 cpu_ns=4859084 states=8192 verified=25 completion=3 alternatives=7
INSTRUMENTATION_STATUS_CODE: 0
INSTRUMENTATION_STATUS: candidate_width_measurement=v1 id=36 maximum=7 round=1 wall_ns=1750417 cpu_ns=1751458 states=2213 verified=48 completion=0 alternatives=7
INSTRUMENTATION_STATUS_CODE: 0
INSTRUMENTATION_STATUS: candidate_width_measurement=v1 id=36 maximum=3 round=1 wall_ns=1716167 cpu_ns=1717000 states=2213 verified=48 completion=0 alternatives=3
INSTRUMENTATION_STATUS_CODE: 0
INSTRUMENTATION_STATUS: candidate_width_measurement=v1 id=36 maximum=1 round=1 wall_ns=310667 cpu_ns=311625 states=367 verified=9 completion=0 alternatives=1
INSTRUMENTATION_STATUS_CODE: 0
INSTRUMENTATION_STATUS: candidate_width_measurement=v1 id=37 maximum=1 round=1 wall_ns=863166 cpu_ns=864125 states=1093 verified=5 completion=0 alternatives=1
INSTRUMENTATION_STATUS_CODE: 0
INSTRUMENTATION_STATUS: candidate_width_measurement=v1 id=37 maximum=3 round=1 wall_ns=5304500 cpu_ns=5305375 states=8192 verified=5 completion=3 alternatives=3
INSTRUMENTATION_STATUS_CODE: 0
INSTRUMENTATION_STATUS: candidate_width_measurement=v1 id=37 maximum=7 round=1 wall_ns=5177333 cpu_ns=5178500 states=8192 verified=5 completion=3 alternatives=5
INSTRUMENTATION_STATUS_CODE: 0
INSTRUMENTATION_STATUS: candidate_width_measurement=v1 id=38 maximum=7 round=1 wall_ns=6471916 cpu_ns=6475708 states=8192 verified=29 completion=3 alternatives=7
INSTRUMENTATION_STATUS_CODE: 0
INSTRUMENTATION_STATUS: candidate_width_measurement=v1 id=38 maximum=3 round=1 wall_ns=2092042 cpu_ns=2092792 states=2434 verified=28 completion=0 alternatives=3
INSTRUMENTATION_STATUS_CODE: 0
INSTRUMENTATION_STATUS: candidate_width_measurement=v1 id=38 maximum=1 round=1 wall_ns=417500 cpu_ns=418208 states=537 verified=6 completion=0 alternatives=1
INSTRUMENTATION_STATUS_CODE: 0
INSTRUMENTATION_STATUS: candidate_width_measurement=v1 id=39 maximum=1 round=1 wall_ns=480417 cpu_ns=481625 states=412 verified=23 completion=0 alternatives=1
INSTRUMENTATION_STATUS_CODE: 0
INSTRUMENTATION_STATUS: candidate_width_measurement=v1 id=39 maximum=3 round=1 wall_ns=1688083 cpu_ns=1689500 states=1873 verified=64 completion=4 alternatives=3
INSTRUMENTATION_STATUS_CODE: 0
INSTRUMENTATION_STATUS: candidate_width_measurement=v1 id=39 maximum=7 round=1 wall_ns=2277959 cpu_ns=2283250 states=1873 verified=64 completion=4 alternatives=7
INSTRUMENTATION_STATUS_CODE: 0
INSTRUMENTATION_STATUS: candidate_width_measurement=v1 id=40 maximum=7 round=1 wall_ns=594416 cpu_ns=595334 states=1119 verified=42 completion=0 alternatives=7
INSTRUMENTATION_STATUS_CODE: 0
INSTRUMENTATION_STATUS: candidate_width_measurement=v1 id=40 maximum=3 round=1 wall_ns=255584 cpu_ns=256958 states=310 verified=33 completion=0 alternatives=3
INSTRUMENTATION_STATUS_CODE: 0
INSTRUMENTATION_STATUS: candidate_width_measurement=v1 id=40 maximum=1 round=1 wall_ns=231875 cpu_ns=232750 states=310 verified=33 completion=0 alternatives=1
INSTRUMENTATION_STATUS_CODE: 0
INSTRUMENTATION_STATUS: candidate_width_measurement=v1 id=41 maximum=1 round=1 wall_ns=205459 cpu_ns=206334 states=353 verified=5 completion=0 alternatives=1
INSTRUMENTATION_STATUS_CODE: 0
INSTRUMENTATION_STATUS: candidate_width_measurement=v1 id=41 maximum=3 round=1 wall_ns=984708 cpu_ns=988208 states=1616 verified=9 completion=0 alternatives=3
INSTRUMENTATION_STATUS_CODE: 0
INSTRUMENTATION_STATUS: candidate_width_measurement=v1 id=41 maximum=7 round=1 wall_ns=1345583 cpu_ns=1346750 states=3007 verified=13 completion=0 alternatives=7
INSTRUMENTATION_STATUS_CODE: 0
INSTRUMENTATION_STATUS: candidate_width_measurement=v1 id=42 maximum=7 round=1 wall_ns=560708 cpu_ns=561750 states=1399 verified=41 completion=0 alternatives=7
INSTRUMENTATION_STATUS_CODE: 0
INSTRUMENTATION_STATUS: candidate_width_measurement=v1 id=42 maximum=3 round=1 wall_ns=225333 cpu_ns=226333 states=401 verified=27 completion=0 alternatives=3
INSTRUMENTATION_STATUS_CODE: 0
INSTRUMENTATION_STATUS: candidate_width_measurement=v1 id=42 maximum=1 round=1 wall_ns=159750 cpu_ns=160625 states=236 verified=23 completion=0 alternatives=1
INSTRUMENTATION_STATUS_CODE: 0
INSTRUMENTATION_STATUS: candidate_width_measurement=v1 id=43 maximum=1 round=1 wall_ns=994958 cpu_ns=996083 states=1640 verified=7 completion=0 alternatives=1
INSTRUMENTATION_STATUS_CODE: 0
INSTRUMENTATION_STATUS: candidate_width_measurement=v1 id=43 maximum=3 round=1 wall_ns=1005500 cpu_ns=1006916 states=1640 verified=7 completion=0 alternatives=3
INSTRUMENTATION_STATUS_CODE: 0
INSTRUMENTATION_STATUS: candidate_width_measurement=v1 id=43 maximum=7 round=1 wall_ns=2996334 cpu_ns=2998125 states=4904 verified=13 completion=0 alternatives=7
INSTRUMENTATION_STATUS_CODE: 0
INSTRUMENTATION_STATUS: candidate_width_measurement=v1 id=44 maximum=7 round=1 wall_ns=2020583 cpu_ns=1758292 states=2455 verified=10 completion=0 alternatives=4
INSTRUMENTATION_STATUS_CODE: 0
INSTRUMENTATION_STATUS: candidate_width_measurement=v1 id=44 maximum=3 round=1 wall_ns=1430750 cpu_ns=1220293 states=1492 verified=7 completion=0 alternatives=3
INSTRUMENTATION_STATUS_CODE: 0
INSTRUMENTATION_STATUS: candidate_width_measurement=v1 id=44 maximum=1 round=1 wall_ns=310541 cpu_ns=311708 states=612 verified=5 completion=0 alternatives=1
INSTRUMENTATION_STATUS_CODE: 0
INSTRUMENTATION_STATUS: candidate_width_measurement=v1 id=45 maximum=1 round=1 wall_ns=22208 cpu_ns=23167 states=28 verified=0 completion=2 alternatives=0
INSTRUMENTATION_STATUS_CODE: 0
INSTRUMENTATION_STATUS: candidate_width_measurement=v1 id=45 maximum=3 round=1 wall_ns=24041 cpu_ns=25125 states=28 verified=0 completion=2 alternatives=0
INSTRUMENTATION_STATUS_CODE: 0
INSTRUMENTATION_STATUS: candidate_width_measurement=v1 id=45 maximum=7 round=1 wall_ns=18792 cpu_ns=19750 states=28 verified=0 completion=2 alternatives=0
INSTRUMENTATION_STATUS_CODE: 0
INSTRUMENTATION_STATUS: candidate_width_measurement=v1 id=46 maximum=7 round=1 wall_ns=1664084 cpu_ns=1665333 states=2202 verified=27 completion=0 alternatives=7
INSTRUMENTATION_STATUS_CODE: 0
INSTRUMENTATION_STATUS: candidate_width_measurement=v1 id=46 maximum=3 round=1 wall_ns=513416 cpu_ns=514542 states=724 verified=11 completion=0 alternatives=3
INSTRUMENTATION_STATUS_CODE: 0
INSTRUMENTATION_STATUS: candidate_width_measurement=v1 id=46 maximum=1 round=1 wall_ns=505625 cpu_ns=506875 states=724 verified=11 completion=0 alternatives=1
INSTRUMENTATION_STATUS_CODE: 0
INSTRUMENTATION_STATUS: candidate_width_measurement=v1 id=47 maximum=1 round=1 wall_ns=1238375 cpu_ns=1239208 states=1621 verified=16 completion=0 alternatives=1
INSTRUMENTATION_STATUS_CODE: 0
INSTRUMENTATION_STATUS: candidate_width_measurement=v1 id=47 maximum=3 round=1 wall_ns=1794958 cpu_ns=1796083 states=2580 verified=16 completion=0 alternatives=3
INSTRUMENTATION_STATUS_CODE: 0
INSTRUMENTATION_STATUS: candidate_width_measurement=v1 id=47 maximum=7 round=1 wall_ns=5581958 cpu_ns=5583209 states=8192 verified=16 completion=3 alternatives=7
INSTRUMENTATION_STATUS_CODE: 0
INSTRUMENTATION_STATUS: candidate_width_measurement=v1 id=48 maximum=7 round=1 wall_ns=1708292 cpu_ns=1712500 states=1680 verified=21 completion=0 alternatives=7
INSTRUMENTATION_STATUS_CODE: 0
INSTRUMENTATION_STATUS: candidate_width_measurement=v1 id=48 maximum=3 round=1 wall_ns=1209750 cpu_ns=1210417 states=1680 verified=21 completion=0 alternatives=3
INSTRUMENTATION_STATUS_CODE: 0
INSTRUMENTATION_STATUS: candidate_width_measurement=v1 id=48 maximum=1 round=1 wall_ns=1147917 cpu_ns=1148625 states=1680 verified=21 completion=0 alternatives=1
INSTRUMENTATION_STATUS_CODE: 0
INSTRUMENTATION_STATUS: candidate_width_measurement=v1 id=49 maximum=1 round=1 wall_ns=178250 cpu_ns=179166 states=296 verified=5 completion=0 alternatives=1
INSTRUMENTATION_STATUS_CODE: 0
INSTRUMENTATION_STATUS: candidate_width_measurement=v1 id=49 maximum=3 round=1 wall_ns=769292 cpu_ns=770292 states=1514 verified=18 completion=0 alternatives=3
INSTRUMENTATION_STATUS_CODE: 0
INSTRUMENTATION_STATUS: candidate_width_measurement=v1 id=49 maximum=7 round=1 wall_ns=743916 cpu_ns=744542 states=1514 verified=18 completion=0 alternatives=7
INSTRUMENTATION_STATUS_CODE: 0
INSTRUMENTATION_STATUS: candidate_width_measurement=v1 id=50 maximum=7 round=1 wall_ns=1638625 cpu_ns=1639750 states=1892 verified=64 completion=4 alternatives=7
INSTRUMENTATION_STATUS_CODE: 0
INSTRUMENTATION_STATUS: candidate_width_measurement=v1 id=50 maximum=3 round=1 wall_ns=1504625 cpu_ns=1505375 states=1892 verified=64 completion=4 alternatives=3
INSTRUMENTATION_STATUS_CODE: 0
INSTRUMENTATION_STATUS: candidate_width_measurement=v1 id=50 maximum=1 round=1 wall_ns=245875 cpu_ns=246792 states=322 verified=8 completion=0 alternatives=1
INSTRUMENTATION_STATUS_CODE: 0
INSTRUMENTATION_STATUS: candidate_width_measurement=v1 id=51 maximum=1 round=1 wall_ns=269041 cpu_ns=269708 states=448 verified=11 completion=0 alternatives=1
INSTRUMENTATION_STATUS_CODE: 0
INSTRUMENTATION_STATUS: candidate_width_measurement=v1 id=51 maximum=3 round=1 wall_ns=282125 cpu_ns=283291 states=448 verified=11 completion=0 alternatives=3
INSTRUMENTATION_STATUS_CODE: 0
INSTRUMENTATION_STATUS: candidate_width_measurement=v1 id=51 maximum=7 round=1 wall_ns=390083 cpu_ns=391291 states=740 verified=11 completion=0 alternatives=7
INSTRUMENTATION_STATUS_CODE: 0
INSTRUMENTATION_STATUS: candidate_width_measurement=v1 id=52 maximum=7 round=1 wall_ns=5531167 cpu_ns=5532125 states=8192 verified=4 completion=3 alternatives=4
INSTRUMENTATION_STATUS_CODE: 0
INSTRUMENTATION_STATUS: candidate_width_measurement=v1 id=52 maximum=3 round=1 wall_ns=5260167 cpu_ns=5261375 states=8192 verified=4 completion=3 alternatives=3
INSTRUMENTATION_STATUS_CODE: 0
INSTRUMENTATION_STATUS: candidate_width_measurement=v1 id=52 maximum=1 round=1 wall_ns=1253375 cpu_ns=1254291 states=2008 verified=3 completion=0 alternatives=1
INSTRUMENTATION_STATUS_CODE: 0
INSTRUMENTATION_STATUS: candidate_width_measurement=v1 id=53 maximum=1 round=1 wall_ns=175584 cpu_ns=176500 states=312 verified=4 completion=0 alternatives=1
INSTRUMENTATION_STATUS_CODE: 0
INSTRUMENTATION_STATUS: candidate_width_measurement=v1 id=53 maximum=3 round=1 wall_ns=250791 cpu_ns=251625 states=455 verified=6 completion=0 alternatives=3
INSTRUMENTATION_STATUS_CODE: 0
INSTRUMENTATION_STATUS: candidate_width_measurement=v1 id=53 maximum=7 round=1 wall_ns=732542 cpu_ns=733416 states=1667 verified=10 completion=0 alternatives=7
INSTRUMENTATION_STATUS_CODE: 0
INSTRUMENTATION_STATUS: candidate_width_measurement=v1 id=54 maximum=7 round=1 wall_ns=5017708 cpu_ns=5018750 states=8192 verified=14 completion=3 alternatives=7
INSTRUMENTATION_STATUS_CODE: 0
INSTRUMENTATION_STATUS: candidate_width_measurement=v1 id=54 maximum=3 round=1 wall_ns=2683375 cpu_ns=2683917 states=4405 verified=14 completion=0 alternatives=3
INSTRUMENTATION_STATUS_CODE: 0
INSTRUMENTATION_STATUS: candidate_width_measurement=v1 id=54 maximum=1 round=1 wall_ns=956416 cpu_ns=957417 states=1412 verified=12 completion=0 alternatives=1
INSTRUMENTATION_STATUS_CODE: 0
INSTRUMENTATION_STATUS: candidate_width_measurement=v1 id=55 maximum=1 round=1 wall_ns=1458459 cpu_ns=1459459 states=2276 verified=10 completion=0 alternatives=1
INSTRUMENTATION_STATUS_CODE: 0
INSTRUMENTATION_STATUS: candidate_width_measurement=v1 id=55 maximum=3 round=1 wall_ns=4726000 cpu_ns=4727209 states=6979 verified=13 completion=0 alternatives=3
INSTRUMENTATION_STATUS_CODE: 0
INSTRUMENTATION_STATUS: candidate_width_measurement=v1 id=55 maximum=7 round=1 wall_ns=4541458 cpu_ns=4542583 states=6979 verified=13 completion=0 alternatives=7
INSTRUMENTATION_STATUS_CODE: 0
INSTRUMENTATION_STATUS: candidate_width_measurement=v1 id=56 maximum=7 round=1 wall_ns=594375 cpu_ns=595083 states=1277 verified=8 completion=0 alternatives=7
INSTRUMENTATION_STATUS_CODE: 0
INSTRUMENTATION_STATUS: candidate_width_measurement=v1 id=56 maximum=3 round=1 wall_ns=556917 cpu_ns=557875 states=1277 verified=8 completion=0 alternatives=3
INSTRUMENTATION_STATUS_CODE: 0
INSTRUMENTATION_STATUS: candidate_width_measurement=v1 id=56 maximum=1 round=1 wall_ns=535958 cpu_ns=536917 states=1277 verified=8 completion=0 alternatives=1
INSTRUMENTATION_STATUS_CODE: 0
INSTRUMENTATION_STATUS: candidate_width_measurement=v1 id=57 maximum=1 round=1 wall_ns=1018500 cpu_ns=1019375 states=1609 verified=3 completion=0 alternatives=1
INSTRUMENTATION_STATUS_CODE: 0
INSTRUMENTATION_STATUS: candidate_width_measurement=v1 id=57 maximum=3 round=1 wall_ns=5300292 cpu_ns=5301292 states=8192 verified=3 completion=3 alternatives=3
INSTRUMENTATION_STATUS_CODE: 0
INSTRUMENTATION_STATUS: candidate_width_measurement=v1 id=57 maximum=7 round=1 wall_ns=5039458 cpu_ns=5040625 states=8192 verified=3 completion=3 alternatives=3
INSTRUMENTATION_STATUS_CODE: 0
INSTRUMENTATION_STATUS: candidate_width_measurement=v1 id=58 maximum=7 round=1 wall_ns=1738750 cpu_ns=1739667 states=2200 verified=48 completion=0 alternatives=7
INSTRUMENTATION_STATUS_CODE: 0
INSTRUMENTATION_STATUS: candidate_width_measurement=v1 id=58 maximum=3 round=1 wall_ns=1701542 cpu_ns=1702583 states=2200 verified=48 completion=0 alternatives=3
INSTRUMENTATION_STATUS_CODE: 0
INSTRUMENTATION_STATUS: candidate_width_measurement=v1 id=58 maximum=1 round=1 wall_ns=236709 cpu_ns=237333 states=349 verified=5 completion=0 alternatives=1
INSTRUMENTATION_STATUS_CODE: 0
INSTRUMENTATION_STATUS: candidate_width_measurement=v1 id=59 maximum=1 round=1 wall_ns=965125 cpu_ns=966000 states=1483 verified=9 completion=0 alternatives=1
INSTRUMENTATION_STATUS_CODE: 0
INSTRUMENTATION_STATUS: candidate_width_measurement=v1 id=59 maximum=3 round=1 wall_ns=1692625 cpu_ns=1693291 states=2741 verified=13 completion=0 alternatives=3
INSTRUMENTATION_STATUS_CODE: 0
INSTRUMENTATION_STATUS: candidate_width_measurement=v1 id=59 maximum=7 round=1 wall_ns=3232416 cpu_ns=3233542 states=5151 verified=15 completion=0 alternatives=7
INSTRUMENTATION_STATUS_CODE: 0
INSTRUMENTATION_STATUS: candidate_width_measurement=v1 id=0 maximum=1 round=2 wall_ns=970083 cpu_ns=970959 states=1475 verified=13 completion=0 alternatives=1
INSTRUMENTATION_STATUS_CODE: 0
INSTRUMENTATION_STATUS: candidate_width_measurement=v1 id=0 maximum=3 round=2 wall_ns=2871208 cpu_ns=2872334 states=4713 verified=13 completion=0 alternatives=3
INSTRUMENTATION_STATUS_CODE: 0
INSTRUMENTATION_STATUS: candidate_width_measurement=v1 id=0 maximum=7 round=2 wall_ns=4742750 cpu_ns=4743666 states=8192 verified=13 completion=3 alternatives=7
INSTRUMENTATION_STATUS_CODE: 0
INSTRUMENTATION_STATUS: candidate_width_measurement=v1 id=1 maximum=7 round=2 wall_ns=584625 cpu_ns=585291 states=1438 verified=13 completion=0 alternatives=7
INSTRUMENTATION_STATUS_CODE: 0
INSTRUMENTATION_STATUS: candidate_width_measurement=v1 id=1 maximum=3 round=2 wall_ns=206375 cpu_ns=206917 states=444 verified=9 completion=0 alternatives=3
INSTRUMENTATION_STATUS_CODE: 0
INSTRUMENTATION_STATUS: candidate_width_measurement=v1 id=1 maximum=1 round=2 wall_ns=214041 cpu_ns=214917 states=444 verified=9 completion=0 alternatives=1
INSTRUMENTATION_STATUS_CODE: 0
INSTRUMENTATION_STATUS: candidate_width_measurement=v1 id=2 maximum=1 round=2 wall_ns=942208 cpu_ns=943250 states=1689 verified=2 completion=0 alternatives=1
INSTRUMENTATION_STATUS_CODE: 0
INSTRUMENTATION_STATUS: candidate_width_measurement=v1 id=2 maximum=3 round=2 wall_ns=3689250 cpu_ns=3690125 states=6379 verified=5 completion=0 alternatives=3
INSTRUMENTATION_STATUS_CODE: 0
INSTRUMENTATION_STATUS: candidate_width_measurement=v1 id=2 maximum=7 round=2 wall_ns=4570208 cpu_ns=4570959 states=8192 verified=5 completion=3 alternatives=5
INSTRUMENTATION_STATUS_CODE: 0
INSTRUMENTATION_STATUS: candidate_width_measurement=v1 id=3 maximum=7 round=2 wall_ns=3792542 cpu_ns=3793500 states=6441 verified=57 completion=0 alternatives=7
INSTRUMENTATION_STATUS_CODE: 0
INSTRUMENTATION_STATUS: candidate_width_measurement=v1 id=3 maximum=3 round=2 wall_ns=1767042 cpu_ns=1768250 states=2646 verified=46 completion=0 alternatives=3
INSTRUMENTATION_STATUS_CODE: 0
INSTRUMENTATION_STATUS: candidate_width_measurement=v1 id=3 maximum=1 round=2 wall_ns=1032625 cpu_ns=1033541 states=1775 verified=17 completion=0 alternatives=1
INSTRUMENTATION_STATUS_CODE: 0
INSTRUMENTATION_STATUS: candidate_width_measurement=v1 id=4 maximum=1 round=2 wall_ns=1274917 cpu_ns=1276041 states=1562 verified=7 completion=0 alternatives=1
INSTRUMENTATION_STATUS_CODE: 0
INSTRUMENTATION_STATUS: candidate_width_measurement=v1 id=4 maximum=3 round=2 wall_ns=2971750 cpu_ns=2817834 states=4569 verified=7 completion=0 alternatives=3
INSTRUMENTATION_STATUS_CODE: 0
INSTRUMENTATION_STATUS: candidate_width_measurement=v1 id=4 maximum=7 round=2 wall_ns=4741458 cpu_ns=4742458 states=8192 verified=7 completion=3 alternatives=7
INSTRUMENTATION_STATUS_CODE: 0
INSTRUMENTATION_STATUS: candidate_width_measurement=v1 id=5 maximum=7 round=2 wall_ns=1505292 cpu_ns=1506208 states=2139 verified=59 completion=0 alternatives=7
INSTRUMENTATION_STATUS_CODE: 0
INSTRUMENTATION_STATUS: candidate_width_measurement=v1 id=5 maximum=3 round=2 wall_ns=1489250 cpu_ns=1490208 states=2139 verified=59 completion=0 alternatives=3
INSTRUMENTATION_STATUS_CODE: 0
INSTRUMENTATION_STATUS: candidate_width_measurement=v1 id=5 maximum=1 round=2 wall_ns=302000 cpu_ns=303000 states=514 verified=11 completion=0 alternatives=1
INSTRUMENTATION_STATUS_CODE: 0
INSTRUMENTATION_STATUS: candidate_width_measurement=v1 id=6 maximum=1 round=2 wall_ns=776166 cpu_ns=777042 states=1463 verified=6 completion=0 alternatives=1
INSTRUMENTATION_STATUS_CODE: 0
INSTRUMENTATION_STATUS: candidate_width_measurement=v1 id=6 maximum=3 round=2 wall_ns=2944083 cpu_ns=2944917 states=5398 verified=16 completion=0 alternatives=3
INSTRUMENTATION_STATUS_CODE: 0
INSTRUMENTATION_STATUS: candidate_width_measurement=v1 id=6 maximum=7 round=2 wall_ns=2903542 cpu_ns=2904625 states=5398 verified=16 completion=0 alternatives=7
INSTRUMENTATION_STATUS_CODE: 0
INSTRUMENTATION_STATUS: candidate_width_measurement=v1 id=7 maximum=7 round=2 wall_ns=3948875 cpu_ns=3949709 states=5678 verified=45 completion=0 alternatives=7
INSTRUMENTATION_STATUS_CODE: 0
INSTRUMENTATION_STATUS: candidate_width_measurement=v1 id=7 maximum=3 round=2 wall_ns=1079292 cpu_ns=1080125 states=1851 verified=8 completion=0 alternatives=3
INSTRUMENTATION_STATUS_CODE: 0
INSTRUMENTATION_STATUS: candidate_width_measurement=v1 id=7 maximum=1 round=2 wall_ns=1080167 cpu_ns=1081208 states=1851 verified=8 completion=0 alternatives=1
INSTRUMENTATION_STATUS_CODE: 0
INSTRUMENTATION_STATUS: candidate_width_measurement=v1 id=8 maximum=1 round=2 wall_ns=334750 cpu_ns=335583 states=327 verified=18 completion=0 alternatives=1
INSTRUMENTATION_STATUS_CODE: 0
INSTRUMENTATION_STATUS: candidate_width_measurement=v1 id=8 maximum=3 round=2 wall_ns=1400334 cpu_ns=1401292 states=1503 verified=64 completion=4 alternatives=3
INSTRUMENTATION_STATUS_CODE: 0
INSTRUMENTATION_STATUS: candidate_width_measurement=v1 id=8 maximum=7 round=2 wall_ns=1397541 cpu_ns=1398417 states=1503 verified=64 completion=4 alternatives=7
INSTRUMENTATION_STATUS_CODE: 0
INSTRUMENTATION_STATUS: candidate_width_measurement=v1 id=9 maximum=7 round=2 wall_ns=2531375 cpu_ns=2532208 states=4662 verified=13 completion=0 alternatives=7
INSTRUMENTATION_STATUS_CODE: 0
INSTRUMENTATION_STATUS: candidate_width_measurement=v1 id=9 maximum=3 round=2 wall_ns=721500 cpu_ns=722583 states=1282 verified=10 completion=0 alternatives=3
INSTRUMENTATION_STATUS_CODE: 0
INSTRUMENTATION_STATUS: candidate_width_measurement=v1 id=9 maximum=1 round=2 wall_ns=213500 cpu_ns=214625 states=358 verified=4 completion=0 alternatives=1
INSTRUMENTATION_STATUS_CODE: 0
INSTRUMENTATION_STATUS: candidate_width_measurement=v1 id=10 maximum=1 round=2 wall_ns=263625 cpu_ns=264500 states=422 verified=20 completion=0 alternatives=1
INSTRUMENTATION_STATUS_CODE: 0
INSTRUMENTATION_STATUS: candidate_width_measurement=v1 id=10 maximum=3 round=2 wall_ns=256666 cpu_ns=257458 states=422 verified=20 completion=0 alternatives=3
INSTRUMENTATION_STATUS_CODE: 0
INSTRUMENTATION_STATUS: candidate_width_measurement=v1 id=10 maximum=7 round=2 wall_ns=874750 cpu_ns=875667 states=1917 verified=42 completion=0 alternatives=7
INSTRUMENTATION_STATUS_CODE: 0
INSTRUMENTATION_STATUS: candidate_width_measurement=v1 id=11 maximum=7 round=2 wall_ns=5257417 cpu_ns=5258250 states=8192 verified=49 completion=3 alternatives=7
INSTRUMENTATION_STATUS_CODE: 0
INSTRUMENTATION_STATUS: candidate_width_measurement=v1 id=11 maximum=3 round=2 wall_ns=1369875 cpu_ns=1370792 states=2058 verified=28 completion=0 alternatives=3
INSTRUMENTATION_STATUS_CODE: 0
INSTRUMENTATION_STATUS: candidate_width_measurement=v1 id=11 maximum=1 round=2 wall_ns=1393209 cpu_ns=1394250 states=2058 verified=28 completion=0 alternatives=1
INSTRUMENTATION_STATUS_CODE: 0
INSTRUMENTATION_STATUS: candidate_width_measurement=v1 id=12 maximum=1 round=2 wall_ns=172458 cpu_ns=173291 states=324 verified=4 completion=0 alternatives=1
INSTRUMENTATION_STATUS_CODE: 0
INSTRUMENTATION_STATUS: candidate_width_measurement=v1 id=12 maximum=3 round=2 wall_ns=212250 cpu_ns=213125 states=420 verified=5 completion=0 alternatives=3
INSTRUMENTATION_STATUS_CODE: 0
INSTRUMENTATION_STATUS: candidate_width_measurement=v1 id=12 maximum=7 round=2 wall_ns=901667 cpu_ns=902583 states=1986 verified=15 completion=0 alternatives=7
INSTRUMENTATION_STATUS_CODE: 0
INSTRUMENTATION_STATUS: candidate_width_measurement=v1 id=13 maximum=7 round=2 wall_ns=2089709 cpu_ns=2090541 states=2999 verified=64 completion=4 alternatives=7
INSTRUMENTATION_STATUS_CODE: 0
INSTRUMENTATION_STATUS: candidate_width_measurement=v1 id=13 maximum=3 round=2 wall_ns=1280834 cpu_ns=1281625 states=1861 verified=44 completion=0 alternatives=3
INSTRUMENTATION_STATUS_CODE: 0
INSTRUMENTATION_STATUS: candidate_width_measurement=v1 id=13 maximum=1 round=2 wall_ns=524625 cpu_ns=525625 states=599 verified=26 completion=0 alternatives=1
INSTRUMENTATION_STATUS_CODE: 0
INSTRUMENTATION_STATUS: candidate_width_measurement=v1 id=14 maximum=1 round=2 wall_ns=1171083 cpu_ns=1172000 states=1930 verified=1 completion=0 alternatives=1
INSTRUMENTATION_STATUS_CODE: 0
INSTRUMENTATION_STATUS: candidate_width_measurement=v1 id=14 maximum=3 round=2 wall_ns=5014375 cpu_ns=5015249 states=8192 verified=1 completion=3 alternatives=1
INSTRUMENTATION_STATUS_CODE: 0
INSTRUMENTATION_STATUS: candidate_width_measurement=v1 id=14 maximum=7 round=2 wall_ns=4980333 cpu_ns=4981541 states=8192 verified=1 completion=3 alternatives=1
INSTRUMENTATION_STATUS_CODE: 0
INSTRUMENTATION_STATUS: candidate_width_measurement=v1 id=15 maximum=7 round=2 wall_ns=525541 cpu_ns=526250 states=1324 verified=9 completion=0 alternatives=7
INSTRUMENTATION_STATUS_CODE: 0
INSTRUMENTATION_STATUS: candidate_width_measurement=v1 id=15 maximum=3 round=2 wall_ns=540375 cpu_ns=541459 states=1324 verified=9 completion=0 alternatives=3
INSTRUMENTATION_STATUS_CODE: 0
INSTRUMENTATION_STATUS: candidate_width_measurement=v1 id=15 maximum=1 round=2 wall_ns=126208 cpu_ns=127084 states=250 verified=3 completion=0 alternatives=1
INSTRUMENTATION_STATUS_CODE: 0
INSTRUMENTATION_STATUS: candidate_width_measurement=v1 id=16 maximum=1 round=2 wall_ns=988667 cpu_ns=989625 states=1607 verified=13 completion=0 alternatives=1
INSTRUMENTATION_STATUS_CODE: 0
INSTRUMENTATION_STATUS: candidate_width_measurement=v1 id=16 maximum=3 round=2 wall_ns=978750 cpu_ns=979625 states=1607 verified=13 completion=0 alternatives=3
INSTRUMENTATION_STATUS_CODE: 0
INSTRUMENTATION_STATUS: candidate_width_measurement=v1 id=16 maximum=7 round=2 wall_ns=4717041 cpu_ns=4718167 states=8192 verified=14 completion=3 alternatives=7
INSTRUMENTATION_STATUS_CODE: 0
INSTRUMENTATION_STATUS: candidate_width_measurement=v1 id=17 maximum=7 round=2 wall_ns=4594958 cpu_ns=4595958 states=8192 verified=2 completion=3 alternatives=2
INSTRUMENTATION_STATUS_CODE: 0
INSTRUMENTATION_STATUS: candidate_width_measurement=v1 id=17 maximum=3 round=2 wall_ns=4610458 cpu_ns=4611458 states=8192 verified=2 completion=3 alternatives=2
INSTRUMENTATION_STATUS_CODE: 0
INSTRUMENTATION_STATUS: candidate_width_measurement=v1 id=17 maximum=1 round=2 wall_ns=783167 cpu_ns=783750 states=1517 verified=1 completion=0 alternatives=1
INSTRUMENTATION_STATUS_CODE: 0
INSTRUMENTATION_STATUS: candidate_width_measurement=v1 id=18 maximum=1 round=2 wall_ns=198958 cpu_ns=200000 states=411 verified=4 completion=0 alternatives=1
INSTRUMENTATION_STATUS_CODE: 0
INSTRUMENTATION_STATUS: candidate_width_measurement=v1 id=18 maximum=3 round=2 wall_ns=814750 cpu_ns=815584 states=2064 verified=5 completion=0 alternatives=3
INSTRUMENTATION_STATUS_CODE: 0
INSTRUMENTATION_STATUS: candidate_width_measurement=v1 id=18 maximum=7 round=2 wall_ns=1287916 cpu_ns=1288875 states=3409 verified=5 completion=0 alternatives=5
INSTRUMENTATION_STATUS_CODE: 0
INSTRUMENTATION_STATUS: candidate_width_measurement=v1 id=19 maximum=7 round=2 wall_ns=551833 cpu_ns=552583 states=1121 verified=50 completion=0 alternatives=7
INSTRUMENTATION_STATUS_CODE: 0
INSTRUMENTATION_STATUS: candidate_width_measurement=v1 id=19 maximum=3 round=2 wall_ns=229292 cpu_ns=230166 states=292 verified=29 completion=0 alternatives=3
INSTRUMENTATION_STATUS_CODE: 0
INSTRUMENTATION_STATUS: candidate_width_measurement=v1 id=19 maximum=1 round=2 wall_ns=221000 cpu_ns=221791 states=292 verified=29 completion=0 alternatives=1
INSTRUMENTATION_STATUS_CODE: 0
INSTRUMENTATION_STATUS: candidate_width_measurement=v1 id=20 maximum=1 round=2 wall_ns=2405500 cpu_ns=2406458 states=2619 verified=64 completion=4 alternatives=1
INSTRUMENTATION_STATUS_CODE: 0
INSTRUMENTATION_STATUS: candidate_width_measurement=v1 id=20 maximum=3 round=2 wall_ns=2212917 cpu_ns=2213875 states=2619 verified=64 completion=4 alternatives=3
INSTRUMENTATION_STATUS_CODE: 0
INSTRUMENTATION_STATUS: candidate_width_measurement=v1 id=20 maximum=7 round=2 wall_ns=2194459 cpu_ns=2195500 states=2619 verified=64 completion=4 alternatives=7
INSTRUMENTATION_STATUS_CODE: 0
INSTRUMENTATION_STATUS: candidate_width_measurement=v1 id=21 maximum=7 round=2 wall_ns=4241542 cpu_ns=4242333 states=5806 verified=21 completion=0 alternatives=7
INSTRUMENTATION_STATUS_CODE: 0
INSTRUMENTATION_STATUS: candidate_width_measurement=v1 id=21 maximum=3 round=2 wall_ns=1460542 cpu_ns=1461375 states=2111 verified=12 completion=0 alternatives=3
INSTRUMENTATION_STATUS_CODE: 0
INSTRUMENTATION_STATUS: candidate_width_measurement=v1 id=21 maximum=1 round=2 wall_ns=1455500 cpu_ns=1456667 states=2111 verified=12 completion=0 alternatives=1
INSTRUMENTATION_STATUS_CODE: 0
INSTRUMENTATION_STATUS: candidate_width_measurement=v1 id=22 maximum=1 round=2 wall_ns=155792 cpu_ns=156750 states=293 verified=2 completion=0 alternatives=1
INSTRUMENTATION_STATUS_CODE: 0
INSTRUMENTATION_STATUS: candidate_width_measurement=v1 id=22 maximum=3 round=2 wall_ns=870834 cpu_ns=871791 states=1928 verified=10 completion=0 alternatives=3
INSTRUMENTATION_STATUS_CODE: 0
INSTRUMENTATION_STATUS: candidate_width_measurement=v1 id=22 maximum=7 round=2 wall_ns=820708 cpu_ns=821500 states=1928 verified=10 completion=0 alternatives=7
INSTRUMENTATION_STATUS_CODE: 0
INSTRUMENTATION_STATUS: candidate_width_measurement=v1 id=23 maximum=7 round=2 wall_ns=820542 cpu_ns=821375 states=1455 verified=24 completion=0 alternatives=7
INSTRUMENTATION_STATUS_CODE: 0
INSTRUMENTATION_STATUS: candidate_width_measurement=v1 id=23 maximum=3 round=2 wall_ns=148250 cpu_ns=148959 states=253 verified=3 completion=0 alternatives=3
INSTRUMENTATION_STATUS_CODE: 0
INSTRUMENTATION_STATUS: candidate_width_measurement=v1 id=23 maximum=1 round=2 wall_ns=147084 cpu_ns=147959 states=253 verified=3 completion=0 alternatives=1
INSTRUMENTATION_STATUS_CODE: 0
INSTRUMENTATION_STATUS: candidate_width_measurement=v1 id=24 maximum=1 round=2 wall_ns=126750 cpu_ns=127542 states=192 verified=11 completion=0 alternatives=1
INSTRUMENTATION_STATUS_CODE: 0
INSTRUMENTATION_STATUS: candidate_width_measurement=v1 id=24 maximum=3 round=2 wall_ns=126417 cpu_ns=127208 states=192 verified=11 completion=0 alternatives=3
INSTRUMENTATION_STATUS_CODE: 0
INSTRUMENTATION_STATUS: candidate_width_measurement=v1 id=24 maximum=7 round=2 wall_ns=515792 cpu_ns=516625 states=1273 verified=29 completion=0 alternatives=7
INSTRUMENTATION_STATUS_CODE: 0
INSTRUMENTATION_STATUS: candidate_width_measurement=v1 id=25 maximum=7 round=2 wall_ns=4598916 cpu_ns=4472040 states=6796 verified=11 completion=0 alternatives=7
INSTRUMENTATION_STATUS_CODE: 0
INSTRUMENTATION_STATUS: candidate_width_measurement=v1 id=25 maximum=3 round=2 wall_ns=3636250 cpu_ns=3637084 states=6796 verified=11 completion=0 alternatives=3
INSTRUMENTATION_STATUS_CODE: 0
INSTRUMENTATION_STATUS: candidate_width_measurement=v1 id=25 maximum=1 round=2 wall_ns=888125 cpu_ns=888958 states=1614 verified=6 completion=0 alternatives=1
INSTRUMENTATION_STATUS_CODE: 0
INSTRUMENTATION_STATUS: candidate_width_measurement=v1 id=26 maximum=1 round=2 wall_ns=1340500 cpu_ns=1341458 states=1814 verified=31 completion=0 alternatives=1
INSTRUMENTATION_STATUS_CODE: 0
INSTRUMENTATION_STATUS: candidate_width_measurement=v1 id=26 maximum=3 round=2 wall_ns=3132125 cpu_ns=3133125 states=4889 verified=39 completion=0 alternatives=3
INSTRUMENTATION_STATUS_CODE: 0
INSTRUMENTATION_STATUS: candidate_width_measurement=v1 id=26 maximum=7 round=2 wall_ns=3081209 cpu_ns=3082333 states=4889 verified=39 completion=0 alternatives=7
INSTRUMENTATION_STATUS_CODE: 0
INSTRUMENTATION_STATUS: candidate_width_measurement=v1 id=27 maximum=7 round=2 wall_ns=728667 cpu_ns=729458 states=1508 verified=8 completion=0 alternatives=7
INSTRUMENTATION_STATUS_CODE: 0
INSTRUMENTATION_STATUS: candidate_width_measurement=v1 id=27 maximum=3 round=2 wall_ns=170875 cpu_ns=171458 states=280 verified=6 completion=0 alternatives=3
INSTRUMENTATION_STATUS_CODE: 0
INSTRUMENTATION_STATUS: candidate_width_measurement=v1 id=27 maximum=1 round=2 wall_ns=186417 cpu_ns=187250 states=280 verified=6 completion=0 alternatives=1
INSTRUMENTATION_STATUS_CODE: 0
INSTRUMENTATION_STATUS: candidate_width_measurement=v1 id=28 maximum=1 round=2 wall_ns=319000 cpu_ns=319709 states=336 verified=13 completion=0 alternatives=1
INSTRUMENTATION_STATUS_CODE: 0
INSTRUMENTATION_STATUS: candidate_width_measurement=v1 id=28 maximum=3 round=2 wall_ns=1343291 cpu_ns=1344167 states=1466 verified=53 completion=0 alternatives=3
INSTRUMENTATION_STATUS_CODE: 0
INSTRUMENTATION_STATUS: candidate_width_measurement=v1 id=28 maximum=7 round=2 wall_ns=2989625 cpu_ns=2990500 states=4469 verified=63 completion=0 alternatives=7
INSTRUMENTATION_STATUS_CODE: 0
INSTRUMENTATION_STATUS: candidate_width_measurement=v1 id=29 maximum=7 round=2 wall_ns=4499042 cpu_ns=4499958 states=7060 verified=55 completion=0 alternatives=7
INSTRUMENTATION_STATUS_CODE: 0
INSTRUMENTATION_STATUS: candidate_width_measurement=v1 id=29 maximum=3 round=2 wall_ns=1265792 cpu_ns=1266625 states=1750 verified=28 completion=0 alternatives=3
INSTRUMENTATION_STATUS_CODE: 0
INSTRUMENTATION_STATUS: candidate_width_measurement=v1 id=29 maximum=1 round=2 wall_ns=1321458 cpu_ns=1322417 states=1750 verified=28 completion=0 alternatives=1
INSTRUMENTATION_STATUS_CODE: 0
INSTRUMENTATION_STATUS: candidate_width_measurement=v1 id=30 maximum=1 round=2 wall_ns=1837666 cpu_ns=1838417 states=2206 verified=64 completion=4 alternatives=1
INSTRUMENTATION_STATUS_CODE: 0
INSTRUMENTATION_STATUS: candidate_width_measurement=v1 id=30 maximum=3 round=2 wall_ns=1787833 cpu_ns=1788791 states=2206 verified=64 completion=4 alternatives=3
INSTRUMENTATION_STATUS_CODE: 0
INSTRUMENTATION_STATUS: candidate_width_measurement=v1 id=30 maximum=7 round=2 wall_ns=1764917 cpu_ns=1765834 states=2206 verified=64 completion=4 alternatives=7
INSTRUMENTATION_STATUS_CODE: 0
INSTRUMENTATION_STATUS: candidate_width_measurement=v1 id=31 maximum=7 round=2 wall_ns=4316250 cpu_ns=4317125 states=6727 verified=12 completion=0 alternatives=7
INSTRUMENTATION_STATUS_CODE: 0
INSTRUMENTATION_STATUS: candidate_width_measurement=v1 id=31 maximum=3 round=2 wall_ns=1501000 cpu_ns=1501959 states=2464 verified=5 completion=0 alternatives=3
INSTRUMENTATION_STATUS_CODE: 0
INSTRUMENTATION_STATUS: candidate_width_measurement=v1 id=31 maximum=1 round=2 wall_ns=1187333 cpu_ns=1188541 states=2079 verified=2 completion=0 alternatives=1
INSTRUMENTATION_STATUS_CODE: 0
INSTRUMENTATION_STATUS: candidate_width_measurement=v1 id=32 maximum=1 round=2 wall_ns=1460500 cpu_ns=1461542 states=1787 verified=39 completion=0 alternatives=1
INSTRUMENTATION_STATUS_CODE: 0
INSTRUMENTATION_STATUS: candidate_width_measurement=v1 id=32 maximum=3 round=2 wall_ns=1436792 cpu_ns=1437833 states=1787 verified=39 completion=0 alternatives=3
INSTRUMENTATION_STATUS_CODE: 0
INSTRUMENTATION_STATUS: candidate_width_measurement=v1 id=32 maximum=7 round=2 wall_ns=3395167 cpu_ns=3396083 states=5006 verified=47 completion=0 alternatives=7
INSTRUMENTATION_STATUS_CODE: 0
INSTRUMENTATION_STATUS: candidate_width_measurement=v1 id=33 maximum=7 round=2 wall_ns=1940792 cpu_ns=1941958 states=3501 verified=18 completion=0 alternatives=7
INSTRUMENTATION_STATUS_CODE: 0
INSTRUMENTATION_STATUS: candidate_width_measurement=v1 id=33 maximum=3 round=2 wall_ns=1833667 cpu_ns=1834500 states=3501 verified=18 completion=0 alternatives=3
INSTRUMENTATION_STATUS_CODE: 0
INSTRUMENTATION_STATUS: candidate_width_measurement=v1 id=33 maximum=1 round=2 wall_ns=836542 cpu_ns=837458 states=1398 verified=12 completion=0 alternatives=1
INSTRUMENTATION_STATUS_CODE: 0
INSTRUMENTATION_STATUS: candidate_width_measurement=v1 id=34 maximum=1 round=2 wall_ns=1858833 cpu_ns=1859792 states=2542 verified=22 completion=0 alternatives=1
INSTRUMENTATION_STATUS_CODE: 0
INSTRUMENTATION_STATUS: candidate_width_measurement=v1 id=34 maximum=3 round=2 wall_ns=1860333 cpu_ns=1861333 states=2542 verified=22 completion=0 alternatives=3
INSTRUMENTATION_STATUS_CODE: 0
INSTRUMENTATION_STATUS: candidate_width_measurement=v1 id=34 maximum=7 round=2 wall_ns=5339208 cpu_ns=5340333 states=8192 verified=26 completion=3 alternatives=7
INSTRUMENTATION_STATUS_CODE: 0
INSTRUMENTATION_STATUS: candidate_width_measurement=v1 id=35 maximum=7 round=2 wall_ns=4619375 cpu_ns=4620292 states=8192 verified=25 completion=3 alternatives=7
INSTRUMENTATION_STATUS_CODE: 0
INSTRUMENTATION_STATUS: candidate_width_measurement=v1 id=35 maximum=3 round=2 wall_ns=1263083 cpu_ns=1264167 states=1844 verified=23 completion=0 alternatives=3
INSTRUMENTATION_STATUS_CODE: 0
INSTRUMENTATION_STATUS: candidate_width_measurement=v1 id=35 maximum=1 round=2 wall_ns=1259458 cpu_ns=1260458 states=1844 verified=23 completion=0 alternatives=1
INSTRUMENTATION_STATUS_CODE: 0
INSTRUMENTATION_STATUS: candidate_width_measurement=v1 id=36 maximum=1 round=2 wall_ns=294125 cpu_ns=294792 states=367 verified=9 completion=0 alternatives=1
INSTRUMENTATION_STATUS_CODE: 0
INSTRUMENTATION_STATUS: candidate_width_measurement=v1 id=36 maximum=3 round=2 wall_ns=1727917 cpu_ns=1728750 states=2213 verified=48 completion=0 alternatives=3
INSTRUMENTATION_STATUS_CODE: 0
INSTRUMENTATION_STATUS: candidate_width_measurement=v1 id=36 maximum=7 round=2 wall_ns=1715833 cpu_ns=1716750 states=2213 verified=48 completion=0 alternatives=7
INSTRUMENTATION_STATUS_CODE: 0
INSTRUMENTATION_STATUS: candidate_width_measurement=v1 id=37 maximum=7 round=2 wall_ns=5366833 cpu_ns=5367834 states=8192 verified=5 completion=3 alternatives=5
INSTRUMENTATION_STATUS_CODE: 0
INSTRUMENTATION_STATUS: candidate_width_measurement=v1 id=37 maximum=3 round=2 wall_ns=5124291 cpu_ns=5125166 states=8192 verified=5 completion=3 alternatives=3
INSTRUMENTATION_STATUS_CODE: 0
INSTRUMENTATION_STATUS: candidate_width_measurement=v1 id=37 maximum=1 round=2 wall_ns=856833 cpu_ns=857417 states=1093 verified=5 completion=0 alternatives=1
INSTRUMENTATION_STATUS_CODE: 0
INSTRUMENTATION_STATUS: candidate_width_measurement=v1 id=38 maximum=1 round=2 wall_ns=444166 cpu_ns=445000 states=537 verified=6 completion=0 alternatives=1
INSTRUMENTATION_STATUS_CODE: 0
INSTRUMENTATION_STATUS: candidate_width_measurement=v1 id=38 maximum=3 round=2 wall_ns=2024291 cpu_ns=2024917 states=2434 verified=28 completion=0 alternatives=3
INSTRUMENTATION_STATUS_CODE: 0
INSTRUMENTATION_STATUS: candidate_width_measurement=v1 id=38 maximum=7 round=2 wall_ns=5802916 cpu_ns=5804042 states=8192 verified=29 completion=3 alternatives=7
INSTRUMENTATION_STATUS_CODE: 0
INSTRUMENTATION_STATUS: candidate_width_measurement=v1 id=39 maximum=7 round=2 wall_ns=1586542 cpu_ns=1587333 states=1873 verified=64 completion=4 alternatives=7
INSTRUMENTATION_STATUS_CODE: 0
INSTRUMENTATION_STATUS: candidate_width_measurement=v1 id=39 maximum=3 round=2 wall_ns=1552500 cpu_ns=1553500 states=1873 verified=64 completion=4 alternatives=3
INSTRUMENTATION_STATUS_CODE: 0
INSTRUMENTATION_STATUS: candidate_width_measurement=v1 id=39 maximum=1 round=2 wall_ns=434250 cpu_ns=435167 states=412 verified=23 completion=0 alternatives=1
INSTRUMENTATION_STATUS_CODE: 0
INSTRUMENTATION_STATUS: candidate_width_measurement=v1 id=40 maximum=1 round=2 wall_ns=273458 cpu_ns=274375 states=310 verified=33 completion=0 alternatives=1
INSTRUMENTATION_STATUS_CODE: 0
INSTRUMENTATION_STATUS: candidate_width_measurement=v1 id=40 maximum=3 round=2 wall_ns=221041 cpu_ns=221958 states=310 verified=33 completion=0 alternatives=3
INSTRUMENTATION_STATUS_CODE: 0
INSTRUMENTATION_STATUS: candidate_width_measurement=v1 id=40 maximum=7 round=2 wall_ns=525500 cpu_ns=526500 states=1119 verified=42 completion=0 alternatives=7
INSTRUMENTATION_STATUS_CODE: 0
INSTRUMENTATION_STATUS: candidate_width_measurement=v1 id=41 maximum=7 round=2 wall_ns=1328417 cpu_ns=1329292 states=3007 verified=13 completion=0 alternatives=7
INSTRUMENTATION_STATUS_CODE: 0
INSTRUMENTATION_STATUS: candidate_width_measurement=v1 id=41 maximum=3 round=2 wall_ns=683791 cpu_ns=684792 states=1616 verified=9 completion=0 alternatives=3
INSTRUMENTATION_STATUS_CODE: 0
INSTRUMENTATION_STATUS: candidate_width_measurement=v1 id=41 maximum=1 round=2 wall_ns=183834 cpu_ns=184666 states=353 verified=5 completion=0 alternatives=1
INSTRUMENTATION_STATUS_CODE: 0
INSTRUMENTATION_STATUS: candidate_width_measurement=v1 id=42 maximum=1 round=2 wall_ns=162750 cpu_ns=163667 states=236 verified=23 completion=0 alternatives=1
INSTRUMENTATION_STATUS_CODE: 0
INSTRUMENTATION_STATUS: candidate_width_measurement=v1 id=42 maximum=3 round=2 wall_ns=228833 cpu_ns=229833 states=401 verified=27 completion=0 alternatives=3
INSTRUMENTATION_STATUS_CODE: 0
INSTRUMENTATION_STATUS: candidate_width_measurement=v1 id=42 maximum=7 round=2 wall_ns=549167 cpu_ns=550292 states=1399 verified=41 completion=0 alternatives=7
INSTRUMENTATION_STATUS_CODE: 0
INSTRUMENTATION_STATUS: candidate_width_measurement=v1 id=43 maximum=7 round=2 wall_ns=3089791 cpu_ns=3091416 states=4904 verified=13 completion=0 alternatives=7
INSTRUMENTATION_STATUS_CODE: 0
INSTRUMENTATION_STATUS: candidate_width_measurement=v1 id=43 maximum=3 round=2 wall_ns=1038041 cpu_ns=1039708 states=1640 verified=7 completion=0 alternatives=3
INSTRUMENTATION_STATUS_CODE: 0
INSTRUMENTATION_STATUS: candidate_width_measurement=v1 id=43 maximum=1 round=2 wall_ns=1016708 cpu_ns=1017708 states=1640 verified=7 completion=0 alternatives=1
INSTRUMENTATION_STATUS_CODE: 0
INSTRUMENTATION_STATUS: candidate_width_measurement=v1 id=44 maximum=1 round=2 wall_ns=401375 cpu_ns=405584 states=612 verified=5 completion=0 alternatives=1
INSTRUMENTATION_STATUS_CODE: 0
INSTRUMENTATION_STATUS: candidate_width_measurement=v1 id=44 maximum=3 round=2 wall_ns=909875 cpu_ns=800208 states=1492 verified=7 completion=0 alternatives=3
INSTRUMENTATION_STATUS_CODE: 0
INSTRUMENTATION_STATUS: candidate_width_measurement=v1 id=44 maximum=7 round=2 wall_ns=1708250 cpu_ns=1571249 states=2455 verified=10 completion=0 alternatives=4
INSTRUMENTATION_STATUS_CODE: 0
INSTRUMENTATION_STATUS: candidate_width_measurement=v1 id=45 maximum=7 round=2 wall_ns=23666 cpu_ns=24833 states=28 verified=0 completion=2 alternatives=0
INSTRUMENTATION_STATUS_CODE: 0
INSTRUMENTATION_STATUS: candidate_width_measurement=v1 id=45 maximum=3 round=2 wall_ns=20542 cpu_ns=21500 states=28 verified=0 completion=2 alternatives=0
INSTRUMENTATION_STATUS_CODE: 0
INSTRUMENTATION_STATUS: candidate_width_measurement=v1 id=45 maximum=1 round=2 wall_ns=18542 cpu_ns=19292 states=28 verified=0 completion=2 alternatives=0
INSTRUMENTATION_STATUS_CODE: 0
INSTRUMENTATION_STATUS: candidate_width_measurement=v1 id=46 maximum=1 round=2 wall_ns=566709 cpu_ns=567875 states=724 verified=11 completion=0 alternatives=1
INSTRUMENTATION_STATUS_CODE: 0
INSTRUMENTATION_STATUS: candidate_width_measurement=v1 id=46 maximum=3 round=2 wall_ns=517583 cpu_ns=518958 states=724 verified=11 completion=0 alternatives=3
INSTRUMENTATION_STATUS_CODE: 0
INSTRUMENTATION_STATUS: candidate_width_measurement=v1 id=46 maximum=7 round=2 wall_ns=1531291 cpu_ns=1532500 states=2202 verified=27 completion=0 alternatives=7
INSTRUMENTATION_STATUS_CODE: 0
INSTRUMENTATION_STATUS: candidate_width_measurement=v1 id=47 maximum=7 round=2 wall_ns=5716750 cpu_ns=5719041 states=8192 verified=16 completion=3 alternatives=7
INSTRUMENTATION_STATUS_CODE: 0
INSTRUMENTATION_STATUS: candidate_width_measurement=v1 id=47 maximum=3 round=2 wall_ns=1751875 cpu_ns=1752625 states=2580 verified=16 completion=0 alternatives=3
INSTRUMENTATION_STATUS_CODE: 0
INSTRUMENTATION_STATUS: candidate_width_measurement=v1 id=47 maximum=1 round=2 wall_ns=1245375 cpu_ns=1246417 states=1621 verified=16 completion=0 alternatives=1
INSTRUMENTATION_STATUS_CODE: 0
INSTRUMENTATION_STATUS: candidate_width_measurement=v1 id=48 maximum=1 round=2 wall_ns=1205375 cpu_ns=1206334 states=1680 verified=21 completion=0 alternatives=1
INSTRUMENTATION_STATUS_CODE: 0
INSTRUMENTATION_STATUS: candidate_width_measurement=v1 id=48 maximum=3 round=2 wall_ns=1144583 cpu_ns=1146125 states=1680 verified=21 completion=0 alternatives=3
INSTRUMENTATION_STATUS_CODE: 0
INSTRUMENTATION_STATUS: candidate_width_measurement=v1 id=48 maximum=7 round=2 wall_ns=1178583 cpu_ns=1179667 states=1680 verified=21 completion=0 alternatives=7
INSTRUMENTATION_STATUS_CODE: 0
INSTRUMENTATION_STATUS: candidate_width_measurement=v1 id=49 maximum=7 round=2 wall_ns=775750 cpu_ns=776584 states=1514 verified=18 completion=0 alternatives=7
INSTRUMENTATION_STATUS_CODE: 0
INSTRUMENTATION_STATUS: candidate_width_measurement=v1 id=49 maximum=3 round=2 wall_ns=734708 cpu_ns=735625 states=1514 verified=18 completion=0 alternatives=3
INSTRUMENTATION_STATUS_CODE: 0
INSTRUMENTATION_STATUS: candidate_width_measurement=v1 id=49 maximum=1 round=2 wall_ns=160833 cpu_ns=161375 states=296 verified=5 completion=0 alternatives=1
INSTRUMENTATION_STATUS_CODE: 0
INSTRUMENTATION_STATUS: candidate_width_measurement=v1 id=50 maximum=1 round=2 wall_ns=254458 cpu_ns=255375 states=322 verified=8 completion=0 alternatives=1
INSTRUMENTATION_STATUS_CODE: 0
INSTRUMENTATION_STATUS: candidate_width_measurement=v1 id=50 maximum=3 round=2 wall_ns=1647792 cpu_ns=1648833 states=1892 verified=64 completion=4 alternatives=3
INSTRUMENTATION_STATUS_CODE: 0
INSTRUMENTATION_STATUS: candidate_width_measurement=v1 id=50 maximum=7 round=2 wall_ns=1566000 cpu_ns=1567125 states=1892 verified=64 completion=4 alternatives=7
INSTRUMENTATION_STATUS_CODE: 0
INSTRUMENTATION_STATUS: candidate_width_measurement=v1 id=51 maximum=7 round=2 wall_ns=403042 cpu_ns=403875 states=740 verified=11 completion=0 alternatives=7
INSTRUMENTATION_STATUS_CODE: 0
INSTRUMENTATION_STATUS: candidate_width_measurement=v1 id=51 maximum=3 round=2 wall_ns=261834 cpu_ns=262458 states=448 verified=11 completion=0 alternatives=3
INSTRUMENTATION_STATUS_CODE: 0
INSTRUMENTATION_STATUS: candidate_width_measurement=v1 id=51 maximum=1 round=2 wall_ns=280458 cpu_ns=281375 states=448 verified=11 completion=0 alternatives=1
INSTRUMENTATION_STATUS_CODE: 0
INSTRUMENTATION_STATUS: candidate_width_measurement=v1 id=52 maximum=1 round=2 wall_ns=1322334 cpu_ns=1323458 states=2008 verified=3 completion=0 alternatives=1
INSTRUMENTATION_STATUS_CODE: 0
INSTRUMENTATION_STATUS: candidate_width_measurement=v1 id=52 maximum=3 round=2 wall_ns=5471167 cpu_ns=5472167 states=8192 verified=4 completion=3 alternatives=3
INSTRUMENTATION_STATUS_CODE: 0
INSTRUMENTATION_STATUS: candidate_width_measurement=v1 id=52 maximum=7 round=2 wall_ns=5231625 cpu_ns=5232334 states=8192 verified=4 completion=3 alternatives=4
INSTRUMENTATION_STATUS_CODE: 0
INSTRUMENTATION_STATUS: candidate_width_measurement=v1 id=53 maximum=7 round=2 wall_ns=744584 cpu_ns=745500 states=1667 verified=10 completion=0 alternatives=7
INSTRUMENTATION_STATUS_CODE: 0
INSTRUMENTATION_STATUS: candidate_width_measurement=v1 id=53 maximum=3 round=2 wall_ns=244042 cpu_ns=244959 states=455 verified=6 completion=0 alternatives=3
INSTRUMENTATION_STATUS_CODE: 0
INSTRUMENTATION_STATUS: candidate_width_measurement=v1 id=53 maximum=1 round=2 wall_ns=167333 cpu_ns=168167 states=312 verified=4 completion=0 alternatives=1
INSTRUMENTATION_STATUS_CODE: 0
INSTRUMENTATION_STATUS: candidate_width_measurement=v1 id=54 maximum=1 round=2 wall_ns=969625 cpu_ns=970583 states=1412 verified=12 completion=0 alternatives=1
INSTRUMENTATION_STATUS_CODE: 0
INSTRUMENTATION_STATUS: candidate_width_measurement=v1 id=54 maximum=3 round=2 wall_ns=2817750 cpu_ns=2818709 states=4405 verified=14 completion=0 alternatives=3
INSTRUMENTATION_STATUS_CODE: 0
INSTRUMENTATION_STATUS: candidate_width_measurement=v1 id=54 maximum=7 round=2 wall_ns=4933041 cpu_ns=4934208 states=8192 verified=14 completion=3 alternatives=7
INSTRUMENTATION_STATUS_CODE: 0
INSTRUMENTATION_STATUS: candidate_width_measurement=v1 id=55 maximum=7 round=2 wall_ns=4662000 cpu_ns=4663042 states=6979 verified=13 completion=0 alternatives=7
INSTRUMENTATION_STATUS_CODE: 0
INSTRUMENTATION_STATUS: candidate_width_measurement=v1 id=55 maximum=3 round=2 wall_ns=4644125 cpu_ns=4645125 states=6979 verified=13 completion=0 alternatives=3
INSTRUMENTATION_STATUS_CODE: 0
INSTRUMENTATION_STATUS: candidate_width_measurement=v1 id=55 maximum=1 round=2 wall_ns=1460000 cpu_ns=1461042 states=2276 verified=10 completion=0 alternatives=1
INSTRUMENTATION_STATUS_CODE: 0
INSTRUMENTATION_STATUS: candidate_width_measurement=v1 id=56 maximum=1 round=2 wall_ns=543041 cpu_ns=543792 states=1277 verified=8 completion=0 alternatives=1
INSTRUMENTATION_STATUS_CODE: 0
INSTRUMENTATION_STATUS: candidate_width_measurement=v1 id=56 maximum=3 round=2 wall_ns=541792 cpu_ns=542500 states=1277 verified=8 completion=0 alternatives=3
INSTRUMENTATION_STATUS_CODE: 0
INSTRUMENTATION_STATUS: candidate_width_measurement=v1 id=56 maximum=7 round=2 wall_ns=562875 cpu_ns=563958 states=1277 verified=8 completion=0 alternatives=7
INSTRUMENTATION_STATUS_CODE: 0
INSTRUMENTATION_STATUS: candidate_width_measurement=v1 id=57 maximum=7 round=2 wall_ns=5284375 cpu_ns=5285250 states=8192 verified=3 completion=3 alternatives=3
INSTRUMENTATION_STATUS_CODE: 0
INSTRUMENTATION_STATUS: candidate_width_measurement=v1 id=57 maximum=3 round=2 wall_ns=5145042 cpu_ns=5145875 states=8192 verified=3 completion=3 alternatives=3
INSTRUMENTATION_STATUS_CODE: 0
INSTRUMENTATION_STATUS: candidate_width_measurement=v1 id=57 maximum=1 round=2 wall_ns=1055292 cpu_ns=1056084 states=1609 verified=3 completion=0 alternatives=1
INSTRUMENTATION_STATUS_CODE: 0
INSTRUMENTATION_STATUS: candidate_width_measurement=v1 id=58 maximum=1 round=2 wall_ns=270500 cpu_ns=271792 states=349 verified=5 completion=0 alternatives=1
INSTRUMENTATION_STATUS_CODE: 0
INSTRUMENTATION_STATUS: candidate_width_measurement=v1 id=58 maximum=3 round=2 wall_ns=1785291 cpu_ns=1785875 states=2200 verified=48 completion=0 alternatives=3
INSTRUMENTATION_STATUS_CODE: 0
INSTRUMENTATION_STATUS: candidate_width_measurement=v1 id=58 maximum=7 round=2 wall_ns=1694083 cpu_ns=1694875 states=2200 verified=48 completion=0 alternatives=7
INSTRUMENTATION_STATUS_CODE: 0
INSTRUMENTATION_STATUS: candidate_width_measurement=v1 id=59 maximum=7 round=2 wall_ns=3361542 cpu_ns=3362625 states=5151 verified=15 completion=0 alternatives=7
INSTRUMENTATION_STATUS_CODE: 0
INSTRUMENTATION_STATUS: candidate_width_measurement=v1 id=59 maximum=3 round=2 wall_ns=1668750 cpu_ns=1669834 states=2741 verified=13 completion=0 alternatives=3
INSTRUMENTATION_STATUS_CODE: 0
INSTRUMENTATION_STATUS: candidate_width_measurement=v1 id=59 maximum=1 round=2 wall_ns=914292 cpu_ns=915167 states=1483 verified=9 completion=0 alternatives=1
INSTRUMENTATION_STATUS_CODE: 0
INSTRUMENTATION_STATUS: candidate_width_measurement=v1 id=0 maximum=7 round=3 wall_ns=5009917 cpu_ns=5011083 states=8192 verified=13 completion=3 alternatives=7
INSTRUMENTATION_STATUS_CODE: 0
INSTRUMENTATION_STATUS: candidate_width_measurement=v1 id=0 maximum=3 round=3 wall_ns=3654875 cpu_ns=3659291 states=4713 verified=13 completion=0 alternatives=3
INSTRUMENTATION_STATUS_CODE: 0
INSTRUMENTATION_STATUS: candidate_width_measurement=v1 id=0 maximum=1 round=3 wall_ns=994667 cpu_ns=995958 states=1475 verified=13 completion=0 alternatives=1
INSTRUMENTATION_STATUS_CODE: 0
INSTRUMENTATION_STATUS: candidate_width_measurement=v1 id=1 maximum=1 round=3 wall_ns=246459 cpu_ns=247708 states=444 verified=9 completion=0 alternatives=1
INSTRUMENTATION_STATUS_CODE: 0
INSTRUMENTATION_STATUS: candidate_width_measurement=v1 id=1 maximum=3 round=3 wall_ns=223042 cpu_ns=223958 states=444 verified=9 completion=0 alternatives=3
INSTRUMENTATION_STATUS_CODE: 0
INSTRUMENTATION_STATUS: candidate_width_measurement=v1 id=1 maximum=7 round=3 wall_ns=601625 cpu_ns=602500 states=1438 verified=13 completion=0 alternatives=7
INSTRUMENTATION_STATUS_CODE: 0
INSTRUMENTATION_STATUS: candidate_width_measurement=v1 id=2 maximum=7 round=3 wall_ns=4785166 cpu_ns=4786209 states=8192 verified=5 completion=3 alternatives=5
INSTRUMENTATION_STATUS_CODE: 0
INSTRUMENTATION_STATUS: candidate_width_measurement=v1 id=2 maximum=3 round=3 wall_ns=3867250 cpu_ns=3869000 states=6379 verified=5 completion=0 alternatives=3
INSTRUMENTATION_STATUS_CODE: 0
INSTRUMENTATION_STATUS: candidate_width_measurement=v1 id=2 maximum=1 round=3 wall_ns=975209 cpu_ns=976542 states=1689 verified=2 completion=0 alternatives=1
INSTRUMENTATION_STATUS_CODE: 0
INSTRUMENTATION_STATUS: candidate_width_measurement=v1 id=3 maximum=1 round=3 wall_ns=1448833 cpu_ns=1453417 states=1775 verified=17 completion=0 alternatives=1
INSTRUMENTATION_STATUS_CODE: 0
INSTRUMENTATION_STATUS: candidate_width_measurement=v1 id=3 maximum=3 round=3 wall_ns=1861708 cpu_ns=1863166 states=2646 verified=46 completion=0 alternatives=3
INSTRUMENTATION_STATUS_CODE: 0
INSTRUMENTATION_STATUS: candidate_width_measurement=v1 id=3 maximum=7 round=3 wall_ns=4085292 cpu_ns=4016458 states=6441 verified=57 completion=0 alternatives=7
INSTRUMENTATION_STATUS_CODE: 0
INSTRUMENTATION_STATUS: candidate_width_measurement=v1 id=4 maximum=7 round=3 wall_ns=5972042 cpu_ns=5696416 states=8192 verified=7 completion=3 alternatives=7
INSTRUMENTATION_STATUS_CODE: 0
INSTRUMENTATION_STATUS: candidate_width_measurement=v1 id=4 maximum=3 round=3 wall_ns=2795625 cpu_ns=2796750 states=4569 verified=7 completion=0 alternatives=3
INSTRUMENTATION_STATUS_CODE: 0
INSTRUMENTATION_STATUS: candidate_width_measurement=v1 id=4 maximum=1 round=3 wall_ns=1224042 cpu_ns=1228167 states=1562 verified=7 completion=0 alternatives=1
INSTRUMENTATION_STATUS_CODE: 0
INSTRUMENTATION_STATUS: candidate_width_measurement=v1 id=5 maximum=1 round=3 wall_ns=325000 cpu_ns=326167 states=514 verified=11 completion=0 alternatives=1
INSTRUMENTATION_STATUS_CODE: 0
INSTRUMENTATION_STATUS: candidate_width_measurement=v1 id=5 maximum=3 round=3 wall_ns=1601875 cpu_ns=1602917 states=2139 verified=59 completion=0 alternatives=3
INSTRUMENTATION_STATUS_CODE: 0
INSTRUMENTATION_STATUS: candidate_width_measurement=v1 id=5 maximum=7 round=3 wall_ns=1863333 cpu_ns=1867166 states=2139 verified=59 completion=0 alternatives=7
INSTRUMENTATION_STATUS_CODE: 0
INSTRUMENTATION_STATUS: candidate_width_measurement=v1 id=6 maximum=7 round=3 wall_ns=3083417 cpu_ns=3084500 states=5398 verified=16 completion=0 alternatives=7
INSTRUMENTATION_STATUS_CODE: 0
INSTRUMENTATION_STATUS: candidate_width_measurement=v1 id=6 maximum=3 round=3 wall_ns=2951667 cpu_ns=2952750 states=5398 verified=16 completion=0 alternatives=3
INSTRUMENTATION_STATUS_CODE: 0
INSTRUMENTATION_STATUS: candidate_width_measurement=v1 id=6 maximum=1 round=3 wall_ns=770834 cpu_ns=771875 states=1463 verified=6 completion=0 alternatives=1
INSTRUMENTATION_STATUS_CODE: 0
INSTRUMENTATION_STATUS: candidate_width_measurement=v1 id=7 maximum=1 round=3 wall_ns=1505166 cpu_ns=1508791 states=1851 verified=8 completion=0 alternatives=1
INSTRUMENTATION_STATUS_CODE: 0
INSTRUMENTATION_STATUS: candidate_width_measurement=v1 id=7 maximum=3 round=3 wall_ns=1515959 cpu_ns=1518167 states=1851 verified=8 completion=0 alternatives=3
INSTRUMENTATION_STATUS_CODE: 0
INSTRUMENTATION_STATUS: candidate_width_measurement=v1 id=7 maximum=7 round=3 wall_ns=4122167 cpu_ns=4123542 states=5678 verified=45 completion=0 alternatives=7
INSTRUMENTATION_STATUS_CODE: 0
INSTRUMENTATION_STATUS: candidate_width_measurement=v1 id=8 maximum=7 round=3 wall_ns=1408792 cpu_ns=1410125 states=1503 verified=64 completion=4 alternatives=7
INSTRUMENTATION_STATUS_CODE: 0
INSTRUMENTATION_STATUS: candidate_width_measurement=v1 id=8 maximum=3 round=3 wall_ns=1400166 cpu_ns=1401375 states=1503 verified=64 completion=4 alternatives=3
INSTRUMENTATION_STATUS_CODE: 0
INSTRUMENTATION_STATUS: candidate_width_measurement=v1 id=8 maximum=1 round=3 wall_ns=356541 cpu_ns=357584 states=327 verified=18 completion=0 alternatives=1
INSTRUMENTATION_STATUS_CODE: 0
INSTRUMENTATION_STATUS: candidate_width_measurement=v1 id=9 maximum=1 round=3 wall_ns=208125 cpu_ns=209083 states=358 verified=4 completion=0 alternatives=1
INSTRUMENTATION_STATUS_CODE: 0
INSTRUMENTATION_STATUS: candidate_width_measurement=v1 id=9 maximum=3 round=3 wall_ns=716333 cpu_ns=717208 states=1282 verified=10 completion=0 alternatives=3
INSTRUMENTATION_STATUS_CODE: 0
INSTRUMENTATION_STATUS: candidate_width_measurement=v1 id=9 maximum=7 round=3 wall_ns=2702292 cpu_ns=2703292 states=4662 verified=13 completion=0 alternatives=7
INSTRUMENTATION_STATUS_CODE: 0
INSTRUMENTATION_STATUS: candidate_width_measurement=v1 id=10 maximum=7 round=3 wall_ns=903167 cpu_ns=904208 states=1917 verified=42 completion=0 alternatives=7
INSTRUMENTATION_STATUS_CODE: 0
INSTRUMENTATION_STATUS: candidate_width_measurement=v1 id=10 maximum=3 round=3 wall_ns=436084 cpu_ns=439459 states=422 verified=20 completion=0 alternatives=3
INSTRUMENTATION_STATUS_CODE: 0
INSTRUMENTATION_STATUS: candidate_width_measurement=v1 id=10 maximum=1 round=3 wall_ns=348208 cpu_ns=349542 states=422 verified=20 completion=0 alternatives=1
INSTRUMENTATION_STATUS_CODE: 0
INSTRUMENTATION_STATUS: candidate_width_measurement=v1 id=11 maximum=1 round=3 wall_ns=1623417 cpu_ns=1625583 states=2058 verified=28 completion=0 alternatives=1
INSTRUMENTATION_STATUS_CODE: 0
INSTRUMENTATION_STATUS: candidate_width_measurement=v1 id=11 maximum=3 round=3 wall_ns=1504250 cpu_ns=1505292 states=2058 verified=28 completion=0 alternatives=3
INSTRUMENTATION_STATUS_CODE: 0
INSTRUMENTATION_STATUS: candidate_width_measurement=v1 id=11 maximum=7 round=3 wall_ns=5432375 cpu_ns=5433792 states=8192 verified=49 completion=3 alternatives=7
INSTRUMENTATION_STATUS_CODE: 0
INSTRUMENTATION_STATUS: candidate_width_measurement=v1 id=12 maximum=7 round=3 wall_ns=893667 cpu_ns=894708 states=1986 verified=15 completion=0 alternatives=7
INSTRUMENTATION_STATUS_CODE: 0
INSTRUMENTATION_STATUS: candidate_width_measurement=v1 id=12 maximum=3 round=3 wall_ns=231625 cpu_ns=232583 states=420 verified=5 completion=0 alternatives=3
INSTRUMENTATION_STATUS_CODE: 0
INSTRUMENTATION_STATUS: candidate_width_measurement=v1 id=12 maximum=1 round=3 wall_ns=174084 cpu_ns=174917 states=324 verified=4 completion=0 alternatives=1
INSTRUMENTATION_STATUS_CODE: 0
INSTRUMENTATION_STATUS: candidate_width_measurement=v1 id=13 maximum=1 round=3 wall_ns=536209 cpu_ns=537250 states=599 verified=26 completion=0 alternatives=1
INSTRUMENTATION_STATUS_CODE: 0
INSTRUMENTATION_STATUS: candidate_width_measurement=v1 id=13 maximum=3 round=3 wall_ns=1346625 cpu_ns=1347625 states=1861 verified=44 completion=0 alternatives=3
INSTRUMENTATION_STATUS_CODE: 0
INSTRUMENTATION_STATUS: candidate_width_measurement=v1 id=13 maximum=7 round=3 wall_ns=2106625 cpu_ns=2107584 states=2999 verified=64 completion=4 alternatives=7
INSTRUMENTATION_STATUS_CODE: 0
INSTRUMENTATION_STATUS: candidate_width_measurement=v1 id=14 maximum=7 round=3 wall_ns=6171375 cpu_ns=6177167 states=8192 verified=1 completion=3 alternatives=1
INSTRUMENTATION_STATUS_CODE: 0
INSTRUMENTATION_STATUS: candidate_width_measurement=v1 id=14 maximum=3 round=3 wall_ns=5277625 cpu_ns=5279000 states=8192 verified=1 completion=3 alternatives=1
INSTRUMENTATION_STATUS_CODE: 0
INSTRUMENTATION_STATUS: candidate_width_measurement=v1 id=14 maximum=1 round=3 wall_ns=1166375 cpu_ns=1167458 states=1930 verified=1 completion=0 alternatives=1
INSTRUMENTATION_STATUS_CODE: 0
INSTRUMENTATION_STATUS: candidate_width_measurement=v1 id=15 maximum=1 round=3 wall_ns=131250 cpu_ns=132209 states=250 verified=3 completion=0 alternatives=1
INSTRUMENTATION_STATUS_CODE: 0
INSTRUMENTATION_STATUS: candidate_width_measurement=v1 id=15 maximum=3 round=3 wall_ns=549125 cpu_ns=550166 states=1324 verified=9 completion=0 alternatives=3
INSTRUMENTATION_STATUS_CODE: 0
INSTRUMENTATION_STATUS: candidate_width_measurement=v1 id=15 maximum=7 round=3 wall_ns=541250 cpu_ns=542208 states=1324 verified=9 completion=0 alternatives=7
INSTRUMENTATION_STATUS_CODE: 0
INSTRUMENTATION_STATUS: candidate_width_measurement=v1 id=16 maximum=7 round=3 wall_ns=4845208 cpu_ns=4846584 states=8192 verified=14 completion=3 alternatives=7
INSTRUMENTATION_STATUS_CODE: 0
INSTRUMENTATION_STATUS: candidate_width_measurement=v1 id=16 maximum=3 round=3 wall_ns=1087208 cpu_ns=1088416 states=1607 verified=13 completion=0 alternatives=3
INSTRUMENTATION_STATUS_CODE: 0
INSTRUMENTATION_STATUS: candidate_width_measurement=v1 id=16 maximum=1 round=3 wall_ns=1163584 cpu_ns=1168417 states=1607 verified=13 completion=0 alternatives=1
INSTRUMENTATION_STATUS_CODE: 0
INSTRUMENTATION_STATUS: candidate_width_measurement=v1 id=17 maximum=1 round=3 wall_ns=848292 cpu_ns=851709 states=1517 verified=1 completion=0 alternatives=1
INSTRUMENTATION_STATUS_CODE: 0
INSTRUMENTATION_STATUS: candidate_width_measurement=v1 id=17 maximum=3 round=3 wall_ns=4760000 cpu_ns=4760833 states=8192 verified=2 completion=3 alternatives=2
INSTRUMENTATION_STATUS_CODE: 0
INSTRUMENTATION_STATUS: candidate_width_measurement=v1 id=17 maximum=7 round=3 wall_ns=4716875 cpu_ns=4718209 states=8192 verified=2 completion=3 alternatives=2
INSTRUMENTATION_STATUS_CODE: 0
INSTRUMENTATION_STATUS: candidate_width_measurement=v1 id=18 maximum=7 round=3 wall_ns=1434250 cpu_ns=1437500 states=3409 verified=5 completion=0 alternatives=5
INSTRUMENTATION_STATUS_CODE: 0
INSTRUMENTATION_STATUS: candidate_width_measurement=v1 id=18 maximum=3 round=3 wall_ns=816167 cpu_ns=817292 states=2064 verified=5 completion=0 alternatives=3
INSTRUMENTATION_STATUS_CODE: 0
INSTRUMENTATION_STATUS: candidate_width_measurement=v1 id=18 maximum=1 round=3 wall_ns=215500 cpu_ns=216334 states=411 verified=4 completion=0 alternatives=1
INSTRUMENTATION_STATUS_CODE: 0
INSTRUMENTATION_STATUS: candidate_width_measurement=v1 id=19 maximum=1 round=3 wall_ns=232500 cpu_ns=233708 states=292 verified=29 completion=0 alternatives=1
INSTRUMENTATION_STATUS_CODE: 0
INSTRUMENTATION_STATUS: candidate_width_measurement=v1 id=19 maximum=3 round=3 wall_ns=245250 cpu_ns=246417 states=292 verified=29 completion=0 alternatives=3
INSTRUMENTATION_STATUS_CODE: 0
INSTRUMENTATION_STATUS: candidate_width_measurement=v1 id=19 maximum=7 round=3 wall_ns=584541 cpu_ns=585292 states=1121 verified=50 completion=0 alternatives=7
INSTRUMENTATION_STATUS_CODE: 0
INSTRUMENTATION_STATUS: candidate_width_measurement=v1 id=20 maximum=7 round=3 wall_ns=2858167 cpu_ns=2862166 states=2619 verified=64 completion=4 alternatives=7
INSTRUMENTATION_STATUS_CODE: 0
INSTRUMENTATION_STATUS: candidate_width_measurement=v1 id=20 maximum=3 round=3 wall_ns=2370542 cpu_ns=2371541 states=2619 verified=64 completion=4 alternatives=3
INSTRUMENTATION_STATUS_CODE: 0
INSTRUMENTATION_STATUS: candidate_width_measurement=v1 id=20 maximum=1 round=3 wall_ns=2207709 cpu_ns=2208584 states=2619 verified=64 completion=4 alternatives=1
INSTRUMENTATION_STATUS_CODE: 0
INSTRUMENTATION_STATUS: candidate_width_measurement=v1 id=21 maximum=1 round=3 wall_ns=1581375 cpu_ns=1582500 states=2111 verified=12 completion=0 alternatives=1
INSTRUMENTATION_STATUS_CODE: 0
INSTRUMENTATION_STATUS: candidate_width_measurement=v1 id=21 maximum=3 round=3 wall_ns=1497250 cpu_ns=1468083 states=2111 verified=12 completion=0 alternatives=3
INSTRUMENTATION_STATUS_CODE: 0
INSTRUMENTATION_STATUS: candidate_width_measurement=v1 id=21 maximum=7 round=3 wall_ns=5184625 cpu_ns=5187083 states=5806 verified=21 completion=0 alternatives=7
INSTRUMENTATION_STATUS_CODE: 0
INSTRUMENTATION_STATUS: candidate_width_measurement=v1 id=22 maximum=7 round=3 wall_ns=951875 cpu_ns=952958 states=1928 verified=10 completion=0 alternatives=7
INSTRUMENTATION_STATUS_CODE: 0
INSTRUMENTATION_STATUS: candidate_width_measurement=v1 id=22 maximum=3 round=3 wall_ns=848292 cpu_ns=849458 states=1928 verified=10 completion=0 alternatives=3
INSTRUMENTATION_STATUS_CODE: 0
INSTRUMENTATION_STATUS: candidate_width_measurement=v1 id=22 maximum=1 round=3 wall_ns=141708 cpu_ns=142500 states=293 verified=2 completion=0 alternatives=1
INSTRUMENTATION_STATUS_CODE: 0
INSTRUMENTATION_STATUS: candidate_width_measurement=v1 id=23 maximum=1 round=3 wall_ns=147917 cpu_ns=148875 states=253 verified=3 completion=0 alternatives=1
INSTRUMENTATION_STATUS_CODE: 0
INSTRUMENTATION_STATUS: candidate_width_measurement=v1 id=23 maximum=3 round=3 wall_ns=138625 cpu_ns=139416 states=253 verified=3 completion=0 alternatives=3
INSTRUMENTATION_STATUS_CODE: 0
INSTRUMENTATION_STATUS: candidate_width_measurement=v1 id=23 maximum=7 round=3 wall_ns=821083 cpu_ns=821958 states=1455 verified=24 completion=0 alternatives=7
INSTRUMENTATION_STATUS_CODE: 0
INSTRUMENTATION_STATUS: candidate_width_measurement=v1 id=24 maximum=7 round=3 wall_ns=537875 cpu_ns=538875 states=1273 verified=29 completion=0 alternatives=7
INSTRUMENTATION_STATUS_CODE: 0
INSTRUMENTATION_STATUS: candidate_width_measurement=v1 id=24 maximum=3 round=3 wall_ns=140417 cpu_ns=141375 states=192 verified=11 completion=0 alternatives=3
INSTRUMENTATION_STATUS_CODE: 0
INSTRUMENTATION_STATUS: candidate_width_measurement=v1 id=24 maximum=1 round=3 wall_ns=120250 cpu_ns=121084 states=192 verified=11 completion=0 alternatives=1
INSTRUMENTATION_STATUS_CODE: 0
INSTRUMENTATION_STATUS: candidate_width_measurement=v1 id=25 maximum=1 round=3 wall_ns=936542 cpu_ns=937209 states=1614 verified=6 completion=0 alternatives=1
INSTRUMENTATION_STATUS_CODE: 0
INSTRUMENTATION_STATUS: candidate_width_measurement=v1 id=25 maximum=3 round=3 wall_ns=5217667 cpu_ns=4835417 states=6796 verified=11 completion=0 alternatives=3
INSTRUMENTATION_STATUS_CODE: 0
INSTRUMENTATION_STATUS: candidate_width_measurement=v1 id=25 maximum=7 round=3 wall_ns=4004667 cpu_ns=4006417 states=6796 verified=11 completion=0 alternatives=7
INSTRUMENTATION_STATUS_CODE: 0
INSTRUMENTATION_STATUS: candidate_width_measurement=v1 id=26 maximum=7 round=3 wall_ns=3196625 cpu_ns=3197791 states=4889 verified=39 completion=0 alternatives=7
INSTRUMENTATION_STATUS_CODE: 0
INSTRUMENTATION_STATUS: candidate_width_measurement=v1 id=26 maximum=3 round=3 wall_ns=3084625 cpu_ns=3085666 states=4889 verified=39 completion=0 alternatives=3
INSTRUMENTATION_STATUS_CODE: 0
INSTRUMENTATION_STATUS: candidate_width_measurement=v1 id=26 maximum=1 round=3 wall_ns=1353291 cpu_ns=1354333 states=1814 verified=31 completion=0 alternatives=1
INSTRUMENTATION_STATUS_CODE: 0
INSTRUMENTATION_STATUS: candidate_width_measurement=v1 id=27 maximum=1 round=3 wall_ns=187625 cpu_ns=188458 states=280 verified=6 completion=0 alternatives=1
INSTRUMENTATION_STATUS_CODE: 0
INSTRUMENTATION_STATUS: candidate_width_measurement=v1 id=27 maximum=3 round=3 wall_ns=187750 cpu_ns=188667 states=280 verified=6 completion=0 alternatives=3
INSTRUMENTATION_STATUS_CODE: 0
INSTRUMENTATION_STATUS: candidate_width_measurement=v1 id=27 maximum=7 round=3 wall_ns=717834 cpu_ns=718625 states=1508 verified=8 completion=0 alternatives=7
INSTRUMENTATION_STATUS_CODE: 0
INSTRUMENTATION_STATUS: candidate_width_measurement=v1 id=28 maximum=7 round=3 wall_ns=3095375 cpu_ns=3097000 states=4469 verified=63 completion=0 alternatives=7
INSTRUMENTATION_STATUS_CODE: 0
INSTRUMENTATION_STATUS: candidate_width_measurement=v1 id=28 maximum=3 round=3 wall_ns=1698250 cpu_ns=1702000 states=1466 verified=53 completion=0 alternatives=3
INSTRUMENTATION_STATUS_CODE: 0
INSTRUMENTATION_STATUS: candidate_width_measurement=v1 id=28 maximum=1 round=3 wall_ns=321000 cpu_ns=321875 states=336 verified=13 completion=0 alternatives=1
INSTRUMENTATION_STATUS_CODE: 0
INSTRUMENTATION_STATUS: candidate_width_measurement=v1 id=29 maximum=1 round=3 wall_ns=1537542 cpu_ns=1540792 states=1750 verified=28 completion=0 alternatives=1
INSTRUMENTATION_STATUS_CODE: 0
INSTRUMENTATION_STATUS: candidate_width_measurement=v1 id=29 maximum=3 round=3 wall_ns=1287167 cpu_ns=1288333 states=1750 verified=28 completion=0 alternatives=3
INSTRUMENTATION_STATUS_CODE: 0
INSTRUMENTATION_STATUS: candidate_width_measurement=v1 id=29 maximum=7 round=3 wall_ns=4593791 cpu_ns=4594834 states=7060 verified=55 completion=0 alternatives=7
INSTRUMENTATION_STATUS_CODE: 0
INSTRUMENTATION_STATUS: candidate_width_measurement=v1 id=30 maximum=7 round=3 wall_ns=1960584 cpu_ns=1961666 states=2206 verified=64 completion=4 alternatives=7
INSTRUMENTATION_STATUS_CODE: 0
INSTRUMENTATION_STATUS: candidate_width_measurement=v1 id=30 maximum=3 round=3 wall_ns=1840083 cpu_ns=1841334 states=2206 verified=64 completion=4 alternatives=3
INSTRUMENTATION_STATUS_CODE: 0
INSTRUMENTATION_STATUS: candidate_width_measurement=v1 id=30 maximum=1 round=3 wall_ns=1946583 cpu_ns=1950500 states=2206 verified=64 completion=4 alternatives=1
INSTRUMENTATION_STATUS_CODE: 0
INSTRUMENTATION_STATUS: candidate_width_measurement=v1 id=31 maximum=1 round=3 wall_ns=1340916 cpu_ns=1344375 states=2079 verified=2 completion=0 alternatives=1
INSTRUMENTATION_STATUS_CODE: 0
INSTRUMENTATION_STATUS: candidate_width_measurement=v1 id=31 maximum=3 round=3 wall_ns=1600708 cpu_ns=1601917 states=2464 verified=5 completion=0 alternatives=3
INSTRUMENTATION_STATUS_CODE: 0
INSTRUMENTATION_STATUS: candidate_width_measurement=v1 id=31 maximum=7 round=3 wall_ns=4372917 cpu_ns=4374250 states=6727 verified=12 completion=0 alternatives=7
INSTRUMENTATION_STATUS_CODE: 0
INSTRUMENTATION_STATUS: candidate_width_measurement=v1 id=32 maximum=7 round=3 wall_ns=3558333 cpu_ns=3559375 states=5006 verified=47 completion=0 alternatives=7
INSTRUMENTATION_STATUS_CODE: 0
INSTRUMENTATION_STATUS: candidate_width_measurement=v1 id=32 maximum=3 round=3 wall_ns=1482000 cpu_ns=1482834 states=1787 verified=39 completion=0 alternatives=3
INSTRUMENTATION_STATUS_CODE: 0
INSTRUMENTATION_STATUS: candidate_width_measurement=v1 id=32 maximum=1 round=3 wall_ns=2070791 cpu_ns=2073958 states=1787 verified=39 completion=0 alternatives=1
INSTRUMENTATION_STATUS_CODE: 0
INSTRUMENTATION_STATUS: candidate_width_measurement=v1 id=33 maximum=1 round=3 wall_ns=1274542 cpu_ns=1276791 states=1398 verified=12 completion=0 alternatives=1
INSTRUMENTATION_STATUS_CODE: 0
INSTRUMENTATION_STATUS: candidate_width_measurement=v1 id=33 maximum=3 round=3 wall_ns=2065250 cpu_ns=2066666 states=3501 verified=18 completion=0 alternatives=3
INSTRUMENTATION_STATUS_CODE: 0
INSTRUMENTATION_STATUS: candidate_width_measurement=v1 id=33 maximum=7 round=3 wall_ns=2017667 cpu_ns=2019208 states=3501 verified=18 completion=0 alternatives=7
INSTRUMENTATION_STATUS_CODE: 0
INSTRUMENTATION_STATUS: candidate_width_measurement=v1 id=34 maximum=7 round=3 wall_ns=6400625 cpu_ns=6403291 states=8192 verified=26 completion=3 alternatives=7
INSTRUMENTATION_STATUS_CODE: 0
INSTRUMENTATION_STATUS: candidate_width_measurement=v1 id=34 maximum=3 round=3 wall_ns=1969417 cpu_ns=1971166 states=2542 verified=22 completion=0 alternatives=3
INSTRUMENTATION_STATUS_CODE: 0
INSTRUMENTATION_STATUS: candidate_width_measurement=v1 id=34 maximum=1 round=3 wall_ns=1916333 cpu_ns=1918208 states=2542 verified=22 completion=0 alternatives=1
INSTRUMENTATION_STATUS_CODE: 0
INSTRUMENTATION_STATUS: candidate_width_measurement=v1 id=35 maximum=1 round=3 wall_ns=1400208 cpu_ns=1401583 states=1844 verified=23 completion=0 alternatives=1
INSTRUMENTATION_STATUS_CODE: 0
INSTRUMENTATION_STATUS: candidate_width_measurement=v1 id=35 maximum=3 round=3 wall_ns=1349833 cpu_ns=1351209 states=1844 verified=23 completion=0 alternatives=3
INSTRUMENTATION_STATUS_CODE: 0
INSTRUMENTATION_STATUS: candidate_width_measurement=v1 id=35 maximum=7 round=3 wall_ns=5912709 cpu_ns=5909959 states=8192 verified=25 completion=3 alternatives=7
INSTRUMENTATION_STATUS_CODE: 0
INSTRUMENTATION_STATUS: candidate_width_measurement=v1 id=36 maximum=7 round=3 wall_ns=1988125 cpu_ns=1989458 states=2213 verified=48 completion=0 alternatives=7
INSTRUMENTATION_STATUS_CODE: 0
INSTRUMENTATION_STATUS: candidate_width_measurement=v1 id=36 maximum=3 round=3 wall_ns=1890459 cpu_ns=1892166 states=2213 verified=48 completion=0 alternatives=3
INSTRUMENTATION_STATUS_CODE: 0
INSTRUMENTATION_STATUS: candidate_width_measurement=v1 id=36 maximum=1 round=3 wall_ns=359625 cpu_ns=361125 states=367 verified=9 completion=0 alternatives=1
INSTRUMENTATION_STATUS_CODE: 0
INSTRUMENTATION_STATUS: candidate_width_measurement=v1 id=37 maximum=1 round=3 wall_ns=1007417 cpu_ns=1008792 states=1093 verified=5 completion=0 alternatives=1
INSTRUMENTATION_STATUS_CODE: 0
INSTRUMENTATION_STATUS: candidate_width_measurement=v1 id=37 maximum=3 round=3 wall_ns=5974125 cpu_ns=5975834 states=8192 verified=5 completion=3 alternatives=3
INSTRUMENTATION_STATUS_CODE: 0
INSTRUMENTATION_STATUS: candidate_width_measurement=v1 id=37 maximum=7 round=3 wall_ns=5469834 cpu_ns=5471583 states=8192 verified=5 completion=3 alternatives=5
INSTRUMENTATION_STATUS_CODE: 0
INSTRUMENTATION_STATUS: candidate_width_measurement=v1 id=38 maximum=7 round=3 wall_ns=5931459 cpu_ns=5933083 states=8192 verified=29 completion=3 alternatives=7
INSTRUMENTATION_STATUS_CODE: 0
INSTRUMENTATION_STATUS: candidate_width_measurement=v1 id=38 maximum=3 round=3 wall_ns=2122250 cpu_ns=2123500 states=2434 verified=28 completion=0 alternatives=3
INSTRUMENTATION_STATUS_CODE: 0
INSTRUMENTATION_STATUS: candidate_width_measurement=v1 id=38 maximum=1 round=3 wall_ns=460125 cpu_ns=461375 states=537 verified=6 completion=0 alternatives=1
INSTRUMENTATION_STATUS_CODE: 0
INSTRUMENTATION_STATUS: candidate_width_measurement=v1 id=39 maximum=1 round=3 wall_ns=473166 cpu_ns=474583 states=412 verified=23 completion=0 alternatives=1
INSTRUMENTATION_STATUS_CODE: 0
INSTRUMENTATION_STATUS: candidate_width_measurement=v1 id=39 maximum=3 round=3 wall_ns=1637959 cpu_ns=1638708 states=1873 verified=64 completion=4 alternatives=3
INSTRUMENTATION_STATUS_CODE: 0
INSTRUMENTATION_STATUS: candidate_width_measurement=v1 id=39 maximum=7 round=3 wall_ns=1796667 cpu_ns=1797583 states=1873 verified=64 completion=4 alternatives=7
INSTRUMENTATION_STATUS_CODE: 0
INSTRUMENTATION_STATUS: candidate_width_measurement=v1 id=40 maximum=7 round=3 wall_ns=598833 cpu_ns=599916 states=1119 verified=42 completion=0 alternatives=7
INSTRUMENTATION_STATUS_CODE: 0
INSTRUMENTATION_STATUS: candidate_width_measurement=v1 id=40 maximum=3 round=3 wall_ns=236083 cpu_ns=237250 states=310 verified=33 completion=0 alternatives=3
INSTRUMENTATION_STATUS_CODE: 0
INSTRUMENTATION_STATUS: candidate_width_measurement=v1 id=40 maximum=1 round=3 wall_ns=224750 cpu_ns=225792 states=310 verified=33 completion=0 alternatives=1
INSTRUMENTATION_STATUS_CODE: 0
INSTRUMENTATION_STATUS: candidate_width_measurement=v1 id=41 maximum=1 round=3 wall_ns=204375 cpu_ns=205250 states=353 verified=5 completion=0 alternatives=1
INSTRUMENTATION_STATUS_CODE: 0
INSTRUMENTATION_STATUS: candidate_width_measurement=v1 id=41 maximum=3 round=3 wall_ns=729833 cpu_ns=730791 states=1616 verified=9 completion=0 alternatives=3
INSTRUMENTATION_STATUS_CODE: 0
INSTRUMENTATION_STATUS: candidate_width_measurement=v1 id=41 maximum=7 round=3 wall_ns=1327417 cpu_ns=1328833 states=3007 verified=13 completion=0 alternatives=7
INSTRUMENTATION_STATUS_CODE: 0
INSTRUMENTATION_STATUS: candidate_width_measurement=v1 id=42 maximum=7 round=3 wall_ns=807083 cpu_ns=811333 states=1399 verified=41 completion=0 alternatives=7
INSTRUMENTATION_STATUS_CODE: 0
INSTRUMENTATION_STATUS: candidate_width_measurement=v1 id=42 maximum=3 round=3 wall_ns=314750 cpu_ns=316208 states=401 verified=27 completion=0 alternatives=3
INSTRUMENTATION_STATUS_CODE: 0
INSTRUMENTATION_STATUS: candidate_width_measurement=v1 id=42 maximum=1 round=3 wall_ns=225042 cpu_ns=226333 states=236 verified=23 completion=0 alternatives=1
INSTRUMENTATION_STATUS_CODE: 0
INSTRUMENTATION_STATUS: candidate_width_measurement=v1 id=43 maximum=1 round=3 wall_ns=1075292 cpu_ns=1077083 states=1640 verified=7 completion=0 alternatives=1
INSTRUMENTATION_STATUS_CODE: 0
INSTRUMENTATION_STATUS: candidate_width_measurement=v1 id=43 maximum=3 round=3 wall_ns=998334 cpu_ns=999375 states=1640 verified=7 completion=0 alternatives=3
INSTRUMENTATION_STATUS_CODE: 0
INSTRUMENTATION_STATUS: candidate_width_measurement=v1 id=43 maximum=7 round=3 wall_ns=3050708 cpu_ns=3051834 states=4904 verified=13 completion=0 alternatives=7
INSTRUMENTATION_STATUS_CODE: 0
INSTRUMENTATION_STATUS: candidate_width_measurement=v1 id=44 maximum=7 round=3 wall_ns=1070791 cpu_ns=1071958 states=2455 verified=10 completion=0 alternatives=4
INSTRUMENTATION_STATUS_CODE: 0
INSTRUMENTATION_STATUS: candidate_width_measurement=v1 id=44 maximum=3 round=3 wall_ns=661167 cpu_ns=662542 states=1492 verified=7 completion=0 alternatives=3
INSTRUMENTATION_STATUS_CODE: 0
INSTRUMENTATION_STATUS: candidate_width_measurement=v1 id=44 maximum=1 round=3 wall_ns=273042 cpu_ns=274167 states=612 verified=5 completion=0 alternatives=1
INSTRUMENTATION_STATUS_CODE: 0
INSTRUMENTATION_STATUS: candidate_width_measurement=v1 id=45 maximum=1 round=3 wall_ns=24542 cpu_ns=25583 states=28 verified=0 completion=2 alternatives=0
INSTRUMENTATION_STATUS_CODE: 0
INSTRUMENTATION_STATUS: candidate_width_measurement=v1 id=45 maximum=3 round=3 wall_ns=20042 cpu_ns=20875 states=28 verified=0 completion=2 alternatives=0
INSTRUMENTATION_STATUS_CODE: 0
INSTRUMENTATION_STATUS: candidate_width_measurement=v1 id=45 maximum=7 round=3 wall_ns=19500 cpu_ns=20334 states=28 verified=0 completion=2 alternatives=0
INSTRUMENTATION_STATUS_CODE: 0
INSTRUMENTATION_STATUS: candidate_width_measurement=v1 id=46 maximum=7 round=3 wall_ns=2121292 cpu_ns=1996958 states=2202 verified=27 completion=0 alternatives=7
INSTRUMENTATION_STATUS_CODE: 0
INSTRUMENTATION_STATUS: candidate_width_measurement=v1 id=46 maximum=3 round=3 wall_ns=979042 cpu_ns=760126 states=724 verified=11 completion=0 alternatives=3
INSTRUMENTATION_STATUS_CODE: 0
INSTRUMENTATION_STATUS: candidate_width_measurement=v1 id=46 maximum=1 round=3 wall_ns=734917 cpu_ns=738583 states=724 verified=11 completion=0 alternatives=1
INSTRUMENTATION_STATUS_CODE: 0
INSTRUMENTATION_STATUS: candidate_width_measurement=v1 id=47 maximum=1 round=3 wall_ns=1768250 cpu_ns=1773875 states=1621 verified=16 completion=0 alternatives=1
INSTRUMENTATION_STATUS_CODE: 0
INSTRUMENTATION_STATUS: candidate_width_measurement=v1 id=47 maximum=3 round=3 wall_ns=2192333 cpu_ns=2195375 states=2580 verified=16 completion=0 alternatives=3
INSTRUMENTATION_STATUS_CODE: 0
INSTRUMENTATION_STATUS: candidate_width_measurement=v1 id=47 maximum=7 round=3 wall_ns=5811250 cpu_ns=5812417 states=8192 verified=16 completion=3 alternatives=7
INSTRUMENTATION_STATUS_CODE: 0
INSTRUMENTATION_STATUS: candidate_width_measurement=v1 id=48 maximum=7 round=3 wall_ns=1248208 cpu_ns=1249250 states=1680 verified=21 completion=0 alternatives=7
INSTRUMENTATION_STATUS_CODE: 0
INSTRUMENTATION_STATUS: candidate_width_measurement=v1 id=48 maximum=3 round=3 wall_ns=1226916 cpu_ns=1227833 states=1680 verified=21 completion=0 alternatives=3
INSTRUMENTATION_STATUS_CODE: 0
INSTRUMENTATION_STATUS: candidate_width_measurement=v1 id=48 maximum=1 round=3 wall_ns=1188792 cpu_ns=1189833 states=1680 verified=21 completion=0 alternatives=1
INSTRUMENTATION_STATUS_CODE: 0
INSTRUMENTATION_STATUS: candidate_width_measurement=v1 id=49 maximum=1 round=3 wall_ns=177458 cpu_ns=178375 states=296 verified=5 completion=0 alternatives=1
INSTRUMENTATION_STATUS_CODE: 0
INSTRUMENTATION_STATUS: candidate_width_measurement=v1 id=49 maximum=3 round=3 wall_ns=780458 cpu_ns=781542 states=1514 verified=18 completion=0 alternatives=3
INSTRUMENTATION_STATUS_CODE: 0
INSTRUMENTATION_STATUS: candidate_width_measurement=v1 id=49 maximum=7 round=3 wall_ns=1161000 cpu_ns=1165833 states=1514 verified=18 completion=0 alternatives=7
INSTRUMENTATION_STATUS_CODE: 0
INSTRUMENTATION_STATUS: candidate_width_measurement=v1 id=50 maximum=7 round=3 wall_ns=1948166 cpu_ns=1952084 states=1892 verified=64 completion=4 alternatives=7
INSTRUMENTATION_STATUS_CODE: 0
INSTRUMENTATION_STATUS: candidate_width_measurement=v1 id=50 maximum=3 round=3 wall_ns=1726500 cpu_ns=1728042 states=1892 verified=64 completion=4 alternatives=3
INSTRUMENTATION_STATUS_CODE: 0
INSTRUMENTATION_STATUS: candidate_width_measurement=v1 id=50 maximum=1 round=3 wall_ns=422792 cpu_ns=427167 states=322 verified=8 completion=0 alternatives=1
INSTRUMENTATION_STATUS_CODE: 0
INSTRUMENTATION_STATUS: candidate_width_measurement=v1 id=51 maximum=1 round=3 wall_ns=304125 cpu_ns=305291 states=448 verified=11 completion=0 alternatives=1
INSTRUMENTATION_STATUS_CODE: 0
INSTRUMENTATION_STATUS: candidate_width_measurement=v1 id=51 maximum=3 round=3 wall_ns=286333 cpu_ns=287542 states=448 verified=11 completion=0 alternatives=3
INSTRUMENTATION_STATUS_CODE: 0
INSTRUMENTATION_STATUS: candidate_width_measurement=v1 id=51 maximum=7 round=3 wall_ns=401625 cpu_ns=402250 states=740 verified=11 completion=0 alternatives=7
INSTRUMENTATION_STATUS_CODE: 0
INSTRUMENTATION_STATUS: candidate_width_measurement=v1 id=52 maximum=7 round=3 wall_ns=5775250 cpu_ns=5776500 states=8192 verified=4 completion=3 alternatives=4
INSTRUMENTATION_STATUS_CODE: 0
INSTRUMENTATION_STATUS: candidate_width_measurement=v1 id=52 maximum=3 round=3 wall_ns=5531458 cpu_ns=5532958 states=8192 verified=4 completion=3 alternatives=3
INSTRUMENTATION_STATUS_CODE: 0
INSTRUMENTATION_STATUS: candidate_width_measurement=v1 id=52 maximum=1 round=3 wall_ns=1337083 cpu_ns=1338209 states=2008 verified=3 completion=0 alternatives=1
INSTRUMENTATION_STATUS_CODE: 0
INSTRUMENTATION_STATUS: candidate_width_measurement=v1 id=53 maximum=1 round=3 wall_ns=169916 cpu_ns=170500 states=312 verified=4 completion=0 alternatives=1
INSTRUMENTATION_STATUS_CODE: 0
INSTRUMENTATION_STATUS: candidate_width_measurement=v1 id=53 maximum=3 round=3 wall_ns=237083 cpu_ns=237667 states=455 verified=6 completion=0 alternatives=3
INSTRUMENTATION_STATUS_CODE: 0
INSTRUMENTATION_STATUS: candidate_width_measurement=v1 id=53 maximum=7 round=3 wall_ns=810958 cpu_ns=811959 states=1667 verified=10 completion=0 alternatives=7
INSTRUMENTATION_STATUS_CODE: 0
INSTRUMENTATION_STATUS: candidate_width_measurement=v1 id=54 maximum=7 round=3 wall_ns=5187417 cpu_ns=5188458 states=8192 verified=14 completion=3 alternatives=7
INSTRUMENTATION_STATUS_CODE: 0
INSTRUMENTATION_STATUS: candidate_width_measurement=v1 id=54 maximum=3 round=3 wall_ns=2867792 cpu_ns=2869000 states=4405 verified=14 completion=0 alternatives=3
INSTRUMENTATION_STATUS_CODE: 0
INSTRUMENTATION_STATUS: candidate_width_measurement=v1 id=54 maximum=1 round=3 wall_ns=992542 cpu_ns=993667 states=1412 verified=12 completion=0 alternatives=1
INSTRUMENTATION_STATUS_CODE: 0
INSTRUMENTATION_STATUS: candidate_width_measurement=v1 id=55 maximum=1 round=3 wall_ns=1530041 cpu_ns=1531041 states=2276 verified=10 completion=0 alternatives=1
INSTRUMENTATION_STATUS_CODE: 0
INSTRUMENTATION_STATUS: candidate_width_measurement=v1 id=55 maximum=3 round=3 wall_ns=4652416 cpu_ns=4653500 states=6979 verified=13 completion=0 alternatives=3
INSTRUMENTATION_STATUS_CODE: 0
INSTRUMENTATION_STATUS: candidate_width_measurement=v1 id=55 maximum=7 round=3 wall_ns=4552458 cpu_ns=4553458 states=6979 verified=13 completion=0 alternatives=7
INSTRUMENTATION_STATUS_CODE: 0
INSTRUMENTATION_STATUS: candidate_width_measurement=v1 id=56 maximum=7 round=3 wall_ns=562708 cpu_ns=563667 states=1277 verified=8 completion=0 alternatives=7
INSTRUMENTATION_STATUS_CODE: 0
INSTRUMENTATION_STATUS: candidate_width_measurement=v1 id=56 maximum=3 round=3 wall_ns=565916 cpu_ns=566958 states=1277 verified=8 completion=0 alternatives=3
INSTRUMENTATION_STATUS_CODE: 0
INSTRUMENTATION_STATUS: candidate_width_measurement=v1 id=56 maximum=1 round=3 wall_ns=550291 cpu_ns=551292 states=1277 verified=8 completion=0 alternatives=1
INSTRUMENTATION_STATUS_CODE: 0
INSTRUMENTATION_STATUS: candidate_width_measurement=v1 id=57 maximum=1 round=3 wall_ns=1087333 cpu_ns=1088292 states=1609 verified=3 completion=0 alternatives=1
INSTRUMENTATION_STATUS_CODE: 0
INSTRUMENTATION_STATUS: candidate_width_measurement=v1 id=57 maximum=3 round=3 wall_ns=5238917 cpu_ns=5240208 states=8192 verified=3 completion=3 alternatives=3
INSTRUMENTATION_STATUS_CODE: 0
INSTRUMENTATION_STATUS: candidate_width_measurement=v1 id=57 maximum=7 round=3 wall_ns=5144042 cpu_ns=5145291 states=8192 verified=3 completion=3 alternatives=3
INSTRUMENTATION_STATUS_CODE: 0
INSTRUMENTATION_STATUS: candidate_width_measurement=v1 id=58 maximum=7 round=3 wall_ns=1763750 cpu_ns=1764792 states=2200 verified=48 completion=0 alternatives=7
INSTRUMENTATION_STATUS_CODE: 0
INSTRUMENTATION_STATUS: candidate_width_measurement=v1 id=58 maximum=3 round=3 wall_ns=1733875 cpu_ns=1734750 states=2200 verified=48 completion=0 alternatives=3
INSTRUMENTATION_STATUS_CODE: 0
INSTRUMENTATION_STATUS: candidate_width_measurement=v1 id=58 maximum=1 round=3 wall_ns=258041 cpu_ns=259125 states=349 verified=5 completion=0 alternatives=1
INSTRUMENTATION_STATUS_CODE: 0
INSTRUMENTATION_STATUS: candidate_width_measurement=v1 id=59 maximum=1 round=3 wall_ns=950000 cpu_ns=950875 states=1483 verified=9 completion=0 alternatives=1
INSTRUMENTATION_STATUS_CODE: 0
INSTRUMENTATION_STATUS: candidate_width_measurement=v1 id=59 maximum=3 round=3 wall_ns=1735292 cpu_ns=1736208 states=2741 verified=13 completion=0 alternatives=3
INSTRUMENTATION_STATUS_CODE: 0
INSTRUMENTATION_STATUS: candidate_width_measurement=v1 id=59 maximum=7 round=3 wall_ns=3217334 cpu_ns=3218375 states=5151 verified=15 completion=0 alternatives=7
INSTRUMENTATION_STATUS_CODE: 0
INSTRUMENTATION_STATUS: candidate_width_measurement=v1 id=0 maximum=1 round=4 wall_ns=987792 cpu_ns=988750 states=1475 verified=13 completion=0 alternatives=1
INSTRUMENTATION_STATUS_CODE: 0
INSTRUMENTATION_STATUS: candidate_width_measurement=v1 id=0 maximum=3 round=4 wall_ns=2911000 cpu_ns=2911833 states=4713 verified=13 completion=0 alternatives=3
INSTRUMENTATION_STATUS_CODE: 0
INSTRUMENTATION_STATUS: candidate_width_measurement=v1 id=0 maximum=7 round=4 wall_ns=4777250 cpu_ns=4778125 states=8192 verified=13 completion=3 alternatives=7
INSTRUMENTATION_STATUS_CODE: 0
INSTRUMENTATION_STATUS: candidate_width_measurement=v1 id=1 maximum=7 round=4 wall_ns=621625 cpu_ns=622583 states=1438 verified=13 completion=0 alternatives=7
INSTRUMENTATION_STATUS_CODE: 0
INSTRUMENTATION_STATUS: candidate_width_measurement=v1 id=1 maximum=3 round=4 wall_ns=222250 cpu_ns=223166 states=444 verified=9 completion=0 alternatives=3
INSTRUMENTATION_STATUS_CODE: 0
INSTRUMENTATION_STATUS: candidate_width_measurement=v1 id=1 maximum=1 round=4 wall_ns=227333 cpu_ns=228334 states=444 verified=9 completion=0 alternatives=1
INSTRUMENTATION_STATUS_CODE: 0
INSTRUMENTATION_STATUS: candidate_width_measurement=v1 id=2 maximum=1 round=4 wall_ns=942458 cpu_ns=943417 states=1689 verified=2 completion=0 alternatives=1
INSTRUMENTATION_STATUS_CODE: 0
INSTRUMENTATION_STATUS: candidate_width_measurement=v1 id=2 maximum=3 round=4 wall_ns=3793125 cpu_ns=3794083 states=6379 verified=5 completion=0 alternatives=3
INSTRUMENTATION_STATUS_CODE: 0
INSTRUMENTATION_STATUS: candidate_width_measurement=v1 id=2 maximum=7 round=4 wall_ns=4743625 cpu_ns=4744708 states=8192 verified=5 completion=3 alternatives=5
INSTRUMENTATION_STATUS_CODE: 0
INSTRUMENTATION_STATUS: candidate_width_measurement=v1 id=3 maximum=7 round=4 wall_ns=3827125 cpu_ns=3828208 states=6441 verified=57 completion=0 alternatives=7
INSTRUMENTATION_STATUS_CODE: 0
INSTRUMENTATION_STATUS: candidate_width_measurement=v1 id=3 maximum=3 round=4 wall_ns=1772417 cpu_ns=1773375 states=2646 verified=46 completion=0 alternatives=3
INSTRUMENTATION_STATUS_CODE: 0
INSTRUMENTATION_STATUS: candidate_width_measurement=v1 id=3 maximum=1 round=4 wall_ns=1027792 cpu_ns=1028958 states=1775 verified=17 completion=0 alternatives=1
INSTRUMENTATION_STATUS_CODE: 0
INSTRUMENTATION_STATUS: candidate_width_measurement=v1 id=4 maximum=1 round=4 wall_ns=976584 cpu_ns=977625 states=1562 verified=7 completion=0 alternatives=1
INSTRUMENTATION_STATUS_CODE: 0
INSTRUMENTATION_STATUS: candidate_width_measurement=v1 id=4 maximum=3 round=4 wall_ns=3364125 cpu_ns=3187375 states=4569 verified=7 completion=0 alternatives=3
INSTRUMENTATION_STATUS_CODE: 0
INSTRUMENTATION_STATUS: candidate_width_measurement=v1 id=4 maximum=7 round=4 wall_ns=5329166 cpu_ns=5209083 states=8192 verified=7 completion=3 alternatives=7
INSTRUMENTATION_STATUS_CODE: 0
INSTRUMENTATION_STATUS: candidate_width_measurement=v1 id=5 maximum=7 round=4 wall_ns=1519084 cpu_ns=1520417 states=2139 verified=59 completion=0 alternatives=7
INSTRUMENTATION_STATUS_CODE: 0
INSTRUMENTATION_STATUS: candidate_width_measurement=v1 id=5 maximum=3 round=4 wall_ns=1535375 cpu_ns=1536458 states=2139 verified=59 completion=0 alternatives=3
INSTRUMENTATION_STATUS_CODE: 0
INSTRUMENTATION_STATUS: candidate_width_measurement=v1 id=5 maximum=1 round=4 wall_ns=306958 cpu_ns=307834 states=514 verified=11 completion=0 alternatives=1
INSTRUMENTATION_STATUS_CODE: 0
INSTRUMENTATION_STATUS: candidate_width_measurement=v1 id=6 maximum=1 round=4 wall_ns=800833 cpu_ns=801833 states=1463 verified=6 completion=0 alternatives=1
INSTRUMENTATION_STATUS_CODE: 0
INSTRUMENTATION_STATUS: candidate_width_measurement=v1 id=6 maximum=3 round=4 wall_ns=2988541 cpu_ns=2989458 states=5398 verified=16 completion=0 alternatives=3
INSTRUMENTATION_STATUS_CODE: 0
INSTRUMENTATION_STATUS: candidate_width_measurement=v1 id=6 maximum=7 round=4 wall_ns=2910375 cpu_ns=2911292 states=5398 verified=16 completion=0 alternatives=7
INSTRUMENTATION_STATUS_CODE: 0
INSTRUMENTATION_STATUS: candidate_width_measurement=v1 id=7 maximum=7 round=4 wall_ns=4100167 cpu_ns=4101417 states=5678 verified=45 completion=0 alternatives=7
INSTRUMENTATION_STATUS_CODE: 0
INSTRUMENTATION_STATUS: candidate_width_measurement=v1 id=7 maximum=3 round=4 wall_ns=1081833 cpu_ns=1082791 states=1851 verified=8 completion=0 alternatives=3
INSTRUMENTATION_STATUS_CODE: 0
INSTRUMENTATION_STATUS: candidate_width_measurement=v1 id=7 maximum=1 round=4 wall_ns=1057791 cpu_ns=1058416 states=1851 verified=8 completion=0 alternatives=1
INSTRUMENTATION_STATUS_CODE: 0
INSTRUMENTATION_STATUS: candidate_width_measurement=v1 id=8 maximum=1 round=4 wall_ns=338459 cpu_ns=339583 states=327 verified=18 completion=0 alternatives=1
INSTRUMENTATION_STATUS_CODE: 0
INSTRUMENTATION_STATUS: candidate_width_measurement=v1 id=8 maximum=3 round=4 wall_ns=1376584 cpu_ns=1377333 states=1503 verified=64 completion=4 alternatives=3
INSTRUMENTATION_STATUS_CODE: 0
INSTRUMENTATION_STATUS: candidate_width_measurement=v1 id=8 maximum=7 round=4 wall_ns=1391625 cpu_ns=1392458 states=1503 verified=64 completion=4 alternatives=7
INSTRUMENTATION_STATUS_CODE: 0
INSTRUMENTATION_STATUS: candidate_width_measurement=v1 id=9 maximum=7 round=4 wall_ns=2591250 cpu_ns=2592375 states=4662 verified=13 completion=0 alternatives=7
INSTRUMENTATION_STATUS_CODE: 0
INSTRUMENTATION_STATUS: candidate_width_measurement=v1 id=9 maximum=3 round=4 wall_ns=700542 cpu_ns=701166 states=1282 verified=10 completion=0 alternatives=3
INSTRUMENTATION_STATUS_CODE: 0
INSTRUMENTATION_STATUS: candidate_width_measurement=v1 id=9 maximum=1 round=4 wall_ns=210250 cpu_ns=211125 states=358 verified=4 completion=0 alternatives=1
INSTRUMENTATION_STATUS_CODE: 0
INSTRUMENTATION_STATUS: candidate_width_measurement=v1 id=10 maximum=1 round=4 wall_ns=267958 cpu_ns=268791 states=422 verified=20 completion=0 alternatives=1
INSTRUMENTATION_STATUS_CODE: 0
INSTRUMENTATION_STATUS: candidate_width_measurement=v1 id=10 maximum=3 round=4 wall_ns=260792 cpu_ns=261583 states=422 verified=20 completion=0 alternatives=3
INSTRUMENTATION_STATUS_CODE: 0
INSTRUMENTATION_STATUS: candidate_width_measurement=v1 id=10 maximum=7 round=4 wall_ns=859083 cpu_ns=859875 states=1917 verified=42 completion=0 alternatives=7
INSTRUMENTATION_STATUS_CODE: 0
INSTRUMENTATION_STATUS: candidate_width_measurement=v1 id=11 maximum=7 round=4 wall_ns=5311375 cpu_ns=5312375 states=8192 verified=49 completion=3 alternatives=7
INSTRUMENTATION_STATUS_CODE: 0
INSTRUMENTATION_STATUS: candidate_width_measurement=v1 id=11 maximum=3 round=4 wall_ns=1387917 cpu_ns=1388834 states=2058 verified=28 completion=0 alternatives=3
INSTRUMENTATION_STATUS_CODE: 0
INSTRUMENTATION_STATUS: candidate_width_measurement=v1 id=11 maximum=1 round=4 wall_ns=1390583 cpu_ns=1391625 states=2058 verified=28 completion=0 alternatives=1
INSTRUMENTATION_STATUS_CODE: 0
INSTRUMENTATION_STATUS: candidate_width_measurement=v1 id=12 maximum=1 round=4 wall_ns=173292 cpu_ns=174125 states=324 verified=4 completion=0 alternatives=1
INSTRUMENTATION_STATUS_CODE: 0
INSTRUMENTATION_STATUS: candidate_width_measurement=v1 id=12 maximum=3 round=4 wall_ns=217458 cpu_ns=218333 states=420 verified=5 completion=0 alternatives=3
INSTRUMENTATION_STATUS_CODE: 0
INSTRUMENTATION_STATUS: candidate_width_measurement=v1 id=12 maximum=7 round=4 wall_ns=907084 cpu_ns=908042 states=1986 verified=15 completion=0 alternatives=7
INSTRUMENTATION_STATUS_CODE: 0
INSTRUMENTATION_STATUS: candidate_width_measurement=v1 id=13 maximum=7 round=4 wall_ns=2136833 cpu_ns=2137791 states=2999 verified=64 completion=4 alternatives=7
INSTRUMENTATION_STATUS_CODE: 0
INSTRUMENTATION_STATUS: candidate_width_measurement=v1 id=13 maximum=3 round=4 wall_ns=1301333 cpu_ns=1302208 states=1861 verified=44 completion=0 alternatives=3
INSTRUMENTATION_STATUS_CODE: 0
INSTRUMENTATION_STATUS: candidate_width_measurement=v1 id=13 maximum=1 round=4 wall_ns=571417 cpu_ns=572625 states=599 verified=26 completion=0 alternatives=1
INSTRUMENTATION_STATUS_CODE: 0
INSTRUMENTATION_STATUS: candidate_width_measurement=v1 id=14 maximum=1 round=4 wall_ns=1180917 cpu_ns=1181792 states=1930 verified=1 completion=0 alternatives=1
INSTRUMENTATION_STATUS_CODE: 0
INSTRUMENTATION_STATUS: candidate_width_measurement=v1 id=14 maximum=3 round=4 wall_ns=5118333 cpu_ns=5119417 states=8192 verified=1 completion=3 alternatives=1
INSTRUMENTATION_STATUS_CODE: 0
INSTRUMENTATION_STATUS: candidate_width_measurement=v1 id=14 maximum=7 round=4 wall_ns=5054167 cpu_ns=5055167 states=8192 verified=1 completion=3 alternatives=1
INSTRUMENTATION_STATUS_CODE: 0
INSTRUMENTATION_STATUS: candidate_width_measurement=v1 id=15 maximum=7 round=4 wall_ns=552542 cpu_ns=553458 states=1324 verified=9 completion=0 alternatives=7
INSTRUMENTATION_STATUS_CODE: 0
INSTRUMENTATION_STATUS: candidate_width_measurement=v1 id=15 maximum=3 round=4 wall_ns=523792 cpu_ns=524625 states=1324 verified=9 completion=0 alternatives=3
INSTRUMENTATION_STATUS_CODE: 0
INSTRUMENTATION_STATUS: candidate_width_measurement=v1 id=15 maximum=1 round=4 wall_ns=133791 cpu_ns=134667 states=250 verified=3 completion=0 alternatives=1
INSTRUMENTATION_STATUS_CODE: 0
INSTRUMENTATION_STATUS: candidate_width_measurement=v1 id=16 maximum=1 round=4 wall_ns=975750 cpu_ns=976625 states=1607 verified=13 completion=0 alternatives=1
INSTRUMENTATION_STATUS_CODE: 0
INSTRUMENTATION_STATUS: candidate_width_measurement=v1 id=16 maximum=3 round=4 wall_ns=973333 cpu_ns=974209 states=1607 verified=13 completion=0 alternatives=3
INSTRUMENTATION_STATUS_CODE: 0
INSTRUMENTATION_STATUS: candidate_width_measurement=v1 id=16 maximum=7 round=4 wall_ns=4768542 cpu_ns=4769791 states=8192 verified=14 completion=3 alternatives=7
INSTRUMENTATION_STATUS_CODE: 0
INSTRUMENTATION_STATUS: candidate_width_measurement=v1 id=17 maximum=7 round=4 wall_ns=4613542 cpu_ns=4614584 states=8192 verified=2 completion=3 alternatives=2
INSTRUMENTATION_STATUS_CODE: 0
INSTRUMENTATION_STATUS: candidate_width_measurement=v1 id=17 maximum=3 round=4 wall_ns=4622958 cpu_ns=4624167 states=8192 verified=2 completion=3 alternatives=2
INSTRUMENTATION_STATUS_CODE: 0
INSTRUMENTATION_STATUS: candidate_width_measurement=v1 id=17 maximum=1 round=4 wall_ns=825125 cpu_ns=826084 states=1517 verified=1 completion=0 alternatives=1
INSTRUMENTATION_STATUS_CODE: 0
INSTRUMENTATION_STATUS: candidate_width_measurement=v1 id=18 maximum=1 round=4 wall_ns=194250 cpu_ns=195000 states=411 verified=4 completion=0 alternatives=1
INSTRUMENTATION_STATUS_CODE: 0
INSTRUMENTATION_STATUS: candidate_width_measurement=v1 id=18 maximum=3 round=4 wall_ns=806417 cpu_ns=807375 states=2064 verified=5 completion=0 alternatives=3
INSTRUMENTATION_STATUS_CODE: 0
INSTRUMENTATION_STATUS: candidate_width_measurement=v1 id=18 maximum=7 round=4 wall_ns=1289500 cpu_ns=1290416 states=3409 verified=5 completion=0 alternatives=5
INSTRUMENTATION_STATUS_CODE: 0
INSTRUMENTATION_STATUS: candidate_width_measurement=v1 id=19 maximum=7 round=4 wall_ns=557041 cpu_ns=557833 states=1121 verified=50 completion=0 alternatives=7
INSTRUMENTATION_STATUS_CODE: 0
INSTRUMENTATION_STATUS: candidate_width_measurement=v1 id=19 maximum=3 round=4 wall_ns=226125 cpu_ns=226958 states=292 verified=29 completion=0 alternatives=3
INSTRUMENTATION_STATUS_CODE: 0
INSTRUMENTATION_STATUS: candidate_width_measurement=v1 id=19 maximum=1 round=4 wall_ns=219458 cpu_ns=220667 states=292 verified=29 completion=0 alternatives=1
INSTRUMENTATION_STATUS_CODE: 0
INSTRUMENTATION_STATUS: candidate_width_measurement=v1 id=20 maximum=1 round=4 wall_ns=2423208 cpu_ns=2424375 states=2619 verified=64 completion=4 alternatives=1
INSTRUMENTATION_STATUS_CODE: 0
INSTRUMENTATION_STATUS: candidate_width_measurement=v1 id=20 maximum=3 round=4 wall_ns=2213125 cpu_ns=2214167 states=2619 verified=64 completion=4 alternatives=3
INSTRUMENTATION_STATUS_CODE: 0
INSTRUMENTATION_STATUS: candidate_width_measurement=v1 id=20 maximum=7 round=4 wall_ns=2177000 cpu_ns=2178083 states=2619 verified=64 completion=4 alternatives=7
INSTRUMENTATION_STATUS_CODE: 0
INSTRUMENTATION_STATUS: candidate_width_measurement=v1 id=21 maximum=7 round=4 wall_ns=4317208 cpu_ns=4318209 states=5806 verified=21 completion=0 alternatives=7
INSTRUMENTATION_STATUS_CODE: 0
INSTRUMENTATION_STATUS: candidate_width_measurement=v1 id=21 maximum=3 round=4 wall_ns=1435917 cpu_ns=1437083 states=2111 verified=12 completion=0 alternatives=3
INSTRUMENTATION_STATUS_CODE: 0
INSTRUMENTATION_STATUS: candidate_width_measurement=v1 id=21 maximum=1 round=4 wall_ns=1528416 cpu_ns=1529750 states=2111 verified=12 completion=0 alternatives=1
INSTRUMENTATION_STATUS_CODE: 0
INSTRUMENTATION_STATUS: candidate_width_measurement=v1 id=22 maximum=1 round=4 wall_ns=152167 cpu_ns=153000 states=293 verified=2 completion=0 alternatives=1
INSTRUMENTATION_STATUS_CODE: 0
INSTRUMENTATION_STATUS: candidate_width_measurement=v1 id=22 maximum=3 round=4 wall_ns=862750 cpu_ns=863583 states=1928 verified=10 completion=0 alternatives=3
INSTRUMENTATION_STATUS_CODE: 0
INSTRUMENTATION_STATUS: candidate_width_measurement=v1 id=22 maximum=7 round=4 wall_ns=842708 cpu_ns=843708 states=1928 verified=10 completion=0 alternatives=7
INSTRUMENTATION_STATUS_CODE: 0
INSTRUMENTATION_STATUS: candidate_width_measurement=v1 id=23 maximum=7 round=4 wall_ns=854042 cpu_ns=855125 states=1455 verified=24 completion=0 alternatives=7
INSTRUMENTATION_STATUS_CODE: 0
INSTRUMENTATION_STATUS: candidate_width_measurement=v1 id=23 maximum=3 round=4 wall_ns=137833 cpu_ns=138666 states=253 verified=3 completion=0 alternatives=3
INSTRUMENTATION_STATUS_CODE: 0
INSTRUMENTATION_STATUS: candidate_width_measurement=v1 id=23 maximum=1 round=4 wall_ns=146958 cpu_ns=147833 states=253 verified=3 completion=0 alternatives=1
INSTRUMENTATION_STATUS_CODE: 0
INSTRUMENTATION_STATUS: candidate_width_measurement=v1 id=24 maximum=1 round=4 wall_ns=136833 cpu_ns=137834 states=192 verified=11 completion=0 alternatives=1
INSTRUMENTATION_STATUS_CODE: 0
INSTRUMENTATION_STATUS: candidate_width_measurement=v1 id=24 maximum=3 round=4 wall_ns=127792 cpu_ns=128625 states=192 verified=11 completion=0 alternatives=3
INSTRUMENTATION_STATUS_CODE: 0
INSTRUMENTATION_STATUS: candidate_width_measurement=v1 id=24 maximum=7 round=4 wall_ns=528125 cpu_ns=529000 states=1273 verified=29 completion=0 alternatives=7
INSTRUMENTATION_STATUS_CODE: 0
INSTRUMENTATION_STATUS: candidate_width_measurement=v1 id=25 maximum=7 round=4 wall_ns=3793000 cpu_ns=3793958 states=6796 verified=11 completion=0 alternatives=7
INSTRUMENTATION_STATUS_CODE: 0
INSTRUMENTATION_STATUS: candidate_width_measurement=v1 id=25 maximum=3 round=4 wall_ns=4619041 cpu_ns=4361290 states=6796 verified=11 completion=0 alternatives=3
INSTRUMENTATION_STATUS_CODE: 0
INSTRUMENTATION_STATUS: candidate_width_measurement=v1 id=25 maximum=1 round=4 wall_ns=915458 cpu_ns=916375 states=1614 verified=6 completion=0 alternatives=1
INSTRUMENTATION_STATUS_CODE: 0
INSTRUMENTATION_STATUS: candidate_width_measurement=v1 id=26 maximum=1 round=4 wall_ns=1318250 cpu_ns=1319166 states=1814 verified=31 completion=0 alternatives=1
INSTRUMENTATION_STATUS_CODE: 0
INSTRUMENTATION_STATUS: candidate_width_measurement=v1 id=26 maximum=3 round=4 wall_ns=3199542 cpu_ns=3200541 states=4889 verified=39 completion=0 alternatives=3
INSTRUMENTATION_STATUS_CODE: 0
INSTRUMENTATION_STATUS: candidate_width_measurement=v1 id=26 maximum=7 round=4 wall_ns=3065792 cpu_ns=3066750 states=4889 verified=39 completion=0 alternatives=7
INSTRUMENTATION_STATUS_CODE: 0
INSTRUMENTATION_STATUS: candidate_width_measurement=v1 id=27 maximum=7 round=4 wall_ns=691833 cpu_ns=692666 states=1508 verified=8 completion=0 alternatives=7
INSTRUMENTATION_STATUS_CODE: 0
INSTRUMENTATION_STATUS: candidate_width_measurement=v1 id=27 maximum=3 round=4 wall_ns=189333 cpu_ns=190208 states=280 verified=6 completion=0 alternatives=3
INSTRUMENTATION_STATUS_CODE: 0
INSTRUMENTATION_STATUS: candidate_width_measurement=v1 id=27 maximum=1 round=4 wall_ns=170250 cpu_ns=170834 states=280 verified=6 completion=0 alternatives=1
INSTRUMENTATION_STATUS_CODE: 0
INSTRUMENTATION_STATUS: candidate_width_measurement=v1 id=28 maximum=1 round=4 wall_ns=320917 cpu_ns=321708 states=336 verified=13 completion=0 alternatives=1
INSTRUMENTATION_STATUS_CODE: 0
INSTRUMENTATION_STATUS: candidate_width_measurement=v1 id=28 maximum=3 round=4 wall_ns=1307042 cpu_ns=1307958 states=1466 verified=53 completion=0 alternatives=3
INSTRUMENTATION_STATUS_CODE: 0
INSTRUMENTATION_STATUS: candidate_width_measurement=v1 id=28 maximum=7 round=4 wall_ns=3079208 cpu_ns=3080167 states=4469 verified=63 completion=0 alternatives=7
INSTRUMENTATION_STATUS_CODE: 0
INSTRUMENTATION_STATUS: candidate_width_measurement=v1 id=29 maximum=7 round=4 wall_ns=4516750 cpu_ns=4517708 states=7060 verified=55 completion=0 alternatives=7
INSTRUMENTATION_STATUS_CODE: 0
INSTRUMENTATION_STATUS: candidate_width_measurement=v1 id=29 maximum=3 round=4 wall_ns=1290292 cpu_ns=1291292 states=1750 verified=28 completion=0 alternatives=3
INSTRUMENTATION_STATUS_CODE: 0
INSTRUMENTATION_STATUS: candidate_width_measurement=v1 id=29 maximum=1 round=4 wall_ns=1270125 cpu_ns=1270875 states=1750 verified=28 completion=0 alternatives=1
INSTRUMENTATION_STATUS_CODE: 0
INSTRUMENTATION_STATUS: candidate_width_measurement=v1 id=30 maximum=1 round=4 wall_ns=1874208 cpu_ns=1875209 states=2206 verified=64 completion=4 alternatives=1
INSTRUMENTATION_STATUS_CODE: 0
INSTRUMENTATION_STATUS: candidate_width_measurement=v1 id=30 maximum=3 round=4 wall_ns=1783666 cpu_ns=1784792 states=2206 verified=64 completion=4 alternatives=3
INSTRUMENTATION_STATUS_CODE: 0
INSTRUMENTATION_STATUS: candidate_width_measurement=v1 id=30 maximum=7 round=4 wall_ns=1776083 cpu_ns=1777208 states=2206 verified=64 completion=4 alternatives=7
INSTRUMENTATION_STATUS_CODE: 0
INSTRUMENTATION_STATUS: candidate_width_measurement=v1 id=31 maximum=7 round=4 wall_ns=4339875 cpu_ns=4340834 states=6727 verified=12 completion=0 alternatives=7
INSTRUMENTATION_STATUS_CODE: 0
INSTRUMENTATION_STATUS: candidate_width_measurement=v1 id=31 maximum=3 round=4 wall_ns=1503958 cpu_ns=1505000 states=2464 verified=5 completion=0 alternatives=3
INSTRUMENTATION_STATUS_CODE: 0
INSTRUMENTATION_STATUS: candidate_width_measurement=v1 id=31 maximum=1 round=4 wall_ns=1193708 cpu_ns=1194750 states=2079 verified=2 completion=0 alternatives=1
INSTRUMENTATION_STATUS_CODE: 0
INSTRUMENTATION_STATUS: candidate_width_measurement=v1 id=32 maximum=1 round=4 wall_ns=1459167 cpu_ns=1460125 states=1787 verified=39 completion=0 alternatives=1
INSTRUMENTATION_STATUS_CODE: 0
INSTRUMENTATION_STATUS: candidate_width_measurement=v1 id=32 maximum=3 round=4 wall_ns=1456000 cpu_ns=1456917 states=1787 verified=39 completion=0 alternatives=3
INSTRUMENTATION_STATUS_CODE: 0
INSTRUMENTATION_STATUS: candidate_width_measurement=v1 id=32 maximum=7 round=4 wall_ns=3340542 cpu_ns=3341459 states=5006 verified=47 completion=0 alternatives=7
INSTRUMENTATION_STATUS_CODE: 0
INSTRUMENTATION_STATUS: candidate_width_measurement=v1 id=33 maximum=7 round=4 wall_ns=1916875 cpu_ns=1917750 states=3501 verified=18 completion=0 alternatives=7
INSTRUMENTATION_STATUS_CODE: 0
INSTRUMENTATION_STATUS: candidate_width_measurement=v1 id=33 maximum=3 round=4 wall_ns=1852833 cpu_ns=1853416 states=3501 verified=18 completion=0 alternatives=3
INSTRUMENTATION_STATUS_CODE: 0
INSTRUMENTATION_STATUS: candidate_width_measurement=v1 id=33 maximum=1 round=4 wall_ns=812333 cpu_ns=813375 states=1398 verified=12 completion=0 alternatives=1
INSTRUMENTATION_STATUS_CODE: 0
INSTRUMENTATION_STATUS: candidate_width_measurement=v1 id=34 maximum=1 round=4 wall_ns=1810625 cpu_ns=1811708 states=2542 verified=22 completion=0 alternatives=1
INSTRUMENTATION_STATUS_CODE: 0
INSTRUMENTATION_STATUS: candidate_width_measurement=v1 id=34 maximum=3 round=4 wall_ns=1797292 cpu_ns=1798167 states=2542 verified=22 completion=0 alternatives=3
INSTRUMENTATION_STATUS_CODE: 0
INSTRUMENTATION_STATUS: candidate_width_measurement=v1 id=34 maximum=7 round=4 wall_ns=5266000 cpu_ns=5266791 states=8192 verified=26 completion=3 alternatives=7
INSTRUMENTATION_STATUS_CODE: 0
INSTRUMENTATION_STATUS: candidate_width_measurement=v1 id=35 maximum=7 round=4 wall_ns=4574375 cpu_ns=4575333 states=8192 verified=25 completion=3 alternatives=7
INSTRUMENTATION_STATUS_CODE: 0
INSTRUMENTATION_STATUS: candidate_width_measurement=v1 id=35 maximum=3 round=4 wall_ns=1311625 cpu_ns=1312708 states=1844 verified=23 completion=0 alternatives=3
INSTRUMENTATION_STATUS_CODE: 0
INSTRUMENTATION_STATUS: candidate_width_measurement=v1 id=35 maximum=1 round=4 wall_ns=1238792 cpu_ns=1239708 states=1844 verified=23 completion=0 alternatives=1
INSTRUMENTATION_STATUS_CODE: 0
INSTRUMENTATION_STATUS: candidate_width_measurement=v1 id=36 maximum=1 round=4 wall_ns=294458 cpu_ns=295250 states=367 verified=9 completion=0 alternatives=1
INSTRUMENTATION_STATUS_CODE: 0
INSTRUMENTATION_STATUS: candidate_width_measurement=v1 id=36 maximum=3 round=4 wall_ns=1707000 cpu_ns=1707958 states=2213 verified=48 completion=0 alternatives=3
INSTRUMENTATION_STATUS_CODE: 0
INSTRUMENTATION_STATUS: candidate_width_measurement=v1 id=36 maximum=7 round=4 wall_ns=1735666 cpu_ns=1736667 states=2213 verified=48 completion=0 alternatives=7
INSTRUMENTATION_STATUS_CODE: 0
INSTRUMENTATION_STATUS: candidate_width_measurement=v1 id=37 maximum=7 round=4 wall_ns=5454334 cpu_ns=5420000 states=8192 verified=5 completion=3 alternatives=5
INSTRUMENTATION_STATUS_CODE: 0
INSTRUMENTATION_STATUS: candidate_width_measurement=v1 id=37 maximum=3 round=4 wall_ns=5148875 cpu_ns=5149958 states=8192 verified=5 completion=3 alternatives=3
INSTRUMENTATION_STATUS_CODE: 0
INSTRUMENTATION_STATUS: candidate_width_measurement=v1 id=37 maximum=1 round=4 wall_ns=823208 cpu_ns=823875 states=1093 verified=5 completion=0 alternatives=1
INSTRUMENTATION_STATUS_CODE: 0
INSTRUMENTATION_STATUS: candidate_width_measurement=v1 id=38 maximum=1 round=4 wall_ns=430042 cpu_ns=430958 states=537 verified=6 completion=0 alternatives=1
INSTRUMENTATION_STATUS_CODE: 0
INSTRUMENTATION_STATUS: candidate_width_measurement=v1 id=38 maximum=3 round=4 wall_ns=2068333 cpu_ns=2069250 states=2434 verified=28 completion=0 alternatives=3
INSTRUMENTATION_STATUS_CODE: 0
INSTRUMENTATION_STATUS: candidate_width_measurement=v1 id=38 maximum=7 round=4 wall_ns=5668583 cpu_ns=5669708 states=8192 verified=29 completion=3 alternatives=7
INSTRUMENTATION_STATUS_CODE: 0
INSTRUMENTATION_STATUS: candidate_width_measurement=v1 id=39 maximum=7 round=4 wall_ns=1585334 cpu_ns=1586167 states=1873 verified=64 completion=4 alternatives=7
INSTRUMENTATION_STATUS_CODE: 0
INSTRUMENTATION_STATUS: candidate_width_measurement=v1 id=39 maximum=3 round=4 wall_ns=1576500 cpu_ns=1577292 states=1873 verified=64 completion=4 alternatives=3
INSTRUMENTATION_STATUS_CODE: 0
INSTRUMENTATION_STATUS: candidate_width_measurement=v1 id=39 maximum=1 round=4 wall_ns=435792 cpu_ns=436709 states=412 verified=23 completion=0 alternatives=1
INSTRUMENTATION_STATUS_CODE: 0
INSTRUMENTATION_STATUS: candidate_width_measurement=v1 id=40 maximum=1 round=4 wall_ns=285000 cpu_ns=286125 states=310 verified=33 completion=0 alternatives=1
INSTRUMENTATION_STATUS_CODE: 0
INSTRUMENTATION_STATUS: candidate_width_measurement=v1 id=40 maximum=3 round=4 wall_ns=224000 cpu_ns=224875 states=310 verified=33 completion=0 alternatives=3
INSTRUMENTATION_STATUS_CODE: 0
INSTRUMENTATION_STATUS: candidate_width_measurement=v1 id=40 maximum=7 round=4 wall_ns=550958 cpu_ns=551542 states=1119 verified=42 completion=0 alternatives=7
INSTRUMENTATION_STATUS_CODE: 0
INSTRUMENTATION_STATUS: candidate_width_measurement=v1 id=41 maximum=7 round=4 wall_ns=1337084 cpu_ns=1338041 states=3007 verified=13 completion=0 alternatives=7
INSTRUMENTATION_STATUS_CODE: 0
INSTRUMENTATION_STATUS: candidate_width_measurement=v1 id=41 maximum=3 round=4 wall_ns=676000 cpu_ns=677000 states=1616 verified=9 completion=0 alternatives=3
INSTRUMENTATION_STATUS_CODE: 0
INSTRUMENTATION_STATUS: candidate_width_measurement=v1 id=41 maximum=1 round=4 wall_ns=185125 cpu_ns=185959 states=353 verified=5 completion=0 alternatives=1
INSTRUMENTATION_STATUS_CODE: 0
INSTRUMENTATION_STATUS: candidate_width_measurement=v1 id=42 maximum=1 round=4 wall_ns=163750 cpu_ns=164584 states=236 verified=23 completion=0 alternatives=1
INSTRUMENTATION_STATUS_CODE: 0
INSTRUMENTATION_STATUS: candidate_width_measurement=v1 id=42 maximum=3 round=4 wall_ns=218417 cpu_ns=219125 states=401 verified=27 completion=0 alternatives=3
INSTRUMENTATION_STATUS_CODE: 0
INSTRUMENTATION_STATUS: candidate_width_measurement=v1 id=42 maximum=7 round=4 wall_ns=527083 cpu_ns=527875 states=1399 verified=41 completion=0 alternatives=7
INSTRUMENTATION_STATUS_CODE: 0
INSTRUMENTATION_STATUS: candidate_width_measurement=v1 id=43 maximum=7 round=4 wall_ns=2988083 cpu_ns=2988917 states=4904 verified=13 completion=0 alternatives=7
INSTRUMENTATION_STATUS_CODE: 0
INSTRUMENTATION_STATUS: candidate_width_measurement=v1 id=43 maximum=3 round=4 wall_ns=1014250 cpu_ns=1015167 states=1640 verified=7 completion=0 alternatives=3
INSTRUMENTATION_STATUS_CODE: 0
INSTRUMENTATION_STATUS: candidate_width_measurement=v1 id=43 maximum=1 round=4 wall_ns=949625 cpu_ns=950583 states=1640 verified=7 completion=0 alternatives=1
INSTRUMENTATION_STATUS_CODE: 0
INSTRUMENTATION_STATUS: candidate_width_measurement=v1 id=44 maximum=1 round=4 wall_ns=284042 cpu_ns=284791 states=612 verified=5 completion=0 alternatives=1
INSTRUMENTATION_STATUS_CODE: 0
INSTRUMENTATION_STATUS: candidate_width_measurement=v1 id=44 maximum=3 round=4 wall_ns=644375 cpu_ns=645166 states=1492 verified=7 completion=0 alternatives=3
INSTRUMENTATION_STATUS_CODE: 0
INSTRUMENTATION_STATUS: candidate_width_measurement=v1 id=44 maximum=7 round=4 wall_ns=1028333 cpu_ns=1029083 states=2455 verified=10 completion=0 alternatives=4
INSTRUMENTATION_STATUS_CODE: 0
INSTRUMENTATION_STATUS: candidate_width_measurement=v1 id=45 maximum=7 round=4 wall_ns=20542 cpu_ns=21375 states=28 verified=0 completion=2 alternatives=0
INSTRUMENTATION_STATUS_CODE: 0
INSTRUMENTATION_STATUS: candidate_width_measurement=v1 id=45 maximum=3 round=4 wall_ns=19583 cpu_ns=20375 states=28 verified=0 completion=2 alternatives=0
INSTRUMENTATION_STATUS_CODE: 0
INSTRUMENTATION_STATUS: candidate_width_measurement=v1 id=45 maximum=1 round=4 wall_ns=18541 cpu_ns=19375 states=28 verified=0 completion=2 alternatives=0
INSTRUMENTATION_STATUS_CODE: 0
INSTRUMENTATION_STATUS: candidate_width_measurement=v1 id=46 maximum=1 round=4 wall_ns=500250 cpu_ns=501167 states=724 verified=11 completion=0 alternatives=1
INSTRUMENTATION_STATUS_CODE: 0
INSTRUMENTATION_STATUS: candidate_width_measurement=v1 id=46 maximum=3 round=4 wall_ns=491750 cpu_ns=492542 states=724 verified=11 completion=0 alternatives=3
INSTRUMENTATION_STATUS_CODE: 0
INSTRUMENTATION_STATUS: candidate_width_measurement=v1 id=46 maximum=7 round=4 wall_ns=2171834 cpu_ns=2017583 states=2202 verified=27 completion=0 alternatives=7
INSTRUMENTATION_STATUS_CODE: 0
INSTRUMENTATION_STATUS: candidate_width_measurement=v1 id=47 maximum=7 round=4 wall_ns=5735917 cpu_ns=5667375 states=8192 verified=16 completion=3 alternatives=7
INSTRUMENTATION_STATUS_CODE: 0
INSTRUMENTATION_STATUS: candidate_width_measurement=v1 id=47 maximum=3 round=4 wall_ns=1827625 cpu_ns=1828584 states=2580 verified=16 completion=0 alternatives=3
INSTRUMENTATION_STATUS_CODE: 0
INSTRUMENTATION_STATUS: candidate_width_measurement=v1 id=47 maximum=1 round=4 wall_ns=1228625 cpu_ns=1229750 states=1621 verified=16 completion=0 alternatives=1
INSTRUMENTATION_STATUS_CODE: 0
INSTRUMENTATION_STATUS: candidate_width_measurement=v1 id=48 maximum=1 round=4 wall_ns=1233375 cpu_ns=1234375 states=1680 verified=21 completion=0 alternatives=1
INSTRUMENTATION_STATUS_CODE: 0
INSTRUMENTATION_STATUS: candidate_width_measurement=v1 id=48 maximum=3 round=4 wall_ns=1172625 cpu_ns=1173500 states=1680 verified=21 completion=0 alternatives=3
INSTRUMENTATION_STATUS_CODE: 0
INSTRUMENTATION_STATUS: candidate_width_measurement=v1 id=48 maximum=7 round=4 wall_ns=1173333 cpu_ns=1174292 states=1680 verified=21 completion=0 alternatives=7
INSTRUMENTATION_STATUS_CODE: 0
INSTRUMENTATION_STATUS: candidate_width_measurement=v1 id=49 maximum=7 round=4 wall_ns=769459 cpu_ns=770459 states=1514 verified=18 completion=0 alternatives=7
INSTRUMENTATION_STATUS_CODE: 0
INSTRUMENTATION_STATUS: candidate_width_measurement=v1 id=49 maximum=3 round=4 wall_ns=739083 cpu_ns=740000 states=1514 verified=18 completion=0 alternatives=3
INSTRUMENTATION_STATUS_CODE: 0
INSTRUMENTATION_STATUS: candidate_width_measurement=v1 id=49 maximum=1 round=4 wall_ns=171041 cpu_ns=171875 states=296 verified=5 completion=0 alternatives=1
INSTRUMENTATION_STATUS_CODE: 0
INSTRUMENTATION_STATUS: candidate_width_measurement=v1 id=50 maximum=1 round=4 wall_ns=258458 cpu_ns=259417 states=322 verified=8 completion=0 alternatives=1
INSTRUMENTATION_STATUS_CODE: 0
INSTRUMENTATION_STATUS: candidate_width_measurement=v1 id=50 maximum=3 round=4 wall_ns=1673959 cpu_ns=1675959 states=1892 verified=64 completion=4 alternatives=3
INSTRUMENTATION_STATUS_CODE: 0
INSTRUMENTATION_STATUS: candidate_width_measurement=v1 id=50 maximum=7 round=4 wall_ns=1652333 cpu_ns=1653500 states=1892 verified=64 completion=4 alternatives=7
INSTRUMENTATION_STATUS_CODE: 0
INSTRUMENTATION_STATUS: candidate_width_measurement=v1 id=51 maximum=7 round=4 wall_ns=395250 cpu_ns=396250 states=740 verified=11 completion=0 alternatives=7
INSTRUMENTATION_STATUS_CODE: 0
INSTRUMENTATION_STATUS: candidate_width_measurement=v1 id=51 maximum=3 round=4 wall_ns=394833 cpu_ns=396208 states=448 verified=11 completion=0 alternatives=3
INSTRUMENTATION_STATUS_CODE: 0
INSTRUMENTATION_STATUS: candidate_width_measurement=v1 id=51 maximum=1 round=4 wall_ns=286833 cpu_ns=287875 states=448 verified=11 completion=0 alternatives=1
INSTRUMENTATION_STATUS_CODE: 0
INSTRUMENTATION_STATUS: candidate_width_measurement=v1 id=52 maximum=1 round=4 wall_ns=1326583 cpu_ns=1327500 states=2008 verified=3 completion=0 alternatives=1
INSTRUMENTATION_STATUS_CODE: 0
INSTRUMENTATION_STATUS: candidate_width_measurement=v1 id=52 maximum=3 round=4 wall_ns=5545833 cpu_ns=5547000 states=8192 verified=4 completion=3 alternatives=3
INSTRUMENTATION_STATUS_CODE: 0
INSTRUMENTATION_STATUS: candidate_width_measurement=v1 id=52 maximum=7 round=4 wall_ns=5513625 cpu_ns=5450541 states=8192 verified=4 completion=3 alternatives=4
INSTRUMENTATION_STATUS_CODE: 0
INSTRUMENTATION_STATUS: candidate_width_measurement=v1 id=53 maximum=7 round=4 wall_ns=769459 cpu_ns=770542 states=1667 verified=10 completion=0 alternatives=7
INSTRUMENTATION_STATUS_CODE: 0
INSTRUMENTATION_STATUS: candidate_width_measurement=v1 id=53 maximum=3 round=4 wall_ns=244875 cpu_ns=245833 states=455 verified=6 completion=0 alternatives=3
INSTRUMENTATION_STATUS_CODE: 0
INSTRUMENTATION_STATUS: candidate_width_measurement=v1 id=53 maximum=1 round=4 wall_ns=166834 cpu_ns=167583 states=312 verified=4 completion=0 alternatives=1
INSTRUMENTATION_STATUS_CODE: 0
INSTRUMENTATION_STATUS: candidate_width_measurement=v1 id=54 maximum=1 round=4 wall_ns=976625 cpu_ns=977750 states=1412 verified=12 completion=0 alternatives=1
INSTRUMENTATION_STATUS_CODE: 0
INSTRUMENTATION_STATUS: candidate_width_measurement=v1 id=54 maximum=3 round=4 wall_ns=2783792 cpu_ns=2784791 states=4405 verified=14 completion=0 alternatives=3
INSTRUMENTATION_STATUS_CODE: 0
INSTRUMENTATION_STATUS: candidate_width_measurement=v1 id=54 maximum=7 round=4 wall_ns=4982583 cpu_ns=4983583 states=8192 verified=14 completion=3 alternatives=7
INSTRUMENTATION_STATUS_CODE: 0
INSTRUMENTATION_STATUS: candidate_width_measurement=v1 id=55 maximum=7 round=4 wall_ns=4688333 cpu_ns=4689375 states=6979 verified=13 completion=0 alternatives=7
INSTRUMENTATION_STATUS_CODE: 0
INSTRUMENTATION_STATUS: candidate_width_measurement=v1 id=55 maximum=3 round=4 wall_ns=4597917 cpu_ns=4598959 states=6979 verified=13 completion=0 alternatives=3
INSTRUMENTATION_STATUS_CODE: 0
INSTRUMENTATION_STATUS: candidate_width_measurement=v1 id=55 maximum=1 round=4 wall_ns=1493500 cpu_ns=1494583 states=2276 verified=10 completion=0 alternatives=1
INSTRUMENTATION_STATUS_CODE: 0
INSTRUMENTATION_STATUS: candidate_width_measurement=v1 id=56 maximum=1 round=4 wall_ns=563583 cpu_ns=565333 states=1277 verified=8 completion=0 alternatives=1
INSTRUMENTATION_STATUS_CODE: 0
INSTRUMENTATION_STATUS: candidate_width_measurement=v1 id=56 maximum=3 round=4 wall_ns=543625 cpu_ns=544416 states=1277 verified=8 completion=0 alternatives=3
INSTRUMENTATION_STATUS_CODE: 0
INSTRUMENTATION_STATUS: candidate_width_measurement=v1 id=56 maximum=7 round=4 wall_ns=533958 cpu_ns=534875 states=1277 verified=8 completion=0 alternatives=7
INSTRUMENTATION_STATUS_CODE: 0
INSTRUMENTATION_STATUS: candidate_width_measurement=v1 id=57 maximum=7 round=4 wall_ns=5237042 cpu_ns=5237959 states=8192 verified=3 completion=3 alternatives=3
INSTRUMENTATION_STATUS_CODE: 0
INSTRUMENTATION_STATUS: candidate_width_measurement=v1 id=57 maximum=3 round=4 wall_ns=5156083 cpu_ns=5157083 states=8192 verified=3 completion=3 alternatives=3
INSTRUMENTATION_STATUS_CODE: 0
INSTRUMENTATION_STATUS: candidate_width_measurement=v1 id=57 maximum=1 round=4 wall_ns=1028500 cpu_ns=1029458 states=1609 verified=3 completion=0 alternatives=1
INSTRUMENTATION_STATUS_CODE: 0
INSTRUMENTATION_STATUS: candidate_width_measurement=v1 id=58 maximum=1 round=4 wall_ns=254875 cpu_ns=255583 states=349 verified=5 completion=0 alternatives=1
INSTRUMENTATION_STATUS_CODE: 0
INSTRUMENTATION_STATUS: candidate_width_measurement=v1 id=58 maximum=3 round=4 wall_ns=1704250 cpu_ns=1705042 states=2200 verified=48 completion=0 alternatives=3
INSTRUMENTATION_STATUS_CODE: 0
INSTRUMENTATION_STATUS: candidate_width_measurement=v1 id=58 maximum=7 round=4 wall_ns=1742833 cpu_ns=1743750 states=2200 verified=48 completion=0 alternatives=7
INSTRUMENTATION_STATUS_CODE: 0
INSTRUMENTATION_STATUS: candidate_width_measurement=v1 id=59 maximum=7 round=4 wall_ns=3250209 cpu_ns=3251042 states=5151 verified=15 completion=0 alternatives=7
INSTRUMENTATION_STATUS_CODE: 0
INSTRUMENTATION_STATUS: candidate_width_measurement=v1 id=59 maximum=3 round=4 wall_ns=1648125 cpu_ns=1648916 states=2741 verified=13 completion=0 alternatives=3
INSTRUMENTATION_STATUS_CODE: 0
INSTRUMENTATION_STATUS: candidate_width_measurement=v1 id=59 maximum=1 round=4 wall_ns=973833 cpu_ns=974958 states=1483 verified=9 completion=0 alternatives=1
INSTRUMENTATION_STATUS_CODE: 0
INSTRUMENTATION_STATUS: numtests=139
INSTRUMENTATION_STATUS: stream=.
INSTRUMENTATION_STATUS: id=AndroidJUnitRunner
INSTRUMENTATION_STATUS: test=requestedWidthsPreserveCertifiedPrefixes
INSTRUMENTATION_STATUS: class=io.github.mesteriis.rune.keyboard.smarttyping.lexicon.TopSevenInstrumentedTest
INSTRUMENTATION_STATUS: current=138
INSTRUMENTATION_STATUS_CODE: 0
INSTRUMENTATION_STATUS: numtests=139
INSTRUMENTATION_STATUS: stream=
INSTRUMENTATION_STATUS: id=AndroidJUnitRunner
INSTRUMENTATION_STATUS: test=packedTopSevenAndExhaustiveComparison
INSTRUMENTATION_STATUS: class=io.github.mesteriis.rune.keyboard.smarttyping.lexicon.TopSevenInstrumentedTest
INSTRUMENTATION_STATUS: current=139
INSTRUMENTATION_STATUS_CODE: 1
INSTRUMENTATION_STATUS: top_seven_measurement=v1 id=0 strategy=0 round=0 wall_ns=1673500 cpu_ns=1673875 states=8192 verified=17 completion=3 alternatives=7
INSTRUMENTATION_STATUS_CODE: 0
INSTRUMENTATION_STATUS: top_seven_measurement=v1 id=0 strategy=1 round=0 wall_ns=4809875 cpu_ns=4810958 states=8192 verified=13 completion=3 alternatives=7
INSTRUMENTATION_STATUS_CODE: 0
INSTRUMENTATION_STATUS: top_seven_measurement=v1 id=1 strategy=1 round=0 wall_ns=577708 cpu_ns=579125 states=1438 verified=13 completion=0 alternatives=7
INSTRUMENTATION_STATUS_CODE: 0
INSTRUMENTATION_STATUS: top_seven_measurement=v1 id=1 strategy=0 round=0 wall_ns=478500 cpu_ns=459875 states=2144 verified=14 completion=0 alternatives=7
INSTRUMENTATION_STATUS_CODE: 0
INSTRUMENTATION_STATUS: top_seven_measurement=v1 id=2 strategy=0 round=0 wall_ns=1696375 cpu_ns=1665084 states=8192 verified=10 completion=3 alternatives=7
INSTRUMENTATION_STATUS_CODE: 0
INSTRUMENTATION_STATUS: top_seven_measurement=v1 id=2 strategy=1 round=0 wall_ns=4708833 cpu_ns=4680376 states=8192 verified=5 completion=3 alternatives=5
INSTRUMENTATION_STATUS_CODE: 0
INSTRUMENTATION_STATUS: top_seven_measurement=v1 id=3 strategy=1 round=0 wall_ns=3748000 cpu_ns=3793417 states=6441 verified=57 completion=0 alternatives=7
INSTRUMENTATION_STATUS_CODE: 0
INSTRUMENTATION_STATUS: top_seven_measurement=v1 id=3 strategy=0 round=0 wall_ns=1766708 cpu_ns=1767417 states=8192 verified=33 completion=3 alternatives=7
INSTRUMENTATION_STATUS_CODE: 0
INSTRUMENTATION_STATUS: top_seven_measurement=v1 id=4 strategy=0 round=0 wall_ns=1594750 cpu_ns=1596083 states=8192 verified=7 completion=3 alternatives=7
INSTRUMENTATION_STATUS_CODE: 0
INSTRUMENTATION_STATUS: top_seven_measurement=v1 id=4 strategy=1 round=0 wall_ns=4718875 cpu_ns=4698666 states=8192 verified=7 completion=3 alternatives=7
INSTRUMENTATION_STATUS_CODE: 0
INSTRUMENTATION_STATUS: top_seven_measurement=v1 id=5 strategy=1 round=0 wall_ns=1542209 cpu_ns=1542958 states=2139 verified=59 completion=0 alternatives=7
INSTRUMENTATION_STATUS_CODE: 0
INSTRUMENTATION_STATUS: top_seven_measurement=v1 id=5 strategy=0 round=0 wall_ns=1958000 cpu_ns=1958792 states=8192 verified=49 completion=3 alternatives=7
INSTRUMENTATION_STATUS_CODE: 0
INSTRUMENTATION_STATUS: top_seven_measurement=v1 id=6 strategy=0 round=0 wall_ns=1941083 cpu_ns=1924751 states=8192 verified=37 completion=3 alternatives=7
INSTRUMENTATION_STATUS_CODE: 0
INSTRUMENTATION_STATUS: top_seven_measurement=v1 id=6 strategy=1 round=0 wall_ns=2930833 cpu_ns=2931583 states=5398 verified=16 completion=0 alternatives=7
INSTRUMENTATION_STATUS_CODE: 0
INSTRUMENTATION_STATUS: top_seven_measurement=v1 id=7 strategy=1 round=0 wall_ns=3955625 cpu_ns=3939084 states=5678 verified=45 completion=0 alternatives=7
INSTRUMENTATION_STATUS_CODE: 0
INSTRUMENTATION_STATUS: top_seven_measurement=v1 id=7 strategy=0 round=0 wall_ns=1514125 cpu_ns=1515041 states=4050 verified=64 completion=4 alternatives=7
INSTRUMENTATION_STATUS_CODE: 0
INSTRUMENTATION_STATUS: top_seven_measurement=v1 id=8 strategy=0 round=0 wall_ns=984375 cpu_ns=985125 states=1838 verified=64 completion=4 alternatives=7
INSTRUMENTATION_STATUS_CODE: 0
INSTRUMENTATION_STATUS: top_seven_measurement=v1 id=8 strategy=1 round=0 wall_ns=1417750 cpu_ns=1403749 states=1503 verified=64 completion=4 alternatives=7
INSTRUMENTATION_STATUS_CODE: 0
INSTRUMENTATION_STATUS: top_seven_measurement=v1 id=9 strategy=1 round=0 wall_ns=2616875 cpu_ns=2599999 states=4662 verified=13 completion=0 alternatives=7
INSTRUMENTATION_STATUS_CODE: 0
INSTRUMENTATION_STATUS: top_seven_measurement=v1 id=9 strategy=0 round=0 wall_ns=1595375 cpu_ns=1596250 states=8192 verified=13 completion=3 alternatives=7
INSTRUMENTATION_STATUS_CODE: 0
INSTRUMENTATION_STATUS: top_seven_measurement=v1 id=10 strategy=0 round=0 wall_ns=913917 cpu_ns=881166 states=3038 verified=57 completion=0 alternatives=7
INSTRUMENTATION_STATUS_CODE: 0
INSTRUMENTATION_STATUS: top_seven_measurement=v1 id=10 strategy=1 round=0 wall_ns=927208 cpu_ns=895251 states=1917 verified=42 completion=0 alternatives=7
INSTRUMENTATION_STATUS_CODE: 0
INSTRUMENTATION_STATUS: top_seven_measurement=v1 id=11 strategy=1 round=0 wall_ns=5240208 cpu_ns=5240958 states=8192 verified=49 completion=3 alternatives=7
INSTRUMENTATION_STATUS_CODE: 0
INSTRUMENTATION_STATUS: top_seven_measurement=v1 id=11 strategy=0 round=0 wall_ns=1937125 cpu_ns=1937917 states=8192 verified=34 completion=3 alternatives=7
INSTRUMENTATION_STATUS_CODE: 0
INSTRUMENTATION_STATUS: top_seven_measurement=v1 id=12 strategy=0 round=0 wall_ns=794000 cpu_ns=779167 states=3316 verified=21 completion=0 alternatives=7
INSTRUMENTATION_STATUS_CODE: 0
INSTRUMENTATION_STATUS: top_seven_measurement=v1 id=12 strategy=1 round=0 wall_ns=1430167 cpu_ns=1285251 states=1986 verified=15 completion=0 alternatives=7
INSTRUMENTATION_STATUS_CODE: 0
INSTRUMENTATION_STATUS: top_seven_measurement=v1 id=13 strategy=1 round=0 wall_ns=2673916 cpu_ns=2445874 states=2999 verified=64 completion=4 alternatives=7
INSTRUMENTATION_STATUS_CODE: 0
INSTRUMENTATION_STATUS: top_seven_measurement=v1 id=13 strategy=0 round=0 wall_ns=1824166 cpu_ns=1825041 states=8192 verified=42 completion=3 alternatives=7
INSTRUMENTATION_STATUS_CODE: 0
INSTRUMENTATION_STATUS: top_seven_measurement=v1 id=14 strategy=0 round=0 wall_ns=1504125 cpu_ns=1488417 states=8192 verified=0 completion=3 alternatives=0
INSTRUMENTATION_STATUS_CODE: 0
INSTRUMENTATION_STATUS: top_seven_measurement=v1 id=14 strategy=1 round=0 wall_ns=5198458 cpu_ns=5199375 states=8192 verified=1 completion=3 alternatives=1
INSTRUMENTATION_STATUS_CODE: 0
INSTRUMENTATION_STATUS: top_seven_measurement=v1 id=15 strategy=1 round=0 wall_ns=588542 cpu_ns=572250 states=1324 verified=9 completion=0 alternatives=7
INSTRUMENTATION_STATUS_CODE: 0
INSTRUMENTATION_STATUS: top_seven_measurement=v1 id=15 strategy=0 round=0 wall_ns=452208 cpu_ns=452958 states=2138 verified=16 completion=0 alternatives=7
INSTRUMENTATION_STATUS_CODE: 0
INSTRUMENTATION_STATUS: top_seven_measurement=v1 id=16 strategy=0 round=0 wall_ns=1695542 cpu_ns=1678916 states=8192 verified=15 completion=3 alternatives=7
INSTRUMENTATION_STATUS_CODE: 0
INSTRUMENTATION_STATUS: top_seven_measurement=v1 id=16 strategy=1 round=0 wall_ns=4695709 cpu_ns=4696625 states=8192 verified=14 completion=3 alternatives=7
INSTRUMENTATION_STATUS_CODE: 0
INSTRUMENTATION_STATUS: top_seven_measurement=v1 id=17 strategy=1 round=0 wall_ns=4656542 cpu_ns=4657416 states=8192 verified=2 completion=3 alternatives=2
INSTRUMENTATION_STATUS_CODE: 0
INSTRUMENTATION_STATUS: top_seven_measurement=v1 id=17 strategy=0 round=0 wall_ns=1522167 cpu_ns=1504875 states=8192 verified=1 completion=3 alternatives=1
INSTRUMENTATION_STATUS_CODE: 0
INSTRUMENTATION_STATUS: top_seven_measurement=v1 id=18 strategy=0 round=0 wall_ns=676667 cpu_ns=677875 states=3409 verified=5 completion=0 alternatives=5
INSTRUMENTATION_STATUS_CODE: 0
INSTRUMENTATION_STATUS: top_seven_measurement=v1 id=18 strategy=1 round=0 wall_ns=1339209 cpu_ns=1321667 states=3409 verified=5 completion=0 alternatives=5
INSTRUMENTATION_STATUS_CODE: 0
INSTRUMENTATION_STATUS: top_seven_measurement=v1 id=19 strategy=1 round=0 wall_ns=651750 cpu_ns=652750 states=1121 verified=50 completion=0 alternatives=7
INSTRUMENTATION_STATUS_CODE: 0
INSTRUMENTATION_STATUS: top_seven_measurement=v1 id=19 strategy=0 round=0 wall_ns=483625 cpu_ns=484250 states=1668 verified=52 completion=0 alternatives=7
INSTRUMENTATION_STATUS_CODE: 0
INSTRUMENTATION_STATUS: top_seven_measurement=v1 id=20 strategy=0 round=0 wall_ns=1953250 cpu_ns=1954041 states=8192 verified=12 completion=3 alternatives=7
INSTRUMENTATION_STATUS_CODE: 0
INSTRUMENTATION_STATUS: top_seven_measurement=v1 id=20 strategy=1 round=0 wall_ns=2295417 cpu_ns=2296292 states=2619 verified=64 completion=4 alternatives=7
INSTRUMENTATION_STATUS_CODE: 0
INSTRUMENTATION_STATUS: top_seven_measurement=v1 id=21 strategy=1 round=0 wall_ns=4175917 cpu_ns=4176750 states=5806 verified=21 completion=0 alternatives=7
INSTRUMENTATION_STATUS_CODE: 0
INSTRUMENTATION_STATUS: top_seven_measurement=v1 id=21 strategy=0 round=0 wall_ns=2389750 cpu_ns=2390667 states=8192 verified=44 completion=3 alternatives=7
INSTRUMENTATION_STATUS_CODE: 0
INSTRUMENTATION_STATUS: top_seven_measurement=v1 id=22 strategy=0 round=0 wall_ns=463625 cpu_ns=464333 states=1937 verified=11 completion=0 alternatives=7
INSTRUMENTATION_STATUS_CODE: 0
INSTRUMENTATION_STATUS: top_seven_measurement=v1 id=22 strategy=1 round=0 wall_ns=818416 cpu_ns=819125 states=1928 verified=10 completion=0 alternatives=7
INSTRUMENTATION_STATUS_CODE: 0
INSTRUMENTATION_STATUS: top_seven_measurement=v1 id=23 strategy=1 round=0 wall_ns=827291 cpu_ns=827958 states=1455 verified=24 completion=0 alternatives=7
INSTRUMENTATION_STATUS_CODE: 0
INSTRUMENTATION_STATUS: top_seven_measurement=v1 id=23 strategy=0 round=0 wall_ns=480333 cpu_ns=481083 states=1462 verified=25 completion=0 alternatives=7
INSTRUMENTATION_STATUS_CODE: 0
INSTRUMENTATION_STATUS: top_seven_measurement=v1 id=24 strategy=0 round=0 wall_ns=364583 cpu_ns=365125 states=1273 verified=29 completion=0 alternatives=7
INSTRUMENTATION_STATUS_CODE: 0
INSTRUMENTATION_STATUS: top_seven_measurement=v1 id=24 strategy=1 round=0 wall_ns=575833 cpu_ns=576791 states=1273 verified=29 completion=0 alternatives=7
INSTRUMENTATION_STATUS_CODE: 0
INSTRUMENTATION_STATUS: top_seven_measurement=v1 id=25 strategy=1 round=0 wall_ns=3726000 cpu_ns=3726834 states=6796 verified=11 completion=0 alternatives=7
INSTRUMENTATION_STATUS_CODE: 0
INSTRUMENTATION_STATUS: top_seven_measurement=v1 id=25 strategy=0 round=0 wall_ns=1735458 cpu_ns=1736209 states=8192 verified=18 completion=3 alternatives=7
INSTRUMENTATION_STATUS_CODE: 0
INSTRUMENTATION_STATUS: top_seven_measurement=v1 id=26 strategy=0 round=0 wall_ns=1779250 cpu_ns=1780083 states=8192 verified=22 completion=3 alternatives=7
INSTRUMENTATION_STATUS_CODE: 0
INSTRUMENTATION_STATUS: top_seven_measurement=v1 id=26 strategy=1 round=0 wall_ns=3153042 cpu_ns=3153833 states=4889 verified=39 completion=0 alternatives=7
INSTRUMENTATION_STATUS_CODE: 0
INSTRUMENTATION_STATUS: top_seven_measurement=v1 id=27 strategy=1 round=0 wall_ns=681333 cpu_ns=682167 states=1508 verified=8 completion=0 alternatives=7
INSTRUMENTATION_STATUS_CODE: 0
INSTRUMENTATION_STATUS: top_seven_measurement=v1 id=27 strategy=0 round=0 wall_ns=341167 cpu_ns=342000 states=1508 verified=8 completion=0 alternatives=7
INSTRUMENTATION_STATUS_CODE: 0
INSTRUMENTATION_STATUS: top_seven_measurement=v1 id=28 strategy=0 round=0 wall_ns=1345375 cpu_ns=1346000 states=2798 verified=64 completion=4 alternatives=7
INSTRUMENTATION_STATUS_CODE: 0
INSTRUMENTATION_STATUS: top_seven_measurement=v1 id=28 strategy=1 round=0 wall_ns=2934792 cpu_ns=2935708 states=4469 verified=63 completion=0 alternatives=7
INSTRUMENTATION_STATUS_CODE: 0
INSTRUMENTATION_STATUS: top_seven_measurement=v1 id=29 strategy=1 round=0 wall_ns=4459625 cpu_ns=4460375 states=7060 verified=55 completion=0 alternatives=7
INSTRUMENTATION_STATUS_CODE: 0
INSTRUMENTATION_STATUS: top_seven_measurement=v1 id=29 strategy=0 round=0 wall_ns=2087041 cpu_ns=2087917 states=6682 verified=64 completion=4 alternatives=7
INSTRUMENTATION_STATUS_CODE: 0
INSTRUMENTATION_STATUS: top_seven_measurement=v1 id=30 strategy=0 round=0 wall_ns=2144125 cpu_ns=2145084 states=7644 verified=64 completion=4 alternatives=7
INSTRUMENTATION_STATUS_CODE: 0
INSTRUMENTATION_STATUS: top_seven_measurement=v1 id=30 strategy=1 round=0 wall_ns=1808583 cpu_ns=1809333 states=2206 verified=64 completion=4 alternatives=7
INSTRUMENTATION_STATUS_CODE: 0
INSTRUMENTATION_STATUS: top_seven_measurement=v1 id=31 strategy=1 round=0 wall_ns=4271083 cpu_ns=4272083 states=6727 verified=12 completion=0 alternatives=7
INSTRUMENTATION_STATUS_CODE: 0
INSTRUMENTATION_STATUS: top_seven_measurement=v1 id=31 strategy=0 round=0 wall_ns=2023333 cpu_ns=2024208 states=8192 verified=27 completion=3 alternatives=7
INSTRUMENTATION_STATUS_CODE: 0
INSTRUMENTATION_STATUS: top_seven_measurement=v1 id=32 strategy=0 round=0 wall_ns=2174958 cpu_ns=2175750 states=8192 verified=47 completion=3 alternatives=7
INSTRUMENTATION_STATUS_CODE: 0
INSTRUMENTATION_STATUS: top_seven_measurement=v1 id=32 strategy=1 round=0 wall_ns=3288792 cpu_ns=3289542 states=5006 verified=47 completion=0 alternatives=7
INSTRUMENTATION_STATUS_CODE: 0
INSTRUMENTATION_STATUS: top_seven_measurement=v1 id=33 strategy=1 round=0 wall_ns=1903125 cpu_ns=1904000 states=3501 verified=18 completion=0 alternatives=7
INSTRUMENTATION_STATUS_CODE: 0
INSTRUMENTATION_STATUS: top_seven_measurement=v1 id=33 strategy=0 round=0 wall_ns=1962708 cpu_ns=1963500 states=8192 verified=41 completion=3 alternatives=7
INSTRUMENTATION_STATUS_CODE: 0
INSTRUMENTATION_STATUS: top_seven_measurement=v1 id=34 strategy=0 round=0 wall_ns=1584792 cpu_ns=1585625 states=8192 verified=5 completion=3 alternatives=5
INSTRUMENTATION_STATUS_CODE: 0
INSTRUMENTATION_STATUS: top_seven_measurement=v1 id=34 strategy=1 round=0 wall_ns=5219459 cpu_ns=5220125 states=8192 verified=26 completion=3 alternatives=7
INSTRUMENTATION_STATUS_CODE: 0
INSTRUMENTATION_STATUS: top_seven_measurement=v1 id=35 strategy=1 round=0 wall_ns=4655375 cpu_ns=4656250 states=8192 verified=25 completion=3 alternatives=7
INSTRUMENTATION_STATUS_CODE: 0
INSTRUMENTATION_STATUS: top_seven_measurement=v1 id=35 strategy=0 round=0 wall_ns=1868209 cpu_ns=1869000 states=8192 verified=26 completion=3 alternatives=7
INSTRUMENTATION_STATUS_CODE: 0
INSTRUMENTATION_STATUS: top_seven_measurement=v1 id=36 strategy=0 round=0 wall_ns=1633000 cpu_ns=1633875 states=8192 verified=13 completion=3 alternatives=7
INSTRUMENTATION_STATUS_CODE: 0
INSTRUMENTATION_STATUS: top_seven_measurement=v1 id=36 strategy=1 round=0 wall_ns=1746000 cpu_ns=1746750 states=2213 verified=48 completion=0 alternatives=7
INSTRUMENTATION_STATUS_CODE: 0
INSTRUMENTATION_STATUS: top_seven_measurement=v1 id=37 strategy=1 round=0 wall_ns=5279000 cpu_ns=5279791 states=8192 verified=5 completion=3 alternatives=5
INSTRUMENTATION_STATUS_CODE: 0
INSTRUMENTATION_STATUS: top_seven_measurement=v1 id=37 strategy=0 round=0 wall_ns=1599917 cpu_ns=1600792 states=8192 verified=5 completion=3 alternatives=5
INSTRUMENTATION_STATUS_CODE: 0
INSTRUMENTATION_STATUS: top_seven_measurement=v1 id=38 strategy=0 round=0 wall_ns=1616667 cpu_ns=1617584 states=8192 verified=5 completion=3 alternatives=5
INSTRUMENTATION_STATUS_CODE: 0
INSTRUMENTATION_STATUS: top_seven_measurement=v1 id=38 strategy=1 round=0 wall_ns=5574167 cpu_ns=5574958 states=8192 verified=29 completion=3 alternatives=7
INSTRUMENTATION_STATUS_CODE: 0
INSTRUMENTATION_STATUS: top_seven_measurement=v1 id=39 strategy=1 round=0 wall_ns=1575792 cpu_ns=1576458 states=1873 verified=64 completion=4 alternatives=7
INSTRUMENTATION_STATUS_CODE: 0
INSTRUMENTATION_STATUS: top_seven_measurement=v1 id=39 strategy=0 round=0 wall_ns=1813750 cpu_ns=1704542 states=4858 verified=64 completion=4 alternatives=7
INSTRUMENTATION_STATUS_CODE: 0
INSTRUMENTATION_STATUS: top_seven_measurement=v1 id=40 strategy=0 round=0 wall_ns=871958 cpu_ns=796625 states=1943 verified=60 completion=0 alternatives=7
INSTRUMENTATION_STATUS_CODE: 0
INSTRUMENTATION_STATUS: top_seven_measurement=v1 id=40 strategy=1 round=0 wall_ns=681167 cpu_ns=595334 states=1119 verified=42 completion=0 alternatives=7
INSTRUMENTATION_STATUS_CODE: 0
INSTRUMENTATION_STATUS: top_seven_measurement=v1 id=41 strategy=1 round=0 wall_ns=1547625 cpu_ns=1378709 states=3007 verified=13 completion=0 alternatives=7
INSTRUMENTATION_STATUS_CODE: 0
INSTRUMENTATION_STATUS: top_seven_measurement=v1 id=41 strategy=0 round=0 wall_ns=588417 cpu_ns=589250 states=3014 verified=13 completion=0 alternatives=7
INSTRUMENTATION_STATUS_CODE: 0
INSTRUMENTATION_STATUS: top_seven_measurement=v1 id=42 strategy=0 round=0 wall_ns=716834 cpu_ns=717708 states=2621 verified=56 completion=0 alternatives=7
INSTRUMENTATION_STATUS_CODE: 0
INSTRUMENTATION_STATUS: top_seven_measurement=v1 id=42 strategy=1 round=0 wall_ns=484500 cpu_ns=484958 states=1399 verified=41 completion=0 alternatives=7
INSTRUMENTATION_STATUS_CODE: 0
INSTRUMENTATION_STATUS: top_seven_measurement=v1 id=43 strategy=1 round=0 wall_ns=2997625 cpu_ns=2998167 states=4904 verified=13 completion=0 alternatives=7
INSTRUMENTATION_STATUS_CODE: 0
INSTRUMENTATION_STATUS: top_seven_measurement=v1 id=43 strategy=0 round=0 wall_ns=2339042 cpu_ns=2339667 states=8192 verified=50 completion=3 alternatives=7
INSTRUMENTATION_STATUS_CODE: 0
INSTRUMENTATION_STATUS: top_seven_measurement=v1 id=44 strategy=0 round=0 wall_ns=498584 cpu_ns=499542 states=2455 verified=10 completion=0 alternatives=4
INSTRUMENTATION_STATUS_CODE: 0
INSTRUMENTATION_STATUS: top_seven_measurement=v1 id=44 strategy=1 round=0 wall_ns=1013333 cpu_ns=1013958 states=2455 verified=10 completion=0 alternatives=4
INSTRUMENTATION_STATUS_CODE: 0
INSTRUMENTATION_STATUS: top_seven_measurement=v1 id=45 strategy=1 round=0 wall_ns=18416 cpu_ns=19042 states=28 verified=0 completion=2 alternatives=0
INSTRUMENTATION_STATUS_CODE: 0
INSTRUMENTATION_STATUS: top_seven_measurement=v1 id=45 strategy=0 round=0 wall_ns=18834 cpu_ns=19584 states=28 verified=0 completion=2 alternatives=0
INSTRUMENTATION_STATUS_CODE: 0
INSTRUMENTATION_STATUS: top_seven_measurement=v1 id=46 strategy=0 round=0 wall_ns=1218875 cpu_ns=1219500 states=2906 verified=64 completion=4 alternatives=7
INSTRUMENTATION_STATUS_CODE: 0
INSTRUMENTATION_STATUS: top_seven_measurement=v1 id=46 strategy=1 round=0 wall_ns=1462500 cpu_ns=1463209 states=2202 verified=27 completion=0 alternatives=7
INSTRUMENTATION_STATUS_CODE: 0
INSTRUMENTATION_STATUS: top_seven_measurement=v1 id=47 strategy=1 round=0 wall_ns=5464791 cpu_ns=5465667 states=8192 verified=16 completion=3 alternatives=7
INSTRUMENTATION_STATUS_CODE: 0
INSTRUMENTATION_STATUS: top_seven_measurement=v1 id=47 strategy=0 round=0 wall_ns=1809833 cpu_ns=1810750 states=8192 verified=16 completion=3 alternatives=7
INSTRUMENTATION_STATUS_CODE: 0
INSTRUMENTATION_STATUS: top_seven_measurement=v1 id=48 strategy=0 round=0 wall_ns=1808458 cpu_ns=1809209 states=5158 verified=64 completion=4 alternatives=7
INSTRUMENTATION_STATUS_CODE: 0
INSTRUMENTATION_STATUS: top_seven_measurement=v1 id=48 strategy=1 round=0 wall_ns=1174667 cpu_ns=1175208 states=1680 verified=21 completion=0 alternatives=7
INSTRUMENTATION_STATUS_CODE: 0
INSTRUMENTATION_STATUS: top_seven_measurement=v1 id=49 strategy=1 round=0 wall_ns=746666 cpu_ns=747542 states=1514 verified=18 completion=0 alternatives=7
INSTRUMENTATION_STATUS_CODE: 0
INSTRUMENTATION_STATUS: top_seven_measurement=v1 id=49 strategy=0 round=0 wall_ns=408583 cpu_ns=409291 states=1514 verified=18 completion=0 alternatives=7
INSTRUMENTATION_STATUS_CODE: 0
INSTRUMENTATION_STATUS: top_seven_measurement=v1 id=50 strategy=0 round=0 wall_ns=1104625 cpu_ns=1105292 states=2296 verified=64 completion=4 alternatives=7
INSTRUMENTATION_STATUS_CODE: 0
INSTRUMENTATION_STATUS: top_seven_measurement=v1 id=50 strategy=1 round=0 wall_ns=1530292 cpu_ns=1530792 states=1892 verified=64 completion=4 alternatives=7
INSTRUMENTATION_STATUS_CODE: 0
INSTRUMENTATION_STATUS: top_seven_measurement=v1 id=51 strategy=1 round=0 wall_ns=400750 cpu_ns=401625 states=740 verified=11 completion=0 alternatives=7
INSTRUMENTATION_STATUS_CODE: 0
INSTRUMENTATION_STATUS: top_seven_measurement=v1 id=51 strategy=0 round=0 wall_ns=810291 cpu_ns=811292 states=3145 verified=33 completion=0 alternatives=7
INSTRUMENTATION_STATUS_CODE: 0
INSTRUMENTATION_STATUS: top_seven_measurement=v1 id=52 strategy=0 round=0 wall_ns=1629209 cpu_ns=1630084 states=8192 verified=4 completion=3 alternatives=4
INSTRUMENTATION_STATUS_CODE: 0
INSTRUMENTATION_STATUS: top_seven_measurement=v1 id=52 strategy=1 round=0 wall_ns=5398750 cpu_ns=5399542 states=8192 verified=4 completion=3 alternatives=4
INSTRUMENTATION_STATUS_CODE: 0
INSTRUMENTATION_STATUS: top_seven_measurement=v1 id=53 strategy=1 round=0 wall_ns=755833 cpu_ns=756541 states=1667 verified=10 completion=0 alternatives=7
INSTRUMENTATION_STATUS_CODE: 0
INSTRUMENTATION_STATUS: top_seven_measurement=v1 id=53 strategy=0 round=0 wall_ns=621333 cpu_ns=622000 states=2924 verified=17 completion=0 alternatives=7
INSTRUMENTATION_STATUS_CODE: 0
INSTRUMENTATION_STATUS: top_seven_measurement=v1 id=54 strategy=0 round=0 wall_ns=1792791 cpu_ns=1793750 states=8192 verified=20 completion=3 alternatives=7
INSTRUMENTATION_STATUS_CODE: 0
INSTRUMENTATION_STATUS: top_seven_measurement=v1 id=54 strategy=1 round=0 wall_ns=4887708 cpu_ns=4888458 states=8192 verified=14 completion=3 alternatives=7
INSTRUMENTATION_STATUS_CODE: 0
INSTRUMENTATION_STATUS: top_seven_measurement=v1 id=55 strategy=1 round=0 wall_ns=4629417 cpu_ns=4630167 states=6979 verified=13 completion=0 alternatives=7
INSTRUMENTATION_STATUS_CODE: 0
INSTRUMENTATION_STATUS: top_seven_measurement=v1 id=55 strategy=0 round=0 wall_ns=1868041 cpu_ns=1868833 states=8192 verified=23 completion=3 alternatives=7
INSTRUMENTATION_STATUS_CODE: 0
INSTRUMENTATION_STATUS: top_seven_measurement=v1 id=56 strategy=0 round=0 wall_ns=490042 cpu_ns=490709 states=2318 verified=12 completion=0 alternatives=7
INSTRUMENTATION_STATUS_CODE: 0
INSTRUMENTATION_STATUS: top_seven_measurement=v1 id=56 strategy=1 round=0 wall_ns=541750 cpu_ns=542459 states=1277 verified=8 completion=0 alternatives=7
INSTRUMENTATION_STATUS_CODE: 0
INSTRUMENTATION_STATUS: top_seven_measurement=v1 id=57 strategy=1 round=0 wall_ns=5226417 cpu_ns=5227167 states=8192 verified=3 completion=3 alternatives=3
INSTRUMENTATION_STATUS_CODE: 0
INSTRUMENTATION_STATUS: top_seven_measurement=v1 id=57 strategy=0 round=0 wall_ns=1639458 cpu_ns=1640167 states=8192 verified=6 completion=3 alternatives=6
INSTRUMENTATION_STATUS_CODE: 0
INSTRUMENTATION_STATUS: top_seven_measurement=v1 id=58 strategy=0 round=0 wall_ns=1014250 cpu_ns=1015125 states=970 verified=64 completion=4 alternatives=7
INSTRUMENTATION_STATUS_CODE: 0
INSTRUMENTATION_STATUS: top_seven_measurement=v1 id=58 strategy=1 round=0 wall_ns=1711917 cpu_ns=1712417 states=2200 verified=48 completion=0 alternatives=7
INSTRUMENTATION_STATUS_CODE: 0
INSTRUMENTATION_STATUS: top_seven_measurement=v1 id=59 strategy=1 round=0 wall_ns=3242750 cpu_ns=3243625 states=5151 verified=15 completion=0 alternatives=7
INSTRUMENTATION_STATUS_CODE: 0
INSTRUMENTATION_STATUS: top_seven_measurement=v1 id=59 strategy=0 round=0 wall_ns=1700167 cpu_ns=1701041 states=8192 verified=14 completion=3 alternatives=7
INSTRUMENTATION_STATUS_CODE: 0
INSTRUMENTATION_STATUS: top_seven_measurement=v1 id=0 strategy=1 round=1 wall_ns=4859042 cpu_ns=4859750 states=8192 verified=13 completion=3 alternatives=7
INSTRUMENTATION_STATUS_CODE: 0
INSTRUMENTATION_STATUS: top_seven_measurement=v1 id=0 strategy=0 round=1 wall_ns=1711709 cpu_ns=1712541 states=8192 verified=17 completion=3 alternatives=7
INSTRUMENTATION_STATUS_CODE: 0
INSTRUMENTATION_STATUS: top_seven_measurement=v1 id=1 strategy=0 round=1 wall_ns=437167 cpu_ns=437833 states=2144 verified=14 completion=0 alternatives=7
INSTRUMENTATION_STATUS_CODE: 0
INSTRUMENTATION_STATUS: top_seven_measurement=v1 id=1 strategy=1 round=1 wall_ns=573917 cpu_ns=574750 states=1438 verified=13 completion=0 alternatives=7
INSTRUMENTATION_STATUS_CODE: 0
INSTRUMENTATION_STATUS: top_seven_measurement=v1 id=2 strategy=1 round=1 wall_ns=4680334 cpu_ns=4681000 states=8192 verified=5 completion=3 alternatives=5
INSTRUMENTATION_STATUS_CODE: 0
INSTRUMENTATION_STATUS: top_seven_measurement=v1 id=2 strategy=0 round=1 wall_ns=1647708 cpu_ns=1648375 states=8192 verified=10 completion=3 alternatives=7
INSTRUMENTATION_STATUS_CODE: 0
INSTRUMENTATION_STATUS: top_seven_measurement=v1 id=3 strategy=0 round=1 wall_ns=1752333 cpu_ns=1753167 states=8192 verified=33 completion=3 alternatives=7
INSTRUMENTATION_STATUS_CODE: 0
INSTRUMENTATION_STATUS: top_seven_measurement=v1 id=3 strategy=1 round=1 wall_ns=3834166 cpu_ns=3834917 states=6441 verified=57 completion=0 alternatives=7
INSTRUMENTATION_STATUS_CODE: 0
INSTRUMENTATION_STATUS: top_seven_measurement=v1 id=4 strategy=1 round=1 wall_ns=4710750 cpu_ns=4711542 states=8192 verified=7 completion=3 alternatives=7
INSTRUMENTATION_STATUS_CODE: 0
INSTRUMENTATION_STATUS: top_seven_measurement=v1 id=4 strategy=0 round=1 wall_ns=1578250 cpu_ns=1579042 states=8192 verified=7 completion=3 alternatives=7
INSTRUMENTATION_STATUS_CODE: 0
INSTRUMENTATION_STATUS: top_seven_measurement=v1 id=5 strategy=0 round=1 wall_ns=1888708 cpu_ns=1889458 states=8192 verified=49 completion=3 alternatives=7
INSTRUMENTATION_STATUS_CODE: 0
INSTRUMENTATION_STATUS: top_seven_measurement=v1 id=5 strategy=1 round=1 wall_ns=1496458 cpu_ns=1497292 states=2139 verified=59 completion=0 alternatives=7
INSTRUMENTATION_STATUS_CODE: 0
INSTRUMENTATION_STATUS: top_seven_measurement=v1 id=6 strategy=1 round=1 wall_ns=2953375 cpu_ns=2954292 states=5398 verified=16 completion=0 alternatives=7
INSTRUMENTATION_STATUS_CODE: 0
INSTRUMENTATION_STATUS: top_seven_measurement=v1 id=6 strategy=0 round=1 wall_ns=1882750 cpu_ns=1883625 states=8192 verified=37 completion=3 alternatives=7
INSTRUMENTATION_STATUS_CODE: 0
INSTRUMENTATION_STATUS: top_seven_measurement=v1 id=7 strategy=0 round=1 wall_ns=1543959 cpu_ns=1544666 states=4050 verified=64 completion=4 alternatives=7
INSTRUMENTATION_STATUS_CODE: 0
INSTRUMENTATION_STATUS: top_seven_measurement=v1 id=7 strategy=1 round=1 wall_ns=3920000 cpu_ns=3920666 states=5678 verified=45 completion=0 alternatives=7
INSTRUMENTATION_STATUS_CODE: 0
INSTRUMENTATION_STATUS: top_seven_measurement=v1 id=8 strategy=1 round=1 wall_ns=1387500 cpu_ns=1388291 states=1503 verified=64 completion=4 alternatives=7
INSTRUMENTATION_STATUS_CODE: 0
INSTRUMENTATION_STATUS: top_seven_measurement=v1 id=8 strategy=0 round=1 wall_ns=969541 cpu_ns=970333 states=1838 verified=64 completion=4 alternatives=7
INSTRUMENTATION_STATUS_CODE: 0
INSTRUMENTATION_STATUS: top_seven_measurement=v1 id=9 strategy=0 round=1 wall_ns=1577541 cpu_ns=1578084 states=8192 verified=13 completion=3 alternatives=7
INSTRUMENTATION_STATUS_CODE: 0
INSTRUMENTATION_STATUS: top_seven_measurement=v1 id=9 strategy=1 round=1 wall_ns=2553375 cpu_ns=2554167 states=4662 verified=13 completion=0 alternatives=7
INSTRUMENTATION_STATUS_CODE: 0
INSTRUMENTATION_STATUS: top_seven_measurement=v1 id=10 strategy=1 round=1 wall_ns=1069166 cpu_ns=969666 states=1917 verified=42 completion=0 alternatives=7
INSTRUMENTATION_STATUS_CODE: 0
INSTRUMENTATION_STATUS: top_seven_measurement=v1 id=10 strategy=0 round=1 wall_ns=1070208 cpu_ns=1036501 states=3038 verified=57 completion=0 alternatives=7
INSTRUMENTATION_STATUS_CODE: 0
INSTRUMENTATION_STATUS: top_seven_measurement=v1 id=11 strategy=0 round=1 wall_ns=2166083 cpu_ns=2022751 states=8192 verified=34 completion=3 alternatives=7
INSTRUMENTATION_STATUS_CODE: 0
INSTRUMENTATION_STATUS: top_seven_measurement=v1 id=11 strategy=1 round=1 wall_ns=5252750 cpu_ns=5253375 states=8192 verified=49 completion=3 alternatives=7
INSTRUMENTATION_STATUS_CODE: 0
INSTRUMENTATION_STATUS: top_seven_measurement=v1 id=12 strategy=1 round=1 wall_ns=881209 cpu_ns=881875 states=1986 verified=15 completion=0 alternatives=7
INSTRUMENTATION_STATUS_CODE: 0
INSTRUMENTATION_STATUS: top_seven_measurement=v1 id=12 strategy=0 round=1 wall_ns=747084 cpu_ns=747833 states=3316 verified=21 completion=0 alternatives=7
INSTRUMENTATION_STATUS_CODE: 0
INSTRUMENTATION_STATUS: top_seven_measurement=v1 id=13 strategy=0 round=1 wall_ns=1840125 cpu_ns=1840833 states=8192 verified=42 completion=3 alternatives=7
INSTRUMENTATION_STATUS_CODE: 0
INSTRUMENTATION_STATUS: top_seven_measurement=v1 id=13 strategy=1 round=1 wall_ns=2155125 cpu_ns=2149292 states=2999 verified=64 completion=4 alternatives=7
INSTRUMENTATION_STATUS_CODE: 0
INSTRUMENTATION_STATUS: top_seven_measurement=v1 id=14 strategy=1 round=1 wall_ns=5198875 cpu_ns=5199625 states=8192 verified=1 completion=3 alternatives=1
INSTRUMENTATION_STATUS_CODE: 0
INSTRUMENTATION_STATUS: top_seven_measurement=v1 id=14 strategy=0 round=1 wall_ns=1486000 cpu_ns=1486792 states=8192 verified=0 completion=3 alternatives=0
INSTRUMENTATION_STATUS_CODE: 0
INSTRUMENTATION_STATUS: top_seven_measurement=v1 id=15 strategy=0 round=1 wall_ns=460333 cpu_ns=461333 states=2138 verified=16 completion=0 alternatives=7
INSTRUMENTATION_STATUS_CODE: 0
INSTRUMENTATION_STATUS: top_seven_measurement=v1 id=15 strategy=1 round=1 wall_ns=534084 cpu_ns=534709 states=1324 verified=9 completion=0 alternatives=7
INSTRUMENTATION_STATUS_CODE: 0
INSTRUMENTATION_STATUS: top_seven_measurement=v1 id=16 strategy=1 round=1 wall_ns=4785334 cpu_ns=4786583 states=8192 verified=14 completion=3 alternatives=7
INSTRUMENTATION_STATUS_CODE: 0
INSTRUMENTATION_STATUS: top_seven_measurement=v1 id=16 strategy=0 round=1 wall_ns=1655500 cpu_ns=1656083 states=8192 verified=15 completion=3 alternatives=7
INSTRUMENTATION_STATUS_CODE: 0
INSTRUMENTATION_STATUS: top_seven_measurement=v1 id=17 strategy=0 round=1 wall_ns=1495334 cpu_ns=1496541 states=8192 verified=1 completion=3 alternatives=1
INSTRUMENTATION_STATUS_CODE: 0
INSTRUMENTATION_STATUS: top_seven_measurement=v1 id=17 strategy=1 round=1 wall_ns=4746583 cpu_ns=4747416 states=8192 verified=2 completion=3 alternatives=2
INSTRUMENTATION_STATUS_CODE: 0
INSTRUMENTATION_STATUS: top_seven_measurement=v1 id=18 strategy=1 round=1 wall_ns=1299875 cpu_ns=1300417 states=3409 verified=5 completion=0 alternatives=5
INSTRUMENTATION_STATUS_CODE: 0
INSTRUMENTATION_STATUS: top_seven_measurement=v1 id=18 strategy=0 round=1 wall_ns=574042 cpu_ns=574542 states=3409 verified=5 completion=0 alternatives=5
INSTRUMENTATION_STATUS_CODE: 0
INSTRUMENTATION_STATUS: top_seven_measurement=v1 id=19 strategy=0 round=1 wall_ns=481709 cpu_ns=482250 states=1668 verified=52 completion=0 alternatives=7
INSTRUMENTATION_STATUS_CODE: 0
INSTRUMENTATION_STATUS: top_seven_measurement=v1 id=19 strategy=1 round=1 wall_ns=568500 cpu_ns=569375 states=1121 verified=50 completion=0 alternatives=7
INSTRUMENTATION_STATUS_CODE: 0
INSTRUMENTATION_STATUS: top_seven_measurement=v1 id=20 strategy=1 round=1 wall_ns=2387958 cpu_ns=2388709 states=2619 verified=64 completion=4 alternatives=7
INSTRUMENTATION_STATUS_CODE: 0
INSTRUMENTATION_STATUS: top_seven_measurement=v1 id=20 strategy=0 round=1 wall_ns=1917708 cpu_ns=1918541 states=8192 verified=12 completion=3 alternatives=7
INSTRUMENTATION_STATUS_CODE: 0
INSTRUMENTATION_STATUS: top_seven_measurement=v1 id=21 strategy=0 round=1 wall_ns=2475333 cpu_ns=2476500 states=8192 verified=44 completion=3 alternatives=7
INSTRUMENTATION_STATUS_CODE: 0
INSTRUMENTATION_STATUS: top_seven_measurement=v1 id=21 strategy=1 round=1 wall_ns=4899292 cpu_ns=4903167 states=5806 verified=21 completion=0 alternatives=7
INSTRUMENTATION_STATUS_CODE: 0
INSTRUMENTATION_STATUS: top_seven_measurement=v1 id=22 strategy=1 round=1 wall_ns=1013500 cpu_ns=1014708 states=1928 verified=10 completion=0 alternatives=7
INSTRUMENTATION_STATUS_CODE: 0
INSTRUMENTATION_STATUS: top_seven_measurement=v1 id=22 strategy=0 round=1 wall_ns=425708 cpu_ns=426416 states=1937 verified=11 completion=0 alternatives=7
INSTRUMENTATION_STATUS_CODE: 0
INSTRUMENTATION_STATUS: top_seven_measurement=v1 id=23 strategy=0 round=1 wall_ns=521042 cpu_ns=521834 states=1462 verified=25 completion=0 alternatives=7
INSTRUMENTATION_STATUS_CODE: 0
INSTRUMENTATION_STATUS: top_seven_measurement=v1 id=23 strategy=1 round=1 wall_ns=786500 cpu_ns=787167 states=1455 verified=24 completion=0 alternatives=7
INSTRUMENTATION_STATUS_CODE: 0
INSTRUMENTATION_STATUS: top_seven_measurement=v1 id=24 strategy=1 round=1 wall_ns=533250 cpu_ns=534000 states=1273 verified=29 completion=0 alternatives=7
INSTRUMENTATION_STATUS_CODE: 0
INSTRUMENTATION_STATUS: top_seven_measurement=v1 id=24 strategy=0 round=1 wall_ns=337417 cpu_ns=337917 states=1273 verified=29 completion=0 alternatives=7
INSTRUMENTATION_STATUS_CODE: 0
INSTRUMENTATION_STATUS: top_seven_measurement=v1 id=25 strategy=0 round=1 wall_ns=1881750 cpu_ns=1882875 states=8192 verified=18 completion=3 alternatives=7
INSTRUMENTATION_STATUS_CODE: 0
INSTRUMENTATION_STATUS: top_seven_measurement=v1 id=25 strategy=1 round=1 wall_ns=3723542 cpu_ns=3724375 states=6796 verified=11 completion=0 alternatives=7
INSTRUMENTATION_STATUS_CODE: 0
INSTRUMENTATION_STATUS: top_seven_measurement=v1 id=26 strategy=1 round=1 wall_ns=3144916 cpu_ns=3145709 states=4889 verified=39 completion=0 alternatives=7
INSTRUMENTATION_STATUS_CODE: 0
INSTRUMENTATION_STATUS: top_seven_measurement=v1 id=26 strategy=0 round=1 wall_ns=1777666 cpu_ns=1778708 states=8192 verified=22 completion=3 alternatives=7
INSTRUMENTATION_STATUS_CODE: 0
INSTRUMENTATION_STATUS: top_seven_measurement=v1 id=27 strategy=0 round=1 wall_ns=388417 cpu_ns=389250 states=1508 verified=8 completion=0 alternatives=7
INSTRUMENTATION_STATUS_CODE: 0
INSTRUMENTATION_STATUS: top_seven_measurement=v1 id=27 strategy=1 round=1 wall_ns=672042 cpu_ns=672583 states=1508 verified=8 completion=0 alternatives=7
INSTRUMENTATION_STATUS_CODE: 0
INSTRUMENTATION_STATUS: top_seven_measurement=v1 id=28 strategy=1 round=1 wall_ns=2944791 cpu_ns=2945667 states=4469 verified=63 completion=0 alternatives=7
INSTRUMENTATION_STATUS_CODE: 0
INSTRUMENTATION_STATUS: top_seven_measurement=v1 id=28 strategy=0 round=1 wall_ns=1277208 cpu_ns=1277958 states=2798 verified=64 completion=4 alternatives=7
INSTRUMENTATION_STATUS_CODE: 0
INSTRUMENTATION_STATUS: top_seven_measurement=v1 id=29 strategy=0 round=1 wall_ns=2160209 cpu_ns=2161000 states=6682 verified=64 completion=4 alternatives=7
INSTRUMENTATION_STATUS_CODE: 0
INSTRUMENTATION_STATUS: top_seven_measurement=v1 id=29 strategy=1 round=1 wall_ns=4386334 cpu_ns=4387208 states=7060 verified=55 completion=0 alternatives=7
INSTRUMENTATION_STATUS_CODE: 0
INSTRUMENTATION_STATUS: top_seven_measurement=v1 id=30 strategy=1 round=1 wall_ns=1808042 cpu_ns=1808833 states=2206 verified=64 completion=4 alternatives=7
INSTRUMENTATION_STATUS_CODE: 0
INSTRUMENTATION_STATUS: top_seven_measurement=v1 id=30 strategy=0 round=1 wall_ns=2110667 cpu_ns=2111375 states=7644 verified=64 completion=4 alternatives=7
INSTRUMENTATION_STATUS_CODE: 0
INSTRUMENTATION_STATUS: top_seven_measurement=v1 id=31 strategy=0 round=1 wall_ns=2046667 cpu_ns=2047583 states=8192 verified=27 completion=3 alternatives=7
INSTRUMENTATION_STATUS_CODE: 0
INSTRUMENTATION_STATUS: top_seven_measurement=v1 id=31 strategy=1 round=1 wall_ns=4211750 cpu_ns=4212500 states=6727 verified=12 completion=0 alternatives=7
INSTRUMENTATION_STATUS_CODE: 0
INSTRUMENTATION_STATUS: top_seven_measurement=v1 id=32 strategy=1 round=1 wall_ns=3314542 cpu_ns=3315291 states=5006 verified=47 completion=0 alternatives=7
INSTRUMENTATION_STATUS_CODE: 0
INSTRUMENTATION_STATUS: top_seven_measurement=v1 id=32 strategy=0 round=1 wall_ns=2171791 cpu_ns=2172708 states=8192 verified=47 completion=3 alternatives=7
INSTRUMENTATION_STATUS_CODE: 0
INSTRUMENTATION_STATUS: top_seven_measurement=v1 id=33 strategy=0 round=1 wall_ns=1968542 cpu_ns=1969417 states=8192 verified=41 completion=3 alternatives=7
INSTRUMENTATION_STATUS_CODE: 0
INSTRUMENTATION_STATUS: top_seven_measurement=v1 id=33 strategy=1 round=1 wall_ns=1844083 cpu_ns=1844792 states=3501 verified=18 completion=0 alternatives=7
INSTRUMENTATION_STATUS_CODE: 0
INSTRUMENTATION_STATUS: top_seven_measurement=v1 id=34 strategy=1 round=1 wall_ns=5227375 cpu_ns=5228292 states=8192 verified=26 completion=3 alternatives=7
INSTRUMENTATION_STATUS_CODE: 0
INSTRUMENTATION_STATUS: top_seven_measurement=v1 id=34 strategy=0 round=1 wall_ns=1583125 cpu_ns=1583875 states=8192 verified=5 completion=3 alternatives=5
INSTRUMENTATION_STATUS_CODE: 0
INSTRUMENTATION_STATUS: top_seven_measurement=v1 id=35 strategy=0 round=1 wall_ns=1890000 cpu_ns=1890833 states=8192 verified=26 completion=3 alternatives=7
INSTRUMENTATION_STATUS_CODE: 0
INSTRUMENTATION_STATUS: top_seven_measurement=v1 id=35 strategy=1 round=1 wall_ns=4523416 cpu_ns=4524125 states=8192 verified=25 completion=3 alternatives=7
INSTRUMENTATION_STATUS_CODE: 0
INSTRUMENTATION_STATUS: top_seven_measurement=v1 id=36 strategy=1 round=1 wall_ns=1778042 cpu_ns=1778833 states=2213 verified=48 completion=0 alternatives=7
INSTRUMENTATION_STATUS_CODE: 0
INSTRUMENTATION_STATUS: top_seven_measurement=v1 id=36 strategy=0 round=1 wall_ns=1644291 cpu_ns=1645084 states=8192 verified=13 completion=3 alternatives=7
INSTRUMENTATION_STATUS_CODE: 0
INSTRUMENTATION_STATUS: top_seven_measurement=v1 id=37 strategy=0 round=1 wall_ns=1619333 cpu_ns=1620000 states=8192 verified=5 completion=3 alternatives=5
INSTRUMENTATION_STATUS_CODE: 0
INSTRUMENTATION_STATUS: top_seven_measurement=v1 id=37 strategy=1 round=1 wall_ns=6338250 cpu_ns=6117541 states=8192 verified=5 completion=3 alternatives=5
INSTRUMENTATION_STATUS_CODE: 0
INSTRUMENTATION_STATUS: top_seven_measurement=v1 id=38 strategy=1 round=1 wall_ns=5783125 cpu_ns=5784125 states=8192 verified=29 completion=3 alternatives=7
INSTRUMENTATION_STATUS_CODE: 0
INSTRUMENTATION_STATUS: top_seven_measurement=v1 id=38 strategy=0 round=1 wall_ns=1672458 cpu_ns=1673834 states=8192 verified=5 completion=3 alternatives=5
INSTRUMENTATION_STATUS_CODE: 0
INSTRUMENTATION_STATUS: top_seven_measurement=v1 id=39 strategy=0 round=1 wall_ns=1615417 cpu_ns=1616500 states=4858 verified=64 completion=4 alternatives=7
INSTRUMENTATION_STATUS_CODE: 0
INSTRUMENTATION_STATUS: top_seven_measurement=v1 id=39 strategy=1 round=1 wall_ns=1570625 cpu_ns=1571584 states=1873 verified=64 completion=4 alternatives=7
INSTRUMENTATION_STATUS_CODE: 0
INSTRUMENTATION_STATUS: top_seven_measurement=v1 id=40 strategy=1 round=1 wall_ns=572833 cpu_ns=573417 states=1119 verified=42 completion=0 alternatives=7
INSTRUMENTATION_STATUS_CODE: 0
INSTRUMENTATION_STATUS: top_seven_measurement=v1 id=40 strategy=0 round=1 wall_ns=608292 cpu_ns=609375 states=1943 verified=60 completion=0 alternatives=7
INSTRUMENTATION_STATUS_CODE: 0
INSTRUMENTATION_STATUS: top_seven_measurement=v1 id=41 strategy=0 round=1 wall_ns=683166 cpu_ns=683959 states=3014 verified=13 completion=0 alternatives=7
INSTRUMENTATION_STATUS_CODE: 0
INSTRUMENTATION_STATUS: top_seven_measurement=v1 id=41 strategy=1 round=1 wall_ns=1227042 cpu_ns=1227833 states=3007 verified=13 completion=0 alternatives=7
INSTRUMENTATION_STATUS_CODE: 0
INSTRUMENTATION_STATUS: top_seven_measurement=v1 id=42 strategy=1 round=1 wall_ns=536041 cpu_ns=536625 states=1399 verified=41 completion=0 alternatives=7
INSTRUMENTATION_STATUS_CODE: 0
INSTRUMENTATION_STATUS: top_seven_measurement=v1 id=42 strategy=0 round=1 wall_ns=681334 cpu_ns=682292 states=2621 verified=56 completion=0 alternatives=7
INSTRUMENTATION_STATUS_CODE: 0
INSTRUMENTATION_STATUS: top_seven_measurement=v1 id=43 strategy=0 round=1 wall_ns=3330125 cpu_ns=3333792 states=8192 verified=50 completion=3 alternatives=7
INSTRUMENTATION_STATUS_CODE: 0
INSTRUMENTATION_STATUS: top_seven_measurement=v1 id=43 strategy=1 round=1 wall_ns=3087209 cpu_ns=3088542 states=4904 verified=13 completion=0 alternatives=7
INSTRUMENTATION_STATUS_CODE: 0
INSTRUMENTATION_STATUS: top_seven_measurement=v1 id=44 strategy=1 round=1 wall_ns=1141875 cpu_ns=1143667 states=2455 verified=10 completion=0 alternatives=4
INSTRUMENTATION_STATUS_CODE: 0
INSTRUMENTATION_STATUS: top_seven_measurement=v1 id=44 strategy=0 round=1 wall_ns=526834 cpu_ns=528500 states=2455 verified=10 completion=0 alternatives=4
INSTRUMENTATION_STATUS_CODE: 0
INSTRUMENTATION_STATUS: top_seven_measurement=v1 id=45 strategy=0 round=1 wall_ns=25500 cpu_ns=26541 states=28 verified=0 completion=2 alternatives=0
INSTRUMENTATION_STATUS_CODE: 0
INSTRUMENTATION_STATUS: top_seven_measurement=v1 id=45 strategy=1 round=1 wall_ns=18750 cpu_ns=19458 states=28 verified=0 completion=2 alternatives=0
INSTRUMENTATION_STATUS_CODE: 0
INSTRUMENTATION_STATUS: top_seven_measurement=v1 id=46 strategy=1 round=1 wall_ns=1595167 cpu_ns=1596041 states=2202 verified=27 completion=0 alternatives=7
INSTRUMENTATION_STATUS_CODE: 0
INSTRUMENTATION_STATUS: top_seven_measurement=v1 id=46 strategy=0 round=1 wall_ns=1243917 cpu_ns=1244792 states=2906 verified=64 completion=4 alternatives=7
INSTRUMENTATION_STATUS_CODE: 0
INSTRUMENTATION_STATUS: top_seven_measurement=v1 id=47 strategy=0 round=1 wall_ns=1871083 cpu_ns=1872292 states=8192 verified=16 completion=3 alternatives=7
INSTRUMENTATION_STATUS_CODE: 0
INSTRUMENTATION_STATUS: top_seven_measurement=v1 id=47 strategy=1 round=1 wall_ns=5660417 cpu_ns=5661833 states=8192 verified=16 completion=3 alternatives=7
INSTRUMENTATION_STATUS_CODE: 0
INSTRUMENTATION_STATUS: top_seven_measurement=v1 id=48 strategy=1 round=1 wall_ns=1310166 cpu_ns=1311292 states=1680 verified=21 completion=0 alternatives=7
INSTRUMENTATION_STATUS_CODE: 0
INSTRUMENTATION_STATUS: top_seven_measurement=v1 id=48 strategy=0 round=1 wall_ns=1935500 cpu_ns=1937125 states=5158 verified=64 completion=4 alternatives=7
INSTRUMENTATION_STATUS_CODE: 0
INSTRUMENTATION_STATUS: top_seven_measurement=v1 id=49 strategy=0 round=1 wall_ns=482208 cpu_ns=483209 states=1514 verified=18 completion=0 alternatives=7
INSTRUMENTATION_STATUS_CODE: 0
INSTRUMENTATION_STATUS: top_seven_measurement=v1 id=49 strategy=1 round=1 wall_ns=772292 cpu_ns=773292 states=1514 verified=18 completion=0 alternatives=7
INSTRUMENTATION_STATUS_CODE: 0
INSTRUMENTATION_STATUS: top_seven_measurement=v1 id=50 strategy=1 round=1 wall_ns=1651583 cpu_ns=1653042 states=1892 verified=64 completion=4 alternatives=7
INSTRUMENTATION_STATUS_CODE: 0
INSTRUMENTATION_STATUS: top_seven_measurement=v1 id=50 strategy=0 round=1 wall_ns=1142125 cpu_ns=1142917 states=2296 verified=64 completion=4 alternatives=7
INSTRUMENTATION_STATUS_CODE: 0
INSTRUMENTATION_STATUS: top_seven_measurement=v1 id=51 strategy=0 round=1 wall_ns=1265042 cpu_ns=1268792 states=3145 verified=33 completion=0 alternatives=7
INSTRUMENTATION_STATUS_CODE: 0
INSTRUMENTATION_STATUS: top_seven_measurement=v1 id=51 strategy=1 round=1 wall_ns=421666 cpu_ns=422791 states=740 verified=11 completion=0 alternatives=7
INSTRUMENTATION_STATUS_CODE: 0
INSTRUMENTATION_STATUS: top_seven_measurement=v1 id=52 strategy=1 round=1 wall_ns=5900625 cpu_ns=5902375 states=8192 verified=4 completion=3 alternatives=4
INSTRUMENTATION_STATUS_CODE: 0
INSTRUMENTATION_STATUS: top_seven_measurement=v1 id=52 strategy=0 round=1 wall_ns=1767917 cpu_ns=1769333 states=8192 verified=4 completion=3 alternatives=4
INSTRUMENTATION_STATUS_CODE: 0
INSTRUMENTATION_STATUS: top_seven_measurement=v1 id=53 strategy=0 round=1 wall_ns=850375 cpu_ns=854583 states=2924 verified=17 completion=0 alternatives=7
INSTRUMENTATION_STATUS_CODE: 0
INSTRUMENTATION_STATUS: top_seven_measurement=v1 id=53 strategy=1 round=1 wall_ns=1023375 cpu_ns=1026125 states=1667 verified=10 completion=0 alternatives=7
INSTRUMENTATION_STATUS_CODE: 0
INSTRUMENTATION_STATUS: top_seven_measurement=v1 id=54 strategy=1 round=1 wall_ns=5233250 cpu_ns=5235125 states=8192 verified=14 completion=3 alternatives=7
INSTRUMENTATION_STATUS_CODE: 0
INSTRUMENTATION_STATUS: top_seven_measurement=v1 id=54 strategy=0 round=1 wall_ns=1964166 cpu_ns=1965375 states=8192 verified=20 completion=3 alternatives=7
INSTRUMENTATION_STATUS_CODE: 0
INSTRUMENTATION_STATUS: top_seven_measurement=v1 id=55 strategy=0 round=1 wall_ns=2959125 cpu_ns=2963750 states=8192 verified=23 completion=3 alternatives=7
INSTRUMENTATION_STATUS_CODE: 0
INSTRUMENTATION_STATUS: top_seven_measurement=v1 id=55 strategy=1 round=1 wall_ns=6253250 cpu_ns=6257667 states=6979 verified=13 completion=0 alternatives=7
INSTRUMENTATION_STATUS_CODE: 0
INSTRUMENTATION_STATUS: top_seven_measurement=v1 id=56 strategy=1 round=1 wall_ns=627166 cpu_ns=629542 states=1277 verified=8 completion=0 alternatives=7
INSTRUMENTATION_STATUS_CODE: 0
INSTRUMENTATION_STATUS: top_seven_measurement=v1 id=56 strategy=0 round=1 wall_ns=626375 cpu_ns=630000 states=2318 verified=12 completion=0 alternatives=7
INSTRUMENTATION_STATUS_CODE: 0
INSTRUMENTATION_STATUS: top_seven_measurement=v1 id=57 strategy=0 round=1 wall_ns=1824666 cpu_ns=1826083 states=8192 verified=6 completion=3 alternatives=6
INSTRUMENTATION_STATUS_CODE: 0
INSTRUMENTATION_STATUS: top_seven_measurement=v1 id=57 strategy=1 round=1 wall_ns=6310500 cpu_ns=6311667 states=8192 verified=3 completion=3 alternatives=3
INSTRUMENTATION_STATUS_CODE: 0
INSTRUMENTATION_STATUS: top_seven_measurement=v1 id=58 strategy=1 round=1 wall_ns=2449208 cpu_ns=2454292 states=2200 verified=48 completion=0 alternatives=7
INSTRUMENTATION_STATUS_CODE: 0
INSTRUMENTATION_STATUS: top_seven_measurement=v1 id=58 strategy=0 round=1 wall_ns=1336625 cpu_ns=1339125 states=970 verified=64 completion=4 alternatives=7
INSTRUMENTATION_STATUS_CODE: 0
INSTRUMENTATION_STATUS: top_seven_measurement=v1 id=59 strategy=0 round=1 wall_ns=2414958 cpu_ns=2418958 states=8192 verified=14 completion=3 alternatives=7
INSTRUMENTATION_STATUS_CODE: 0
INSTRUMENTATION_STATUS: top_seven_measurement=v1 id=59 strategy=1 round=1 wall_ns=4054417 cpu_ns=4057208 states=5151 verified=15 completion=0 alternatives=7
INSTRUMENTATION_STATUS_CODE: 0
INSTRUMENTATION_STATUS: top_seven_measurement=v1 id=0 strategy=0 round=2 wall_ns=2505875 cpu_ns=2510125 states=8192 verified=17 completion=3 alternatives=7
INSTRUMENTATION_STATUS_CODE: 0
INSTRUMENTATION_STATUS: top_seven_measurement=v1 id=0 strategy=1 round=2 wall_ns=5460375 cpu_ns=5465083 states=8192 verified=13 completion=3 alternatives=7
INSTRUMENTATION_STATUS_CODE: 0
INSTRUMENTATION_STATUS: top_seven_measurement=v1 id=1 strategy=1 round=2 wall_ns=1085625 cpu_ns=1090375 states=1438 verified=13 completion=0 alternatives=7
INSTRUMENTATION_STATUS_CODE: 0
INSTRUMENTATION_STATUS: top_seven_measurement=v1 id=1 strategy=0 round=2 wall_ns=689458 cpu_ns=692542 states=2144 verified=14 completion=0 alternatives=7
INSTRUMENTATION_STATUS_CODE: 0
INSTRUMENTATION_STATUS: top_seven_measurement=v1 id=2 strategy=0 round=2 wall_ns=1895375 cpu_ns=1899167 states=8192 verified=10 completion=3 alternatives=7
INSTRUMENTATION_STATUS_CODE: 0
INSTRUMENTATION_STATUS: top_seven_measurement=v1 id=2 strategy=1 round=2 wall_ns=5363875 cpu_ns=5365666 states=8192 verified=5 completion=3 alternatives=5
INSTRUMENTATION_STATUS_CODE: 0
INSTRUMENTATION_STATUS: top_seven_measurement=v1 id=3 strategy=1 round=2 wall_ns=4280750 cpu_ns=4282833 states=6441 verified=57 completion=0 alternatives=7
INSTRUMENTATION_STATUS_CODE: 0
INSTRUMENTATION_STATUS: top_seven_measurement=v1 id=3 strategy=0 round=2 wall_ns=2048584 cpu_ns=2052375 states=8192 verified=33 completion=3 alternatives=7
INSTRUMENTATION_STATUS_CODE: 0
INSTRUMENTATION_STATUS: top_seven_measurement=v1 id=4 strategy=0 round=2 wall_ns=1943333 cpu_ns=1944334 states=8192 verified=7 completion=3 alternatives=7
INSTRUMENTATION_STATUS_CODE: 0
INSTRUMENTATION_STATUS: top_seven_measurement=v1 id=4 strategy=1 round=2 wall_ns=5301833 cpu_ns=5303500 states=8192 verified=7 completion=3 alternatives=7
INSTRUMENTATION_STATUS_CODE: 0
INSTRUMENTATION_STATUS: top_seven_measurement=v1 id=5 strategy=1 round=2 wall_ns=2065417 cpu_ns=2070000 states=2139 verified=59 completion=0 alternatives=7
INSTRUMENTATION_STATUS_CODE: 0
INSTRUMENTATION_STATUS: top_seven_measurement=v1 id=5 strategy=0 round=2 wall_ns=2747042 cpu_ns=2750583 states=8192 verified=49 completion=3 alternatives=7
INSTRUMENTATION_STATUS_CODE: 0
INSTRUMENTATION_STATUS: top_seven_measurement=v1 id=6 strategy=0 round=2 wall_ns=2113542 cpu_ns=2115750 states=8192 verified=37 completion=3 alternatives=7
INSTRUMENTATION_STATUS_CODE: 0
INSTRUMENTATION_STATUS: top_seven_measurement=v1 id=6 strategy=1 round=2 wall_ns=3384125 cpu_ns=3386125 states=5398 verified=16 completion=0 alternatives=7
INSTRUMENTATION_STATUS_CODE: 0
INSTRUMENTATION_STATUS: top_seven_measurement=v1 id=7 strategy=1 round=2 wall_ns=6223417 cpu_ns=5425123 states=5678 verified=45 completion=0 alternatives=7
INSTRUMENTATION_STATUS_CODE: 0
INSTRUMENTATION_STATUS: top_seven_measurement=v1 id=7 strategy=0 round=2 wall_ns=1731166 cpu_ns=1732541 states=4050 verified=64 completion=4 alternatives=7
INSTRUMENTATION_STATUS_CODE: 0
INSTRUMENTATION_STATUS: top_seven_measurement=v1 id=8 strategy=0 round=2 wall_ns=1394541 cpu_ns=1398333 states=1838 verified=64 completion=4 alternatives=7
INSTRUMENTATION_STATUS_CODE: 0
INSTRUMENTATION_STATUS: top_seven_measurement=v1 id=8 strategy=1 round=2 wall_ns=1894000 cpu_ns=1896042 states=1503 verified=64 completion=4 alternatives=7
INSTRUMENTATION_STATUS_CODE: 0
INSTRUMENTATION_STATUS: top_seven_measurement=v1 id=9 strategy=1 round=2 wall_ns=3524334 cpu_ns=3527959 states=4662 verified=13 completion=0 alternatives=7
INSTRUMENTATION_STATUS_CODE: 0
INSTRUMENTATION_STATUS: top_seven_measurement=v1 id=9 strategy=0 round=2 wall_ns=1882750 cpu_ns=1888042 states=8192 verified=13 completion=3 alternatives=7
INSTRUMENTATION_STATUS_CODE: 0
INSTRUMENTATION_STATUS: top_seven_measurement=v1 id=10 strategy=0 round=2 wall_ns=1018542 cpu_ns=1020042 states=3038 verified=57 completion=0 alternatives=7
INSTRUMENTATION_STATUS_CODE: 0
INSTRUMENTATION_STATUS: top_seven_measurement=v1 id=10 strategy=1 round=2 wall_ns=1107667 cpu_ns=1110667 states=1917 verified=42 completion=0 alternatives=7
INSTRUMENTATION_STATUS_CODE: 0
INSTRUMENTATION_STATUS: top_seven_measurement=v1 id=11 strategy=1 round=2 wall_ns=5840500 cpu_ns=5841667 states=8192 verified=49 completion=3 alternatives=7
INSTRUMENTATION_STATUS_CODE: 0
INSTRUMENTATION_STATUS: top_seven_measurement=v1 id=11 strategy=0 round=2 wall_ns=2113709 cpu_ns=2115250 states=8192 verified=34 completion=3 alternatives=7
INSTRUMENTATION_STATUS_CODE: 0
INSTRUMENTATION_STATUS: top_seven_measurement=v1 id=12 strategy=0 round=2 wall_ns=882500 cpu_ns=883958 states=3316 verified=21 completion=0 alternatives=7
INSTRUMENTATION_STATUS_CODE: 0
INSTRUMENTATION_STATUS: top_seven_measurement=v1 id=12 strategy=1 round=2 wall_ns=1003709 cpu_ns=1005208 states=1986 verified=15 completion=0 alternatives=7
INSTRUMENTATION_STATUS_CODE: 0
INSTRUMENTATION_STATUS: top_seven_measurement=v1 id=13 strategy=1 round=2 wall_ns=2395541 cpu_ns=2397083 states=2999 verified=64 completion=4 alternatives=7
INSTRUMENTATION_STATUS_CODE: 0
INSTRUMENTATION_STATUS: top_seven_measurement=v1 id=13 strategy=0 round=2 wall_ns=1994000 cpu_ns=1995541 states=8192 verified=42 completion=3 alternatives=7
INSTRUMENTATION_STATUS_CODE: 0
INSTRUMENTATION_STATUS: top_seven_measurement=v1 id=14 strategy=0 round=2 wall_ns=1643542 cpu_ns=1645041 states=8192 verified=0 completion=3 alternatives=0
INSTRUMENTATION_STATUS_CODE: 0
INSTRUMENTATION_STATUS: top_seven_measurement=v1 id=14 strategy=1 round=2 wall_ns=6100250 cpu_ns=6107334 states=8192 verified=1 completion=3 alternatives=1
INSTRUMENTATION_STATUS_CODE: 0
INSTRUMENTATION_STATUS: top_seven_measurement=v1 id=15 strategy=1 round=2 wall_ns=634292 cpu_ns=635167 states=1324 verified=9 completion=0 alternatives=7
INSTRUMENTATION_STATUS_CODE: 0
INSTRUMENTATION_STATUS: top_seven_measurement=v1 id=15 strategy=0 round=2 wall_ns=765708 cpu_ns=769459 states=2138 verified=16 completion=0 alternatives=7
INSTRUMENTATION_STATUS_CODE: 0
INSTRUMENTATION_STATUS: top_seven_measurement=v1 id=16 strategy=0 round=2 wall_ns=2006459 cpu_ns=2008417 states=8192 verified=15 completion=3 alternatives=7
INSTRUMENTATION_STATUS_CODE: 0
INSTRUMENTATION_STATUS: top_seven_measurement=v1 id=16 strategy=1 round=2 wall_ns=5474708 cpu_ns=5479667 states=8192 verified=14 completion=3 alternatives=7
INSTRUMENTATION_STATUS_CODE: 0
INSTRUMENTATION_STATUS: top_seven_measurement=v1 id=17 strategy=1 round=2 wall_ns=5533875 cpu_ns=5538208 states=8192 verified=2 completion=3 alternatives=2
INSTRUMENTATION_STATUS_CODE: 0
INSTRUMENTATION_STATUS: top_seven_measurement=v1 id=17 strategy=0 round=2 wall_ns=2094292 cpu_ns=2097708 states=8192 verified=1 completion=3 alternatives=1
INSTRUMENTATION_STATUS_CODE: 0
INSTRUMENTATION_STATUS: top_seven_measurement=v1 id=18 strategy=0 round=2 wall_ns=820166 cpu_ns=821250 states=3409 verified=5 completion=0 alternatives=5
INSTRUMENTATION_STATUS_CODE: 0
INSTRUMENTATION_STATUS: top_seven_measurement=v1 id=18 strategy=1 round=2 wall_ns=1455792 cpu_ns=1457416 states=3409 verified=5 completion=0 alternatives=5
INSTRUMENTATION_STATUS_CODE: 0
INSTRUMENTATION_STATUS: top_seven_measurement=v1 id=19 strategy=1 round=2 wall_ns=911209 cpu_ns=914292 states=1121 verified=50 completion=0 alternatives=7
INSTRUMENTATION_STATUS_CODE: 0
INSTRUMENTATION_STATUS: top_seven_measurement=v1 id=19 strategy=0 round=2 wall_ns=840709 cpu_ns=844375 states=1668 verified=52 completion=0 alternatives=7
INSTRUMENTATION_STATUS_CODE: 0
INSTRUMENTATION_STATUS: top_seven_measurement=v1 id=20 strategy=0 round=2 wall_ns=2112833 cpu_ns=2114625 states=8192 verified=12 completion=3 alternatives=7
INSTRUMENTATION_STATUS_CODE: 0
INSTRUMENTATION_STATUS: top_seven_measurement=v1 id=20 strategy=1 round=2 wall_ns=3127042 cpu_ns=3130833 states=2619 verified=64 completion=4 alternatives=7
INSTRUMENTATION_STATUS_CODE: 0
INSTRUMENTATION_STATUS: top_seven_measurement=v1 id=21 strategy=1 round=2 wall_ns=4802250 cpu_ns=4803291 states=5806 verified=21 completion=0 alternatives=7
INSTRUMENTATION_STATUS_CODE: 0
INSTRUMENTATION_STATUS: top_seven_measurement=v1 id=21 strategy=0 round=2 wall_ns=2816875 cpu_ns=2818417 states=8192 verified=44 completion=3 alternatives=7
INSTRUMENTATION_STATUS_CODE: 0
INSTRUMENTATION_STATUS: top_seven_measurement=v1 id=22 strategy=0 round=2 wall_ns=728167 cpu_ns=731583 states=1937 verified=11 completion=0 alternatives=7
INSTRUMENTATION_STATUS_CODE: 0
INSTRUMENTATION_STATUS: top_seven_measurement=v1 id=22 strategy=1 round=2 wall_ns=1004208 cpu_ns=1005375 states=1928 verified=10 completion=0 alternatives=7
INSTRUMENTATION_STATUS_CODE: 0
INSTRUMENTATION_STATUS: top_seven_measurement=v1 id=23 strategy=1 round=2 wall_ns=959750 cpu_ns=960833 states=1455 verified=24 completion=0 alternatives=7
INSTRUMENTATION_STATUS_CODE: 0
INSTRUMENTATION_STATUS: top_seven_measurement=v1 id=23 strategy=0 round=2 wall_ns=583541 cpu_ns=585208 states=1462 verified=25 completion=0 alternatives=7
INSTRUMENTATION_STATUS_CODE: 0
INSTRUMENTATION_STATUS: top_seven_measurement=v1 id=24 strategy=0 round=2 wall_ns=589417 cpu_ns=593250 states=1273 verified=29 completion=0 alternatives=7
INSTRUMENTATION_STATUS_CODE: 0
INSTRUMENTATION_STATUS: top_seven_measurement=v1 id=24 strategy=1 round=2 wall_ns=746709 cpu_ns=748542 states=1273 verified=29 completion=0 alternatives=7
INSTRUMENTATION_STATUS_CODE: 0
INSTRUMENTATION_STATUS: top_seven_measurement=v1 id=25 strategy=1 round=2 wall_ns=4768542 cpu_ns=4774042 states=6796 verified=11 completion=0 alternatives=7
INSTRUMENTATION_STATUS_CODE: 0
INSTRUMENTATION_STATUS: top_seven_measurement=v1 id=25 strategy=0 round=2 wall_ns=2085292 cpu_ns=2086666 states=8192 verified=18 completion=3 alternatives=7
INSTRUMENTATION_STATUS_CODE: 0
INSTRUMENTATION_STATUS: top_seven_measurement=v1 id=26 strategy=0 round=2 wall_ns=2668583 cpu_ns=2673041 states=8192 verified=22 completion=3 alternatives=7
INSTRUMENTATION_STATUS_CODE: 0
INSTRUMENTATION_STATUS: top_seven_measurement=v1 id=26 strategy=1 round=2 wall_ns=3538458 cpu_ns=3555208 states=4889 verified=39 completion=0 alternatives=7
INSTRUMENTATION_STATUS_CODE: 0
INSTRUMENTATION_STATUS: top_seven_measurement=v1 id=27 strategy=1 round=2 wall_ns=848667 cpu_ns=849791 states=1508 verified=8 completion=0 alternatives=7
INSTRUMENTATION_STATUS_CODE: 0
INSTRUMENTATION_STATUS: top_seven_measurement=v1 id=27 strategy=0 round=2 wall_ns=603750 cpu_ns=607334 states=1508 verified=8 completion=0 alternatives=7
INSTRUMENTATION_STATUS_CODE: 0
INSTRUMENTATION_STATUS: top_seven_measurement=v1 id=28 strategy=0 round=2 wall_ns=1551458 cpu_ns=1554542 states=2798 verified=64 completion=4 alternatives=7
INSTRUMENTATION_STATUS_CODE: 0
INSTRUMENTATION_STATUS: top_seven_measurement=v1 id=28 strategy=1 round=2 wall_ns=3337250 cpu_ns=3339750 states=4469 verified=63 completion=0 alternatives=7
INSTRUMENTATION_STATUS_CODE: 0
INSTRUMENTATION_STATUS: top_seven_measurement=v1 id=29 strategy=1 round=2 wall_ns=5088459 cpu_ns=5090583 states=7060 verified=55 completion=0 alternatives=7
INSTRUMENTATION_STATUS_CODE: 0
INSTRUMENTATION_STATUS: top_seven_measurement=v1 id=29 strategy=0 round=2 wall_ns=2628125 cpu_ns=2632792 states=6682 verified=64 completion=4 alternatives=7
INSTRUMENTATION_STATUS_CODE: 0
INSTRUMENTATION_STATUS: top_seven_measurement=v1 id=30 strategy=0 round=2 wall_ns=3157916 cpu_ns=3162209 states=7644 verified=64 completion=4 alternatives=7
INSTRUMENTATION_STATUS_CODE: 0
INSTRUMENTATION_STATUS: top_seven_measurement=v1 id=30 strategy=1 round=2 wall_ns=2157209 cpu_ns=2161042 states=2206 verified=64 completion=4 alternatives=7
INSTRUMENTATION_STATUS_CODE: 0
INSTRUMENTATION_STATUS: top_seven_measurement=v1 id=31 strategy=1 round=2 wall_ns=4805833 cpu_ns=4807125 states=6727 verified=12 completion=0 alternatives=7
INSTRUMENTATION_STATUS_CODE: 0
INSTRUMENTATION_STATUS: top_seven_measurement=v1 id=31 strategy=0 round=2 wall_ns=2685250 cpu_ns=2689458 states=8192 verified=27 completion=3 alternatives=7
INSTRUMENTATION_STATUS_CODE: 0
INSTRUMENTATION_STATUS: top_seven_measurement=v1 id=32 strategy=0 round=2 wall_ns=2529792 cpu_ns=2531250 states=8192 verified=47 completion=3 alternatives=7
INSTRUMENTATION_STATUS_CODE: 0
INSTRUMENTATION_STATUS: top_seven_measurement=v1 id=32 strategy=1 round=2 wall_ns=4286833 cpu_ns=4291167 states=5006 verified=47 completion=0 alternatives=7
INSTRUMENTATION_STATUS_CODE: 0
INSTRUMENTATION_STATUS: top_seven_measurement=v1 id=33 strategy=1 round=2 wall_ns=2260500 cpu_ns=2262166 states=3501 verified=18 completion=0 alternatives=7
INSTRUMENTATION_STATUS_CODE: 0
INSTRUMENTATION_STATUS: top_seven_measurement=v1 id=33 strategy=0 round=2 wall_ns=2325583 cpu_ns=2327334 states=8192 verified=41 completion=3 alternatives=7
INSTRUMENTATION_STATUS_CODE: 0
INSTRUMENTATION_STATUS: top_seven_measurement=v1 id=34 strategy=0 round=2 wall_ns=2446333 cpu_ns=2451417 states=8192 verified=5 completion=3 alternatives=5
INSTRUMENTATION_STATUS_CODE: 0
INSTRUMENTATION_STATUS: top_seven_measurement=v1 id=34 strategy=1 round=2 wall_ns=5979459 cpu_ns=5983000 states=8192 verified=26 completion=3 alternatives=7
INSTRUMENTATION_STATUS_CODE: 0
INSTRUMENTATION_STATUS: top_seven_measurement=v1 id=35 strategy=1 round=2 wall_ns=7051208 cpu_ns=6585081 states=8192 verified=25 completion=3 alternatives=7
INSTRUMENTATION_STATUS_CODE: 0
INSTRUMENTATION_STATUS: top_seven_measurement=v1 id=35 strategy=0 round=2 wall_ns=2889416 cpu_ns=2893708 states=8192 verified=26 completion=3 alternatives=7
INSTRUMENTATION_STATUS_CODE: 0
INSTRUMENTATION_STATUS: top_seven_measurement=v1 id=36 strategy=0 round=2 wall_ns=2002916 cpu_ns=2005833 states=8192 verified=13 completion=3 alternatives=7
INSTRUMENTATION_STATUS_CODE: 0
INSTRUMENTATION_STATUS: top_seven_measurement=v1 id=36 strategy=1 round=2 wall_ns=2033209 cpu_ns=2034541 states=2213 verified=48 completion=0 alternatives=7
INSTRUMENTATION_STATUS_CODE: 0
INSTRUMENTATION_STATUS: top_seven_measurement=v1 id=37 strategy=1 round=2 wall_ns=6105042 cpu_ns=6109708 states=8192 verified=5 completion=3 alternatives=5
INSTRUMENTATION_STATUS_CODE: 0
INSTRUMENTATION_STATUS: top_seven_measurement=v1 id=37 strategy=0 round=2 wall_ns=2160458 cpu_ns=2164958 states=8192 verified=5 completion=3 alternatives=5
INSTRUMENTATION_STATUS_CODE: 0
INSTRUMENTATION_STATUS: top_seven_measurement=v1 id=38 strategy=0 round=2 wall_ns=2092500 cpu_ns=2095917 states=8192 verified=5 completion=3 alternatives=5
INSTRUMENTATION_STATUS_CODE: 0
INSTRUMENTATION_STATUS: top_seven_measurement=v1 id=38 strategy=1 round=2 wall_ns=6419625 cpu_ns=6421125 states=8192 verified=29 completion=3 alternatives=7
INSTRUMENTATION_STATUS_CODE: 0
INSTRUMENTATION_STATUS: top_seven_measurement=v1 id=39 strategy=1 round=2 wall_ns=2423750 cpu_ns=2427459 states=1873 verified=64 completion=4 alternatives=7
INSTRUMENTATION_STATUS_CODE: 0
INSTRUMENTATION_STATUS: top_seven_measurement=v1 id=39 strategy=0 round=2 wall_ns=1819041 cpu_ns=1820166 states=4858 verified=64 completion=4 alternatives=7
INSTRUMENTATION_STATUS_CODE: 0
INSTRUMENTATION_STATUS: top_seven_measurement=v1 id=40 strategy=0 round=2 wall_ns=924542 cpu_ns=927500 states=1943 verified=60 completion=0 alternatives=7
INSTRUMENTATION_STATUS_CODE: 0
INSTRUMENTATION_STATUS: top_seven_measurement=v1 id=40 strategy=1 round=2 wall_ns=823500 cpu_ns=827542 states=1119 verified=42 completion=0 alternatives=7
INSTRUMENTATION_STATUS_CODE: 0
INSTRUMENTATION_STATUS: top_seven_measurement=v1 id=41 strategy=1 round=2 wall_ns=1769250 cpu_ns=1772792 states=3007 verified=13 completion=0 alternatives=7
INSTRUMENTATION_STATUS_CODE: 0
INSTRUMENTATION_STATUS: top_seven_measurement=v1 id=41 strategy=0 round=2 wall_ns=756542 cpu_ns=758084 states=3014 verified=13 completion=0 alternatives=7
INSTRUMENTATION_STATUS_CODE: 0
INSTRUMENTATION_STATUS: top_seven_measurement=v1 id=42 strategy=0 round=2 wall_ns=862708 cpu_ns=864209 states=2621 verified=56 completion=0 alternatives=7
INSTRUMENTATION_STATUS_CODE: 0
INSTRUMENTATION_STATUS: top_seven_measurement=v1 id=42 strategy=1 round=2 wall_ns=641667 cpu_ns=643250 states=1399 verified=41 completion=0 alternatives=7
INSTRUMENTATION_STATUS_CODE: 0
INSTRUMENTATION_STATUS: top_seven_measurement=v1 id=43 strategy=1 round=2 wall_ns=3328041 cpu_ns=3328958 states=4904 verified=13 completion=0 alternatives=7
INSTRUMENTATION_STATUS_CODE: 0
INSTRUMENTATION_STATUS: top_seven_measurement=v1 id=43 strategy=0 round=2 wall_ns=2579042 cpu_ns=2580917 states=8192 verified=50 completion=3 alternatives=7
INSTRUMENTATION_STATUS_CODE: 0
INSTRUMENTATION_STATUS: top_seven_measurement=v1 id=44 strategy=0 round=2 wall_ns=734125 cpu_ns=738417 states=2455 verified=10 completion=0 alternatives=4
INSTRUMENTATION_STATUS_CODE: 0
INSTRUMENTATION_STATUS: top_seven_measurement=v1 id=44 strategy=1 round=2 wall_ns=1511583 cpu_ns=1515709 states=2455 verified=10 completion=0 alternatives=4
INSTRUMENTATION_STATUS_CODE: 0
INSTRUMENTATION_STATUS: top_seven_measurement=v1 id=45 strategy=1 round=2 wall_ns=31917 cpu_ns=32917 states=28 verified=0 completion=2 alternatives=0
INSTRUMENTATION_STATUS_CODE: 0
INSTRUMENTATION_STATUS: top_seven_measurement=v1 id=45 strategy=0 round=2 wall_ns=22042 cpu_ns=22917 states=28 verified=0 completion=2 alternatives=0
INSTRUMENTATION_STATUS_CODE: 0
INSTRUMENTATION_STATUS: top_seven_measurement=v1 id=46 strategy=0 round=2 wall_ns=1374625 cpu_ns=1375583 states=2906 verified=64 completion=4 alternatives=7
INSTRUMENTATION_STATUS_CODE: 0
INSTRUMENTATION_STATUS: top_seven_measurement=v1 id=46 strategy=1 round=2 wall_ns=2030833 cpu_ns=2035000 states=2202 verified=27 completion=0 alternatives=7
INSTRUMENTATION_STATUS_CODE: 0
INSTRUMENTATION_STATUS: top_seven_measurement=v1 id=47 strategy=1 round=2 wall_ns=6207750 cpu_ns=6210209 states=8192 verified=16 completion=3 alternatives=7
INSTRUMENTATION_STATUS_CODE: 0
INSTRUMENTATION_STATUS: top_seven_measurement=v1 id=47 strategy=0 round=2 wall_ns=2212542 cpu_ns=2217084 states=8192 verified=16 completion=3 alternatives=7
INSTRUMENTATION_STATUS_CODE: 0
INSTRUMENTATION_STATUS: top_seven_measurement=v1 id=48 strategy=0 round=2 wall_ns=2027334 cpu_ns=2028666 states=5158 verified=64 completion=4 alternatives=7
INSTRUMENTATION_STATUS_CODE: 0
INSTRUMENTATION_STATUS: top_seven_measurement=v1 id=48 strategy=1 round=2 wall_ns=1637917 cpu_ns=1642125 states=1680 verified=21 completion=0 alternatives=7
INSTRUMENTATION_STATUS_CODE: 0
INSTRUMENTATION_STATUS: top_seven_measurement=v1 id=49 strategy=1 round=2 wall_ns=1111250 cpu_ns=1115250 states=1514 verified=18 completion=0 alternatives=7
INSTRUMENTATION_STATUS_CODE: 0
INSTRUMENTATION_STATUS: top_seven_measurement=v1 id=49 strategy=0 round=2 wall_ns=480959 cpu_ns=481750 states=1514 verified=18 completion=0 alternatives=7
INSTRUMENTATION_STATUS_CODE: 0
INSTRUMENTATION_STATUS: top_seven_measurement=v1 id=50 strategy=0 round=2 wall_ns=1330875 cpu_ns=1334750 states=2296 verified=64 completion=4 alternatives=7
INSTRUMENTATION_STATUS_CODE: 0
INSTRUMENTATION_STATUS: top_seven_measurement=v1 id=50 strategy=1 round=2 wall_ns=1794459 cpu_ns=1796166 states=1892 verified=64 completion=4 alternatives=7
INSTRUMENTATION_STATUS_CODE: 0
INSTRUMENTATION_STATUS: top_seven_measurement=v1 id=51 strategy=1 round=2 wall_ns=620791 cpu_ns=623708 states=740 verified=11 completion=0 alternatives=7
INSTRUMENTATION_STATUS_CODE: 0
INSTRUMENTATION_STATUS: top_seven_measurement=v1 id=51 strategy=0 round=2 wall_ns=983125 cpu_ns=984833 states=3145 verified=33 completion=0 alternatives=7
INSTRUMENTATION_STATUS_CODE: 0
INSTRUMENTATION_STATUS: top_seven_measurement=v1 id=52 strategy=0 round=2 wall_ns=1967208 cpu_ns=1969125 states=8192 verified=4 completion=3 alternatives=4
INSTRUMENTATION_STATUS_CODE: 0
INSTRUMENTATION_STATUS: top_seven_measurement=v1 id=52 strategy=1 round=2 wall_ns=7097417 cpu_ns=7101374 states=8192 verified=4 completion=3 alternatives=4
INSTRUMENTATION_STATUS_CODE: 0
INSTRUMENTATION_STATUS: top_seven_measurement=v1 id=53 strategy=1 round=2 wall_ns=879084 cpu_ns=880250 states=1667 verified=10 completion=0 alternatives=7
INSTRUMENTATION_STATUS_CODE: 0
INSTRUMENTATION_STATUS: top_seven_measurement=v1 id=53 strategy=0 round=2 wall_ns=768125 cpu_ns=769500 states=2924 verified=17 completion=0 alternatives=7
INSTRUMENTATION_STATUS_CODE: 0
INSTRUMENTATION_STATUS: top_seven_measurement=v1 id=54 strategy=0 round=2 wall_ns=2151250 cpu_ns=2152875 states=8192 verified=20 completion=3 alternatives=7
INSTRUMENTATION_STATUS_CODE: 0
INSTRUMENTATION_STATUS: top_seven_measurement=v1 id=54 strategy=1 round=2 wall_ns=5606292 cpu_ns=5607708 states=8192 verified=14 completion=3 alternatives=7
INSTRUMENTATION_STATUS_CODE: 0
INSTRUMENTATION_STATUS: top_seven_measurement=v1 id=55 strategy=1 round=2 wall_ns=5277750 cpu_ns=5280167 states=6979 verified=13 completion=0 alternatives=7
INSTRUMENTATION_STATUS_CODE: 0
INSTRUMENTATION_STATUS: top_seven_measurement=v1 id=55 strategy=0 round=2 wall_ns=2905667 cpu_ns=2910583 states=8192 verified=23 completion=3 alternatives=7
INSTRUMENTATION_STATUS_CODE: 0
INSTRUMENTATION_STATUS: top_seven_measurement=v1 id=56 strategy=0 round=2 wall_ns=766125 cpu_ns=767917 states=2318 verified=12 completion=0 alternatives=7
INSTRUMENTATION_STATUS_CODE: 0
INSTRUMENTATION_STATUS: top_seven_measurement=v1 id=56 strategy=1 round=2 wall_ns=776625 cpu_ns=779000 states=1277 verified=8 completion=0 alternatives=7
INSTRUMENTATION_STATUS_CODE: 0
INSTRUMENTATION_STATUS: top_seven_measurement=v1 id=57 strategy=1 round=2 wall_ns=5898250 cpu_ns=5900917 states=8192 verified=3 completion=3 alternatives=3
INSTRUMENTATION_STATUS_CODE: 0
INSTRUMENTATION_STATUS: top_seven_measurement=v1 id=57 strategy=0 round=2 wall_ns=2182500 cpu_ns=2186875 states=8192 verified=6 completion=3 alternatives=6
INSTRUMENTATION_STATUS_CODE: 0
INSTRUMENTATION_STATUS: top_seven_measurement=v1 id=58 strategy=0 round=2 wall_ns=1112083 cpu_ns=1113000 states=970 verified=64 completion=4 alternatives=7
INSTRUMENTATION_STATUS_CODE: 0
INSTRUMENTATION_STATUS: top_seven_measurement=v1 id=58 strategy=1 round=2 wall_ns=2289042 cpu_ns=2292417 states=2200 verified=48 completion=0 alternatives=7
INSTRUMENTATION_STATUS_CODE: 0
INSTRUMENTATION_STATUS: top_seven_measurement=v1 id=59 strategy=1 round=2 wall_ns=3657000 cpu_ns=3658417 states=5151 verified=15 completion=0 alternatives=7
INSTRUMENTATION_STATUS_CODE: 0
INSTRUMENTATION_STATUS: top_seven_measurement=v1 id=59 strategy=0 round=2 wall_ns=2005708 cpu_ns=2007333 states=8192 verified=14 completion=3 alternatives=7
INSTRUMENTATION_STATUS_CODE: 0
INSTRUMENTATION_STATUS: top_seven_measurement=v1 id=0 strategy=1 round=3 wall_ns=5478500 cpu_ns=5480500 states=8192 verified=13 completion=3 alternatives=7
INSTRUMENTATION_STATUS_CODE: 0
INSTRUMENTATION_STATUS: top_seven_measurement=v1 id=0 strategy=0 round=3 wall_ns=1939166 cpu_ns=1940458 states=8192 verified=17 completion=3 alternatives=7
INSTRUMENTATION_STATUS_CODE: 0
INSTRUMENTATION_STATUS: top_seven_measurement=v1 id=1 strategy=0 round=3 wall_ns=749750 cpu_ns=754167 states=2144 verified=14 completion=0 alternatives=7
INSTRUMENTATION_STATUS_CODE: 0
INSTRUMENTATION_STATUS: top_seven_measurement=v1 id=1 strategy=1 round=3 wall_ns=817875 cpu_ns=820292 states=1438 verified=13 completion=0 alternatives=7
INSTRUMENTATION_STATUS_CODE: 0
INSTRUMENTATION_STATUS: top_seven_measurement=v1 id=2 strategy=1 round=3 wall_ns=5676625 cpu_ns=5678084 states=8192 verified=5 completion=3 alternatives=5
INSTRUMENTATION_STATUS_CODE: 0
INSTRUMENTATION_STATUS: top_seven_measurement=v1 id=2 strategy=0 round=3 wall_ns=1933583 cpu_ns=1935375 states=8192 verified=10 completion=3 alternatives=7
INSTRUMENTATION_STATUS_CODE: 0
INSTRUMENTATION_STATUS: top_seven_measurement=v1 id=3 strategy=0 round=3 wall_ns=2302083 cpu_ns=2306667 states=8192 verified=33 completion=3 alternatives=7
INSTRUMENTATION_STATUS_CODE: 0
INSTRUMENTATION_STATUS: top_seven_measurement=v1 id=3 strategy=1 round=3 wall_ns=4433375 cpu_ns=4435167 states=6441 verified=57 completion=0 alternatives=7
INSTRUMENTATION_STATUS_CODE: 0
INSTRUMENTATION_STATUS: top_seven_measurement=v1 id=4 strategy=1 round=3 wall_ns=5828500 cpu_ns=5832417 states=8192 verified=7 completion=3 alternatives=7
INSTRUMENTATION_STATUS_CODE: 0
INSTRUMENTATION_STATUS: top_seven_measurement=v1 id=4 strategy=0 round=3 wall_ns=1908417 cpu_ns=1910792 states=8192 verified=7 completion=3 alternatives=7
INSTRUMENTATION_STATUS_CODE: 0
INSTRUMENTATION_STATUS: top_seven_measurement=v1 id=5 strategy=0 round=3 wall_ns=2188333 cpu_ns=2189708 states=8192 verified=49 completion=3 alternatives=7
INSTRUMENTATION_STATUS_CODE: 0
INSTRUMENTATION_STATUS: top_seven_measurement=v1 id=5 strategy=1 round=3 wall_ns=2759625 cpu_ns=2229999 states=2139 verified=59 completion=0 alternatives=7
INSTRUMENTATION_STATUS_CODE: 0
INSTRUMENTATION_STATUS: top_seven_measurement=v1 id=6 strategy=1 round=3 wall_ns=3488750 cpu_ns=3490666 states=5398 verified=16 completion=0 alternatives=7
INSTRUMENTATION_STATUS_CODE: 0
INSTRUMENTATION_STATUS: top_seven_measurement=v1 id=6 strategy=0 round=3 wall_ns=2241333 cpu_ns=2242625 states=8192 verified=37 completion=3 alternatives=7
INSTRUMENTATION_STATUS_CODE: 0
INSTRUMENTATION_STATUS: top_seven_measurement=v1 id=7 strategy=0 round=3 wall_ns=1766041 cpu_ns=1766958 states=4050 verified=64 completion=4 alternatives=7
INSTRUMENTATION_STATUS_CODE: 0
INSTRUMENTATION_STATUS: top_seven_measurement=v1 id=7 strategy=1 round=3 wall_ns=4497333 cpu_ns=4499459 states=5678 verified=45 completion=0 alternatives=7
INSTRUMENTATION_STATUS_CODE: 0
INSTRUMENTATION_STATUS: top_seven_measurement=v1 id=8 strategy=1 round=3 wall_ns=1574583 cpu_ns=1576167 states=1503 verified=64 completion=4 alternatives=7
INSTRUMENTATION_STATUS_CODE: 0
INSTRUMENTATION_STATUS: top_seven_measurement=v1 id=8 strategy=0 round=3 wall_ns=1217583 cpu_ns=1221167 states=1838 verified=64 completion=4 alternatives=7
INSTRUMENTATION_STATUS_CODE: 0
INSTRUMENTATION_STATUS: top_seven_measurement=v1 id=9 strategy=0 round=3 wall_ns=1823125 cpu_ns=1824542 states=8192 verified=13 completion=3 alternatives=7
INSTRUMENTATION_STATUS_CODE: 0
INSTRUMENTATION_STATUS: top_seven_measurement=v1 id=9 strategy=1 round=3 wall_ns=2929458 cpu_ns=2931000 states=4662 verified=13 completion=0 alternatives=7
INSTRUMENTATION_STATUS_CODE: 0
INSTRUMENTATION_STATUS: top_seven_measurement=v1 id=10 strategy=1 round=3 wall_ns=1239083 cpu_ns=1242875 states=1917 verified=42 completion=0 alternatives=7
INSTRUMENTATION_STATUS_CODE: 0
INSTRUMENTATION_STATUS: top_seven_measurement=v1 id=10 strategy=0 round=3 wall_ns=1059250 cpu_ns=1060125 states=3038 verified=57 completion=0 alternatives=7
INSTRUMENTATION_STATUS_CODE: 0
INSTRUMENTATION_STATUS: top_seven_measurement=v1 id=11 strategy=0 round=3 wall_ns=2193833 cpu_ns=2195125 states=8192 verified=34 completion=3 alternatives=7
INSTRUMENTATION_STATUS_CODE: 0
INSTRUMENTATION_STATUS: top_seven_measurement=v1 id=11 strategy=1 round=3 wall_ns=6060166 cpu_ns=6061542 states=8192 verified=49 completion=3 alternatives=7
INSTRUMENTATION_STATUS_CODE: 0
INSTRUMENTATION_STATUS: top_seven_measurement=v1 id=12 strategy=1 round=3 wall_ns=1023000 cpu_ns=1024875 states=1986 verified=15 completion=0 alternatives=7
INSTRUMENTATION_STATUS_CODE: 0
INSTRUMENTATION_STATUS: top_seven_measurement=v1 id=12 strategy=0 round=3 wall_ns=993500 cpu_ns=997083 states=3316 verified=21 completion=0 alternatives=7
INSTRUMENTATION_STATUS_CODE: 0
INSTRUMENTATION_STATUS: top_seven_measurement=v1 id=13 strategy=0 round=3 wall_ns=2242625 cpu_ns=2248083 states=8192 verified=42 completion=3 alternatives=7
INSTRUMENTATION_STATUS_CODE: 0
INSTRUMENTATION_STATUS: top_seven_measurement=v1 id=13 strategy=1 round=3 wall_ns=2415959 cpu_ns=2417041 states=2999 verified=64 completion=4 alternatives=7
INSTRUMENTATION_STATUS_CODE: 0
INSTRUMENTATION_STATUS: top_seven_measurement=v1 id=14 strategy=1 round=3 wall_ns=5848833 cpu_ns=5851959 states=8192 verified=1 completion=3 alternatives=1
INSTRUMENTATION_STATUS_CODE: 0
INSTRUMENTATION_STATUS: top_seven_measurement=v1 id=14 strategy=0 round=3 wall_ns=1904125 cpu_ns=1906250 states=8192 verified=0 completion=3 alternatives=0
INSTRUMENTATION_STATUS_CODE: 0
INSTRUMENTATION_STATUS: top_seven_measurement=v1 id=15 strategy=0 round=3 wall_ns=576125 cpu_ns=577250 states=2138 verified=16 completion=0 alternatives=7
INSTRUMENTATION_STATUS_CODE: 0
INSTRUMENTATION_STATUS: top_seven_measurement=v1 id=15 strategy=1 round=3 wall_ns=651208 cpu_ns=652458 states=1324 verified=9 completion=0 alternatives=7
INSTRUMENTATION_STATUS_CODE: 0
INSTRUMENTATION_STATUS: top_seven_measurement=v1 id=16 strategy=1 round=3 wall_ns=5526500 cpu_ns=5530417 states=8192 verified=14 completion=3 alternatives=7
INSTRUMENTATION_STATUS_CODE: 0
INSTRUMENTATION_STATUS: top_seven_measurement=v1 id=16 strategy=0 round=3 wall_ns=1945333 cpu_ns=1947083 states=8192 verified=15 completion=3 alternatives=7
INSTRUMENTATION_STATUS_CODE: 0
INSTRUMENTATION_STATUS: top_seven_measurement=v1 id=17 strategy=0 round=3 wall_ns=1713792 cpu_ns=1717208 states=8192 verified=1 completion=3 alternatives=1
INSTRUMENTATION_STATUS_CODE: 0
INSTRUMENTATION_STATUS: top_seven_measurement=v1 id=17 strategy=1 round=3 wall_ns=5527000 cpu_ns=5530333 states=8192 verified=2 completion=3 alternatives=2
INSTRUMENTATION_STATUS_CODE: 0
INSTRUMENTATION_STATUS: top_seven_measurement=v1 id=18 strategy=1 round=3 wall_ns=1852708 cpu_ns=1856708 states=3409 verified=5 completion=0 alternatives=5
INSTRUMENTATION_STATUS_CODE: 0
INSTRUMENTATION_STATUS: top_seven_measurement=v1 id=18 strategy=0 round=3 wall_ns=1011750 cpu_ns=1015791 states=3409 verified=5 completion=0 alternatives=5
INSTRUMENTATION_STATUS_CODE: 0
INSTRUMENTATION_STATUS: top_seven_measurement=v1 id=19 strategy=0 round=3 wall_ns=613084 cpu_ns=613875 states=1668 verified=52 completion=0 alternatives=7
INSTRUMENTATION_STATUS_CODE: 0
INSTRUMENTATION_STATUS: top_seven_measurement=v1 id=19 strategy=1 round=3 wall_ns=714041 cpu_ns=717583 states=1121 verified=50 completion=0 alternatives=7
INSTRUMENTATION_STATUS_CODE: 0
INSTRUMENTATION_STATUS: top_seven_measurement=v1 id=20 strategy=1 round=3 wall_ns=2739625 cpu_ns=2740750 states=2619 verified=64 completion=4 alternatives=7
INSTRUMENTATION_STATUS_CODE: 0
INSTRUMENTATION_STATUS: top_seven_measurement=v1 id=20 strategy=0 round=3 wall_ns=2164833 cpu_ns=2166375 states=8192 verified=12 completion=3 alternatives=7
INSTRUMENTATION_STATUS_CODE: 0
INSTRUMENTATION_STATUS: top_seven_measurement=v1 id=21 strategy=0 round=3 wall_ns=2760833 cpu_ns=2762375 states=8192 verified=44 completion=3 alternatives=7
INSTRUMENTATION_STATUS_CODE: 0
INSTRUMENTATION_STATUS: top_seven_measurement=v1 id=21 strategy=1 round=3 wall_ns=4665500 cpu_ns=4666750 states=5806 verified=21 completion=0 alternatives=7
INSTRUMENTATION_STATUS_CODE: 0
INSTRUMENTATION_STATUS: top_seven_measurement=v1 id=22 strategy=1 round=3 wall_ns=1051792 cpu_ns=1053125 states=1928 verified=10 completion=0 alternatives=7
INSTRUMENTATION_STATUS_CODE: 0
INSTRUMENTATION_STATUS: top_seven_measurement=v1 id=22 strategy=0 round=3 wall_ns=508292 cpu_ns=509458 states=1937 verified=11 completion=0 alternatives=7
INSTRUMENTATION_STATUS_CODE: 0
INSTRUMENTATION_STATUS: top_seven_measurement=v1 id=23 strategy=0 round=3 wall_ns=590459 cpu_ns=591709 states=1462 verified=25 completion=0 alternatives=7
INSTRUMENTATION_STATUS_CODE: 0
INSTRUMENTATION_STATUS: top_seven_measurement=v1 id=23 strategy=1 round=3 wall_ns=1306208 cpu_ns=1310708 states=1455 verified=24 completion=0 alternatives=7
INSTRUMENTATION_STATUS_CODE: 0
INSTRUMENTATION_STATUS: top_seven_measurement=v1 id=24 strategy=1 round=3 wall_ns=765875 cpu_ns=767750 states=1273 verified=29 completion=0 alternatives=7
INSTRUMENTATION_STATUS_CODE: 0
INSTRUMENTATION_STATUS: top_seven_measurement=v1 id=24 strategy=0 round=3 wall_ns=589833 cpu_ns=593709 states=1273 verified=29 completion=0 alternatives=7
INSTRUMENTATION_STATUS_CODE: 0
INSTRUMENTATION_STATUS: top_seven_measurement=v1 id=25 strategy=0 round=3 wall_ns=2205833 cpu_ns=2208750 states=8192 verified=18 completion=3 alternatives=7
INSTRUMENTATION_STATUS_CODE: 0
INSTRUMENTATION_STATUS: top_seven_measurement=v1 id=25 strategy=1 round=3 wall_ns=5021541 cpu_ns=5026083 states=6796 verified=11 completion=0 alternatives=7
INSTRUMENTATION_STATUS_CODE: 0
INSTRUMENTATION_STATUS: top_seven_measurement=v1 id=26 strategy=1 round=3 wall_ns=3702208 cpu_ns=3703667 states=4889 verified=39 completion=0 alternatives=7
INSTRUMENTATION_STATUS_CODE: 0
INSTRUMENTATION_STATUS: top_seven_measurement=v1 id=26 strategy=0 round=3 wall_ns=2643875 cpu_ns=2648083 states=8192 verified=22 completion=3 alternatives=7
INSTRUMENTATION_STATUS_CODE: 0
INSTRUMENTATION_STATUS: top_seven_measurement=v1 id=27 strategy=0 round=3 wall_ns=608750 cpu_ns=613042 states=1508 verified=8 completion=0 alternatives=7
INSTRUMENTATION_STATUS_CODE: 0
INSTRUMENTATION_STATUS: top_seven_measurement=v1 id=27 strategy=1 round=3 wall_ns=1017375 cpu_ns=1020375 states=1508 verified=8 completion=0 alternatives=7
INSTRUMENTATION_STATUS_CODE: 0
INSTRUMENTATION_STATUS: top_seven_measurement=v1 id=28 strategy=1 round=3 wall_ns=4168084 cpu_ns=4171958 states=4469 verified=63 completion=0 alternatives=7
INSTRUMENTATION_STATUS_CODE: 0
INSTRUMENTATION_STATUS: top_seven_measurement=v1 id=28 strategy=0 round=3 wall_ns=1655833 cpu_ns=1659208 states=2798 verified=64 completion=4 alternatives=7
INSTRUMENTATION_STATUS_CODE: 0
INSTRUMENTATION_STATUS: top_seven_measurement=v1 id=29 strategy=0 round=3 wall_ns=2716500 cpu_ns=2721208 states=6682 verified=64 completion=4 alternatives=7
INSTRUMENTATION_STATUS_CODE: 0
INSTRUMENTATION_STATUS: top_seven_measurement=v1 id=29 strategy=1 round=3 wall_ns=5501959 cpu_ns=5505625 states=7060 verified=55 completion=0 alternatives=7
INSTRUMENTATION_STATUS_CODE: 0
INSTRUMENTATION_STATUS: top_seven_measurement=v1 id=30 strategy=1 round=3 wall_ns=2659208 cpu_ns=2664958 states=2206 verified=64 completion=4 alternatives=7
INSTRUMENTATION_STATUS_CODE: 0
INSTRUMENTATION_STATUS: top_seven_measurement=v1 id=30 strategy=0 round=3 wall_ns=3190625 cpu_ns=3193709 states=7644 verified=64 completion=4 alternatives=7
INSTRUMENTATION_STATUS_CODE: 0
INSTRUMENTATION_STATUS: top_seven_measurement=v1 id=31 strategy=0 round=3 wall_ns=2420000 cpu_ns=2422959 states=8192 verified=27 completion=3 alternatives=7
INSTRUMENTATION_STATUS_CODE: 0
INSTRUMENTATION_STATUS: top_seven_measurement=v1 id=31 strategy=1 round=3 wall_ns=5321250 cpu_ns=5327375 states=6727 verified=12 completion=0 alternatives=7
INSTRUMENTATION_STATUS_CODE: 0
INSTRUMENTATION_STATUS: top_seven_measurement=v1 id=32 strategy=1 round=3 wall_ns=5087250 cpu_ns=5092167 states=5006 verified=47 completion=0 alternatives=7
INSTRUMENTATION_STATUS_CODE: 0
INSTRUMENTATION_STATUS: top_seven_measurement=v1 id=32 strategy=0 round=3 wall_ns=2845958 cpu_ns=2848708 states=8192 verified=47 completion=3 alternatives=7
INSTRUMENTATION_STATUS_CODE: 0
INSTRUMENTATION_STATUS: top_seven_measurement=v1 id=33 strategy=0 round=3 wall_ns=2503500 cpu_ns=2506083 states=8192 verified=41 completion=3 alternatives=7
INSTRUMENTATION_STATUS_CODE: 0
INSTRUMENTATION_STATUS: top_seven_measurement=v1 id=33 strategy=1 round=3 wall_ns=2220958 cpu_ns=2222042 states=3501 verified=18 completion=0 alternatives=7
INSTRUMENTATION_STATUS_CODE: 0
INSTRUMENTATION_STATUS: top_seven_measurement=v1 id=34 strategy=1 round=3 wall_ns=7794000 cpu_ns=7437125 states=8192 verified=26 completion=3 alternatives=7
INSTRUMENTATION_STATUS_CODE: 0
INSTRUMENTATION_STATUS: top_seven_measurement=v1 id=34 strategy=0 round=3 wall_ns=1888708 cpu_ns=1890000 states=8192 verified=5 completion=3 alternatives=5
INSTRUMENTATION_STATUS_CODE: 0
INSTRUMENTATION_STATUS: top_seven_measurement=v1 id=35 strategy=0 round=3 wall_ns=2234208 cpu_ns=2235583 states=8192 verified=26 completion=3 alternatives=7
INSTRUMENTATION_STATUS_CODE: 0
INSTRUMENTATION_STATUS: top_seven_measurement=v1 id=35 strategy=1 round=3 wall_ns=5347959 cpu_ns=5349208 states=8192 verified=25 completion=3 alternatives=7
INSTRUMENTATION_STATUS_CODE: 0
INSTRUMENTATION_STATUS: top_seven_measurement=v1 id=36 strategy=1 round=3 wall_ns=2696458 cpu_ns=2701250 states=2213 verified=48 completion=0 alternatives=7
INSTRUMENTATION_STATUS_CODE: 0
INSTRUMENTATION_STATUS: top_seven_measurement=v1 id=36 strategy=0 round=3 wall_ns=2550083 cpu_ns=2554667 states=8192 verified=13 completion=3 alternatives=7
INSTRUMENTATION_STATUS_CODE: 0
INSTRUMENTATION_STATUS: top_seven_measurement=v1 id=37 strategy=0 round=3 wall_ns=2185459 cpu_ns=2187417 states=8192 verified=5 completion=3 alternatives=5
INSTRUMENTATION_STATUS_CODE: 0
INSTRUMENTATION_STATUS: top_seven_measurement=v1 id=37 strategy=1 round=3 wall_ns=6308000 cpu_ns=6311959 states=8192 verified=5 completion=3 alternatives=5
INSTRUMENTATION_STATUS_CODE: 0
INSTRUMENTATION_STATUS: top_seven_measurement=v1 id=38 strategy=1 round=3 wall_ns=6613666 cpu_ns=6617458 states=8192 verified=29 completion=3 alternatives=7
INSTRUMENTATION_STATUS_CODE: 0
INSTRUMENTATION_STATUS: top_seven_measurement=v1 id=38 strategy=0 round=3 wall_ns=2132292 cpu_ns=2136458 states=8192 verified=5 completion=3 alternatives=5
INSTRUMENTATION_STATUS_CODE: 0
INSTRUMENTATION_STATUS: top_seven_measurement=v1 id=39 strategy=0 round=3 wall_ns=2159667 cpu_ns=2163459 states=4858 verified=64 completion=4 alternatives=7
INSTRUMENTATION_STATUS_CODE: 0
INSTRUMENTATION_STATUS: top_seven_measurement=v1 id=39 strategy=1 round=3 wall_ns=1842625 cpu_ns=1843833 states=1873 verified=64 completion=4 alternatives=7
INSTRUMENTATION_STATUS_CODE: 0
INSTRUMENTATION_STATUS: top_seven_measurement=v1 id=40 strategy=1 round=3 wall_ns=639708 cpu_ns=640833 states=1119 verified=42 completion=0 alternatives=7
INSTRUMENTATION_STATUS_CODE: 0
INSTRUMENTATION_STATUS: top_seven_measurement=v1 id=40 strategy=0 round=3 wall_ns=895042 cpu_ns=899416 states=1943 verified=60 completion=0 alternatives=7
INSTRUMENTATION_STATUS_CODE: 0
INSTRUMENTATION_STATUS: top_seven_measurement=v1 id=41 strategy=0 round=3 wall_ns=972708 cpu_ns=975042 states=3014 verified=13 completion=0 alternatives=7
INSTRUMENTATION_STATUS_CODE: 0
INSTRUMENTATION_STATUS: top_seven_measurement=v1 id=41 strategy=1 round=3 wall_ns=1830834 cpu_ns=1835584 states=3007 verified=13 completion=0 alternatives=7
INSTRUMENTATION_STATUS_CODE: 0
INSTRUMENTATION_STATUS: top_seven_measurement=v1 id=42 strategy=1 round=3 wall_ns=636958 cpu_ns=640041 states=1399 verified=41 completion=0 alternatives=7
INSTRUMENTATION_STATUS_CODE: 0
INSTRUMENTATION_STATUS: top_seven_measurement=v1 id=42 strategy=0 round=3 wall_ns=803500 cpu_ns=806584 states=2621 verified=56 completion=0 alternatives=7
INSTRUMENTATION_STATUS_CODE: 0
INSTRUMENTATION_STATUS: top_seven_measurement=v1 id=43 strategy=0 round=3 wall_ns=2680708 cpu_ns=2681916 states=8192 verified=50 completion=3 alternatives=7
INSTRUMENTATION_STATUS_CODE: 0
INSTRUMENTATION_STATUS: top_seven_measurement=v1 id=43 strategy=1 round=3 wall_ns=3344709 cpu_ns=3346083 states=4904 verified=13 completion=0 alternatives=7
INSTRUMENTATION_STATUS_CODE: 0
INSTRUMENTATION_STATUS: top_seven_measurement=v1 id=44 strategy=1 round=3 wall_ns=1178208 cpu_ns=1179042 states=2455 verified=10 completion=0 alternatives=4
INSTRUMENTATION_STATUS_CODE: 0
INSTRUMENTATION_STATUS: top_seven_measurement=v1 id=44 strategy=0 round=3 wall_ns=585959 cpu_ns=587209 states=2455 verified=10 completion=0 alternatives=4
INSTRUMENTATION_STATUS_CODE: 0
INSTRUMENTATION_STATUS: top_seven_measurement=v1 id=45 strategy=0 round=3 wall_ns=51667 cpu_ns=54750 states=28 verified=0 completion=2 alternatives=0
INSTRUMENTATION_STATUS_CODE: 0
INSTRUMENTATION_STATUS: top_seven_measurement=v1 id=45 strategy=1 round=3 wall_ns=24792 cpu_ns=25708 states=28 verified=0 completion=2 alternatives=0
INSTRUMENTATION_STATUS_CODE: 0
INSTRUMENTATION_STATUS: top_seven_measurement=v1 id=46 strategy=1 round=3 wall_ns=2068792 cpu_ns=2072958 states=2202 verified=27 completion=0 alternatives=7
INSTRUMENTATION_STATUS_CODE: 0
INSTRUMENTATION_STATUS: top_seven_measurement=v1 id=46 strategy=0 round=3 wall_ns=1838458 cpu_ns=1841459 states=2906 verified=64 completion=4 alternatives=7
INSTRUMENTATION_STATUS_CODE: 0
INSTRUMENTATION_STATUS: top_seven_measurement=v1 id=47 strategy=0 round=3 wall_ns=2180375 cpu_ns=2181208 states=8192 verified=16 completion=3 alternatives=7
INSTRUMENTATION_STATUS_CODE: 0
INSTRUMENTATION_STATUS: top_seven_measurement=v1 id=47 strategy=1 round=3 wall_ns=7095542 cpu_ns=7099875 states=8192 verified=16 completion=3 alternatives=7
INSTRUMENTATION_STATUS_CODE: 0
INSTRUMENTATION_STATUS: top_seven_measurement=v1 id=48 strategy=1 round=3 wall_ns=1321291 cpu_ns=1322167 states=1680 verified=21 completion=0 alternatives=7
INSTRUMENTATION_STATUS_CODE: 0
INSTRUMENTATION_STATUS: top_seven_measurement=v1 id=48 strategy=0 round=3 wall_ns=2676583 cpu_ns=2681459 states=5158 verified=64 completion=4 alternatives=7
INSTRUMENTATION_STATUS_CODE: 0
INSTRUMENTATION_STATUS: top_seven_measurement=v1 id=49 strategy=0 round=3 wall_ns=774333 cpu_ns=777625 states=1514 verified=18 completion=0 alternatives=7
INSTRUMENTATION_STATUS_CODE: 0
INSTRUMENTATION_STATUS: top_seven_measurement=v1 id=49 strategy=1 round=3 wall_ns=850167 cpu_ns=851250 states=1514 verified=18 completion=0 alternatives=7
INSTRUMENTATION_STATUS_CODE: 0
INSTRUMENTATION_STATUS: top_seven_measurement=v1 id=50 strategy=1 round=3 wall_ns=1767542 cpu_ns=1768833 states=1892 verified=64 completion=4 alternatives=7
INSTRUMENTATION_STATUS_CODE: 0
INSTRUMENTATION_STATUS: top_seven_measurement=v1 id=50 strategy=0 round=3 wall_ns=1236542 cpu_ns=1237625 states=2296 verified=64 completion=4 alternatives=7
INSTRUMENTATION_STATUS_CODE: 0
INSTRUMENTATION_STATUS: top_seven_measurement=v1 id=51 strategy=0 round=3 wall_ns=984959 cpu_ns=986166 states=3145 verified=33 completion=0 alternatives=7
INSTRUMENTATION_STATUS_CODE: 0
INSTRUMENTATION_STATUS: top_seven_measurement=v1 id=51 strategy=1 round=3 wall_ns=419875 cpu_ns=420708 states=740 verified=11 completion=0 alternatives=7
INSTRUMENTATION_STATUS_CODE: 0
INSTRUMENTATION_STATUS: top_seven_measurement=v1 id=52 strategy=1 round=3 wall_ns=6094917 cpu_ns=6096125 states=8192 verified=4 completion=3 alternatives=4
INSTRUMENTATION_STATUS_CODE: 0
INSTRUMENTATION_STATUS: top_seven_measurement=v1 id=52 strategy=0 round=3 wall_ns=2432834 cpu_ns=2438875 states=8192 verified=4 completion=3 alternatives=4
INSTRUMENTATION_STATUS_CODE: 0
INSTRUMENTATION_STATUS: top_seven_measurement=v1 id=53 strategy=0 round=3 wall_ns=951292 cpu_ns=953834 states=2924 verified=17 completion=0 alternatives=7
INSTRUMENTATION_STATUS_CODE: 0
INSTRUMENTATION_STATUS: top_seven_measurement=v1 id=53 strategy=1 round=3 wall_ns=807791 cpu_ns=808667 states=1667 verified=10 completion=0 alternatives=7
INSTRUMENTATION_STATUS_CODE: 0
INSTRUMENTATION_STATUS: top_seven_measurement=v1 id=54 strategy=1 round=3 wall_ns=5511125 cpu_ns=5512417 states=8192 verified=14 completion=3 alternatives=7
INSTRUMENTATION_STATUS_CODE: 0
INSTRUMENTATION_STATUS: top_seven_measurement=v1 id=54 strategy=0 round=3 wall_ns=2051125 cpu_ns=2052417 states=8192 verified=20 completion=3 alternatives=7
INSTRUMENTATION_STATUS_CODE: 0
INSTRUMENTATION_STATUS: top_seven_measurement=v1 id=55 strategy=0 round=3 wall_ns=2150292 cpu_ns=2151208 states=8192 verified=23 completion=3 alternatives=7
INSTRUMENTATION_STATUS_CODE: 0
INSTRUMENTATION_STATUS: top_seven_measurement=v1 id=55 strategy=1 round=3 wall_ns=5131500 cpu_ns=5132958 states=6979 verified=13 completion=0 alternatives=7
INSTRUMENTATION_STATUS_CODE: 0
INSTRUMENTATION_STATUS: top_seven_measurement=v1 id=56 strategy=1 round=3 wall_ns=645875 cpu_ns=647167 states=1277 verified=8 completion=0 alternatives=7
INSTRUMENTATION_STATUS_CODE: 0
INSTRUMENTATION_STATUS: top_seven_measurement=v1 id=56 strategy=0 round=3 wall_ns=577459 cpu_ns=578666 states=2318 verified=12 completion=0 alternatives=7
INSTRUMENTATION_STATUS_CODE: 0
INSTRUMENTATION_STATUS: top_seven_measurement=v1 id=57 strategy=0 round=3 wall_ns=2052625 cpu_ns=2056083 states=8192 verified=6 completion=3 alternatives=6
INSTRUMENTATION_STATUS_CODE: 0
INSTRUMENTATION_STATUS: top_seven_measurement=v1 id=57 strategy=1 round=3 wall_ns=5725417 cpu_ns=5727042 states=8192 verified=3 completion=3 alternatives=3
INSTRUMENTATION_STATUS_CODE: 0
INSTRUMENTATION_STATUS: top_seven_measurement=v1 id=58 strategy=1 round=3 wall_ns=1895667 cpu_ns=1897000 states=2200 verified=48 completion=0 alternatives=7
INSTRUMENTATION_STATUS_CODE: 0
INSTRUMENTATION_STATUS: top_seven_measurement=v1 id=58 strategy=0 round=3 wall_ns=1131875 cpu_ns=1135000 states=970 verified=64 completion=4 alternatives=7
INSTRUMENTATION_STATUS_CODE: 0
INSTRUMENTATION_STATUS: top_seven_measurement=v1 id=59 strategy=0 round=3 wall_ns=2227209 cpu_ns=2230833 states=8192 verified=14 completion=3 alternatives=7
INSTRUMENTATION_STATUS_CODE: 0
INSTRUMENTATION_STATUS: top_seven_measurement=v1 id=59 strategy=1 round=3 wall_ns=3553750 cpu_ns=3554750 states=5151 verified=15 completion=0 alternatives=7
INSTRUMENTATION_STATUS_CODE: 0
INSTRUMENTATION_STATUS: top_seven_measurement=v1 id=0 strategy=0 round=4 wall_ns=1906209 cpu_ns=1907167 states=8192 verified=17 completion=3 alternatives=7
INSTRUMENTATION_STATUS_CODE: 0
INSTRUMENTATION_STATUS: top_seven_measurement=v1 id=0 strategy=1 round=4 wall_ns=5323458 cpu_ns=5324917 states=8192 verified=13 completion=3 alternatives=7
INSTRUMENTATION_STATUS_CODE: 0
INSTRUMENTATION_STATUS: top_seven_measurement=v1 id=1 strategy=1 round=4 wall_ns=931750 cpu_ns=936500 states=1438 verified=13 completion=0 alternatives=7
INSTRUMENTATION_STATUS_CODE: 0
INSTRUMENTATION_STATUS: top_seven_measurement=v1 id=1 strategy=0 round=4 wall_ns=687000 cpu_ns=689041 states=2144 verified=14 completion=0 alternatives=7
INSTRUMENTATION_STATUS_CODE: 0
INSTRUMENTATION_STATUS: top_seven_measurement=v1 id=2 strategy=0 round=4 wall_ns=1852250 cpu_ns=1855042 states=8192 verified=10 completion=3 alternatives=7
INSTRUMENTATION_STATUS_CODE: 0
INSTRUMENTATION_STATUS: top_seven_measurement=v1 id=2 strategy=1 round=4 wall_ns=5502792 cpu_ns=5517458 states=8192 verified=5 completion=3 alternatives=5
INSTRUMENTATION_STATUS_CODE: 0
INSTRUMENTATION_STATUS: top_seven_measurement=v1 id=3 strategy=1 round=4 wall_ns=5463959 cpu_ns=5088959 states=6441 verified=57 completion=0 alternatives=7
INSTRUMENTATION_STATUS_CODE: 0
INSTRUMENTATION_STATUS: top_seven_measurement=v1 id=3 strategy=0 round=4 wall_ns=2167916 cpu_ns=2171125 states=8192 verified=33 completion=3 alternatives=7
INSTRUMENTATION_STATUS_CODE: 0
INSTRUMENTATION_STATUS: top_seven_measurement=v1 id=4 strategy=0 round=4 wall_ns=1749834 cpu_ns=1750916 states=8192 verified=7 completion=3 alternatives=7
INSTRUMENTATION_STATUS_CODE: 0
INSTRUMENTATION_STATUS: top_seven_measurement=v1 id=4 strategy=1 round=4 wall_ns=5256000 cpu_ns=5257125 states=8192 verified=7 completion=3 alternatives=7
INSTRUMENTATION_STATUS_CODE: 0
INSTRUMENTATION_STATUS: top_seven_measurement=v1 id=5 strategy=1 round=4 wall_ns=1674750 cpu_ns=1675625 states=2139 verified=59 completion=0 alternatives=7
INSTRUMENTATION_STATUS_CODE: 0
INSTRUMENTATION_STATUS: top_seven_measurement=v1 id=5 strategy=0 round=4 wall_ns=2144459 cpu_ns=2145208 states=8192 verified=49 completion=3 alternatives=7
INSTRUMENTATION_STATUS_CODE: 0
INSTRUMENTATION_STATUS: top_seven_measurement=v1 id=6 strategy=0 round=4 wall_ns=2069625 cpu_ns=2070542 states=8192 verified=37 completion=3 alternatives=7
INSTRUMENTATION_STATUS_CODE: 0
INSTRUMENTATION_STATUS: top_seven_measurement=v1 id=6 strategy=1 round=4 wall_ns=3209208 cpu_ns=3210334 states=5398 verified=16 completion=0 alternatives=7
INSTRUMENTATION_STATUS_CODE: 0
INSTRUMENTATION_STATUS: top_seven_measurement=v1 id=7 strategy=1 round=4 wall_ns=4790375 cpu_ns=4795000 states=5678 verified=45 completion=0 alternatives=7
INSTRUMENTATION_STATUS_CODE: 0
INSTRUMENTATION_STATUS: top_seven_measurement=v1 id=7 strategy=0 round=4 wall_ns=1746042 cpu_ns=1746959 states=4050 verified=64 completion=4 alternatives=7
INSTRUMENTATION_STATUS_CODE: 0
INSTRUMENTATION_STATUS: top_seven_measurement=v1 id=8 strategy=0 round=4 wall_ns=1119375 cpu_ns=1120500 states=1838 verified=64 completion=4 alternatives=7
INSTRUMENTATION_STATUS_CODE: 0
INSTRUMENTATION_STATUS: top_seven_measurement=v1 id=8 strategy=1 round=4 wall_ns=1605625 cpu_ns=1607166 states=1503 verified=64 completion=4 alternatives=7
INSTRUMENTATION_STATUS_CODE: 0
INSTRUMENTATION_STATUS: top_seven_measurement=v1 id=9 strategy=1 round=4 wall_ns=2857916 cpu_ns=2859291 states=4662 verified=13 completion=0 alternatives=7
INSTRUMENTATION_STATUS_CODE: 0
INSTRUMENTATION_STATUS: top_seven_measurement=v1 id=9 strategy=0 round=4 wall_ns=2383375 cpu_ns=2388333 states=8192 verified=13 completion=3 alternatives=7
INSTRUMENTATION_STATUS_CODE: 0
INSTRUMENTATION_STATUS: top_seven_measurement=v1 id=10 strategy=0 round=4 wall_ns=1087500 cpu_ns=1090750 states=3038 verified=57 completion=0 alternatives=7
INSTRUMENTATION_STATUS_CODE: 0
INSTRUMENTATION_STATUS: top_seven_measurement=v1 id=10 strategy=1 round=4 wall_ns=973250 cpu_ns=974291 states=1917 verified=42 completion=0 alternatives=7
INSTRUMENTATION_STATUS_CODE: 0
INSTRUMENTATION_STATUS: top_seven_measurement=v1 id=11 strategy=1 round=4 wall_ns=5832125 cpu_ns=5833291 states=8192 verified=49 completion=3 alternatives=7
INSTRUMENTATION_STATUS_CODE: 0
INSTRUMENTATION_STATUS: top_seven_measurement=v1 id=11 strategy=0 round=4 wall_ns=2043583 cpu_ns=2044584 states=8192 verified=34 completion=3 alternatives=7
INSTRUMENTATION_STATUS_CODE: 0
INSTRUMENTATION_STATUS: top_seven_measurement=v1 id=12 strategy=0 round=4 wall_ns=810042 cpu_ns=810875 states=3316 verified=21 completion=0 alternatives=7
INSTRUMENTATION_STATUS_CODE: 0
INSTRUMENTATION_STATUS: top_seven_measurement=v1 id=12 strategy=1 round=4 wall_ns=963292 cpu_ns=964084 states=1986 verified=15 completion=0 alternatives=7
INSTRUMENTATION_STATUS_CODE: 0
INSTRUMENTATION_STATUS: top_seven_measurement=v1 id=13 strategy=1 round=4 wall_ns=2291958 cpu_ns=2292833 states=2999 verified=64 completion=4 alternatives=7
INSTRUMENTATION_STATUS_CODE: 0
INSTRUMENTATION_STATUS: top_seven_measurement=v1 id=13 strategy=0 round=4 wall_ns=2987583 cpu_ns=2992708 states=8192 verified=42 completion=3 alternatives=7
INSTRUMENTATION_STATUS_CODE: 0
INSTRUMENTATION_STATUS: top_seven_measurement=v1 id=14 strategy=0 round=4 wall_ns=1607167 cpu_ns=1608584 states=8192 verified=0 completion=3 alternatives=0
INSTRUMENTATION_STATUS_CODE: 0
INSTRUMENTATION_STATUS: top_seven_measurement=v1 id=14 strategy=1 round=4 wall_ns=5659458 cpu_ns=5660334 states=8192 verified=1 completion=3 alternatives=1
INSTRUMENTATION_STATUS_CODE: 0
INSTRUMENTATION_STATUS: top_seven_measurement=v1 id=15 strategy=1 round=4 wall_ns=588666 cpu_ns=589916 states=1324 verified=9 completion=0 alternatives=7
INSTRUMENTATION_STATUS_CODE: 0
INSTRUMENTATION_STATUS: top_seven_measurement=v1 id=15 strategy=0 round=4 wall_ns=512291 cpu_ns=513084 states=2138 verified=16 completion=0 alternatives=7
INSTRUMENTATION_STATUS_CODE: 0
INSTRUMENTATION_STATUS: top_seven_measurement=v1 id=16 strategy=0 round=4 wall_ns=1793667 cpu_ns=1794542 states=8192 verified=15 completion=3 alternatives=7
INSTRUMENTATION_STATUS_CODE: 0
INSTRUMENTATION_STATUS: top_seven_measurement=v1 id=16 strategy=1 round=4 wall_ns=5269708 cpu_ns=5263791 states=8192 verified=14 completion=3 alternatives=7
INSTRUMENTATION_STATUS_CODE: 0
INSTRUMENTATION_STATUS: top_seven_measurement=v1 id=17 strategy=1 round=4 wall_ns=5161125 cpu_ns=5162458 states=8192 verified=2 completion=3 alternatives=2
INSTRUMENTATION_STATUS_CODE: 0
INSTRUMENTATION_STATUS: top_seven_measurement=v1 id=17 strategy=0 round=4 wall_ns=1668958 cpu_ns=1670334 states=8192 verified=1 completion=3 alternatives=1
INSTRUMENTATION_STATUS_CODE: 0
INSTRUMENTATION_STATUS: top_seven_measurement=v1 id=18 strategy=0 round=4 wall_ns=752875 cpu_ns=753917 states=3409 verified=5 completion=0 alternatives=5
INSTRUMENTATION_STATUS_CODE: 0
INSTRUMENTATION_STATUS: top_seven_measurement=v1 id=18 strategy=1 round=4 wall_ns=1432834 cpu_ns=1433666 states=3409 verified=5 completion=0 alternatives=5
INSTRUMENTATION_STATUS_CODE: 0
INSTRUMENTATION_STATUS: top_seven_measurement=v1 id=19 strategy=1 round=4 wall_ns=616667 cpu_ns=617583 states=1121 verified=50 completion=0 alternatives=7
INSTRUMENTATION_STATUS_CODE: 0
INSTRUMENTATION_STATUS: top_seven_measurement=v1 id=19 strategy=0 round=4 wall_ns=776625 cpu_ns=780500 states=1668 verified=52 completion=0 alternatives=7
INSTRUMENTATION_STATUS_CODE: 0
INSTRUMENTATION_STATUS: top_seven_measurement=v1 id=20 strategy=0 round=4 wall_ns=2486792 cpu_ns=2489625 states=8192 verified=12 completion=3 alternatives=7
INSTRUMENTATION_STATUS_CODE: 0
INSTRUMENTATION_STATUS: top_seven_measurement=v1 id=20 strategy=1 round=4 wall_ns=2561833 cpu_ns=2562542 states=2619 verified=64 completion=4 alternatives=7
INSTRUMENTATION_STATUS_CODE: 0
INSTRUMENTATION_STATUS: top_seven_measurement=v1 id=21 strategy=1 round=4 wall_ns=4466416 cpu_ns=4467708 states=5806 verified=21 completion=0 alternatives=7
INSTRUMENTATION_STATUS_CODE: 0
INSTRUMENTATION_STATUS: top_seven_measurement=v1 id=21 strategy=0 round=4 wall_ns=2632292 cpu_ns=2633208 states=8192 verified=44 completion=3 alternatives=7
INSTRUMENTATION_STATUS_CODE: 0
INSTRUMENTATION_STATUS: top_seven_measurement=v1 id=22 strategy=0 round=4 wall_ns=533875 cpu_ns=534958 states=1937 verified=11 completion=0 alternatives=7
INSTRUMENTATION_STATUS_CODE: 0
INSTRUMENTATION_STATUS: top_seven_measurement=v1 id=22 strategy=1 round=4 wall_ns=1413041 cpu_ns=1417583 states=1928 verified=10 completion=0 alternatives=7
INSTRUMENTATION_STATUS_CODE: 0
INSTRUMENTATION_STATUS: top_seven_measurement=v1 id=23 strategy=1 round=4 wall_ns=1165292 cpu_ns=1175000 states=1455 verified=24 completion=0 alternatives=7
INSTRUMENTATION_STATUS_CODE: 0
INSTRUMENTATION_STATUS: top_seven_measurement=v1 id=23 strategy=0 round=4 wall_ns=550542 cpu_ns=552458 states=1462 verified=25 completion=0 alternatives=7
INSTRUMENTATION_STATUS_CODE: 0
INSTRUMENTATION_STATUS: top_seven_measurement=v1 id=24 strategy=0 round=4 wall_ns=398875 cpu_ns=400042 states=1273 verified=29 completion=0 alternatives=7
INSTRUMENTATION_STATUS_CODE: 0
INSTRUMENTATION_STATUS: top_seven_measurement=v1 id=24 strategy=1 round=4 wall_ns=558875 cpu_ns=559625 states=1273 verified=29 completion=0 alternatives=7
INSTRUMENTATION_STATUS_CODE: 0
INSTRUMENTATION_STATUS: top_seven_measurement=v1 id=25 strategy=1 round=4 wall_ns=4132000 cpu_ns=4132916 states=6796 verified=11 completion=0 alternatives=7
INSTRUMENTATION_STATUS_CODE: 0
INSTRUMENTATION_STATUS: top_seven_measurement=v1 id=25 strategy=0 round=4 wall_ns=1970875 cpu_ns=1971791 states=8192 verified=18 completion=3 alternatives=7
INSTRUMENTATION_STATUS_CODE: 0
INSTRUMENTATION_STATUS: top_seven_measurement=v1 id=26 strategy=0 round=4 wall_ns=1921917 cpu_ns=1923042 states=8192 verified=22 completion=3 alternatives=7
INSTRUMENTATION_STATUS_CODE: 0
INSTRUMENTATION_STATUS: top_seven_measurement=v1 id=26 strategy=1 round=4 wall_ns=3308125 cpu_ns=3309166 states=4889 verified=39 completion=0 alternatives=7
INSTRUMENTATION_STATUS_CODE: 0
INSTRUMENTATION_STATUS: top_seven_measurement=v1 id=27 strategy=1 round=4 wall_ns=1411709 cpu_ns=1415166 states=1508 verified=8 completion=0 alternatives=7
INSTRUMENTATION_STATUS_CODE: 0
INSTRUMENTATION_STATUS: top_seven_measurement=v1 id=27 strategy=0 round=4 wall_ns=491584 cpu_ns=495166 states=1508 verified=8 completion=0 alternatives=7
INSTRUMENTATION_STATUS_CODE: 0
INSTRUMENTATION_STATUS: top_seven_measurement=v1 id=28 strategy=0 round=4 wall_ns=1429458 cpu_ns=1430458 states=2798 verified=64 completion=4 alternatives=7
INSTRUMENTATION_STATUS_CODE: 0
INSTRUMENTATION_STATUS: top_seven_measurement=v1 id=28 strategy=1 round=4 wall_ns=3204584 cpu_ns=3205916 states=4469 verified=63 completion=0 alternatives=7
INSTRUMENTATION_STATUS_CODE: 0
INSTRUMENTATION_STATUS: top_seven_measurement=v1 id=29 strategy=1 round=4 wall_ns=5014167 cpu_ns=5018583 states=7060 verified=55 completion=0 alternatives=7
INSTRUMENTATION_STATUS_CODE: 0
INSTRUMENTATION_STATUS: top_seven_measurement=v1 id=29 strategy=0 round=4 wall_ns=2341542 cpu_ns=2343083 states=6682 verified=64 completion=4 alternatives=7
INSTRUMENTATION_STATUS_CODE: 0
INSTRUMENTATION_STATUS: top_seven_measurement=v1 id=30 strategy=0 round=4 wall_ns=2622417 cpu_ns=2625708 states=7644 verified=64 completion=4 alternatives=7
INSTRUMENTATION_STATUS_CODE: 0
INSTRUMENTATION_STATUS: top_seven_measurement=v1 id=30 strategy=1 round=4 wall_ns=1992875 cpu_ns=1993583 states=2206 verified=64 completion=4 alternatives=7
INSTRUMENTATION_STATUS_CODE: 0
INSTRUMENTATION_STATUS: top_seven_measurement=v1 id=31 strategy=1 round=4 wall_ns=4794083 cpu_ns=4691042 states=6727 verified=12 completion=0 alternatives=7
INSTRUMENTATION_STATUS_CODE: 0
INSTRUMENTATION_STATUS: top_seven_measurement=v1 id=31 strategy=0 round=4 wall_ns=2293958 cpu_ns=2294834 states=8192 verified=27 completion=3 alternatives=7
INSTRUMENTATION_STATUS_CODE: 0
INSTRUMENTATION_STATUS: top_seven_measurement=v1 id=32 strategy=0 round=4 wall_ns=2392708 cpu_ns=2393750 states=8192 verified=47 completion=3 alternatives=7
INSTRUMENTATION_STATUS_CODE: 0
INSTRUMENTATION_STATUS: top_seven_measurement=v1 id=32 strategy=1 round=4 wall_ns=3559125 cpu_ns=3560042 states=5006 verified=47 completion=0 alternatives=7
INSTRUMENTATION_STATUS_CODE: 0
INSTRUMENTATION_STATUS: top_seven_measurement=v1 id=33 strategy=1 round=4 wall_ns=2041166 cpu_ns=2042000 states=3501 verified=18 completion=0 alternatives=7
INSTRUMENTATION_STATUS_CODE: 0
INSTRUMENTATION_STATUS: top_seven_measurement=v1 id=33 strategy=0 round=4 wall_ns=2090625 cpu_ns=2091459 states=8192 verified=41 completion=3 alternatives=7
INSTRUMENTATION_STATUS_CODE: 0
INSTRUMENTATION_STATUS: top_seven_measurement=v1 id=34 strategy=0 round=4 wall_ns=1723125 cpu_ns=1724333 states=8192 verified=5 completion=3 alternatives=5
INSTRUMENTATION_STATUS_CODE: 0
INSTRUMENTATION_STATUS: top_seven_measurement=v1 id=34 strategy=1 round=4 wall_ns=5586542 cpu_ns=5587584 states=8192 verified=26 completion=3 alternatives=7
INSTRUMENTATION_STATUS_CODE: 0
INSTRUMENTATION_STATUS: top_seven_measurement=v1 id=35 strategy=1 round=4 wall_ns=4864708 cpu_ns=4865833 states=8192 verified=25 completion=3 alternatives=7
INSTRUMENTATION_STATUS_CODE: 0
INSTRUMENTATION_STATUS: top_seven_measurement=v1 id=35 strategy=0 round=4 wall_ns=2011208 cpu_ns=2012166 states=8192 verified=26 completion=3 alternatives=7
INSTRUMENTATION_STATUS_CODE: 0
INSTRUMENTATION_STATUS: top_seven_measurement=v1 id=36 strategy=0 round=4 wall_ns=1769792 cpu_ns=1770875 states=8192 verified=13 completion=3 alternatives=7
INSTRUMENTATION_STATUS_CODE: 0
INSTRUMENTATION_STATUS: top_seven_measurement=v1 id=36 strategy=1 round=4 wall_ns=1857375 cpu_ns=1858500 states=2213 verified=48 completion=0 alternatives=7
INSTRUMENTATION_STATUS_CODE: 0
INSTRUMENTATION_STATUS: top_seven_measurement=v1 id=37 strategy=1 round=4 wall_ns=5569833 cpu_ns=5570583 states=8192 verified=5 completion=3 alternatives=5
INSTRUMENTATION_STATUS_CODE: 0
INSTRUMENTATION_STATUS: top_seven_measurement=v1 id=37 strategy=0 round=4 wall_ns=1710709 cpu_ns=1711667 states=8192 verified=5 completion=3 alternatives=5
INSTRUMENTATION_STATUS_CODE: 0
INSTRUMENTATION_STATUS: top_seven_measurement=v1 id=38 strategy=0 round=4 wall_ns=1771083 cpu_ns=1772083 states=8192 verified=5 completion=3 alternatives=5
INSTRUMENTATION_STATUS_CODE: 0
INSTRUMENTATION_STATUS: top_seven_measurement=v1 id=38 strategy=1 round=4 wall_ns=6180959 cpu_ns=6181875 states=8192 verified=29 completion=3 alternatives=7
INSTRUMENTATION_STATUS_CODE: 0
INSTRUMENTATION_STATUS: top_seven_measurement=v1 id=39 strategy=1 round=4 wall_ns=1820291 cpu_ns=1821084 states=1873 verified=64 completion=4 alternatives=7
INSTRUMENTATION_STATUS_CODE: 0
INSTRUMENTATION_STATUS: top_seven_measurement=v1 id=39 strategy=0 round=4 wall_ns=1785625 cpu_ns=1786667 states=4858 verified=64 completion=4 alternatives=7
INSTRUMENTATION_STATUS_CODE: 0
INSTRUMENTATION_STATUS: top_seven_measurement=v1 id=40 strategy=0 round=4 wall_ns=776708 cpu_ns=777500 states=1943 verified=60 completion=0 alternatives=7
INSTRUMENTATION_STATUS_CODE: 0
INSTRUMENTATION_STATUS: top_seven_measurement=v1 id=40 strategy=1 round=4 wall_ns=487291 cpu_ns=488000 states=1119 verified=42 completion=0 alternatives=7
INSTRUMENTATION_STATUS_CODE: 0
INSTRUMENTATION_STATUS: top_seven_measurement=v1 id=41 strategy=1 round=4 wall_ns=1532958 cpu_ns=1533834 states=3007 verified=13 completion=0 alternatives=7
INSTRUMENTATION_STATUS_CODE: 0
INSTRUMENTATION_STATUS: top_seven_measurement=v1 id=41 strategy=0 round=4 wall_ns=667875 cpu_ns=668666 states=3014 verified=13 completion=0 alternatives=7
INSTRUMENTATION_STATUS_CODE: 0
INSTRUMENTATION_STATUS: top_seven_measurement=v1 id=42 strategy=0 round=4 wall_ns=721292 cpu_ns=723167 states=2621 verified=56 completion=0 alternatives=7
INSTRUMENTATION_STATUS_CODE: 0
INSTRUMENTATION_STATUS: top_seven_measurement=v1 id=42 strategy=1 round=4 wall_ns=522584 cpu_ns=523292 states=1399 verified=41 completion=0 alternatives=7
INSTRUMENTATION_STATUS_CODE: 0
INSTRUMENTATION_STATUS: top_seven_measurement=v1 id=43 strategy=1 round=4 wall_ns=3239041 cpu_ns=3239875 states=4904 verified=13 completion=0 alternatives=7
INSTRUMENTATION_STATUS_CODE: 0
INSTRUMENTATION_STATUS: top_seven_measurement=v1 id=43 strategy=0 round=4 wall_ns=2637625 cpu_ns=2638500 states=8192 verified=50 completion=3 alternatives=7
INSTRUMENTATION_STATUS_CODE: 0
INSTRUMENTATION_STATUS: top_seven_measurement=v1 id=44 strategy=0 round=4 wall_ns=584916 cpu_ns=585792 states=2455 verified=10 completion=0 alternatives=4
INSTRUMENTATION_STATUS_CODE: 0
INSTRUMENTATION_STATUS: top_seven_measurement=v1 id=44 strategy=1 round=4 wall_ns=1131459 cpu_ns=1132166 states=2455 verified=10 completion=0 alternatives=4
INSTRUMENTATION_STATUS_CODE: 0
INSTRUMENTATION_STATUS: top_seven_measurement=v1 id=45 strategy=1 round=4 wall_ns=21000 cpu_ns=21583 states=28 verified=0 completion=2 alternatives=0
INSTRUMENTATION_STATUS_CODE: 0
INSTRUMENTATION_STATUS: top_seven_measurement=v1 id=45 strategy=0 round=4 wall_ns=18375 cpu_ns=19167 states=28 verified=0 completion=2 alternatives=0
INSTRUMENTATION_STATUS_CODE: 0
INSTRUMENTATION_STATUS: top_seven_measurement=v1 id=46 strategy=0 round=4 wall_ns=1373625 cpu_ns=1374416 states=2906 verified=64 completion=4 alternatives=7
INSTRUMENTATION_STATUS_CODE: 0
INSTRUMENTATION_STATUS: top_seven_measurement=v1 id=46 strategy=1 round=4 wall_ns=1526625 cpu_ns=1527500 states=2202 verified=27 completion=0 alternatives=7
INSTRUMENTATION_STATUS_CODE: 0
INSTRUMENTATION_STATUS: top_seven_measurement=v1 id=47 strategy=1 round=4 wall_ns=5724167 cpu_ns=5725084 states=8192 verified=16 completion=3 alternatives=7
INSTRUMENTATION_STATUS_CODE: 0
INSTRUMENTATION_STATUS: top_seven_measurement=v1 id=47 strategy=0 round=4 wall_ns=1913333 cpu_ns=1914250 states=8192 verified=16 completion=3 alternatives=7
INSTRUMENTATION_STATUS_CODE: 0
INSTRUMENTATION_STATUS: top_seven_measurement=v1 id=48 strategy=0 round=4 wall_ns=1881333 cpu_ns=1882083 states=5158 verified=64 completion=4 alternatives=7
INSTRUMENTATION_STATUS_CODE: 0
INSTRUMENTATION_STATUS: top_seven_measurement=v1 id=48 strategy=1 round=4 wall_ns=1247167 cpu_ns=1247916 states=1680 verified=21 completion=0 alternatives=7
INSTRUMENTATION_STATUS_CODE: 0
INSTRUMENTATION_STATUS: top_seven_measurement=v1 id=49 strategy=1 round=4 wall_ns=774083 cpu_ns=774791 states=1514 verified=18 completion=0 alternatives=7
INSTRUMENTATION_STATUS_CODE: 0
INSTRUMENTATION_STATUS: top_seven_measurement=v1 id=49 strategy=0 round=4 wall_ns=407875 cpu_ns=408584 states=1514 verified=18 completion=0 alternatives=7
INSTRUMENTATION_STATUS_CODE: 0
INSTRUMENTATION_STATUS: top_seven_measurement=v1 id=50 strategy=0 round=4 wall_ns=1116417 cpu_ns=1117125 states=2296 verified=64 completion=4 alternatives=7
INSTRUMENTATION_STATUS_CODE: 0
INSTRUMENTATION_STATUS: top_seven_measurement=v1 id=50 strategy=1 round=4 wall_ns=1585500 cpu_ns=1586208 states=1892 verified=64 completion=4 alternatives=7
INSTRUMENTATION_STATUS_CODE: 0
INSTRUMENTATION_STATUS: top_seven_measurement=v1 id=51 strategy=1 round=4 wall_ns=413416 cpu_ns=414208 states=740 verified=11 completion=0 alternatives=7
INSTRUMENTATION_STATUS_CODE: 0
INSTRUMENTATION_STATUS: top_seven_measurement=v1 id=51 strategy=0 round=4 wall_ns=868500 cpu_ns=869333 states=3145 verified=33 completion=0 alternatives=7
INSTRUMENTATION_STATUS_CODE: 0
INSTRUMENTATION_STATUS: top_seven_measurement=v1 id=52 strategy=0 round=4 wall_ns=1700000 cpu_ns=1700833 states=8192 verified=4 completion=3 alternatives=4
INSTRUMENTATION_STATUS_CODE: 0
INSTRUMENTATION_STATUS: top_seven_measurement=v1 id=52 strategy=1 round=4 wall_ns=5482541 cpu_ns=5483333 states=8192 verified=4 completion=3 alternatives=4
INSTRUMENTATION_STATUS_CODE: 0
INSTRUMENTATION_STATUS: top_seven_measurement=v1 id=53 strategy=1 round=4 wall_ns=749791 cpu_ns=750500 states=1667 verified=10 completion=0 alternatives=7
INSTRUMENTATION_STATUS_CODE: 0
INSTRUMENTATION_STATUS: top_seven_measurement=v1 id=53 strategy=0 round=4 wall_ns=626417 cpu_ns=627042 states=2924 verified=17 completion=0 alternatives=7
INSTRUMENTATION_STATUS_CODE: 0
INSTRUMENTATION_STATUS: top_seven_measurement=v1 id=54 strategy=0 round=4 wall_ns=1807083 cpu_ns=1807709 states=8192 verified=20 completion=3 alternatives=7
INSTRUMENTATION_STATUS_CODE: 0
INSTRUMENTATION_STATUS: top_seven_measurement=v1 id=54 strategy=1 round=4 wall_ns=4916458 cpu_ns=4917125 states=8192 verified=14 completion=3 alternatives=7
INSTRUMENTATION_STATUS_CODE: 0
INSTRUMENTATION_STATUS: top_seven_measurement=v1 id=55 strategy=1 round=4 wall_ns=4554375 cpu_ns=4555084 states=6979 verified=13 completion=0 alternatives=7
INSTRUMENTATION_STATUS_CODE: 0
INSTRUMENTATION_STATUS: top_seven_measurement=v1 id=55 strategy=0 round=4 wall_ns=1892750 cpu_ns=1893500 states=8192 verified=23 completion=3 alternatives=7
INSTRUMENTATION_STATUS_CODE: 0
INSTRUMENTATION_STATUS: top_seven_measurement=v1 id=56 strategy=0 round=4 wall_ns=496292 cpu_ns=497125 states=2318 verified=12 completion=0 alternatives=7
INSTRUMENTATION_STATUS_CODE: 0
INSTRUMENTATION_STATUS: top_seven_measurement=v1 id=56 strategy=1 round=4 wall_ns=547833 cpu_ns=548500 states=1277 verified=8 completion=0 alternatives=7
INSTRUMENTATION_STATUS_CODE: 0
INSTRUMENTATION_STATUS: top_seven_measurement=v1 id=57 strategy=1 round=4 wall_ns=5249708 cpu_ns=5250333 states=8192 verified=3 completion=3 alternatives=3
INSTRUMENTATION_STATUS_CODE: 0
INSTRUMENTATION_STATUS: top_seven_measurement=v1 id=57 strategy=0 round=4 wall_ns=1630833 cpu_ns=1631625 states=8192 verified=6 completion=3 alternatives=6
INSTRUMENTATION_STATUS_CODE: 0
INSTRUMENTATION_STATUS: top_seven_measurement=v1 id=58 strategy=0 round=4 wall_ns=971875 cpu_ns=972708 states=970 verified=64 completion=4 alternatives=7
INSTRUMENTATION_STATUS_CODE: 0
INSTRUMENTATION_STATUS: top_seven_measurement=v1 id=58 strategy=1 round=4 wall_ns=1702083 cpu_ns=1702875 states=2200 verified=48 completion=0 alternatives=7
INSTRUMENTATION_STATUS_CODE: 0
INSTRUMENTATION_STATUS: top_seven_measurement=v1 id=59 strategy=1 round=4 wall_ns=3263750 cpu_ns=3264584 states=5151 verified=15 completion=0 alternatives=7
INSTRUMENTATION_STATUS_CODE: 0
INSTRUMENTATION_STATUS: top_seven_measurement=v1 id=59 strategy=0 round=4 wall_ns=1714542 cpu_ns=1715458 states=8192 verified=14 completion=3 alternatives=7
INSTRUMENTATION_STATUS_CODE: 0
INSTRUMENTATION_STATUS: numtests=139
INSTRUMENTATION_STATUS: stream=.
INSTRUMENTATION_STATUS: id=AndroidJUnitRunner
INSTRUMENTATION_STATUS: test=packedTopSevenAndExhaustiveComparison
INSTRUMENTATION_STATUS: class=io.github.mesteriis.rune.keyboard.smarttyping.lexicon.TopSevenInstrumentedTest
INSTRUMENTATION_STATUS: current=139
INSTRUMENTATION_STATUS_CODE: 0
INSTRUMENTATION_RESULT: stream=

Time: 764.511

OK (139 tests)


INSTRUMENTATION_CODE: -1
