INSTRUMENTATION_STATUS: class=io.github.mesteriis.rune.keyboard.ime.ui.CandidateStripInstrumentedTest
INSTRUMENTATION_STATUS: current=1
INSTRUMENTATION_STATUS: id=AndroidJUnitRunner
INSTRUMENTATION_STATUS: numtests=139
INSTRUMENTATION_STATUS: stream=
io.github.mesteriis.rune.keyboard.ime.ui.CandidateStripInstrumentedTest:
INSTRUMENTATION_STATUS: test=candidateUpdatesKeepKeysShiftLanguageAndContainerIdentity
INSTRUMENTATION_STATUS_CODE: 1
INSTRUMENTATION_STATUS: class=io.github.mesteriis.rune.keyboard.ime.ui.CandidateStripInstrumentedTest
INSTRUMENTATION_STATUS: current=1
INSTRUMENTATION_STATUS: id=AndroidJUnitRunner
INSTRUMENTATION_STATUS: numtests=139
INSTRUMENTATION_STATUS: stream=.
INSTRUMENTATION_STATUS: test=candidateUpdatesKeepKeysShiftLanguageAndContainerIdentity
INSTRUMENTATION_STATUS_CODE: 0
INSTRUMENTATION_STATUS: class=io.github.mesteriis.rune.keyboard.ime.ui.CandidateStripInstrumentedTest
INSTRUMENTATION_STATUS: current=2
INSTRUMENTATION_STATUS: id=AndroidJUnitRunner
INSTRUMENTATION_STATUS: numtests=139
INSTRUMENTATION_STATUS: stream=
INSTRUMENTATION_STATUS: test=updateDuringHeldKeyDoesNotCancelTouchOrFlushPendingRender
INSTRUMENTATION_STATUS_CODE: 1
INSTRUMENTATION_STATUS: class=io.github.mesteriis.rune.keyboard.ime.ui.CandidateStripInstrumentedTest
INSTRUMENTATION_STATUS: current=2
INSTRUMENTATION_STATUS: id=AndroidJUnitRunner
INSTRUMENTATION_STATUS: numtests=139
INSTRUMENTATION_STATUS: stream=.
INSTRUMENTATION_STATUS: test=updateDuringHeldKeyDoesNotCancelTouchOrFlushPendingRender
INSTRUMENTATION_STATUS_CODE: 0
INSTRUMENTATION_STATUS: class=io.github.mesteriis.rune.keyboard.ime.ui.CandidateStripInstrumentedTest
INSTRUMENTATION_STATUS: current=3
INSTRUMENTATION_STATUS: id=AndroidJUnitRunner
INSTRUMENTATION_STATUS: numtests=139
INSTRUMENTATION_STATUS: stream=
INSTRUMENTATION_STATUS: test=candidateRefreshBetweenDownAndUpDoesNotSelectReplacementCell
INSTRUMENTATION_STATUS_CODE: 1
INSTRUMENTATION_STATUS: class=io.github.mesteriis.rune.keyboard.ime.ui.CandidateStripInstrumentedTest
INSTRUMENTATION_STATUS: current=3
INSTRUMENTATION_STATUS: id=AndroidJUnitRunner
INSTRUMENTATION_STATUS: numtests=139
INSTRUMENTATION_STATUS: stream=.
INSTRUMENTATION_STATUS: test=candidateRefreshBetweenDownAndUpDoesNotSelectReplacementCell
INSTRUMENTATION_STATUS_CODE: 0
INSTRUMENTATION_STATUS: class=io.github.mesteriis.rune.keyboard.ime.ui.CandidateStripInstrumentedTest
INSTRUMENTATION_STATUS: current=4
INSTRUMENTATION_STATUS: id=AndroidJUnitRunner
INSTRUMENTATION_STATUS: numtests=139
INSTRUMENTATION_STATUS: stream=
INSTRUMENTATION_STATUS: test=cancellationStillReachesNestedLetterAndSpaceKeys
INSTRUMENTATION_STATUS_CODE: 1
INSTRUMENTATION_STATUS: class=io.github.mesteriis.rune.keyboard.ime.ui.CandidateStripInstrumentedTest
INSTRUMENTATION_STATUS: current=4
INSTRUMENTATION_STATUS: id=AndroidJUnitRunner
INSTRUMENTATION_STATUS: numtests=139
INSTRUMENTATION_STATUS: stream=.
INSTRUMENTATION_STATUS: test=cancellationStillReachesNestedLetterAndSpaceKeys
INSTRUMENTATION_STATUS_CODE: 0
INSTRUMENTATION_STATUS: class=io.github.mesteriis.rune.keyboard.ime.ui.CandidateStripInstrumentedTest
INSTRUMENTATION_STATUS: current=5
INSTRUMENTATION_STATUS: id=AndroidJUnitRunner
INSTRUMENTATION_STATUS: numtests=139
INSTRUMENTATION_STATUS: stream=
INSTRUMENTATION_STATUS: test=originalAndCorrectionExposeSelectedStateLabelledActionAndIdCallbacks
INSTRUMENTATION_STATUS_CODE: 1
INSTRUMENTATION_STATUS: class=io.github.mesteriis.rune.keyboard.ime.ui.CandidateStripInstrumentedTest
INSTRUMENTATION_STATUS: current=5
INSTRUMENTATION_STATUS: id=AndroidJUnitRunner
INSTRUMENTATION_STATUS: numtests=139
INSTRUMENTATION_STATUS: stream=.
INSTRUMENTATION_STATUS: test=originalAndCorrectionExposeSelectedStateLabelledActionAndIdCallbacks
INSTRUMENTATION_STATUS_CODE: 0
INSTRUMENTATION_STATUS: class=io.github.mesteriis.rune.keyboard.ime.ui.CandidateStripInstrumentedTest
INSTRUMENTATION_STATUS: current=6
INSTRUMENTATION_STATUS: id=AndroidJUnitRunner
INSTRUMENTATION_STATUS: numtests=139
INSTRUMENTATION_STATUS: stream=
INSTRUMENTATION_STATUS: test=candidateUpOutsideWithoutMoveDoesNotSelect
INSTRUMENTATION_STATUS_CODE: 1
INSTRUMENTATION_STATUS: class=io.github.mesteriis.rune.keyboard.ime.ui.CandidateStripInstrumentedTest
INSTRUMENTATION_STATUS: current=6
INSTRUMENTATION_STATUS: id=AndroidJUnitRunner
INSTRUMENTATION_STATUS: numtests=139
INSTRUMENTATION_STATUS: stream=.
INSTRUMENTATION_STATUS: test=candidateUpOutsideWithoutMoveDoesNotSelect
INSTRUMENTATION_STATUS_CODE: 0
INSTRUMENTATION_STATUS: class=io.github.mesteriis.rune.keyboard.ime.ui.CandidateStripInstrumentedTest
INSTRUMENTATION_STATUS: current=7
INSTRUMENTATION_STATUS: id=AndroidJUnitRunner
INSTRUMENTATION_STATUS: numtests=139
INSTRUMENTATION_STATUS: stream=
INSTRUMENTATION_STATUS: test=secondaryPointerIsIgnoredAndCannotTakeOverReleasedOwner
INSTRUMENTATION_STATUS_CODE: 1
INSTRUMENTATION_STATUS: class=io.github.mesteriis.rune.keyboard.ime.ui.CandidateStripInstrumentedTest
INSTRUMENTATION_STATUS: current=7
INSTRUMENTATION_STATUS: id=AndroidJUnitRunner
INSTRUMENTATION_STATUS: numtests=139
INSTRUMENTATION_STATUS: stream=.
INSTRUMENTATION_STATUS: test=secondaryPointerIsIgnoredAndCannotTakeOverReleasedOwner
INSTRUMENTATION_STATUS_CODE: 0
INSTRUMENTATION_STATUS: class=io.github.mesteriis.rune.keyboard.ime.ui.CandidateStripInstrumentedTest
INSTRUMENTATION_STATUS: current=8
INSTRUMENTATION_STATUS: id=AndroidJUnitRunner
INSTRUMENTATION_STATUS: numtests=139
INSTRUMENTATION_STATUS: stream=
INSTRUMENTATION_STATUS: test=candidateUpdateKeepsAttachedAlternatePopupSelectionAlive
INSTRUMENTATION_STATUS_CODE: 1
INSTRUMENTATION_STATUS: class=io.github.mesteriis.rune.keyboard.ime.ui.CandidateStripInstrumentedTest
INSTRUMENTATION_STATUS: current=8
INSTRUMENTATION_STATUS: id=AndroidJUnitRunner
INSTRUMENTATION_STATUS: numtests=139
INSTRUMENTATION_STATUS: stream=.
INSTRUMENTATION_STATUS: test=candidateUpdateKeepsAttachedAlternatePopupSelectionAlive
INSTRUMENTATION_STATUS_CODE: 0
INSTRUMENTATION_STATUS: class=io.github.mesteriis.rune.keyboard.ime.ui.CandidateStripInstrumentedTest
INSTRUMENTATION_STATUS: current=9
INSTRUMENTATION_STATUS: id=AndroidJUnitRunner
INSTRUMENTATION_STATUS: numtests=139
INSTRUMENTATION_STATUS: stream=
INSTRUMENTATION_STATUS: test=sameIdWithChangedTextOrTypeCancelsPendingCandidateTap
INSTRUMENTATION_STATUS_CODE: 1
INSTRUMENTATION_STATUS: class=io.github.mesteriis.rune.keyboard.ime.ui.CandidateStripInstrumentedTest
INSTRUMENTATION_STATUS: current=9
INSTRUMENTATION_STATUS: id=AndroidJUnitRunner
INSTRUMENTATION_STATUS: numtests=139
INSTRUMENTATION_STATUS: stream=.
INSTRUMENTATION_STATUS: test=sameIdWithChangedTextOrTypeCancelsPendingCandidateTap
INSTRUMENTATION_STATUS_CODE: 0
INSTRUMENTATION_STATUS: class=io.github.mesteriis.rune.keyboard.ime.ui.CandidateStripInstrumentedTest
INSTRUMENTATION_STATUS: current=10
INSTRUMENTATION_STATUS: id=AndroidJUnitRunner
INSTRUMENTATION_STATUS: numtests=139
INSTRUMENTATION_STATUS: stream=
INSTRUMENTATION_STATUS: test=missingOwnerPointerCancelsCandidateTap
INSTRUMENTATION_STATUS_CODE: 1
INSTRUMENTATION_STATUS: class=io.github.mesteriis.rune.keyboard.ime.ui.CandidateStripInstrumentedTest
INSTRUMENTATION_STATUS: current=10
INSTRUMENTATION_STATUS: id=AndroidJUnitRunner
INSTRUMENTATION_STATUS: numtests=139
INSTRUMENTATION_STATUS: stream=.
INSTRUMENTATION_STATUS: test=missingOwnerPointerCancelsCandidateTap
INSTRUMENTATION_STATUS_CODE: 0
INSTRUMENTATION_STATUS: class=io.github.mesteriis.rune.keyboard.intelligence.client.BoundModelScoringClientInstrumentedTest
INSTRUMENTATION_STATUS: current=11
INSTRUMENTATION_STATUS: id=AndroidJUnitRunner
INSTRUMENTATION_STATUS: numtests=139
INSTRUMENTATION_STATUS: stream=
io.github.mesteriis.rune.keyboard.intelligence.client.BoundModelScoringClientInstrumentedTest:
INSTRUMENTATION_STATUS: test=repeatedSecurityExceptionsReleaseEveryConnectionAndStopRetryWhenIneligible
INSTRUMENTATION_STATUS_CODE: 1
INSTRUMENTATION_STATUS: class=io.github.mesteriis.rune.keyboard.intelligence.client.BoundModelScoringClientInstrumentedTest
INSTRUMENTATION_STATUS: current=11
INSTRUMENTATION_STATUS: id=AndroidJUnitRunner
INSTRUMENTATION_STATUS: numtests=139
INSTRUMENTATION_STATUS: stream=.
INSTRUMENTATION_STATUS: test=repeatedSecurityExceptionsReleaseEveryConnectionAndStopRetryWhenIneligible
INSTRUMENTATION_STATUS_CODE: 0
INSTRUMENTATION_STATUS: class=io.github.mesteriis.rune.keyboard.intelligence.client.BoundModelScoringClientInstrumentedTest
INSTRUMENTATION_STATUS: current=12
INSTRUMENTATION_STATUS: id=AndroidJUnitRunner
INSTRUMENTATION_STATUS: numtests=139
INSTRUMENTATION_STATUS: stream=
INSTRUMENTATION_STATUS: test=repeatedFalseBindsReleaseEveryConnectionAndStopRetryWhenIneligible
INSTRUMENTATION_STATUS_CODE: 1
INSTRUMENTATION_STATUS: class=io.github.mesteriis.rune.keyboard.intelligence.client.BoundModelScoringClientInstrumentedTest
INSTRUMENTATION_STATUS: current=12
INSTRUMENTATION_STATUS: id=AndroidJUnitRunner
INSTRUMENTATION_STATUS: numtests=139
INSTRUMENTATION_STATUS: stream=.
INSTRUMENTATION_STATUS: test=repeatedFalseBindsReleaseEveryConnectionAndStopRetryWhenIneligible
INSTRUMENTATION_STATUS_CODE: 0
INSTRUMENTATION_STATUS: class=io.github.mesteriis.rune.keyboard.intelligence.client.ModelDemandClientInstrumentedTest
INSTRUMENTATION_STATUS: current=13
INSTRUMENTATION_STATUS: id=AndroidJUnitRunner
INSTRUMENTATION_STATUS: numtests=139
INSTRUMENTATION_STATUS: stream=
io.github.mesteriis.rune.keyboard.intelligence.client.ModelDemandClientInstrumentedTest:
INSTRUMENTATION_STATUS: test=falseBindsExhaustExactlyTwoRetriesWhileDemandRemainsTrue
INSTRUMENTATION_STATUS_CODE: 1
INSTRUMENTATION_STATUS: class=io.github.mesteriis.rune.keyboard.intelligence.client.ModelDemandClientInstrumentedTest
INSTRUMENTATION_STATUS: current=13
INSTRUMENTATION_STATUS: id=AndroidJUnitRunner
INSTRUMENTATION_STATUS: numtests=139
INSTRUMENTATION_STATUS: stream=.
INSTRUMENTATION_STATUS: test=falseBindsExhaustExactlyTwoRetriesWhileDemandRemainsTrue
INSTRUMENTATION_STATUS_CODE: 0
INSTRUMENTATION_STATUS: class=io.github.mesteriis.rune.keyboard.intelligence.client.ModelDemandClientInstrumentedTest
INSTRUMENTATION_STATUS: current=14
INSTRUMENTATION_STATUS: id=AndroidJUnitRunner
INSTRUMENTATION_STATUS: numtests=139
INSTRUMENTATION_STATUS: stream=
INSTRUMENTATION_STATUS: test=nullBindingAndDeathDisconnectOnceAndConnectedNotificationsAreTransitions
INSTRUMENTATION_STATUS_CODE: 1
INSTRUMENTATION_STATUS: class=io.github.mesteriis.rune.keyboard.intelligence.client.ModelDemandClientInstrumentedTest
INSTRUMENTATION_STATUS: current=14
INSTRUMENTATION_STATUS: id=AndroidJUnitRunner
INSTRUMENTATION_STATUS: numtests=139
INSTRUMENTATION_STATUS: stream=.
INSTRUMENTATION_STATUS: test=nullBindingAndDeathDisconnectOnceAndConnectedNotificationsAreTransitions
INSTRUMENTATION_STATUS_CODE: 0
INSTRUMENTATION_STATUS: class=io.github.mesteriis.rune.keyboard.intelligence.client.ModelDemandClientInstrumentedTest
INSTRUMENTATION_STATUS: current=15
INSTRUMENTATION_STATUS: id=AndroidJUnitRunner
INSTRUMENTATION_STATUS: numtests=139
INSTRUMENTATION_STATUS: stream=
INSTRUMENTATION_STATUS: test=disableAndTerminalCloseRemoveTimersAndRejectCapturedTasks
INSTRUMENTATION_STATUS_CODE: 1
INSTRUMENTATION_STATUS: class=io.github.mesteriis.rune.keyboard.intelligence.client.ModelDemandClientInstrumentedTest
INSTRUMENTATION_STATUS: current=15
INSTRUMENTATION_STATUS: id=AndroidJUnitRunner
INSTRUMENTATION_STATUS: numtests=139
INSTRUMENTATION_STATUS: stream=.
INSTRUMENTATION_STATUS: test=disableAndTerminalCloseRemoveTimersAndRejectCapturedTasks
INSTRUMENTATION_STATUS_CODE: 0
INSTRUMENTATION_STATUS: class=io.github.mesteriis.rune.keyboard.intelligence.client.ModelDemandClientInstrumentedTest
INSTRUMENTATION_STATUS: current=16
INSTRUMENTATION_STATUS: id=AndroidJUnitRunner
INSTRUMENTATION_STATUS: numtests=139
INSTRUMENTATION_STATUS: stream=
INSTRUMENTATION_STATUS: test=offOnPreservesWatermarkAndRetiredCallbackCannotDeliver
INSTRUMENTATION_STATUS_CODE: 1
INSTRUMENTATION_STATUS: class=io.github.mesteriis.rune.keyboard.intelligence.client.ModelDemandClientInstrumentedTest
INSTRUMENTATION_STATUS: current=16
INSTRUMENTATION_STATUS: id=AndroidJUnitRunner
INSTRUMENTATION_STATUS: numtests=139
INSTRUMENTATION_STATUS: stream=.
INSTRUMENTATION_STATUS: test=offOnPreservesWatermarkAndRetiredCallbackCannotDeliver
INSTRUMENTATION_STATUS_CODE: 0
INSTRUMENTATION_STATUS: class=io.github.mesteriis.rune.keyboard.intelligence.client.ModelDemandClientInstrumentedTest
INSTRUMENTATION_STATUS: current=17
INSTRUMENTATION_STATUS: id=AndroidJUnitRunner
INSTRUMENTATION_STATUS: numtests=139
INSTRUMENTATION_STATUS: stream=
INSTRUMENTATION_STATUS: test=oldTimerCannotEraseNewPendingRetryAndOldConnectionCannotDisconnectIt
INSTRUMENTATION_STATUS_CODE: 1
INSTRUMENTATION_STATUS: class=io.github.mesteriis.rune.keyboard.intelligence.client.ModelDemandClientInstrumentedTest
INSTRUMENTATION_STATUS: current=17
INSTRUMENTATION_STATUS: id=AndroidJUnitRunner
INSTRUMENTATION_STATUS: numtests=139
INSTRUMENTATION_STATUS: stream=.
INSTRUMENTATION_STATUS: test=oldTimerCannotEraseNewPendingRetryAndOldConnectionCannotDisconnectIt
INSTRUMENTATION_STATUS_CODE: 0
INSTRUMENTATION_STATUS: class=io.github.mesteriis.rune.keyboard.intelligence.client.ModelDemandClientInstrumentedTest
INSTRUMENTATION_STATUS: current=18
INSTRUMENTATION_STATUS: id=AndroidJUnitRunner
INSTRUMENTATION_STATUS: numtests=139
INSTRUMENTATION_STATUS: stream=
INSTRUMENTATION_STATUS: test=newSessionCancelsOldRequestAndGenerationRejectsRecycledTokenCallback
INSTRUMENTATION_STATUS_CODE: 1
INSTRUMENTATION_STATUS: class=io.github.mesteriis.rune.keyboard.intelligence.client.ModelDemandClientInstrumentedTest
INSTRUMENTATION_STATUS: current=18
INSTRUMENTATION_STATUS: id=AndroidJUnitRunner
INSTRUMENTATION_STATUS: numtests=139
INSTRUMENTATION_STATUS: stream=.
INSTRUMENTATION_STATUS: test=newSessionCancelsOldRequestAndGenerationRejectsRecycledTokenCallback
INSTRUMENTATION_STATUS_CODE: 0
INSTRUMENTATION_STATUS: class=io.github.mesteriis.rune.keyboard.intelligence.client.ModelDemandClientInstrumentedTest
INSTRUMENTATION_STATUS: current=19
INSTRUMENTATION_STATUS: id=AndroidJUnitRunner
INSTRUMENTATION_STATUS: numtests=139
INSTRUMENTATION_STATUS: stream=
INSTRUMENTATION_STATUS: test=sameAttachPreservesReplyAndRequestSequence
INSTRUMENTATION_STATUS_CODE: 1
INSTRUMENTATION_STATUS: class=io.github.mesteriis.rune.keyboard.intelligence.client.ModelDemandClientInstrumentedTest
INSTRUMENTATION_STATUS: current=19
INSTRUMENTATION_STATUS: id=AndroidJUnitRunner
INSTRUMENTATION_STATUS: numtests=139
INSTRUMENTATION_STATUS: stream=.
INSTRUMENTATION_STATUS: test=sameAttachPreservesReplyAndRequestSequence
INSTRUMENTATION_STATUS_CODE: 0
INSTRUMENTATION_STATUS: class=io.github.mesteriis.rune.keyboard.intelligence.client.ModelDemandClientInstrumentedTest
INSTRUMENTATION_STATUS: current=20
INSTRUMENTATION_STATUS: id=AndroidJUnitRunner
INSTRUMENTATION_STATUS: numtests=139
INSTRUMENTATION_STATUS: stream=
INSTRUMENTATION_STATUS: test=normalizedNoDemandNeverBindsAndConsumerDomainsAreIndependent
INSTRUMENTATION_STATUS_CODE: 1
INSTRUMENTATION_STATUS: class=io.github.mesteriis.rune.keyboard.intelligence.client.ModelDemandClientInstrumentedTest
INSTRUMENTATION_STATUS: current=20
INSTRUMENTATION_STATUS: id=AndroidJUnitRunner
INSTRUMENTATION_STATUS: numtests=139
INSTRUMENTATION_STATUS: stream=.
INSTRUMENTATION_STATUS: test=normalizedNoDemandNeverBindsAndConsumerDomainsAreIndependent
INSTRUMENTATION_STATUS_CODE: 0
INSTRUMENTATION_STATUS: class=io.github.mesteriis.rune.keyboard.intelligence.client.ModelDemandClientInstrumentedTest
INSTRUMENTATION_STATUS: current=21
INSTRUMENTATION_STATUS: id=AndroidJUnitRunner
INSTRUMENTATION_STATUS: numtests=139
INSTRUMENTATION_STATUS: stream=
INSTRUMENTATION_STATUS: test=remoteFailureClearsActiveTokenAndDoesNotReplayOnReconnect
INSTRUMENTATION_STATUS_CODE: 1
INSTRUMENTATION_STATUS: class=io.github.mesteriis.rune.keyboard.intelligence.client.ModelDemandClientInstrumentedTest
INSTRUMENTATION_STATUS: current=21
INSTRUMENTATION_STATUS: id=AndroidJUnitRunner
INSTRUMENTATION_STATUS: numtests=139
INSTRUMENTATION_STATUS: stream=.
INSTRUMENTATION_STATUS: test=remoteFailureClearsActiveTokenAndDoesNotReplayOnReconnect
INSTRUMENTATION_STATUS_CODE: 0
INSTRUMENTATION_STATUS: class=io.github.mesteriis.rune.keyboard.intelligence.client.ModelDemandClientInstrumentedTest
INSTRUMENTATION_STATUS: current=22
INSTRUMENTATION_STATUS: id=AndroidJUnitRunner
INSTRUMENTATION_STATUS: numtests=139
INSTRUMENTATION_STATUS: stream=
INSTRUMENTATION_STATUS: test=successfulReconnectsDoNotReplenishCreditOrReplayRequests
INSTRUMENTATION_STATUS_CODE: 1
INSTRUMENTATION_STATUS: class=io.github.mesteriis.rune.keyboard.intelligence.client.ModelDemandClientInstrumentedTest
INSTRUMENTATION_STATUS: current=22
INSTRUMENTATION_STATUS: id=AndroidJUnitRunner
INSTRUMENTATION_STATUS: numtests=139
INSTRUMENTATION_STATUS: stream=.
INSTRUMENTATION_STATUS: test=successfulReconnectsDoNotReplenishCreditOrReplayRequests
INSTRUMENTATION_STATUS_CODE: 0
INSTRUMENTATION_STATUS: class=io.github.mesteriis.rune.keyboard.intelligence.client.ModelDemandClientInstrumentedTest
INSTRUMENTATION_STATUS: current=23
INSTRUMENTATION_STATUS: id=AndroidJUnitRunner
INSTRUMENTATION_STATUS: numtests=139
INSTRUMENTATION_STATUS: stream=
INSTRUMENTATION_STATUS: test=securityFailuresExhaustExactlyTwoRetriesWhileDemandRemainsTrue
INSTRUMENTATION_STATUS_CODE: 1
INSTRUMENTATION_STATUS: class=io.github.mesteriis.rune.keyboard.intelligence.client.ModelDemandClientInstrumentedTest
INSTRUMENTATION_STATUS: current=23
INSTRUMENTATION_STATUS: id=AndroidJUnitRunner
INSTRUMENTATION_STATUS: numtests=139
INSTRUMENTATION_STATUS: stream=.
INSTRUMENTATION_STATUS: test=securityFailuresExhaustExactlyTwoRetriesWhileDemandRemainsTrue
INSTRUMENTATION_STATUS_CODE: 0
INSTRUMENTATION_STATUS: class=io.github.mesteriis.rune.keyboard.intelligence.delivery.DeliveryStateStoreInstrumentedTest
INSTRUMENTATION_STATUS: current=24
INSTRUMENTATION_STATUS: id=AndroidJUnitRunner
INSTRUMENTATION_STATUS: numtests=139
INSTRUMENTATION_STATUS: stream=
io.github.mesteriis.rune.keyboard.intelligence.delivery.DeliveryStateStoreInstrumentedTest:
INSTRUMENTATION_STATUS: test=atomicallyRoundTripsInDedicatedDirectory
INSTRUMENTATION_STATUS_CODE: 1
INSTRUMENTATION_STATUS: class=io.github.mesteriis.rune.keyboard.intelligence.delivery.DeliveryStateStoreInstrumentedTest
INSTRUMENTATION_STATUS: current=24
INSTRUMENTATION_STATUS: id=AndroidJUnitRunner
INSTRUMENTATION_STATUS: numtests=139
INSTRUMENTATION_STATUS: stream=.
INSTRUMENTATION_STATUS: test=atomicallyRoundTripsInDedicatedDirectory
INSTRUMENTATION_STATUS_CODE: 0
INSTRUMENTATION_STATUS: class=io.github.mesteriis.rune.keyboard.intelligence.delivery.DeliveryStateStoreInstrumentedTest
INSTRUMENTATION_STATUS: current=25
INSTRUMENTATION_STATUS: id=AndroidJUnitRunner
INSTRUMENTATION_STATUS: numtests=139
INSTRUMENTATION_STATUS: stream=
INSTRUMENTATION_STATUS: test=recoversCommittedBackupWhenBaseFileIsMissing
INSTRUMENTATION_STATUS_CODE: 1
INSTRUMENTATION_STATUS: class=io.github.mesteriis.rune.keyboard.intelligence.delivery.DeliveryStateStoreInstrumentedTest
INSTRUMENTATION_STATUS: current=25
INSTRUMENTATION_STATUS: id=AndroidJUnitRunner
INSTRUMENTATION_STATUS: numtests=139
INSTRUMENTATION_STATUS: stream=.
INSTRUMENTATION_STATUS: test=recoversCommittedBackupWhenBaseFileIsMissing
INSTRUMENTATION_STATUS_CODE: 0
INSTRUMENTATION_STATUS: class=io.github.mesteriis.rune.keyboard.intelligence.delivery.DeliveryStateStoreInstrumentedTest
INSTRUMENTATION_STATUS: current=26
INSTRUMENTATION_STATUS: id=AndroidJUnitRunner
INSTRUMENTATION_STATUS: numtests=139
INSTRUMENTATION_STATUS: stream=
INSTRUMENTATION_STATUS: test=concurrentInstancesSerializeWithinOneProcess
INSTRUMENTATION_STATUS_CODE: 1
INSTRUMENTATION_STATUS: class=io.github.mesteriis.rune.keyboard.intelligence.delivery.DeliveryStateStoreInstrumentedTest
INSTRUMENTATION_STATUS: current=26
INSTRUMENTATION_STATUS: id=AndroidJUnitRunner
INSTRUMENTATION_STATUS: numtests=139
INSTRUMENTATION_STATUS: stream=.
INSTRUMENTATION_STATUS: test=concurrentInstancesSerializeWithinOneProcess
INSTRUMENTATION_STATUS_CODE: 0
INSTRUMENTATION_STATUS: class=io.github.mesteriis.rune.keyboard.intelligence.delivery.ModelDeliveryManifestInstrumentedTest
INSTRUMENTATION_STATUS: current=27
INSTRUMENTATION_STATUS: id=AndroidJUnitRunner
INSTRUMENTATION_STATUS: numtests=139
INSTRUMENTATION_STATUS: stream=
io.github.mesteriis.rune.keyboard.intelligence.delivery.ModelDeliveryManifestInstrumentedTest:
INSTRUMENTATION_STATUS: test=declaresOnlyInternetAndPrivateWorkerComponents
INSTRUMENTATION_STATUS_CODE: 1
INSTRUMENTATION_STATUS: class=io.github.mesteriis.rune.keyboard.intelligence.delivery.ModelDeliveryManifestInstrumentedTest
INSTRUMENTATION_STATUS: current=27
INSTRUMENTATION_STATUS: id=AndroidJUnitRunner
INSTRUMENTATION_STATUS: numtests=139
INSTRUMENTATION_STATUS: stream=.
INSTRUMENTATION_STATUS: test=declaresOnlyInternetAndPrivateWorkerComponents
INSTRUMENTATION_STATUS_CODE: 0
INSTRUMENTATION_STATUS: class=io.github.mesteriis.rune.keyboard.intelligence.inference.ActiveModelLifecycleInstrumentedTest
INSTRUMENTATION_STATUS: current=28
INSTRUMENTATION_STATUS: id=AndroidJUnitRunner
INSTRUMENTATION_STATUS: numtests=139
INSTRUMENTATION_STATUS: stream=
io.github.mesteriis.rune.keyboard.intelligence.inference.ActiveModelLifecycleInstrumentedTest:
INSTRUMENTATION_STATUS: test=retiredWatchCallbacksAfterRestartCannotPoisonCurrentRegistration
INSTRUMENTATION_STATUS_CODE: 1
INSTRUMENTATION_STATUS: class=io.github.mesteriis.rune.keyboard.intelligence.inference.ActiveModelLifecycleInstrumentedTest
INSTRUMENTATION_STATUS: current=28
INSTRUMENTATION_STATUS: id=AndroidJUnitRunner
INSTRUMENTATION_STATUS: numtests=139
INSTRUMENTATION_STATUS: stream=.
INSTRUMENTATION_STATUS: test=retiredWatchCallbacksAfterRestartCannotPoisonCurrentRegistration
INSTRUMENTATION_STATUS_CODE: 0
INSTRUMENTATION_STATUS: class=io.github.mesteriis.rune.keyboard.intelligence.inference.ActiveModelLifecycleInstrumentedTest
INSTRUMENTATION_STATUS: current=29
INSTRUMENTATION_STATUS: id=AndroidJUnitRunner
INSTRUMENTATION_STATUS: numtests=139
INSTRUMENTATION_STATUS: stream=
INSTRUMENTATION_STATUS: test=ordinaryCancellationSuppressesLateSuccessAndReusesValidatedModel
INSTRUMENTATION_STATUS_CODE: 1
INSTRUMENTATION_STATUS: class=io.github.mesteriis.rune.keyboard.intelligence.inference.ActiveModelLifecycleInstrumentedTest
INSTRUMENTATION_STATUS: current=29
INSTRUMENTATION_STATUS: id=AndroidJUnitRunner
INSTRUMENTATION_STATUS: numtests=139
INSTRUMENTATION_STATUS: stream=.
INSTRUMENTATION_STATUS: test=ordinaryCancellationSuppressesLateSuccessAndReusesValidatedModel
INSTRUMENTATION_STATUS_CODE: 0
INSTRUMENTATION_STATUS: class=io.github.mesteriis.rune.keyboard.intelligence.inference.ActiveModelLifecycleInstrumentedTest
INSTRUMENTATION_STATUS: current=30
INSTRUMENTATION_STATUS: id=AndroidJUnitRunner
INSTRUMENTATION_STATUS: numtests=139
INSTRUMENTATION_STATUS: stream=
INSTRUMENTATION_STATUS: test=explicitInvalidationOfUnchangedIdentityStillUnloadsBeforeReload
INSTRUMENTATION_STATUS_CODE: 1
INSTRUMENTATION_STATUS: class=io.github.mesteriis.rune.keyboard.intelligence.inference.ActiveModelLifecycleInstrumentedTest
INSTRUMENTATION_STATUS: current=30
INSTRUMENTATION_STATUS: id=AndroidJUnitRunner
INSTRUMENTATION_STATUS: numtests=139
INSTRUMENTATION_STATUS: stream=.
INSTRUMENTATION_STATUS: test=explicitInvalidationOfUnchangedIdentityStillUnloadsBeforeReload
INSTRUMENTATION_STATUS_CODE: 0
INSTRUMENTATION_STATUS: class=io.github.mesteriis.rune.keyboard.intelligence.inference.ActiveModelLifecycleInstrumentedTest
INSTRUMENTATION_STATUS: current=31
INSTRUMENTATION_STATUS: id=AndroidJUnitRunner
INSTRUMENTATION_STATUS: numtests=139
INSTRUMENTATION_STATUS: stream=
INSTRUMENTATION_STATUS: test=retiredWatchCallbacksAfterCloseCannotInvalidate
INSTRUMENTATION_STATUS_CODE: 1
INSTRUMENTATION_STATUS: class=io.github.mesteriis.rune.keyboard.intelligence.inference.ActiveModelLifecycleInstrumentedTest
INSTRUMENTATION_STATUS: current=31
INSTRUMENTATION_STATUS: id=AndroidJUnitRunner
INSTRUMENTATION_STATUS: numtests=139
INSTRUMENTATION_STATUS: stream=.
INSTRUMENTATION_STATUS: test=retiredWatchCallbacksAfterCloseCannotInvalidate
INSTRUMENTATION_STATUS_CODE: 0
INSTRUMENTATION_STATUS: class=io.github.mesteriis.rune.keyboard.intelligence.inference.ActiveModelLifecycleInstrumentedTest
INSTRUMENTATION_STATUS: current=32
INSTRUMENTATION_STATUS: id=AndroidJUnitRunner
INSTRUMENTATION_STATUS: numtests=139
INSTRUMENTATION_STATUS: stream=
INSTRUMENTATION_STATUS: test=failedWatchRestartRetiresCallbacksAndLaterCurrentEventStillInvalidates
INSTRUMENTATION_STATUS_CODE: 1
INSTRUMENTATION_STATUS: class=io.github.mesteriis.rune.keyboard.intelligence.inference.ActiveModelLifecycleInstrumentedTest
INSTRUMENTATION_STATUS: current=32
INSTRUMENTATION_STATUS: id=AndroidJUnitRunner
INSTRUMENTATION_STATUS: numtests=139
INSTRUMENTATION_STATUS: stream=.
INSTRUMENTATION_STATUS: test=failedWatchRestartRetiresCallbacksAndLaterCurrentEventStillInvalidates
INSTRUMENTATION_STATUS_CODE: 0
INSTRUMENTATION_STATUS: class=io.github.mesteriis.rune.keyboard.intelligence.inference.ActiveModelLifecycleInstrumentedTest
INSTRUMENTATION_STATUS: current=33
INSTRUMENTATION_STATUS: id=AndroidJUnitRunner
INSTRUMENTATION_STATUS: numtests=139
INSTRUMENTATION_STATUS: stream=
INSTRUMENTATION_STATUS: test=committedBackupWinsWithoutReadSideRecovery
INSTRUMENTATION_STATUS_CODE: 1
INSTRUMENTATION_STATUS: class=io.github.mesteriis.rune.keyboard.intelligence.inference.ActiveModelLifecycleInstrumentedTest
INSTRUMENTATION_STATUS: current=33
INSTRUMENTATION_STATUS: id=AndroidJUnitRunner
INSTRUMENTATION_STATUS: numtests=139
INSTRUMENTATION_STATUS: stream=.
INSTRUMENTATION_STATUS: test=committedBackupWinsWithoutReadSideRecovery
INSTRUMENTATION_STATUS_CODE: 0
INSTRUMENTATION_STATUS: class=io.github.mesteriis.rune.keyboard.intelligence.inference.ActiveModelLifecycleInstrumentedTest
INSTRUMENTATION_STATUS: current=34
INSTRUMENTATION_STATUS: id=AndroidJUnitRunner
INSTRUMENTATION_STATUS: numtests=139
INSTRUMENTATION_STATUS: stream=
INSTRUMENTATION_STATUS: test=modelSizeAndSymlinkEscapeAreRejectedBeforeLoad
INSTRUMENTATION_STATUS_CODE: 1
INSTRUMENTATION_STATUS: class=io.github.mesteriis.rune.keyboard.intelligence.inference.ActiveModelLifecycleInstrumentedTest
INSTRUMENTATION_STATUS: current=34
INSTRUMENTATION_STATUS: id=AndroidJUnitRunner
INSTRUMENTATION_STATUS: numtests=139
INSTRUMENTATION_STATUS: stream=.
INSTRUMENTATION_STATUS: test=modelSizeAndSymlinkEscapeAreRejectedBeforeLoad
INSTRUMENTATION_STATUS_CODE: 0
INSTRUMENTATION_STATUS: class=io.github.mesteriis.rune.keyboard.intelligence.inference.ActiveModelLifecycleInstrumentedTest
INSTRUMENTATION_STATUS: current=35
INSTRUMENTATION_STATUS: id=AndroidJUnitRunner
INSTRUMENTATION_STATUS: numtests=139
INSTRUMENTATION_STATUS: stream=
INSTRUMENTATION_STATUS: test=pointerRotationCancelsBlockedScoreAndReloadsNextIdentity
INSTRUMENTATION_STATUS_CODE: 1
INSTRUMENTATION_STATUS: class=io.github.mesteriis.rune.keyboard.intelligence.inference.ActiveModelLifecycleInstrumentedTest
INSTRUMENTATION_STATUS: current=35
INSTRUMENTATION_STATUS: id=AndroidJUnitRunner
INSTRUMENTATION_STATUS: numtests=139
INSTRUMENTATION_STATUS: stream=.
INSTRUMENTATION_STATUS: test=pointerRotationCancelsBlockedScoreAndReloadsNextIdentity
INSTRUMENTATION_STATUS_CODE: 0
INSTRUMENTATION_STATUS: class=io.github.mesteriis.rune.keyboard.intelligence.inference.ActiveModelLifecycleInstrumentedTest
INSTRUMENTATION_STATUS: current=36
INSTRUMENTATION_STATUS: id=AndroidJUnitRunner
INSTRUMENTATION_STATUS: numtests=139
INSTRUMENTATION_STATUS: stream=
INSTRUMENTATION_STATUS: test=pointerDeletionCancelsBlockedScoreAndLeavesNoModel
INSTRUMENTATION_STATUS_CODE: 1
INSTRUMENTATION_STATUS: class=io.github.mesteriis.rune.keyboard.intelligence.inference.ActiveModelLifecycleInstrumentedTest
INSTRUMENTATION_STATUS: current=36
INSTRUMENTATION_STATUS: id=AndroidJUnitRunner
INSTRUMENTATION_STATUS: numtests=139
INSTRUMENTATION_STATUS: stream=.
INSTRUMENTATION_STATUS: test=pointerDeletionCancelsBlockedScoreAndLeavesNoModel
INSTRUMENTATION_STATUS_CODE: 0
INSTRUMENTATION_STATUS: class=io.github.mesteriis.rune.keyboard.intelligence.inference.ActiveModelLifecycleInstrumentedTest
INSTRUMENTATION_STATUS: current=37
INSTRUMENTATION_STATUS: id=AndroidJUnitRunner
INSTRUMENTATION_STATUS: numtests=139
INSTRUMENTATION_STATUS: stream=
INSTRUMENTATION_STATUS: test=cancelledWordDuringPreparationReleasesPayloadAndNextWordSharesTheLoad
INSTRUMENTATION_STATUS_CODE: 1
INSTRUMENTATION_STATUS: class=io.github.mesteriis.rune.keyboard.intelligence.inference.ActiveModelLifecycleInstrumentedTest
INSTRUMENTATION_STATUS: current=37
INSTRUMENTATION_STATUS: id=AndroidJUnitRunner
INSTRUMENTATION_STATUS: numtests=139
INSTRUMENTATION_STATUS: stream=.
INSTRUMENTATION_STATUS: test=cancelledWordDuringPreparationReleasesPayloadAndNextWordSharesTheLoad
INSTRUMENTATION_STATUS_CODE: 0
INSTRUMENTATION_STATUS: class=io.github.mesteriis.rune.keyboard.intelligence.inference.ActiveModelLifecycleInstrumentedTest
INSTRUMENTATION_STATUS: current=38
INSTRUMENTATION_STATUS: id=AndroidJUnitRunner
INSTRUMENTATION_STATUS: numtests=139
INSTRUMENTATION_STATUS: stream=
INSTRUMENTATION_STATUS: test=sessionUnbindDuringPreparationCancelsPartialLoadAndRebindStartsFresh
INSTRUMENTATION_STATUS_CODE: 1
INSTRUMENTATION_STATUS: class=io.github.mesteriis.rune.keyboard.intelligence.inference.ActiveModelLifecycleInstrumentedTest
INSTRUMENTATION_STATUS: current=38
INSTRUMENTATION_STATUS: id=AndroidJUnitRunner
INSTRUMENTATION_STATUS: numtests=139
INSTRUMENTATION_STATUS: stream=.
INSTRUMENTATION_STATUS: test=sessionUnbindDuringPreparationCancelsPartialLoadAndRebindStartsFresh
INSTRUMENTATION_STATUS_CODE: 0
INSTRUMENTATION_STATUS: class=io.github.mesteriis.rune.keyboard.intelligence.inference.ActiveModelLifecycleInstrumentedTest
INSTRUMENTATION_STATUS: current=39
INSTRUMENTATION_STATUS: id=AndroidJUnitRunner
INSTRUMENTATION_STATUS: numtests=139
INSTRUMENTATION_STATUS: stream=
INSTRUMENTATION_STATUS: test=missingWatchDirectoryFailsRegistrationAndRealWatchObservesVersionDeletion
INSTRUMENTATION_STATUS_CODE: 1
INSTRUMENTATION_STATUS: class=io.github.mesteriis.rune.keyboard.intelligence.inference.ActiveModelLifecycleInstrumentedTest
INSTRUMENTATION_STATUS: current=39
INSTRUMENTATION_STATUS: id=AndroidJUnitRunner
INSTRUMENTATION_STATUS: numtests=139
INSTRUMENTATION_STATUS: stream=.
INSTRUMENTATION_STATUS: test=missingWatchDirectoryFailsRegistrationAndRealWatchObservesVersionDeletion
INSTRUMENTATION_STATUS_CODE: 0
INSTRUMENTATION_STATUS: class=io.github.mesteriis.rune.keyboard.intelligence.inference.ActiveModelLifecycleInstrumentedTest
INSTRUMENTATION_STATUS: current=40
INSTRUMENTATION_STATUS: id=AndroidJUnitRunner
INSTRUMENTATION_STATUS: numtests=139
INSTRUMENTATION_STATUS: stream=
INSTRUMENTATION_STATUS: test=cancellationBeforeAdapterAdmissionDoesNotLoadScoreOrDiscardWarmModel
INSTRUMENTATION_STATUS_CODE: 1
INSTRUMENTATION_STATUS: class=io.github.mesteriis.rune.keyboard.intelligence.inference.ActiveModelLifecycleInstrumentedTest
INSTRUMENTATION_STATUS: current=40
INSTRUMENTATION_STATUS: id=AndroidJUnitRunner
INSTRUMENTATION_STATUS: numtests=139
INSTRUMENTATION_STATUS: stream=.
INSTRUMENTATION_STATUS: test=cancellationBeforeAdapterAdmissionDoesNotLoadScoreOrDiscardWarmModel
INSTRUMENTATION_STATUS_CODE: 0
INSTRUMENTATION_STATUS: class=io.github.mesteriis.rune.keyboard.intelligence.inference.ActiveModelLifecycleInstrumentedTest
INSTRUMENTATION_STATUS: current=41
INSTRUMENTATION_STATUS: id=AndroidJUnitRunner
INSTRUMENTATION_STATUS: numtests=139
INSTRUMENTATION_STATUS: stream=
INSTRUMENTATION_STATUS: test=closeStillReleasesAValidatedWarmModel
INSTRUMENTATION_STATUS_CODE: 1
INSTRUMENTATION_STATUS: class=io.github.mesteriis.rune.keyboard.intelligence.inference.ActiveModelLifecycleInstrumentedTest
INSTRUMENTATION_STATUS: current=41
INSTRUMENTATION_STATUS: id=AndroidJUnitRunner
INSTRUMENTATION_STATUS: numtests=139
INSTRUMENTATION_STATUS: stream=.
INSTRUMENTATION_STATUS: test=closeStillReleasesAValidatedWarmModel
INSTRUMENTATION_STATUS_CODE: 0
INSTRUMENTATION_STATUS: class=io.github.mesteriis.rune.keyboard.intelligence.inference.ActiveModelLifecycleInstrumentedTest
INSTRUMENTATION_STATUS: current=42
INSTRUMENTATION_STATUS: id=AndroidJUnitRunner
INSTRUMENTATION_STATUS: numtests=139
INSTRUMENTATION_STATUS: stream=
INSTRUMENTATION_STATUS: test=absentCorruptAndOversizedPointersFailClosedBeforeRuntimeLoad
INSTRUMENTATION_STATUS_CODE: 1
INSTRUMENTATION_STATUS: class=io.github.mesteriis.rune.keyboard.intelligence.inference.ActiveModelLifecycleInstrumentedTest
INSTRUMENTATION_STATUS: current=42
INSTRUMENTATION_STATUS: id=AndroidJUnitRunner
INSTRUMENTATION_STATUS: numtests=139
INSTRUMENTATION_STATUS: stream=.
INSTRUMENTATION_STATUS: test=absentCorruptAndOversizedPointersFailClosedBeforeRuntimeLoad
INSTRUMENTATION_STATUS_CODE: 0
INSTRUMENTATION_STATUS: class=io.github.mesteriis.rune.keyboard.intelligence.inference.ActiveModelLifecycleInstrumentedTest
INSTRUMENTATION_STATUS: current=43
INSTRUMENTATION_STATUS: id=AndroidJUnitRunner
INSTRUMENTATION_STATUS: numtests=139
INSTRUMENTATION_STATUS: stream=
INSTRUMENTATION_STATUS: test=nativeLoadKeepsSharedPhysicalLockUntilSourceIsConsumed
INSTRUMENTATION_STATUS_CODE: 1
INSTRUMENTATION_STATUS: class=io.github.mesteriis.rune.keyboard.intelligence.inference.ActiveModelLifecycleInstrumentedTest
INSTRUMENTATION_STATUS: current=43
INSTRUMENTATION_STATUS: id=AndroidJUnitRunner
INSTRUMENTATION_STATUS: numtests=139
INSTRUMENTATION_STATUS: stream=.
INSTRUMENTATION_STATUS: test=nativeLoadKeepsSharedPhysicalLockUntilSourceIsConsumed
INSTRUMENTATION_STATUS_CODE: 0
INSTRUMENTATION_STATUS: class=io.github.mesteriis.rune.keyboard.intelligence.inference.RealModelScoringInstrumentedTest
INSTRUMENTATION_STATUS: current=44
INSTRUMENTATION_STATUS: id=AndroidJUnitRunner
INSTRUMENTATION_STATUS: numtests=139
INSTRUMENTATION_STATUS: stream=
io.github.mesteriis.rune.keyboard.intelligence.inference.RealModelScoringInstrumentedTest:
INSTRUMENTATION_STATUS: test=installedRuneTextLoadsAndScoresBoundedCandidates
INSTRUMENTATION_STATUS_CODE: 1
INSTRUMENTATION_STATUS: class=io.github.mesteriis.rune.keyboard.intelligence.inference.RealModelScoringInstrumentedTest
INSTRUMENTATION_STATUS: current=44
INSTRUMENTATION_STATUS: id=AndroidJUnitRunner
INSTRUMENTATION_STATUS: numtests=139
INSTRUMENTATION_STATUS: stack=org.junit.AssumptionViolatedException: Exact Rune Text model is not installed
	at org.junit.Assume.assumeTrue(Assume.java:68)
	at io.github.mesteriis.rune.keyboard.intelligence.inference.RealModelScoringInstrumentedTest.installedRuneTextLoadsAndScoresBoundedCandidates(RealModelScoringInstrumentedTest.kt:44)

INSTRUMENTATION_STATUS: stream=
io.github.mesteriis.rune.keyboard.intelligence.inference.RealModelScoringInstrumentedTest:
INSTRUMENTATION_STATUS: test=installedRuneTextLoadsAndScoresBoundedCandidates
INSTRUMENTATION_STATUS_CODE: -4
INSTRUMENTATION_STATUS: class=io.github.mesteriis.rune.keyboard.intelligence.inference.RealModelServiceInstrumentedTest
INSTRUMENTATION_STATUS: current=45
INSTRUMENTATION_STATUS: id=AndroidJUnitRunner
INSTRUMENTATION_STATUS: numtests=139
INSTRUMENTATION_STATUS: stream=
io.github.mesteriis.rune.keyboard.intelligence.inference.RealModelServiceInstrumentedTest:
INSTRUMENTATION_STATUS: test=exactInstalledModelPreparesAndScoresThroughPrivateBinder
INSTRUMENTATION_STATUS_CODE: 1
INSTRUMENTATION_STATUS: class=io.github.mesteriis.rune.keyboard.intelligence.inference.RealModelServiceInstrumentedTest
INSTRUMENTATION_STATUS: current=45
INSTRUMENTATION_STATUS: id=AndroidJUnitRunner
INSTRUMENTATION_STATUS: numtests=139
INSTRUMENTATION_STATUS: stack=org.junit.AssumptionViolatedException: Explicit installed-model service probe only
	at org.junit.Assume.assumeTrue(Assume.java:68)
	at io.github.mesteriis.rune.keyboard.intelligence.inference.RealModelServiceInstrumentedTest.exactInstalledModelPreparesAndScoresThroughPrivateBinder(RealModelServiceInstrumentedTest.kt:35)

INSTRUMENTATION_STATUS: stream=
io.github.mesteriis.rune.keyboard.intelligence.inference.RealModelServiceInstrumentedTest:
INSTRUMENTATION_STATUS: test=exactInstalledModelPreparesAndScoresThroughPrivateBinder
INSTRUMENTATION_STATUS_CODE: -4
INSTRUMENTATION_STATUS: class=io.github.mesteriis.rune.keyboard.intelligence.inference.ScoringIpcInstrumentedTest
INSTRUMENTATION_STATUS: current=46
INSTRUMENTATION_STATUS: id=AndroidJUnitRunner
INSTRUMENTATION_STATUS: numtests=139
INSTRUMENTATION_STATUS: stream=
io.github.mesteriis.rune.keyboard.intelligence.inference.ScoringIpcInstrumentedTest:
INSTRUMENTATION_STATUS: test=privateManifestContract
INSTRUMENTATION_STATUS_CODE: 1
INSTRUMENTATION_STATUS: class=io.github.mesteriis.rune.keyboard.intelligence.inference.ScoringIpcInstrumentedTest
INSTRUMENTATION_STATUS: current=46
INSTRUMENTATION_STATUS: id=AndroidJUnitRunner
INSTRUMENTATION_STATUS: numtests=139
INSTRUMENTATION_STATUS: stream=.
INSTRUMENTATION_STATUS: test=privateManifestContract
INSTRUMENTATION_STATUS_CODE: 0
INSTRUMENTATION_STATUS: class=io.github.mesteriis.rune.keyboard.intelligence.inference.ScoringIpcInstrumentedTest
INSTRUMENTATION_STATUS: current=47
INSTRUMENTATION_STATUS: id=AndroidJUnitRunner
INSTRUMENTATION_STATUS: numtests=139
INSTRUMENTATION_STATUS: stream=
INSTRUMENTATION_STATUS: test=oversizedCountAndTextRejectBeforeAllocation
INSTRUMENTATION_STATUS_CODE: 1
INSTRUMENTATION_STATUS: class=io.github.mesteriis.rune.keyboard.intelligence.inference.ScoringIpcInstrumentedTest
INSTRUMENTATION_STATUS: current=47
INSTRUMENTATION_STATUS: id=AndroidJUnitRunner
INSTRUMENTATION_STATUS: numtests=139
INSTRUMENTATION_STATUS: stream=.
INSTRUMENTATION_STATUS: test=oversizedCountAndTextRejectBeforeAllocation
INSTRUMENTATION_STATUS_CODE: 0
INSTRUMENTATION_STATUS: class=io.github.mesteriis.rune.keyboard.intelligence.inference.ScoringIpcInstrumentedTest
INSTRUMENTATION_STATUS: current=48
INSTRUMENTATION_STATUS: id=AndroidJUnitRunner
INSTRUMENTATION_STATUS: numtests=139
INSTRUMENTATION_STATUS: stream=
INSTRUMENTATION_STATUS: test=observerConfirmsRegistrationThenInvalidatesOnPointerChange
INSTRUMENTATION_STATUS_CODE: 1
INSTRUMENTATION_STATUS: class=io.github.mesteriis.rune.keyboard.intelligence.inference.ScoringIpcInstrumentedTest
INSTRUMENTATION_STATUS: current=48
INSTRUMENTATION_STATUS: id=AndroidJUnitRunner
INSTRUMENTATION_STATUS: numtests=139
INSTRUMENTATION_STATUS: stream=.
INSTRUMENTATION_STATUS: test=observerConfirmsRegistrationThenInvalidatesOnPointerChange
INSTRUMENTATION_STATUS_CODE: 0
INSTRUMENTATION_STATUS: class=io.github.mesteriis.rune.keyboard.intelligence.inference.ScoringIpcInstrumentedTest
INSTRUMENTATION_STATUS: current=49
INSTRUMENTATION_STATUS: id=AndroidJUnitRunner
INSTRUMENTATION_STATUS: numtests=139
INSTRUMENTATION_STATUS: stream=
INSTRUMENTATION_STATUS: test=boundedRequestAndNumericReplyRoundTrip
INSTRUMENTATION_STATUS_CODE: 1
INSTRUMENTATION_STATUS: class=io.github.mesteriis.rune.keyboard.intelligence.inference.ScoringIpcInstrumentedTest
INSTRUMENTATION_STATUS: current=49
INSTRUMENTATION_STATUS: id=AndroidJUnitRunner
INSTRUMENTATION_STATUS: numtests=139
INSTRUMENTATION_STATUS: stream=.
INSTRUMENTATION_STATUS: test=boundedRequestAndNumericReplyRoundTrip
INSTRUMENTATION_STATUS_CODE: 0
INSTRUMENTATION_STATUS: class=io.github.mesteriis.rune.keyboard.intelligence.inference.ScoringLifecycleInstrumentedTest
INSTRUMENTATION_STATUS: current=50
INSTRUMENTATION_STATUS: id=AndroidJUnitRunner
INSTRUMENTATION_STATUS: numtests=139
INSTRUMENTATION_STATUS: stream=
io.github.mesteriis.rune.keyboard.intelligence.inference.ScoringLifecycleInstrumentedTest:
INSTRUMENTATION_STATUS: test=immediateCancelSuppressesCallbackAndDoesNotWaitForScore
INSTRUMENTATION_STATUS_CODE: 1
INSTRUMENTATION_STATUS: class=io.github.mesteriis.rune.keyboard.intelligence.inference.ScoringLifecycleInstrumentedTest
INSTRUMENTATION_STATUS: current=50
INSTRUMENTATION_STATUS: id=AndroidJUnitRunner
INSTRUMENTATION_STATUS: numtests=139
INSTRUMENTATION_STATUS: stream=.
INSTRUMENTATION_STATUS: test=immediateCancelSuppressesCallbackAndDoesNotWaitForScore
INSTRUMENTATION_STATUS_CODE: 0
INSTRUMENTATION_STATUS: class=io.github.mesteriis.rune.keyboard.intelligence.inference.ScoringLifecycleInstrumentedTest
INSTRUMENTATION_STATUS: current=51
INSTRUMENTATION_STATUS: id=AndroidJUnitRunner
INSTRUMENTATION_STATUS: numtests=139
INSTRUMENTATION_STATUS: stream=
INSTRUMENTATION_STATUS: test=onewayTransportKeepsOneActiveAndOnlyLatestPending
INSTRUMENTATION_STATUS_CODE: 1
INSTRUMENTATION_STATUS: class=io.github.mesteriis.rune.keyboard.intelligence.inference.ScoringLifecycleInstrumentedTest
INSTRUMENTATION_STATUS: current=51
INSTRUMENTATION_STATUS: id=AndroidJUnitRunner
INSTRUMENTATION_STATUS: numtests=139
INSTRUMENTATION_STATUS: stream=.
INSTRUMENTATION_STATUS: test=onewayTransportKeepsOneActiveAndOnlyLatestPending
INSTRUMENTATION_STATUS_CODE: 0
INSTRUMENTATION_STATUS: class=io.github.mesteriis.rune.keyboard.intelligence.inference.ScoringLifecycleInstrumentedTest
INSTRUMENTATION_STATUS: current=52
INSTRUMENTATION_STATUS: id=AndroidJUnitRunner
INSTRUMENTATION_STATUS: numtests=139
INSTRUMENTATION_STATUS: stream=
INSTRUMENTATION_STATUS: test=criticalBackgroundAndLowMemoryRemainSuspendedUntilActualUnbindBind
INSTRUMENTATION_STATUS_CODE: 1
INSTRUMENTATION_STATUS: class=io.github.mesteriis.rune.keyboard.intelligence.inference.ScoringLifecycleInstrumentedTest
INSTRUMENTATION_STATUS: current=52
INSTRUMENTATION_STATUS: id=AndroidJUnitRunner
INSTRUMENTATION_STATUS: numtests=139
INSTRUMENTATION_STATUS: stream=.
INSTRUMENTATION_STATUS: test=criticalBackgroundAndLowMemoryRemainSuspendedUntilActualUnbindBind
INSTRUMENTATION_STATUS_CODE: 0
INSTRUMENTATION_STATUS: class=io.github.mesteriis.rune.keyboard.intelligence.inference.ScoringLifecycleInstrumentedTest
INSTRUMENTATION_STATUS: current=53
INSTRUMENTATION_STATUS: id=AndroidJUnitRunner
INSTRUMENTATION_STATUS: numtests=139
INSTRUMENTATION_STATUS: stream=
INSTRUMENTATION_STATUS: test=obsoleteConnectionEventsCannotReviveAnEndedClient
INSTRUMENTATION_STATUS_CODE: 1
INSTRUMENTATION_STATUS: class=io.github.mesteriis.rune.keyboard.intelligence.inference.ScoringLifecycleInstrumentedTest
INSTRUMENTATION_STATUS: current=53
INSTRUMENTATION_STATUS: id=AndroidJUnitRunner
INSTRUMENTATION_STATUS: numtests=139
INSTRUMENTATION_STATUS: stream=.
INSTRUMENTATION_STATUS: test=obsoleteConnectionEventsCannotReviveAnEndedClient
INSTRUMENTATION_STATUS_CODE: 0
INSTRUMENTATION_STATUS: class=io.github.mesteriis.rune.keyboard.intelligence.inference.ScoringLifecycleInstrumentedTest
INSTRUMENTATION_STATUS: current=54
INSTRUMENTATION_STATUS: id=AndroidJUnitRunner
INSTRUMENTATION_STATUS: numtests=139
INSTRUMENTATION_STATUS: stream=
INSTRUMENTATION_STATUS: test=debugFixtureIsPrivateSameUidAndActuallyRemote
INSTRUMENTATION_STATUS_CODE: 1
INSTRUMENTATION_STATUS: class=io.github.mesteriis.rune.keyboard.intelligence.inference.ScoringLifecycleInstrumentedTest
INSTRUMENTATION_STATUS: current=54
INSTRUMENTATION_STATUS: id=AndroidJUnitRunner
INSTRUMENTATION_STATUS: numtests=139
INSTRUMENTATION_STATUS: stream=.
INSTRUMENTATION_STATUS: test=debugFixtureIsPrivateSameUidAndActuallyRemote
INSTRUMENTATION_STATUS_CODE: 0
INSTRUMENTATION_STATUS: class=io.github.mesteriis.rune.keyboard.intelligence.inference.ScoringLifecycleInstrumentedTest
INSTRUMENTATION_STATUS: current=55
INSTRUMENTATION_STATUS: id=AndroidJUnitRunner
INSTRUMENTATION_STATUS: numtests=139
INSTRUMENTATION_STATUS: stream=
INSTRUMENTATION_STATUS: test=aRealReplyEvaluatedAfterMainThreadCancellationIsIgnored
INSTRUMENTATION_STATUS_CODE: 1
INSTRUMENTATION_STATUS: class=io.github.mesteriis.rune.keyboard.intelligence.inference.ScoringLifecycleInstrumentedTest
INSTRUMENTATION_STATUS: current=55
INSTRUMENTATION_STATUS: id=AndroidJUnitRunner
INSTRUMENTATION_STATUS: numtests=139
INSTRUMENTATION_STATUS: stream=.
INSTRUMENTATION_STATUS: test=aRealReplyEvaluatedAfterMainThreadCancellationIsIgnored
INSTRUMENTATION_STATUS_CODE: 0
INSTRUMENTATION_STATUS: class=io.github.mesteriis.rune.keyboard.intelligence.inference.ScoringLifecycleInstrumentedTest
INSTRUMENTATION_STATUS: current=56
INSTRUMENTATION_STATUS: id=AndroidJUnitRunner
INSTRUMENTATION_STATUS: numtests=139
INSTRUMENTATION_STATUS: stream=
INSTRUMENTATION_STATUS: test=ineligibleEndedAndClosedSessionsCancelDeathRetryAndReleaseRegistrations
INSTRUMENTATION_STATUS_CODE: 1
INSTRUMENTATION_STATUS: class=io.github.mesteriis.rune.keyboard.intelligence.inference.ScoringLifecycleInstrumentedTest
INSTRUMENTATION_STATUS: current=56
INSTRUMENTATION_STATUS: id=AndroidJUnitRunner
INSTRUMENTATION_STATUS: numtests=139
INSTRUMENTATION_STATUS: stream=.
INSTRUMENTATION_STATUS: test=ineligibleEndedAndClosedSessionsCancelDeathRetryAndReleaseRegistrations
INSTRUMENTATION_STATUS_CODE: 0
INSTRUMENTATION_STATUS: class=io.github.mesteriis.rune.keyboard.intelligence.inference.ScoringLifecycleInstrumentedTest
INSTRUMENTATION_STATUS: current=57
INSTRUMENTATION_STATUS: id=AndroidJUnitRunner
INSTRUMENTATION_STATUS: numtests=139
INSTRUMENTATION_STATUS: stream=
INSTRUMENTATION_STATUS: test=realClientRebindsAfterProcessDeathWithoutReplayingPayload
INSTRUMENTATION_STATUS_CODE: 1
INSTRUMENTATION_STATUS: class=io.github.mesteriis.rune.keyboard.intelligence.inference.ScoringLifecycleInstrumentedTest
INSTRUMENTATION_STATUS: current=57
INSTRUMENTATION_STATUS: id=AndroidJUnitRunner
INSTRUMENTATION_STATUS: numtests=139
INSTRUMENTATION_STATUS: stream=.
INSTRUMENTATION_STATUS: test=realClientRebindsAfterProcessDeathWithoutReplayingPayload
INSTRUMENTATION_STATUS_CODE: 0
INSTRUMENTATION_STATUS: class=io.github.mesteriis.rune.keyboard.intelligence.inference.ScoringLifecycleInstrumentedTest
INSTRUMENTATION_STATUS: current=58
INSTRUMENTATION_STATUS: id=AndroidJUnitRunner
INSTRUMENTATION_STATUS: numtests=139
INSTRUMENTATION_STATUS: stream=
INSTRUMENTATION_STATUS: test=criticalTrimAndInvalidationDropPendingCancelActiveAndUnload
INSTRUMENTATION_STATUS_CODE: 1
INSTRUMENTATION_STATUS: class=io.github.mesteriis.rune.keyboard.intelligence.inference.ScoringLifecycleInstrumentedTest
INSTRUMENTATION_STATUS: current=58
INSTRUMENTATION_STATUS: id=AndroidJUnitRunner
INSTRUMENTATION_STATUS: numtests=139
INSTRUMENTATION_STATUS: stream=.
INSTRUMENTATION_STATUS: test=criticalTrimAndInvalidationDropPendingCancelActiveAndUnload
INSTRUMENTATION_STATUS_CODE: 0
INSTRUMENTATION_STATUS: class=io.github.mesteriis.rune.keyboard.intelligence.inference.ScoringLifecycleInstrumentedTest
INSTRUMENTATION_STATUS: current=59
INSTRUMENTATION_STATUS: id=AndroidJUnitRunner
INSTRUMENTATION_STATUS: numtests=139
INSTRUMENTATION_STATUS: stream=
INSTRUMENTATION_STATUS: test=ownerCanCertifyOnePostSpaceTokenWithoutAcceptingOtherOldRevisionReplies
INSTRUMENTATION_STATUS_CODE: 1
INSTRUMENTATION_STATUS: class=io.github.mesteriis.rune.keyboard.intelligence.inference.ScoringLifecycleInstrumentedTest
INSTRUMENTATION_STATUS: current=59
INSTRUMENTATION_STATUS: id=AndroidJUnitRunner
INSTRUMENTATION_STATUS: numtests=139
INSTRUMENTATION_STATUS: stream=.
INSTRUMENTATION_STATUS: test=ownerCanCertifyOnePostSpaceTokenWithoutAcceptingOtherOldRevisionReplies
INSTRUMENTATION_STATUS_CODE: 0
INSTRUMENTATION_STATUS: class=io.github.mesteriis.rune.keyboard.intelligence.inference.ScoringLifecycleInstrumentedTest
INSTRUMENTATION_STATUS: current=60
INSTRUMENTATION_STATUS: id=AndroidJUnitRunner
INSTRUMENTATION_STATUS: numtests=139
INSTRUMENTATION_STATUS: stream=
INSTRUMENTATION_STATUS: test=idleWorkerUnloadsAfterCompletionWithoutMoreInput
INSTRUMENTATION_STATUS_CODE: 1
INSTRUMENTATION_STATUS: class=io.github.mesteriis.rune.keyboard.intelligence.inference.ScoringLifecycleInstrumentedTest
INSTRUMENTATION_STATUS: current=60
INSTRUMENTATION_STATUS: id=AndroidJUnitRunner
INSTRUMENTATION_STATUS: numtests=139
INSTRUMENTATION_STATUS: stream=.
INSTRUMENTATION_STATUS: test=idleWorkerUnloadsAfterCompletionWithoutMoreInput
INSTRUMENTATION_STATUS_CODE: 0
INSTRUMENTATION_STATUS: class=io.github.mesteriis.rune.keyboard.intelligence.readiness.AndroidModelCandidatesInstrumentedTest
INSTRUMENTATION_STATUS: current=61
INSTRUMENTATION_STATUS: id=AndroidJUnitRunner
INSTRUMENTATION_STATUS: numtests=139
INSTRUMENTATION_STATUS: stream=
io.github.mesteriis.rune.keyboard.intelligence.readiness.AndroidModelCandidatesInstrumentedTest:
INSTRUMENTATION_STATUS: test=endingSessionClearsReadyAndLaterSessionRechecksRemovedModel
INSTRUMENTATION_STATUS_CODE: 1
INSTRUMENTATION_STATUS: class=io.github.mesteriis.rune.keyboard.intelligence.readiness.AndroidModelCandidatesInstrumentedTest
INSTRUMENTATION_STATUS: current=61
INSTRUMENTATION_STATUS: id=AndroidJUnitRunner
INSTRUMENTATION_STATUS: numtests=139
INSTRUMENTATION_STATUS: stream=.
INSTRUMENTATION_STATUS: test=endingSessionClearsReadyAndLaterSessionRechecksRemovedModel
INSTRUMENTATION_STATUS_CODE: 0
INSTRUMENTATION_STATUS: class=io.github.mesteriis.rune.keyboard.intelligence.readiness.AndroidModelCandidatesInstrumentedTest
INSTRUMENTATION_STATUS: current=62
INSTRUMENTATION_STATUS: id=AndroidJUnitRunner
INSTRUMENTATION_STATUS: numtests=139
INSTRUMENTATION_STATUS: stream=
INSTRUMENTATION_STATUS: test=contextualCandidatesUseOneBoundedRemoteRequestAndEqualScoresKeepOriginal
INSTRUMENTATION_STATUS_CODE: 1
INSTRUMENTATION_STATUS: class=io.github.mesteriis.rune.keyboard.intelligence.readiness.AndroidModelCandidatesInstrumentedTest
INSTRUMENTATION_STATUS: current=62
INSTRUMENTATION_STATUS: id=AndroidJUnitRunner
INSTRUMENTATION_STATUS: numtests=139
INSTRUMENTATION_STATUS: stream=.
INSTRUMENTATION_STATUS: test=contextualCandidatesUseOneBoundedRemoteRequestAndEqualScoresKeepOriginal
INSTRUMENTATION_STATUS_CODE: 0
INSTRUMENTATION_STATUS: class=io.github.mesteriis.rune.keyboard.intelligence.readiness.AndroidModelCandidatesInstrumentedTest
INSTRUMENTATION_STATUS: current=63
INSTRUMENTATION_STATUS: id=AndroidJUnitRunner
INSTRUMENTATION_STATUS: numtests=139
INSTRUMENTATION_STATUS: stream=
INSTRUMENTATION_STATUS: test=inactiveOrSensitiveFactoryNeverReadsMetadataOrBinds
INSTRUMENTATION_STATUS_CODE: 1
INSTRUMENTATION_STATUS: class=io.github.mesteriis.rune.keyboard.intelligence.readiness.AndroidModelCandidatesInstrumentedTest
INSTRUMENTATION_STATUS: current=63
INSTRUMENTATION_STATUS: id=AndroidJUnitRunner
INSTRUMENTATION_STATUS: numtests=139
INSTRUMENTATION_STATUS: stream=.
INSTRUMENTATION_STATUS: test=inactiveOrSensitiveFactoryNeverReadsMetadataOrBinds
INSTRUMENTATION_STATUS_CODE: 0
INSTRUMENTATION_STATUS: class=io.github.mesteriis.rune.keyboard.intelligence.readiness.AndroidModelCandidatesInstrumentedTest
INSTRUMENTATION_STATUS: current=64
INSTRUMENTATION_STATUS: id=AndroidJUnitRunner
INSTRUMENTATION_STATUS: numtests=139
INSTRUMENTATION_STATUS: stream=
INSTRUMENTATION_STATUS: test=readyDoesNotReplayAndNextEditUsesRealRemoteClientWithoutEditorWrite
INSTRUMENTATION_STATUS_CODE: 1
INSTRUMENTATION_STATUS: class=io.github.mesteriis.rune.keyboard.intelligence.readiness.AndroidModelCandidatesInstrumentedTest
INSTRUMENTATION_STATUS: current=64
INSTRUMENTATION_STATUS: id=AndroidJUnitRunner
INSTRUMENTATION_STATUS: numtests=139
INSTRUMENTATION_STATUS: stream=.
INSTRUMENTATION_STATUS: test=readyDoesNotReplayAndNextEditUsesRealRemoteClientWithoutEditorWrite
INSTRUMENTATION_STATUS_CODE: 0
INSTRUMENTATION_STATUS: class=io.github.mesteriis.rune.keyboard.intelligence.readiness.AndroidModelCandidatesInstrumentedTest
INSTRUMENTATION_STATUS: current=65
INSTRUMENTATION_STATUS: id=AndroidJUnitRunner
INSTRUMENTATION_STATUS: numtests=139
INSTRUMENTATION_STATUS: stream=
INSTRUMENTATION_STATUS: test=current95ProfileAppliesRemoteModelCorrectionAndImmediateUndo
INSTRUMENTATION_STATUS_CODE: 1
INSTRUMENTATION_STATUS: class=io.github.mesteriis.rune.keyboard.intelligence.readiness.AndroidModelCandidatesInstrumentedTest
INSTRUMENTATION_STATUS: current=65
INSTRUMENTATION_STATUS: id=AndroidJUnitRunner
INSTRUMENTATION_STATUS: numtests=139
INSTRUMENTATION_STATUS: stream=.
INSTRUMENTATION_STATUS: test=current95ProfileAppliesRemoteModelCorrectionAndImmediateUndo
INSTRUMENTATION_STATUS_CODE: 0
INSTRUMENTATION_STATUS: class=io.github.mesteriis.rune.keyboard.intelligence.readiness.AndroidModelCandidatesInstrumentedTest
INSTRUMENTATION_STATUS: current=66
INSTRUMENTATION_STATUS: id=AndroidJUnitRunner
INSTRUMENTATION_STATUS: numtests=139
INSTRUMENTATION_STATUS: stream=
INSTRUMENTATION_STATUS: test=realBinderReplyAfterSpaceUsesOwnedSuffixAndImmediateUndo
INSTRUMENTATION_STATUS_CODE: 1
INSTRUMENTATION_STATUS: class=io.github.mesteriis.rune.keyboard.intelligence.readiness.AndroidModelCandidatesInstrumentedTest
INSTRUMENTATION_STATUS: current=66
INSTRUMENTATION_STATUS: id=AndroidJUnitRunner
INSTRUMENTATION_STATUS: numtests=139
INSTRUMENTATION_STATUS: stream=.
INSTRUMENTATION_STATUS: test=realBinderReplyAfterSpaceUsesOwnedSuffixAndImmediateUndo
INSTRUMENTATION_STATUS_CODE: 0
INSTRUMENTATION_STATUS: class=io.github.mesteriis.rune.keyboard.intelligence.runtime.ModelActivationCoordinatorInstrumentedTest
INSTRUMENTATION_STATUS: current=67
INSTRUMENTATION_STATUS: id=AndroidJUnitRunner
INSTRUMENTATION_STATUS: numtests=139
INSTRUMENTATION_STATUS: stream=
io.github.mesteriis.rune.keyboard.intelligence.runtime.ModelActivationCoordinatorInstrumentedTest:
INSTRUMENTATION_STATUS: test=idleActiveModelDoesNotRequestRuntimeWork
INSTRUMENTATION_STATUS_CODE: 1
INSTRUMENTATION_STATUS: class=io.github.mesteriis.rune.keyboard.intelligence.runtime.ModelActivationCoordinatorInstrumentedTest
INSTRUMENTATION_STATUS: current=67
INSTRUMENTATION_STATUS: id=AndroidJUnitRunner
INSTRUMENTATION_STATUS: numtests=139
INSTRUMENTATION_STATUS: stream=.
INSTRUMENTATION_STATUS: test=idleActiveModelDoesNotRequestRuntimeWork
INSTRUMENTATION_STATUS_CODE: 0
INSTRUMENTATION_STATUS: class=io.github.mesteriis.rune.keyboard.intelligence.runtime.ModelActivationCoordinatorInstrumentedTest
INSTRUMENTATION_STATUS: current=68
INSTRUMENTATION_STATUS: id=AndroidJUnitRunner
INSTRUMENTATION_STATUS: numtests=139
INSTRUMENTATION_STATUS: stream=
INSTRUMENTATION_STATUS: test=failedPostCommitReloadPromotesPreviousActive
INSTRUMENTATION_STATUS_CODE: 1
INSTRUMENTATION_STATUS: class=io.github.mesteriis.rune.keyboard.intelligence.runtime.ModelActivationCoordinatorInstrumentedTest
INSTRUMENTATION_STATUS: current=68
INSTRUMENTATION_STATUS: id=AndroidJUnitRunner
INSTRUMENTATION_STATUS: numtests=139
INSTRUMENTATION_STATUS: stream=.
INSTRUMENTATION_STATUS: test=failedPostCommitReloadPromotesPreviousActive
INSTRUMENTATION_STATUS_CODE: 0
INSTRUMENTATION_STATUS: class=io.github.mesteriis.rune.keyboard.intelligence.runtime.ModelActivationCoordinatorInstrumentedTest
INSTRUMENTATION_STATUS: current=69
INSTRUMENTATION_STATUS: id=AndroidJUnitRunner
INSTRUMENTATION_STATUS: numtests=139
INSTRUMENTATION_STATUS: stream=
INSTRUMENTATION_STATUS: test=failedActiveAndRollbackClearPointerInsteadOfExposingBadModel
INSTRUMENTATION_STATUS_CODE: 1
INSTRUMENTATION_STATUS: class=io.github.mesteriis.rune.keyboard.intelligence.runtime.ModelActivationCoordinatorInstrumentedTest
INSTRUMENTATION_STATUS: current=69
INSTRUMENTATION_STATUS: id=AndroidJUnitRunner
INSTRUMENTATION_STATUS: numtests=139
INSTRUMENTATION_STATUS: stream=.
INSTRUMENTATION_STATUS: test=failedActiveAndRollbackClearPointerInsteadOfExposingBadModel
INSTRUMENTATION_STATUS_CODE: 0
INSTRUMENTATION_STATUS: class=io.github.mesteriis.rune.keyboard.intelligence.runtime.ModelActivationCoordinatorInstrumentedTest
INSTRUMENTATION_STATUS: current=70
INSTRUMENTATION_STATUS: id=AndroidJUnitRunner
INSTRUMENTATION_STATUS: numtests=139
INSTRUMENTATION_STATUS: stream=
INSTRUMENTATION_STATUS: test=concurrentPointerStoreInstancesSerializeWithinOneProcess
INSTRUMENTATION_STATUS_CODE: 1
INSTRUMENTATION_STATUS: class=io.github.mesteriis.rune.keyboard.intelligence.runtime.ModelActivationCoordinatorInstrumentedTest
INSTRUMENTATION_STATUS: current=70
INSTRUMENTATION_STATUS: id=AndroidJUnitRunner
INSTRUMENTATION_STATUS: numtests=139
INSTRUMENTATION_STATUS: stream=.
INSTRUMENTATION_STATUS: test=concurrentPointerStoreInstancesSerializeWithinOneProcess
INSTRUMENTATION_STATUS_CODE: 0
INSTRUMENTATION_STATUS: class=io.github.mesteriis.rune.keyboard.intelligence.runtime.ModelActivationCoordinatorInstrumentedTest
INSTRUMENTATION_STATUS: current=71
INSTRUMENTATION_STATUS: id=AndroidJUnitRunner
INSTRUMENTATION_STATUS: numtests=139
INSTRUMENTATION_STATUS: stream=
INSTRUMENTATION_STATUS: test=resumesSelfTestingJournalFromMovedVersion
INSTRUMENTATION_STATUS_CODE: 1
INSTRUMENTATION_STATUS: class=io.github.mesteriis.rune.keyboard.intelligence.runtime.ModelActivationCoordinatorInstrumentedTest
INSTRUMENTATION_STATUS: current=71
INSTRUMENTATION_STATUS: id=AndroidJUnitRunner
INSTRUMENTATION_STATUS: numtests=139
INSTRUMENTATION_STATUS: stream=.
INSTRUMENTATION_STATUS: test=resumesSelfTestingJournalFromMovedVersion
INSTRUMENTATION_STATUS_CODE: 0
INSTRUMENTATION_STATUS: class=io.github.mesteriis.rune.keyboard.intelligence.runtime.ModelActivationCoordinatorInstrumentedTest
INSTRUMENTATION_STATUS: current=72
INSTRUMENTATION_STATUS: id=AndroidJUnitRunner
INSTRUMENTATION_STATUS: numtests=139
INSTRUMENTATION_STATUS: stream=
INSTRUMENTATION_STATUS: test=recoveryUsesPersistedActivationDirectoryAfterDescriptorChanges
INSTRUMENTATION_STATUS_CODE: 1
INSTRUMENTATION_STATUS: class=io.github.mesteriis.rune.keyboard.intelligence.runtime.ModelActivationCoordinatorInstrumentedTest
INSTRUMENTATION_STATUS: current=72
INSTRUMENTATION_STATUS: id=AndroidJUnitRunner
INSTRUMENTATION_STATUS: numtests=139
INSTRUMENTATION_STATUS: stream=.
INSTRUMENTATION_STATUS: test=recoveryUsesPersistedActivationDirectoryAfterDescriptorChanges
INSTRUMENTATION_STATUS_CODE: 0
INSTRUMENTATION_STATUS: class=io.github.mesteriis.rune.keyboard.intelligence.runtime.ModelActivationCoordinatorInstrumentedTest
INSTRUMENTATION_STATUS: current=73
INSTRUMENTATION_STATUS: id=AndroidJUnitRunner
INSTRUMENTATION_STATUS: numtests=139
INSTRUMENTATION_STATUS: stream=
INSTRUMENTATION_STATUS: test=pointerStoreRecoversCommittedBackupWhenBaseFileIsMissing
INSTRUMENTATION_STATUS_CODE: 1
INSTRUMENTATION_STATUS: class=io.github.mesteriis.rune.keyboard.intelligence.runtime.ModelActivationCoordinatorInstrumentedTest
INSTRUMENTATION_STATUS: current=73
INSTRUMENTATION_STATUS: id=AndroidJUnitRunner
INSTRUMENTATION_STATUS: numtests=139
INSTRUMENTATION_STATUS: stream=.
INSTRUMENTATION_STATUS: test=pointerStoreRecoversCommittedBackupWhenBaseFileIsMissing
INSTRUMENTATION_STATUS_CODE: 0
INSTRUMENTATION_STATUS: class=io.github.mesteriis.rune.keyboard.intelligence.runtime.ModelActivationCoordinatorInstrumentedTest
INSTRUMENTATION_STATUS: current=74
INSTRUMENTATION_STATUS: id=AndroidJUnitRunner
INSTRUMENTATION_STATUS: numtests=139
INSTRUMENTATION_STATUS: stream=
INSTRUMENTATION_STATUS: test=committedSelfTestingJournalDoesNotRotateRollbackAgain
INSTRUMENTATION_STATUS_CODE: 1
INSTRUMENTATION_STATUS: class=io.github.mesteriis.rune.keyboard.intelligence.runtime.ModelActivationCoordinatorInstrumentedTest
INSTRUMENTATION_STATUS: current=74
INSTRUMENTATION_STATUS: id=AndroidJUnitRunner
INSTRUMENTATION_STATUS: numtests=139
INSTRUMENTATION_STATUS: stream=.
INSTRUMENTATION_STATUS: test=committedSelfTestingJournalDoesNotRotateRollbackAgain
INSTRUMENTATION_STATUS_CODE: 0
INSTRUMENTATION_STATUS: class=io.github.mesteriis.rune.keyboard.intelligence.runtime.ModelActivationCoordinatorInstrumentedTest
INSTRUMENTATION_STATUS: current=75
INSTRUMENTATION_STATUS: id=AndroidJUnitRunner
INSTRUMENTATION_STATUS: numtests=139
INSTRUMENTATION_STATUS: stream=
INSTRUMENTATION_STATUS: test=legacySameVersionCandidateCannotMaskCorruptRetainedActive
INSTRUMENTATION_STATUS_CODE: 1
INSTRUMENTATION_STATUS: class=io.github.mesteriis.rune.keyboard.intelligence.runtime.ModelActivationCoordinatorInstrumentedTest
INSTRUMENTATION_STATUS: current=75
INSTRUMENTATION_STATUS: id=AndroidJUnitRunner
INSTRUMENTATION_STATUS: numtests=139
INSTRUMENTATION_STATUS: stream=.
INSTRUMENTATION_STATUS: test=legacySameVersionCandidateCannotMaskCorruptRetainedActive
INSTRUMENTATION_STATUS_CODE: 0
INSTRUMENTATION_STATUS: class=io.github.mesteriis.rune.keyboard.intelligence.runtime.ModelActivationCoordinatorInstrumentedTest
INSTRUMENTATION_STATUS: current=76
INSTRUMENTATION_STATUS: id=AndroidJUnitRunner
INSTRUMENTATION_STATUS: numtests=139
INSTRUMENTATION_STATUS: stream=
INSTRUMENTATION_STATUS: test=legacyPhaseWithoutActivationDirectoryFailsClosed
INSTRUMENTATION_STATUS_CODE: 1
INSTRUMENTATION_STATUS: class=io.github.mesteriis.rune.keyboard.intelligence.runtime.ModelActivationCoordinatorInstrumentedTest
INSTRUMENTATION_STATUS: current=76
INSTRUMENTATION_STATUS: id=AndroidJUnitRunner
INSTRUMENTATION_STATUS: numtests=139
INSTRUMENTATION_STATUS: stream=.
INSTRUMENTATION_STATUS: test=legacyPhaseWithoutActivationDirectoryFailsClosed
INSTRUMENTATION_STATUS_CODE: 0
INSTRUMENTATION_STATUS: class=io.github.mesteriis.rune.keyboard.intelligence.runtime.ModelActivationCoordinatorInstrumentedTest
INSTRUMENTATION_STATUS: current=77
INSTRUMENTATION_STATUS: id=AndroidJUnitRunner
INSTRUMENTATION_STATUS: numtests=139
INSTRUMENTATION_STATUS: stream=
INSTRUMENTATION_STATUS: test=sameVersionImportReturnsToReadyWithoutRotatingOrStalling
INSTRUMENTATION_STATUS_CODE: 1
INSTRUMENTATION_STATUS: class=io.github.mesteriis.rune.keyboard.intelligence.runtime.ModelActivationCoordinatorInstrumentedTest
INSTRUMENTATION_STATUS: current=77
INSTRUMENTATION_STATUS: id=AndroidJUnitRunner
INSTRUMENTATION_STATUS: numtests=139
INSTRUMENTATION_STATUS: stream=.
INSTRUMENTATION_STATUS: test=sameVersionImportReturnsToReadyWithoutRotatingOrStalling
INSTRUMENTATION_STATUS_CODE: 0
INSTRUMENTATION_STATUS: class=io.github.mesteriis.rune.keyboard.intelligence.runtime.ModelActivationCoordinatorInstrumentedTest
INSTRUMENTATION_STATUS: current=78
INSTRUMENTATION_STATUS: id=AndroidJUnitRunner
INSTRUMENTATION_STATUS: numtests=139
INSTRUMENTATION_STATUS: stream=
INSTRUMENTATION_STATUS: test=rollbackCommitFailureKeepsDurablePhaseForRetry
INSTRUMENTATION_STATUS_CODE: 1
INSTRUMENTATION_STATUS: class=io.github.mesteriis.rune.keyboard.intelligence.runtime.ModelActivationCoordinatorInstrumentedTest
INSTRUMENTATION_STATUS: current=78
INSTRUMENTATION_STATUS: id=AndroidJUnitRunner
INSTRUMENTATION_STATUS: numtests=139
INSTRUMENTATION_STATUS: stream=.
INSTRUMENTATION_STATUS: test=rollbackCommitFailureKeepsDurablePhaseForRetry
INSTRUMENTATION_STATUS_CODE: 0
INSTRUMENTATION_STATUS: class=io.github.mesteriis.rune.keyboard.intelligence.runtime.ModelActivationCoordinatorInstrumentedTest
INSTRUMENTATION_STATUS: current=79
INSTRUMENTATION_STATUS: id=AndroidJUnitRunner
INSTRUMENTATION_STATUS: numtests=139
INSTRUMENTATION_STATUS: stream=
INSTRUMENTATION_STATUS: test=deletingPointerLeavesNoAtomicFileThatCanRestoreAnActiveModel
INSTRUMENTATION_STATUS_CODE: 1
INSTRUMENTATION_STATUS: class=io.github.mesteriis.rune.keyboard.intelligence.runtime.ModelActivationCoordinatorInstrumentedTest
INSTRUMENTATION_STATUS: current=79
INSTRUMENTATION_STATUS: id=AndroidJUnitRunner
INSTRUMENTATION_STATUS: numtests=139
INSTRUMENTATION_STATUS: stream=.
INSTRUMENTATION_STATUS: test=deletingPointerLeavesNoAtomicFileThatCanRestoreAnActiveModel
INSTRUMENTATION_STATUS_CODE: 0
INSTRUMENTATION_STATUS: class=io.github.mesteriis.rune.keyboard.intelligence.runtime.ModelActivationCoordinatorInstrumentedTest
INSTRUMENTATION_STATUS: current=80
INSTRUMENTATION_STATUS: id=AndroidJUnitRunner
INSTRUMENTATION_STATUS: numtests=139
INSTRUMENTATION_STATUS: stream=
INSTRUMENTATION_STATUS: test=rollbackPhaseAfterPointerCommitCannotReactivateFailedVersion
INSTRUMENTATION_STATUS_CODE: 1
INSTRUMENTATION_STATUS: class=io.github.mesteriis.rune.keyboard.intelligence.runtime.ModelActivationCoordinatorInstrumentedTest
INSTRUMENTATION_STATUS: current=80
INSTRUMENTATION_STATUS: id=AndroidJUnitRunner
INSTRUMENTATION_STATUS: numtests=139
INSTRUMENTATION_STATUS: stream=.
INSTRUMENTATION_STATUS: test=rollbackPhaseAfterPointerCommitCannotReactivateFailedVersion
INSTRUMENTATION_STATUS_CODE: 0
INSTRUMENTATION_STATUS: class=io.github.mesteriis.rune.keyboard.intelligence.runtime.ModelActivationCoordinatorInstrumentedTest
INSTRUMENTATION_STATUS: current=81
INSTRUMENTATION_STATUS: id=AndroidJUnitRunner
INSTRUMENTATION_STATUS: numtests=139
INSTRUMENTATION_STATUS: stream=
INSTRUMENTATION_STATUS: test=clearPointerPhaseFinishesCleanupAfterPointerCommitCrash
INSTRUMENTATION_STATUS_CODE: 1
INSTRUMENTATION_STATUS: class=io.github.mesteriis.rune.keyboard.intelligence.runtime.ModelActivationCoordinatorInstrumentedTest
INSTRUMENTATION_STATUS: current=81
INSTRUMENTATION_STATUS: id=AndroidJUnitRunner
INSTRUMENTATION_STATUS: numtests=139
INSTRUMENTATION_STATUS: stream=.
INSTRUMENTATION_STATUS: test=clearPointerPhaseFinishesCleanupAfterPointerCommitCrash
INSTRUMENTATION_STATUS_CODE: 0
INSTRUMENTATION_STATUS: class=io.github.mesteriis.rune.keyboard.intelligence.ui.ModelSettingsActivityInstrumentedTest
INSTRUMENTATION_STATUS: current=82
INSTRUMENTATION_STATUS: id=AndroidJUnitRunner
INSTRUMENTATION_STATUS: numtests=139
INSTRUMENTATION_STATUS: stream=
io.github.mesteriis.rune.keyboard.intelligence.ui.ModelSettingsActivityInstrumentedTest:
INSTRUMENTATION_STATUS: test=opensWithoutModelAndSurvivesRotation
INSTRUMENTATION_STATUS_CODE: 1
INSTRUMENTATION_STATUS: class=io.github.mesteriis.rune.keyboard.intelligence.ui.ModelSettingsActivityInstrumentedTest
INSTRUMENTATION_STATUS: current=82
INSTRUMENTATION_STATUS: id=AndroidJUnitRunner
INSTRUMENTATION_STATUS: numtests=139
INSTRUMENTATION_STATUS: stream=.
INSTRUMENTATION_STATUS: test=opensWithoutModelAndSurvivesRotation
INSTRUMENTATION_STATUS_CODE: 0
INSTRUMENTATION_STATUS: class=io.github.mesteriis.rune.keyboard.qa.ContextualPunctuationEditorInstrumentedTest
INSTRUMENTATION_STATUS: current=83
INSTRUMENTATION_STATUS: id=AndroidJUnitRunner
INSTRUMENTATION_STATUS: numtests=139
INSTRUMENTATION_STATUS: stream=
io.github.mesteriis.rune.keyboard.qa.ContextualPunctuationEditorInstrumentedTest:
INSTRUMENTATION_STATUS: test=remoteCursorMovementInvalidatesPendingReplyAndHeldPunctuationSelection
INSTRUMENTATION_STATUS_CODE: 1
INSTRUMENTATION_STATUS: class=io.github.mesteriis.rune.keyboard.qa.ContextualPunctuationEditorInstrumentedTest
INSTRUMENTATION_STATUS: current=83
INSTRUMENTATION_STATUS: id=AndroidJUnitRunner
INSTRUMENTATION_STATUS: numtests=139
INSTRUMENTATION_STATUS: stream=.
INSTRUMENTATION_STATUS: test=remoteCursorMovementInvalidatesPendingReplyAndHeldPunctuationSelection
INSTRUMENTATION_STATUS_CODE: 0
INSTRUMENTATION_STATUS: class=io.github.mesteriis.rune.keyboard.qa.ContextualPunctuationEditorInstrumentedTest
INSTRUMENTATION_STATUS: current=84
INSTRUMENTATION_STATUS: id=AndroidJUnitRunner
INSTRUMENTATION_STATUS: numtests=139
INSTRUMENTATION_STATUS: stream=
INSTRUMENTATION_STATUS: test=explicitSelectionChangesOnlyOwnedBoundaryAndOptionalFirstLetterAcrossBinder
INSTRUMENTATION_STATUS_CODE: 1
INSTRUMENTATION_STATUS: class=io.github.mesteriis.rune.keyboard.qa.ContextualPunctuationEditorInstrumentedTest
INSTRUMENTATION_STATUS: current=84
INSTRUMENTATION_STATUS: id=AndroidJUnitRunner
INSTRUMENTATION_STATUS: numtests=139
INSTRUMENTATION_STATUS: stream=.
INSTRUMENTATION_STATUS: test=explicitSelectionChangesOnlyOwnedBoundaryAndOptionalFirstLetterAcrossBinder
INSTRUMENTATION_STATUS_CODE: 0
INSTRUMENTATION_STATUS: class=io.github.mesteriis.rune.keyboard.qa.ContextualPunctuationEditorInstrumentedTest
INSTRUMENTATION_STATUS: current=85
INSTRUMENTATION_STATUS: id=AndroidJUnitRunner
INSTRUMENTATION_STATUS: numtests=139
INSTRUMENTATION_STATUS: stream=
INSTRUMENTATION_STATUS: test=obsoleteReplyAndCandidateCannotReplaceNewWordOrConsumeItsCurrentRequest
INSTRUMENTATION_STATUS_CODE: 1
INSTRUMENTATION_STATUS: class=io.github.mesteriis.rune.keyboard.qa.ContextualPunctuationEditorInstrumentedTest
INSTRUMENTATION_STATUS: current=85
INSTRUMENTATION_STATUS: id=AndroidJUnitRunner
INSTRUMENTATION_STATUS: numtests=139
INSTRUMENTATION_STATUS: stream=.
INSTRUMENTATION_STATUS: test=obsoleteReplyAndCandidateCannotReplaceNewWordOrConsumeItsCurrentRequest
INSTRUMENTATION_STATUS_CODE: 0
INSTRUMENTATION_STATUS: class=io.github.mesteriis.rune.keyboard.qa.EditorActionInstrumentedTest
INSTRUMENTATION_STATUS: current=86
INSTRUMENTATION_STATUS: id=AndroidJUnitRunner
INSTRUMENTATION_STATUS: numtests=139
INSTRUMENTATION_STATUS: stream=
io.github.mesteriis.rune.keyboard.qa.EditorActionInstrumentedTest:
INSTRUMENTATION_STATUS: test=multilineEnterCommitsANewlineInsteadOfSending
INSTRUMENTATION_STATUS_CODE: 1
INSTRUMENTATION_STATUS: class=io.github.mesteriis.rune.keyboard.qa.EditorActionInstrumentedTest
INSTRUMENTATION_STATUS: current=86
INSTRUMENTATION_STATUS: id=AndroidJUnitRunner
INSTRUMENTATION_STATUS: numtests=139
INSTRUMENTATION_STATUS: stream=.
INSTRUMENTATION_STATUS: test=multilineEnterCommitsANewlineInsteadOfSending
INSTRUMENTATION_STATUS_CODE: 0
INSTRUMENTATION_STATUS: class=io.github.mesteriis.rune.keyboard.qa.EditorActionInstrumentedTest
INSTRUMENTATION_STATUS: current=87
INSTRUMENTATION_STATUS: id=AndroidJUnitRunner
INSTRUMENTATION_STATUS: numtests=139
INSTRUMENTATION_STATUS: stream=
INSTRUMENTATION_STATUS: test=standardAndCustomEditorActionsReachTheRemoteEditor
INSTRUMENTATION_STATUS_CODE: 1
INSTRUMENTATION_STATUS: class=io.github.mesteriis.rune.keyboard.qa.EditorActionInstrumentedTest
INSTRUMENTATION_STATUS: current=87
INSTRUMENTATION_STATUS: id=AndroidJUnitRunner
INSTRUMENTATION_STATUS: numtests=139
INSTRUMENTATION_STATUS: stream=.
INSTRUMENTATION_STATUS: test=standardAndCustomEditorActionsReachTheRemoteEditor
INSTRUMENTATION_STATUS_CODE: 0
INSTRUMENTATION_STATUS: class=io.github.mesteriis.rune.keyboard.qa.EditorBoundaryInstrumentedTest
INSTRUMENTATION_STATUS: current=88
INSTRUMENTATION_STATUS: id=AndroidJUnitRunner
INSTRUMENTATION_STATUS: numtests=139
INSTRUMENTATION_STATUS: stream=
io.github.mesteriis.rune.keyboard.qa.EditorBoundaryInstrumentedTest:
INSTRUMENTATION_STATUS: test=cyrillicSurrogateAndComplexGraphemesAreAtomic
INSTRUMENTATION_STATUS_CODE: 1
INSTRUMENTATION_STATUS: class=io.github.mesteriis.rune.keyboard.qa.EditorBoundaryInstrumentedTest
INSTRUMENTATION_STATUS: current=88
INSTRUMENTATION_STATUS: id=AndroidJUnitRunner
INSTRUMENTATION_STATUS: numtests=139
INSTRUMENTATION_STATUS: stream=.
INSTRUMENTATION_STATUS: test=cyrillicSurrogateAndComplexGraphemesAreAtomic
INSTRUMENTATION_STATUS_CODE: 0
INSTRUMENTATION_STATUS: class=io.github.mesteriis.rune.keyboard.qa.EditorBoundaryInstrumentedTest
INSTRUMENTATION_STATUS: current=89
INSTRUMENTATION_STATUS: id=AndroidJUnitRunner
INSTRUMENTATION_STATUS: numtests=139
INSTRUMENTATION_STATUS: stream=
INSTRUMENTATION_STATUS: test=injectedDownAndUpCommitExactlyOneKey
INSTRUMENTATION_STATUS_CODE: 1
INSTRUMENTATION_STATUS: class=io.github.mesteriis.rune.keyboard.qa.EditorBoundaryInstrumentedTest
INSTRUMENTATION_STATUS: current=89
INSTRUMENTATION_STATUS: id=AndroidJUnitRunner
INSTRUMENTATION_STATUS: numtests=139
INSTRUMENTATION_STATUS: stream=.
INSTRUMENTATION_STATUS: test=injectedDownAndUpCommitExactlyOneKey
INSTRUMENTATION_STATUS_CODE: 0
INSTRUMENTATION_STATUS: class=io.github.mesteriis.rune.keyboard.qa.EditorBoundaryInstrumentedTest
INSTRUMENTATION_STATUS: current=90
INSTRUMENTATION_STATUS: id=AndroidJUnitRunner
INSTRUMENTATION_STATUS: numtests=139
INSTRUMENTATION_STATUS: stream=
INSTRUMENTATION_STATUS: test=commitReplaceDeleteAndCursorBoundariesCrossBinder
INSTRUMENTATION_STATUS_CODE: 1
INSTRUMENTATION_STATUS: class=io.github.mesteriis.rune.keyboard.qa.EditorBoundaryInstrumentedTest
INSTRUMENTATION_STATUS: current=90
INSTRUMENTATION_STATUS: id=AndroidJUnitRunner
INSTRUMENTATION_STATUS: numtests=139
INSTRUMENTATION_STATUS: stream=.
INSTRUMENTATION_STATUS: test=commitReplaceDeleteAndCursorBoundariesCrossBinder
INSTRUMENTATION_STATUS_CODE: 0
INSTRUMENTATION_STATUS: class=io.github.mesteriis.rune.keyboard.qa.EditorBoundaryInstrumentedTest
INSTRUMENTATION_STATUS: current=91
INSTRUMENTATION_STATUS: id=AndroidJUnitRunner
INSTRUMENTATION_STATUS: numtests=139
INSTRUMENTATION_STATUS: stream=
INSTRUMENTATION_STATUS: test=editorFieldTypesExposeTheirRequiredLayouts
INSTRUMENTATION_STATUS_CODE: 1
INSTRUMENTATION_STATUS: class=io.github.mesteriis.rune.keyboard.qa.EditorBoundaryInstrumentedTest
INSTRUMENTATION_STATUS: current=91
INSTRUMENTATION_STATUS: id=AndroidJUnitRunner
INSTRUMENTATION_STATUS: numtests=139
INSTRUMENTATION_STATUS: stream=.
INSTRUMENTATION_STATUS: test=editorFieldTypesExposeTheirRequiredLayouts
INSTRUMENTATION_STATUS_CODE: 0
INSTRUMENTATION_STATUS: class=io.github.mesteriis.rune.keyboard.qa.EditorFocusNavigationInstrumentedTest
INSTRUMENTATION_STATUS: current=92
INSTRUMENTATION_STATUS: id=AndroidJUnitRunner
INSTRUMENTATION_STATUS: numtests=139
INSTRUMENTATION_STATUS: stream=
io.github.mesteriis.rune.keyboard.qa.EditorFocusNavigationInstrumentedTest:
INSTRUMENTATION_STATUS: test=alreadyFocusedEditorRestoresKeyboardAfterExplicitHide
INSTRUMENTATION_STATUS_CODE: 1
INSTRUMENTATION_STATUS: class=io.github.mesteriis.rune.keyboard.qa.EditorFocusNavigationInstrumentedTest
INSTRUMENTATION_STATUS: current=92
INSTRUMENTATION_STATUS: id=AndroidJUnitRunner
INSTRUMENTATION_STATUS: numtests=139
INSTRUMENTATION_STATUS: stream=.
INSTRUMENTATION_STATUS: test=alreadyFocusedEditorRestoresKeyboardAfterExplicitHide
INSTRUMENTATION_STATUS_CODE: 0
INSTRUMENTATION_STATUS: class=io.github.mesteriis.rune.keyboard.qa.EditorFocusNavigationInstrumentedTest
INSTRUMENTATION_STATUS: current=93
INSTRUMENTATION_STATUS: id=AndroidJUnitRunner
INSTRUMENTATION_STATUS: numtests=139
INSTRUMENTATION_STATUS: stream=
INSTRUMENTATION_STATUS: test=offscreenCustomEditorReceivesOneFocusTapAndItsAction
INSTRUMENTATION_STATUS_CODE: 1
INSTRUMENTATION_STATUS: class=io.github.mesteriis.rune.keyboard.qa.EditorFocusNavigationInstrumentedTest
INSTRUMENTATION_STATUS: current=93
INSTRUMENTATION_STATUS: id=AndroidJUnitRunner
INSTRUMENTATION_STATUS: numtests=139
INSTRUMENTATION_STATUS: stream=.
INSTRUMENTATION_STATUS: test=offscreenCustomEditorReceivesOneFocusTapAndItsAction
INSTRUMENTATION_STATUS_CODE: 0
INSTRUMENTATION_STATUS: class=io.github.mesteriis.rune.keyboard.qa.ImeLifecycleInstrumentedTest
INSTRUMENTATION_STATUS: current=94
INSTRUMENTATION_STATUS: id=AndroidJUnitRunner
INSTRUMENTATION_STATUS: numtests=139
INSTRUMENTATION_STATUS: stream=
io.github.mesteriis.rune.keyboard.qa.ImeLifecycleInstrumentedTest:
INSTRUMENTATION_STATUS: test=backspaceRepeatStopsAfterCancel
INSTRUMENTATION_STATUS_CODE: 1
INSTRUMENTATION_STATUS: class=io.github.mesteriis.rune.keyboard.qa.ImeLifecycleInstrumentedTest
INSTRUMENTATION_STATUS: current=94
INSTRUMENTATION_STATUS: id=AndroidJUnitRunner
INSTRUMENTATION_STATUS: numtests=139
INSTRUMENTATION_STATUS: stream=.
INSTRUMENTATION_STATUS: test=backspaceRepeatStopsAfterCancel
INSTRUMENTATION_STATUS_CODE: 0
INSTRUMENTATION_STATUS: class=io.github.mesteriis.rune.keyboard.qa.ImeLifecycleInstrumentedTest
INSTRUMENTATION_STATUS: current=95
INSTRUMENTATION_STATUS: id=AndroidJUnitRunner
INSTRUMENTATION_STATUS: numtests=139
INSTRUMENTATION_STATUS: stream=
INSTRUMENTATION_STATUS: test=settingsChangeAppliesToTheNextImeView
INSTRUMENTATION_STATUS_CODE: 1
INSTRUMENTATION_STATUS: class=io.github.mesteriis.rune.keyboard.qa.ImeLifecycleInstrumentedTest
INSTRUMENTATION_STATUS: current=95
INSTRUMENTATION_STATUS: id=AndroidJUnitRunner
INSTRUMENTATION_STATUS: numtests=139
INSTRUMENTATION_STATUS: stream=.
INSTRUMENTATION_STATUS: test=settingsChangeAppliesToTheNextImeView
INSTRUMENTATION_STATUS_CODE: 0
INSTRUMENTATION_STATUS: class=io.github.mesteriis.rune.keyboard.qa.ImeLifecycleInstrumentedTest
INSTRUMENTATION_STATUS: current=96
INSTRUMENTATION_STATUS: id=AndroidJUnitRunner
INSTRUMENTATION_STATUS: numtests=139
INSTRUMENTATION_STATUS: stream=
INSTRUMENTATION_STATUS: test=focusLossCancelsAnArmedCharacterGesture
INSTRUMENTATION_STATUS_CODE: 1
INSTRUMENTATION_STATUS: class=io.github.mesteriis.rune.keyboard.qa.ImeLifecycleInstrumentedTest
INSTRUMENTATION_STATUS: current=96
INSTRUMENTATION_STATUS: id=AndroidJUnitRunner
INSTRUMENTATION_STATUS: numtests=139
INSTRUMENTATION_STATUS: stream=.
INSTRUMENTATION_STATUS: test=focusLossCancelsAnArmedCharacterGesture
INSTRUMENTATION_STATUS_CODE: 0
INSTRUMENTATION_STATUS: class=io.github.mesteriis.rune.keyboard.qa.ImeLifecycleInstrumentedTest
INSTRUMENTATION_STATUS: current=97
INSTRUMENTATION_STATUS: id=AndroidJUnitRunner
INSTRUMENTATION_STATUS: numtests=139
INSTRUMENTATION_STATUS: stream=
INSTRUMENTATION_STATUS: test=backspaceRepeatStopsWhenImeViewDetaches
INSTRUMENTATION_STATUS_CODE: 1
INSTRUMENTATION_STATUS: class=io.github.mesteriis.rune.keyboard.qa.ImeLifecycleInstrumentedTest
INSTRUMENTATION_STATUS: current=97
INSTRUMENTATION_STATUS: id=AndroidJUnitRunner
INSTRUMENTATION_STATUS: numtests=139
INSTRUMENTATION_STATUS: stream=.
INSTRUMENTATION_STATUS: test=backspaceRepeatStopsWhenImeViewDetaches
INSTRUMENTATION_STATUS_CODE: 0
INSTRUMENTATION_STATUS: class=io.github.mesteriis.rune.keyboard.qa.ImePrivacyInstrumentedTest
INSTRUMENTATION_STATUS: current=98
INSTRUMENTATION_STATUS: id=AndroidJUnitRunner
INSTRUMENTATION_STATUS: numtests=139
INSTRUMENTATION_STATUS: stream=
io.github.mesteriis.rune.keyboard.qa.ImePrivacyInstrumentedTest:
INSTRUMENTATION_STATUS: test=passwordFieldSuppressesPopupWithNormalFieldPositiveControl
INSTRUMENTATION_STATUS_CODE: 1
INSTRUMENTATION_STATUS: preview_first_visible_sample_ms=105
INSTRUMENTATION_STATUS: preview_max_changed_pixels=4633
INSTRUMENTATION_STATUS: preview_observed_ms=1003
INSTRUMENTATION_STATUS: preview_phase=0
INSTRUMENTATION_STATUS: preview_samples=15
INSTRUMENTATION_STATUS_CODE: 0
INSTRUMENTATION_STATUS: preview_first_visible_sample_ms=-1
INSTRUMENTATION_STATUS: preview_max_changed_pixels=0
INSTRUMENTATION_STATUS: preview_observed_ms=1001
INSTRUMENTATION_STATUS: preview_phase=1
INSTRUMENTATION_STATUS: preview_samples=15
INSTRUMENTATION_STATUS_CODE: 0
INSTRUMENTATION_STATUS: preview_first_visible_sample_ms=-1
INSTRUMENTATION_STATUS: preview_max_changed_pixels=0
INSTRUMENTATION_STATUS: preview_observed_ms=1004
INSTRUMENTATION_STATUS: preview_phase=2
INSTRUMENTATION_STATUS: preview_samples=15
INSTRUMENTATION_STATUS_CODE: 0
INSTRUMENTATION_STATUS: class=io.github.mesteriis.rune.keyboard.qa.ImePrivacyInstrumentedTest
INSTRUMENTATION_STATUS: current=98
INSTRUMENTATION_STATUS: id=AndroidJUnitRunner
INSTRUMENTATION_STATUS: numtests=139
INSTRUMENTATION_STATUS: stream=.
INSTRUMENTATION_STATUS: test=passwordFieldSuppressesPopupWithNormalFieldPositiveControl
INSTRUMENTATION_STATUS_CODE: 0
INSTRUMENTATION_STATUS: class=io.github.mesteriis.rune.keyboard.qa.ImePrivacyInstrumentedTest
INSTRUMENTATION_STATUS: current=99
INSTRUMENTATION_STATUS: id=AndroidJUnitRunner
INSTRUMENTATION_STATUS: numtests=139
INSTRUMENTATION_STATUS: stream=
INSTRUMENTATION_STATUS: test=syntheticCanaryIsAbsentFromRuneProcessLogcat
INSTRUMENTATION_STATUS_CODE: 1
INSTRUMENTATION_STATUS: class=io.github.mesteriis.rune.keyboard.qa.ImePrivacyInstrumentedTest
INSTRUMENTATION_STATUS: current=99
INSTRUMENTATION_STATUS: id=AndroidJUnitRunner
INSTRUMENTATION_STATUS: numtests=139
INSTRUMENTATION_STATUS: stream=.
INSTRUMENTATION_STATUS: test=syntheticCanaryIsAbsentFromRuneProcessLogcat
INSTRUMENTATION_STATUS_CODE: 0
INSTRUMENTATION_STATUS: class=io.github.mesteriis.rune.keyboard.qa.LiveCandidatesInstrumentedTest
INSTRUMENTATION_STATUS: current=100
INSTRUMENTATION_STATUS: id=AndroidJUnitRunner
INSTRUMENTATION_STATUS: numtests=139
INSTRUMENTATION_STATUS: stream=
io.github.mesteriis.rune.keyboard.qa.LiveCandidatesInstrumentedTest:
INSTRUMENTATION_STATUS: test=canonicalCaseAutoReplacesOnBoundaryAndBackspaceRestoresOriginal
INSTRUMENTATION_STATUS_CODE: 1
INSTRUMENTATION_STATUS: class=io.github.mesteriis.rune.keyboard.qa.LiveCandidatesInstrumentedTest
INSTRUMENTATION_STATUS: current=100
INSTRUMENTATION_STATUS: id=AndroidJUnitRunner
INSTRUMENTATION_STATUS: numtests=139
INSTRUMENTATION_STATUS: stream=.
INSTRUMENTATION_STATUS: test=canonicalCaseAutoReplacesOnBoundaryAndBackspaceRestoresOriginal
INSTRUMENTATION_STATUS_CODE: 0
INSTRUMENTATION_STATUS: class=io.github.mesteriis.rune.keyboard.qa.LiveCandidatesInstrumentedTest
INSTRUMENTATION_STATUS: current=101
INSTRUMENTATION_STATUS: id=AndroidJUnitRunner
INSTRUMENTATION_STATUS: numtests=139
INSTRUMENTATION_STATUS: stream=
INSTRUMENTATION_STATUS: test=boundaryKeepsTypedOriginalAndDropsPreviousSuggestions
INSTRUMENTATION_STATUS_CODE: 1
INSTRUMENTATION_STATUS: class=io.github.mesteriis.rune.keyboard.qa.LiveCandidatesInstrumentedTest
INSTRUMENTATION_STATUS: current=101
INSTRUMENTATION_STATUS: id=AndroidJUnitRunner
INSTRUMENTATION_STATUS: numtests=139
INSTRUMENTATION_STATUS: stream=.
INSTRUMENTATION_STATUS: test=boundaryKeepsTypedOriginalAndDropsPreviousSuggestions
INSTRUMENTATION_STATUS_CODE: 0
INSTRUMENTATION_STATUS: class=io.github.mesteriis.rune.keyboard.qa.LiveCandidatesInstrumentedTest
INSTRUMENTATION_STATUS: current=102
INSTRUMENTATION_STATUS: id=AndroidJUnitRunner
INSTRUMENTATION_STATUS: numtests=139
INSTRUMENTATION_STATUS: stream=
INSTRUMENTATION_STATUS: test=correctionAndOriginalTapsReplaceOnlyOwnedWordWithNoReadback
INSTRUMENTATION_STATUS_CODE: 1
INSTRUMENTATION_STATUS: class=io.github.mesteriis.rune.keyboard.qa.LiveCandidatesInstrumentedTest
INSTRUMENTATION_STATUS: current=102
INSTRUMENTATION_STATUS: id=AndroidJUnitRunner
INSTRUMENTATION_STATUS: numtests=139
INSTRUMENTATION_STATUS: stream=.
INSTRUMENTATION_STATUS: test=correctionAndOriginalTapsReplaceOnlyOwnedWordWithNoReadback
INSTRUMENTATION_STATUS_CODE: 0
INSTRUMENTATION_STATUS: class=io.github.mesteriis.rune.keyboard.qa.LiveCandidatesInstrumentedTest
INSTRUMENTATION_STATUS: current=103
INSTRUMENTATION_STATUS: id=AndroidJUnitRunner
INSTRUMENTATION_STATUS: numtests=139
INSTRUMENTATION_STATUS: stream=
INSTRUMENTATION_STATUS: test=sensitiveEditorTransitionClearsLoadedSuggestionsAndPreservesPlainTyping
INSTRUMENTATION_STATUS_CODE: 1
INSTRUMENTATION_STATUS: class=io.github.mesteriis.rune.keyboard.qa.LiveCandidatesInstrumentedTest
INSTRUMENTATION_STATUS: current=103
INSTRUMENTATION_STATUS: id=AndroidJUnitRunner
INSTRUMENTATION_STATUS: numtests=139
INSTRUMENTATION_STATUS: stream=.
INSTRUMENTATION_STATUS: test=sensitiveEditorTransitionClearsLoadedSuggestionsAndPreservesPlainTyping
INSTRUMENTATION_STATUS_CODE: 0
INSTRUMENTATION_STATUS: class=io.github.mesteriis.rune.keyboard.qa.LiveFakeModelBinderInstrumentedTest
INSTRUMENTATION_STATUS: current=104
INSTRUMENTATION_STATUS: id=AndroidJUnitRunner
INSTRUMENTATION_STATUS: numtests=139
INSTRUMENTATION_STATUS: stream=
io.github.mesteriis.rune.keyboard.qa.LiveFakeModelBinderInstrumentedTest:
INSTRUMENTATION_STATUS: test=originalControlThenModelCorrectionOnSpaceAndOwnedUndo
INSTRUMENTATION_STATUS_CODE: 1
INSTRUMENTATION_STATUS: class=io.github.mesteriis.rune.keyboard.qa.LiveFakeModelBinderInstrumentedTest
INSTRUMENTATION_STATUS: current=104
INSTRUMENTATION_STATUS: id=AndroidJUnitRunner
INSTRUMENTATION_STATUS: numtests=139
INSTRUMENTATION_STATUS: stream=.
INSTRUMENTATION_STATUS: test=originalControlThenModelCorrectionOnSpaceAndOwnedUndo
INSTRUMENTATION_STATUS_CODE: 0
INSTRUMENTATION_STATUS: class=io.github.mesteriis.rune.keyboard.qa.LiveFakeModelBinderInstrumentedTest
INSTRUMENTATION_STATUS: current=105
INSTRUMENTATION_STATUS: id=AndroidJUnitRunner
INSTRUMENTATION_STATUS: numtests=139
INSTRUMENTATION_STATUS: stream=
INSTRUMENTATION_STATUS: test=blockedReplyAfterRealOriginalTapCannotReviveCorrection
INSTRUMENTATION_STATUS_CODE: 1
INSTRUMENTATION_STATUS: class=io.github.mesteriis.rune.keyboard.qa.LiveFakeModelBinderInstrumentedTest
INSTRUMENTATION_STATUS: current=105
INSTRUMENTATION_STATUS: id=AndroidJUnitRunner
INSTRUMENTATION_STATUS: numtests=139
INSTRUMENTATION_STATUS: stream=.
INSTRUMENTATION_STATUS: test=blockedReplyAfterRealOriginalTapCannotReviveCorrection
INSTRUMENTATION_STATUS_CODE: 0
INSTRUMENTATION_STATUS: class=io.github.mesteriis.rune.keyboard.qa.LiveFakeModelBinderInstrumentedTest
INSTRUMENTATION_STATUS: current=106
INSTRUMENTATION_STATUS: id=AndroidJUnitRunner
INSTRUMENTATION_STATUS: numtests=139
INSTRUMENTATION_STATUS: stream=
INSTRUMENTATION_STATUS: test=remoteProcessDeathPreservesEditorAndRetryDoesNotReplay
INSTRUMENTATION_STATUS_CODE: 1
INSTRUMENTATION_STATUS: class=io.github.mesteriis.rune.keyboard.qa.LiveFakeModelBinderInstrumentedTest
INSTRUMENTATION_STATUS: current=106
INSTRUMENTATION_STATUS: id=AndroidJUnitRunner
INSTRUMENTATION_STATUS: numtests=139
INSTRUMENTATION_STATUS: stream=.
INSTRUMENTATION_STATUS: test=remoteProcessDeathPreservesEditorAndRetryDoesNotReplay
INSTRUMENTATION_STATUS_CODE: 0
INSTRUMENTATION_STATUS: class=io.github.mesteriis.rune.keyboard.qa.MechanicalPunctuationInstrumentedTest
INSTRUMENTATION_STATUS: current=107
INSTRUMENTATION_STATUS: id=AndroidJUnitRunner
INSTRUMENTATION_STATUS: numtests=139
INSTRUMENTATION_STATUS: stream=
io.github.mesteriis.rune.keyboard.qa.MechanicalPunctuationInstrumentedTest:
INSTRUMENTATION_STATUS: test=pairOfDotsWaitsForWhitespaceAndNewWordThenUndoesCapsTogether
INSTRUMENTATION_STATUS_CODE: 1
INSTRUMENTATION_STATUS: class=io.github.mesteriis.rune.keyboard.qa.MechanicalPunctuationInstrumentedTest
INSTRUMENTATION_STATUS: current=107
INSTRUMENTATION_STATUS: id=AndroidJUnitRunner
INSTRUMENTATION_STATUS: numtests=139
INSTRUMENTATION_STATUS: stream=.
INSTRUMENTATION_STATUS: test=pairOfDotsWaitsForWhitespaceAndNewWordThenUndoesCapsTogether
INSTRUMENTATION_STATUS_CODE: 0
INSTRUMENTATION_STATUS: class=io.github.mesteriis.rune.keyboard.qa.MechanicalPunctuationInstrumentedTest
INSTRUMENTATION_STATUS: current=108
INSTRUMENTATION_STATUS: id=AndroidJUnitRunner
INSTRUMENTATION_STATUS: numtests=139
INSTRUMENTATION_STATUS: stream=
INSTRUMENTATION_STATUS: test=decimalVersionAndHostnameKeepOwnedBoundariesWithoutLayerChanges
INSTRUMENTATION_STATUS_CODE: 1
INSTRUMENTATION_STATUS: class=io.github.mesteriis.rune.keyboard.qa.MechanicalPunctuationInstrumentedTest
INSTRUMENTATION_STATUS: current=108
INSTRUMENTATION_STATUS: id=AndroidJUnitRunner
INSTRUMENTATION_STATUS: numtests=139
INSTRUMENTATION_STATUS: stream=.
INSTRUMENTATION_STATUS: test=decimalVersionAndHostnameKeepOwnedBoundariesWithoutLayerChanges
INSTRUMENTATION_STATUS_CODE: 0
INSTRUMENTATION_STATUS: class=io.github.mesteriis.rune.keyboard.qa.MechanicalPunctuationInstrumentedTest
INSTRUMENTATION_STATUS: current=109
INSTRUMENTATION_STATUS: id=AndroidJUnitRunner
INSTRUMENTATION_STATUS: numtests=139
INSTRUMENTATION_STATUS: stream=
INSTRUMENTATION_STATUS: test=cachedMechanicalTogglePreservesHeldKeyInstancesAndNextInputUndo
INSTRUMENTATION_STATUS_CODE: 1
INSTRUMENTATION_STATUS: class=io.github.mesteriis.rune.keyboard.qa.MechanicalPunctuationInstrumentedTest
INSTRUMENTATION_STATUS: current=109
INSTRUMENTATION_STATUS: id=AndroidJUnitRunner
INSTRUMENTATION_STATUS: numtests=139
INSTRUMENTATION_STATUS: stream=.
INSTRUMENTATION_STATUS: test=cachedMechanicalTogglePreservesHeldKeyInstancesAndNextInputUndo
INSTRUMENTATION_STATUS_CODE: 0
INSTRUMENTATION_STATUS: class=io.github.mesteriis.rune.keyboard.qa.MechanicalPunctuationInstrumentedTest
INSTRUMENTATION_STATUS: current=110
INSTRUMENTATION_STATUS: id=AndroidJUnitRunner
INSTRUMENTATION_STATUS: numtests=139
INSTRUMENTATION_STATUS: stream=
INSTRUMENTATION_STATUS: test=commaPopupPunctuationCapsAndImmediateUndoNeverReplayOldWord
INSTRUMENTATION_STATUS_CODE: 1
INSTRUMENTATION_STATUS: class=io.github.mesteriis.rune.keyboard.qa.MechanicalPunctuationInstrumentedTest
INSTRUMENTATION_STATUS: current=110
INSTRUMENTATION_STATUS: id=AndroidJUnitRunner
INSTRUMENTATION_STATUS: numtests=139
INSTRUMENTATION_STATUS: stream=.
INSTRUMENTATION_STATUS: test=commaPopupPunctuationCapsAndImmediateUndoNeverReplayOldWord
INSTRUMENTATION_STATUS_CODE: 0
INSTRUMENTATION_STATUS: class=io.github.mesteriis.rune.keyboard.qa.MechanicalPunctuationInstrumentedTest
INSTRUMENTATION_STATUS: current=111
INSTRUMENTATION_STATUS: id=AndroidJUnitRunner
INSTRUMENTATION_STATUS: numtests=139
INSTRUMENTATION_STATUS: stream=
INSTRUMENTATION_STATUS: test=commandDotKeepsItsSeparatorAcrossBoundaryAndOrdinaryBackspace
INSTRUMENTATION_STATUS_CODE: 1
INSTRUMENTATION_STATUS: class=io.github.mesteriis.rune.keyboard.qa.MechanicalPunctuationInstrumentedTest
INSTRUMENTATION_STATUS: current=111
INSTRUMENTATION_STATUS: id=AndroidJUnitRunner
INSTRUMENTATION_STATUS: numtests=139
INSTRUMENTATION_STATUS: stream=.
INSTRUMENTATION_STATUS: test=commandDotKeepsItsSeparatorAcrossBoundaryAndOrdinaryBackspace
INSTRUMENTATION_STATUS_CODE: 0
INSTRUMENTATION_STATUS: class=io.github.mesteriis.rune.keyboard.qa.OwnedBatchInstrumentedTest
INSTRUMENTATION_STATUS: current=112
INSTRUMENTATION_STATUS: id=AndroidJUnitRunner
INSTRUMENTATION_STATUS: numtests=139
INSTRUMENTATION_STATUS: stream=
io.github.mesteriis.rune.keyboard.qa.OwnedBatchInstrumentedTest:
INSTRUMENTATION_STATUS: test=commitBoundaryAndRestoreOwnedRegionPreserveTextAndDoNotReadEditor
INSTRUMENTATION_STATUS_CODE: 1
INSTRUMENTATION_STATUS: class=io.github.mesteriis.rune.keyboard.qa.OwnedBatchInstrumentedTest
INSTRUMENTATION_STATUS: current=112
INSTRUMENTATION_STATUS: id=AndroidJUnitRunner
INSTRUMENTATION_STATUS: numtests=139
INSTRUMENTATION_STATUS: stream=.
INSTRUMENTATION_STATUS: test=commitBoundaryAndRestoreOwnedRegionPreserveTextAndDoNotReadEditor
INSTRUMENTATION_STATUS_CODE: 0
INSTRUMENTATION_STATUS: class=io.github.mesteriis.rune.keyboard.qa.RapidTypingInstrumentedTest
INSTRUMENTATION_STATUS: current=113
INSTRUMENTATION_STATUS: id=AndroidJUnitRunner
INSTRUMENTATION_STATUS: numtests=139
INSTRUMENTATION_STATUS: stream=
io.github.mesteriis.rune.keyboard.qa.RapidTypingInstrumentedTest:
INSTRUMENTATION_STATUS: test=rapidTouchBurstKeepsEveryCharacterAcrossWordBoundaries
INSTRUMENTATION_STATUS_CODE: 1
INSTRUMENTATION_STATUS: rapid_touch_burst_ms=4759
INSTRUMENTATION_STATUS: rapid_touch_releases=75
INSTRUMENTATION_STATUS_CODE: 0
INSTRUMENTATION_STATUS: class=io.github.mesteriis.rune.keyboard.qa.RapidTypingInstrumentedTest
INSTRUMENTATION_STATUS: current=113
INSTRUMENTATION_STATUS: id=AndroidJUnitRunner
INSTRUMENTATION_STATUS: numtests=139
INSTRUMENTATION_STATUS: stream=.
INSTRUMENTATION_STATUS: test=rapidTouchBurstKeepsEveryCharacterAcrossWordBoundaries
INSTRUMENTATION_STATUS_CODE: 0
INSTRUMENTATION_STATUS: class=io.github.mesteriis.rune.keyboard.qa.RawEditorInstrumentedTest
INSTRUMENTATION_STATUS: current=114
INSTRUMENTATION_STATUS: id=AndroidJUnitRunner
INSTRUMENTATION_STATUS: numtests=139
INSTRUMENTATION_STATUS: stream=
io.github.mesteriis.rune.keyboard.qa.RawEditorInstrumentedTest:
INSTRUMENTATION_STATUS: test=typeNullUsesRawKeysWithoutCompositionCorrectionsStripOrReadback
INSTRUMENTATION_STATUS_CODE: 1
INSTRUMENTATION_STATUS: class=io.github.mesteriis.rune.keyboard.qa.RawEditorInstrumentedTest
INSTRUMENTATION_STATUS: current=114
INSTRUMENTATION_STATUS: id=AndroidJUnitRunner
INSTRUMENTATION_STATUS: numtests=139
INSTRUMENTATION_STATUS: stream=.
INSTRUMENTATION_STATUS: test=typeNullUsesRawKeysWithoutCompositionCorrectionsStripOrReadback
INSTRUMENTATION_STATUS_CODE: 0
INSTRUMENTATION_STATUS: class=io.github.mesteriis.rune.keyboard.qa.RealModelTypingInstrumentedTest
INSTRUMENTATION_STATUS: current=115
INSTRUMENTATION_STATUS: id=AndroidJUnitRunner
INSTRUMENTATION_STATUS: numtests=139
INSTRUMENTATION_STATUS: stream=
io.github.mesteriis.rune.keyboard.qa.RealModelTypingInstrumentedTest:
INSTRUMENTATION_STATUS: test=installedModelCorrectsOnSpaceWithoutTapAndBackspaceRestoresOriginal
INSTRUMENTATION_STATUS_CODE: 1
INSTRUMENTATION_STATUS: class=io.github.mesteriis.rune.keyboard.qa.RealModelTypingInstrumentedTest
INSTRUMENTATION_STATUS: current=115
INSTRUMENTATION_STATUS: id=AndroidJUnitRunner
INSTRUMENTATION_STATUS: numtests=139
INSTRUMENTATION_STATUS: stack=org.junit.AssumptionViolatedException: Explicit installed-model typing probe only
	at org.junit.Assume.assumeTrue(Assume.java:68)
	at io.github.mesteriis.rune.keyboard.qa.RealModelTypingInstrumentedTest.installedModelCorrectsOnSpaceWithoutTapAndBackspaceRestoresOriginal(RealModelTypingInstrumentedTest.kt:17)

INSTRUMENTATION_STATUS: stream=
io.github.mesteriis.rune.keyboard.qa.RealModelTypingInstrumentedTest:
INSTRUMENTATION_STATUS: test=installedModelCorrectsOnSpaceWithoutTapAndBackspaceRestoresOriginal
INSTRUMENTATION_STATUS_CODE: -4
INSTRUMENTATION_STATUS: class=io.github.mesteriis.rune.keyboard.qa.SmartTypingComposingInstrumentedTest
INSTRUMENTATION_STATUS: current=116
INSTRUMENTATION_STATUS: id=AndroidJUnitRunner
INSTRUMENTATION_STATUS: numtests=139
INSTRUMENTATION_STATUS: stream=
io.github.mesteriis.rune.keyboard.qa.SmartTypingComposingInstrumentedTest:
INSTRUMENTATION_STATUS: test=droppedSpanWithExplicitCallbackContinuesAsPlainText
INSTRUMENTATION_STATUS_CODE: 1
INSTRUMENTATION_STATUS: class=io.github.mesteriis.rune.keyboard.qa.SmartTypingComposingInstrumentedTest
INSTRUMENTATION_STATUS: current=116
INSTRUMENTATION_STATUS: id=AndroidJUnitRunner
INSTRUMENTATION_STATUS: numtests=139
INSTRUMENTATION_STATUS: stream=.
INSTRUMENTATION_STATUS: test=droppedSpanWithExplicitCallbackContinuesAsPlainText
INSTRUMENTATION_STATUS_CODE: 0
INSTRUMENTATION_STATUS: class=io.github.mesteriis.rune.keyboard.qa.SmartTypingComposingInstrumentedTest
INSTRUMENTATION_STATUS: current=117
INSTRUMENTATION_STATUS: id=AndroidJUnitRunner
INSTRUMENTATION_STATUS: numtests=139
INSTRUMENTATION_STATUS: stream=
INSTRUMENTATION_STATUS: test=rejectedSpanWithExplicitCallbackContinuesAsPlainText
INSTRUMENTATION_STATUS_CODE: 1
INSTRUMENTATION_STATUS: class=io.github.mesteriis.rune.keyboard.qa.SmartTypingComposingInstrumentedTest
INSTRUMENTATION_STATUS: current=117
INSTRUMENTATION_STATUS: id=AndroidJUnitRunner
INSTRUMENTATION_STATUS: numtests=139
INSTRUMENTATION_STATUS: stream=.
INSTRUMENTATION_STATUS: test=rejectedSpanWithExplicitCallbackContinuesAsPlainText
INSTRUMENTATION_STATUS_CODE: 0
INSTRUMENTATION_STATUS: class=io.github.mesteriis.rune.keyboard.qa.SmartTypingComposingInstrumentedTest
INSTRUMENTATION_STATUS: current=118
INSTRUMENTATION_STATUS: id=AndroidJUnitRunner
INSTRUMENTATION_STATUS: numtests=139
INSTRUMENTATION_STATUS: stream=
INSTRUMENTATION_STATUS: test=changingToSensitiveEditorRemovesThePreviousOriginalFromTheStrip
INSTRUMENTATION_STATUS_CODE: 1
INSTRUMENTATION_STATUS: class=io.github.mesteriis.rune.keyboard.qa.SmartTypingComposingInstrumentedTest
INSTRUMENTATION_STATUS: current=118
INSTRUMENTATION_STATUS: id=AndroidJUnitRunner
INSTRUMENTATION_STATUS: numtests=139
INSTRUMENTATION_STATUS: stream=.
INSTRUMENTATION_STATUS: test=changingToSensitiveEditorRemovesThePreviousOriginalFromTheStrip
INSTRUMENTATION_STATUS_CODE: 0
INSTRUMENTATION_STATUS: class=io.github.mesteriis.rune.keyboard.qa.SmartTypingComposingInstrumentedTest
INSTRUMENTATION_STATUS: current=119
INSTRUMENTATION_STATUS: id=AndroidJUnitRunner
INSTRUMENTATION_STATUS: numtests=139
INSTRUMENTATION_STATUS: stream=
INSTRUMENTATION_STATUS: test=noPersonalizedLearningNeverReadsEditorTextOrSetsComposition
INSTRUMENTATION_STATUS_CODE: 1
INSTRUMENTATION_STATUS: class=io.github.mesteriis.rune.keyboard.qa.SmartTypingComposingInstrumentedTest
INSTRUMENTATION_STATUS: current=119
INSTRUMENTATION_STATUS: id=AndroidJUnitRunner
INSTRUMENTATION_STATUS: numtests=139
INSTRUMENTATION_STATUS: stream=.
INSTRUMENTATION_STATUS: test=noPersonalizedLearningNeverReadsEditorTextOrSetsComposition
INSTRUMENTATION_STATUS_CODE: 0
INSTRUMENTATION_STATUS: class=io.github.mesteriis.rune.keyboard.qa.SmartTypingComposingInstrumentedTest
INSTRUMENTATION_STATUS: current=120
INSTRUMENTATION_STATUS: id=AndroidJUnitRunner
INSTRUMENTATION_STATUS: numtests=139
INSTRUMENTATION_STATUS: stream=
INSTRUMENTATION_STATUS: test=droppedOwnedSpanWithCallbackDisablesCompositionForTheSession
INSTRUMENTATION_STATUS_CODE: 1
INSTRUMENTATION_STATUS: class=io.github.mesteriis.rune.keyboard.qa.SmartTypingComposingInstrumentedTest
INSTRUMENTATION_STATUS: current=120
INSTRUMENTATION_STATUS: id=AndroidJUnitRunner
INSTRUMENTATION_STATUS: numtests=139
INSTRUMENTATION_STATUS: stream=.
INSTRUMENTATION_STATUS: test=droppedOwnedSpanWithCallbackDisablesCompositionForTheSession
INSTRUMENTATION_STATUS_CODE: 0
INSTRUMENTATION_STATUS: class=io.github.mesteriis.rune.keyboard.qa.SmartTypingComposingInstrumentedTest
INSTRUMENTATION_STATUS: current=121
INSTRUMENTATION_STATUS: id=AndroidJUnitRunner
INSTRUMENTATION_STATUS: numtests=139
INSTRUMENTATION_STATUS: stream=
INSTRUMENTATION_STATUS: test=cursorMovementAndSelectionFinishTheOldSpan
INSTRUMENTATION_STATUS_CODE: 1
INSTRUMENTATION_STATUS: class=io.github.mesteriis.rune.keyboard.qa.SmartTypingComposingInstrumentedTest
INSTRUMENTATION_STATUS: current=121
INSTRUMENTATION_STATUS: id=AndroidJUnitRunner
INSTRUMENTATION_STATUS: numtests=139
INSTRUMENTATION_STATUS: stream=.
INSTRUMENTATION_STATUS: test=cursorMovementAndSelectionFinishTheOldSpan
INSTRUMENTATION_STATUS_CODE: 0
INSTRUMENTATION_STATUS: class=io.github.mesteriis.rune.keyboard.qa.SmartTypingComposingInstrumentedTest
INSTRUMENTATION_STATUS: current=122
INSTRUMENTATION_STATUS: id=AndroidJUnitRunner
INSTRUMENTATION_STATUS: numtests=139
INSTRUMENTATION_STATUS: stream=
INSTRUMENTATION_STATUS: test=restartInputDoesNotReplaceOrDuplicateThePriorComposition
INSTRUMENTATION_STATUS_CODE: 1
INSTRUMENTATION_STATUS: class=io.github.mesteriis.rune.keyboard.qa.SmartTypingComposingInstrumentedTest
INSTRUMENTATION_STATUS: current=122
INSTRUMENTATION_STATUS: id=AndroidJUnitRunner
INSTRUMENTATION_STATUS: numtests=139
INSTRUMENTATION_STATUS: stream=.
INSTRUMENTATION_STATUS: test=restartInputDoesNotReplaceOrDuplicateThePriorComposition
INSTRUMENTATION_STATUS_CODE: 0
INSTRUMENTATION_STATUS: class=io.github.mesteriis.rune.keyboard.qa.SmartTypingComposingInstrumentedTest
INSTRUMENTATION_STATUS: current=123
INSTRUMENTATION_STATUS: id=AndroidJUnitRunner
INSTRUMENTATION_STATUS: numtests=139
INSTRUMENTATION_STATUS: stream=
INSTRUMENTATION_STATUS: test=languageSwitchPreservesTextAndFinishesComposition
INSTRUMENTATION_STATUS_CODE: 1
INSTRUMENTATION_STATUS: class=io.github.mesteriis.rune.keyboard.qa.SmartTypingComposingInstrumentedTest
INSTRUMENTATION_STATUS: current=123
INSTRUMENTATION_STATUS: id=AndroidJUnitRunner
INSTRUMENTATION_STATUS: numtests=139
INSTRUMENTATION_STATUS: stream=.
INSTRUMENTATION_STATUS: test=languageSwitchPreservesTextAndFinishesComposition
INSTRUMENTATION_STATUS_CODE: 0
INSTRUMENTATION_STATUS: class=io.github.mesteriis.rune.keyboard.qa.SmartTypingComposingInstrumentedTest
INSTRUMENTATION_STATUS: current=124
INSTRUMENTATION_STATUS: id=AndroidJUnitRunner
INSTRUMENTATION_STATUS: numtests=139
INSTRUMENTATION_STATUS: stream=
INSTRUMENTATION_STATUS: test=doubleSpaceWithoutOwnedWordKeepsBothSpacesAndDoesNotReadEditor
INSTRUMENTATION_STATUS_CODE: 1
INSTRUMENTATION_STATUS: class=io.github.mesteriis.rune.keyboard.qa.SmartTypingComposingInstrumentedTest
INSTRUMENTATION_STATUS: current=124
INSTRUMENTATION_STATUS: id=AndroidJUnitRunner
INSTRUMENTATION_STATUS: numtests=139
INSTRUMENTATION_STATUS: stream=.
INSTRUMENTATION_STATUS: test=doubleSpaceWithoutOwnedWordKeepsBothSpacesAndDoesNotReadEditor
INSTRUMENTATION_STATUS_CODE: 0
INSTRUMENTATION_STATUS: class=io.github.mesteriis.rune.keyboard.qa.SmartTypingComposingInstrumentedTest
INSTRUMENTATION_STATUS: current=125
INSTRUMENTATION_STATUS: id=AndroidJUnitRunner
INSTRUMENTATION_STATUS: numtests=139
INSTRUMENTATION_STATUS: stream=
INSTRUMENTATION_STATUS: test=editorRewriteInvalidatesOwnedTextWithoutReplay
INSTRUMENTATION_STATUS_CODE: 1
INSTRUMENTATION_STATUS: class=io.github.mesteriis.rune.keyboard.qa.SmartTypingComposingInstrumentedTest
INSTRUMENTATION_STATUS: current=125
INSTRUMENTATION_STATUS: id=AndroidJUnitRunner
INSTRUMENTATION_STATUS: numtests=139
INSTRUMENTATION_STATUS: stream=.
INSTRUMENTATION_STATUS: test=editorRewriteInvalidatesOwnedTextWithoutReplay
INSTRUMENTATION_STATUS_CODE: 0
INSTRUMENTATION_STATUS: class=io.github.mesteriis.rune.keyboard.qa.SmartTypingComposingInstrumentedTest
INSTRUMENTATION_STATUS: current=126
INSTRUMENTATION_STATUS: id=AndroidJUnitRunner
INSTRUMENTATION_STATUS: numtests=139
INSTRUMENTATION_STATUS: stream=
INSTRUMENTATION_STATUS: test=currentOriginalStripTapDoesNotWriteEditorAndUpdatesWithTheWord
INSTRUMENTATION_STATUS_CODE: 1
INSTRUMENTATION_STATUS: class=io.github.mesteriis.rune.keyboard.qa.SmartTypingComposingInstrumentedTest
INSTRUMENTATION_STATUS: current=126
INSTRUMENTATION_STATUS: id=AndroidJUnitRunner
INSTRUMENTATION_STATUS: numtests=139
INSTRUMENTATION_STATUS: stream=.
INSTRUMENTATION_STATUS: test=currentOriginalStripTapDoesNotWriteEditorAndUpdatesWithTheWord
INSTRUMENTATION_STATUS_CODE: 0
INSTRUMENTATION_STATUS: class=io.github.mesteriis.rune.keyboard.qa.SmartTypingComposingInstrumentedTest
INSTRUMENTATION_STATUS: current=127
INSTRUMENTATION_STATUS: id=AndroidJUnitRunner
INSTRUMENTATION_STATUS: numtests=139
INSTRUMENTATION_STATUS: stream=
INSTRUMENTATION_STATUS: test=inputViewDetachDoesNotReplayThePriorComposition
INSTRUMENTATION_STATUS_CODE: 1
INSTRUMENTATION_STATUS: class=io.github.mesteriis.rune.keyboard.qa.SmartTypingComposingInstrumentedTest
INSTRUMENTATION_STATUS: current=127
INSTRUMENTATION_STATUS: id=AndroidJUnitRunner
INSTRUMENTATION_STATUS: numtests=139
INSTRUMENTATION_STATUS: stream=.
INSTRUMENTATION_STATUS: test=inputViewDetachDoesNotReplayThePriorComposition
INSTRUMENTATION_STATUS_CODE: 0
INSTRUMENTATION_STATUS: class=io.github.mesteriis.rune.keyboard.qa.SmartTypingComposingInstrumentedTest
INSTRUMENTATION_STATUS: current=128
INSTRUMENTATION_STATUS: id=AndroidJUnitRunner
INSTRUMENTATION_STATUS: numtests=139
INSTRUMENTATION_STATUS: stream=
INSTRUMENTATION_STATUS: test=stationarySpaceHoldFinishesCompositionBeforeAnyCursorStep
INSTRUMENTATION_STATUS_CODE: 1
INSTRUMENTATION_STATUS: class=io.github.mesteriis.rune.keyboard.qa.SmartTypingComposingInstrumentedTest
INSTRUMENTATION_STATUS: current=128
INSTRUMENTATION_STATUS: id=AndroidJUnitRunner
INSTRUMENTATION_STATUS: numtests=139
INSTRUMENTATION_STATUS: stream=.
INSTRUMENTATION_STATUS: test=stationarySpaceHoldFinishesCompositionBeforeAnyCursorStep
INSTRUMENTATION_STATUS_CODE: 0
INSTRUMENTATION_STATUS: class=io.github.mesteriis.rune.keyboard.qa.SmartTypingComposingInstrumentedTest
INSTRUMENTATION_STATUS: current=129
INSTRUMENTATION_STATUS: id=AndroidJUnitRunner
INSTRUMENTATION_STATUS: numtests=139
INSTRUMENTATION_STATUS: stream=
INSTRUMENTATION_STATUS: test=doubleSpaceUndoSurvivesBinderSelectionAcknowledgement
INSTRUMENTATION_STATUS_CODE: 1
INSTRUMENTATION_STATUS: class=io.github.mesteriis.rune.keyboard.qa.SmartTypingComposingInstrumentedTest
INSTRUMENTATION_STATUS: current=129
INSTRUMENTATION_STATUS: id=AndroidJUnitRunner
INSTRUMENTATION_STATUS: numtests=139
INSTRUMENTATION_STATUS: stream=.
INSTRUMENTATION_STATUS: test=doubleSpaceUndoSurvivesBinderSelectionAcknowledgement
INSTRUMENTATION_STATUS_CODE: 0
INSTRUMENTATION_STATUS: class=io.github.mesteriis.rune.keyboard.qa.SmartTypingComposingInstrumentedTest
INSTRUMENTATION_STATUS: current=130
INSTRUMENTATION_STATUS: id=AndroidJUnitRunner
INSTRUMENTATION_STATUS: numtests=139
INSTRUMENTATION_STATUS: stream=
INSTRUMENTATION_STATUS: test=wordAndLeadingBoundaryComposeAndDeleteWithoutReplayingCommittedText
INSTRUMENTATION_STATUS_CODE: 1
INSTRUMENTATION_STATUS: class=io.github.mesteriis.rune.keyboard.qa.SmartTypingComposingInstrumentedTest
INSTRUMENTATION_STATUS: current=130
INSTRUMENTATION_STATUS: id=AndroidJUnitRunner
INSTRUMENTATION_STATUS: numtests=139
INSTRUMENTATION_STATUS: stream=.
INSTRUMENTATION_STATUS: test=wordAndLeadingBoundaryComposeAndDeleteWithoutReplayingCommittedText
INSTRUMENTATION_STATUS_CODE: 0
INSTRUMENTATION_STATUS: class=io.github.mesteriis.rune.keyboard.qa.SmartTypingSettingsInstrumentedTest
INSTRUMENTATION_STATUS: current=131
INSTRUMENTATION_STATUS: id=AndroidJUnitRunner
INSTRUMENTATION_STATUS: numtests=139
INSTRUMENTATION_STATUS: stream=
io.github.mesteriis.rune.keyboard.qa.SmartTypingSettingsInstrumentedTest:
INSTRUMENTATION_STATUS: test=spellingAndStripChangesPreserveMechanicalUndoAndIndependentDoubleSpace
INSTRUMENTATION_STATUS_CODE: 1
INSTRUMENTATION_STATUS: class=io.github.mesteriis.rune.keyboard.qa.SmartTypingSettingsInstrumentedTest
INSTRUMENTATION_STATUS: current=131
INSTRUMENTATION_STATUS: id=AndroidJUnitRunner
INSTRUMENTATION_STATUS: numtests=139
INSTRUMENTATION_STATUS: stream=.
INSTRUMENTATION_STATUS: test=spellingAndStripChangesPreserveMechanicalUndoAndIndependentDoubleSpace
INSTRUMENTATION_STATUS_CODE: 0
INSTRUMENTATION_STATUS: class=io.github.mesteriis.rune.keyboard.qa.SmartTypingSettingsInstrumentedTest
INSTRUMENTATION_STATUS: current=132
INSTRUMENTATION_STATUS: id=AndroidJUnitRunner
INSTRUMENTATION_STATUS: numtests=139
INSTRUMENTATION_STATUS: stream=
INSTRUMENTATION_STATUS: test=stripToggleCancelAndPrivateTransitionCannotResurrectOldCandidateContent
INSTRUMENTATION_STATUS_CODE: 1
INSTRUMENTATION_STATUS: class=io.github.mesteriis.rune.keyboard.qa.SmartTypingSettingsInstrumentedTest
INSTRUMENTATION_STATUS: current=132
INSTRUMENTATION_STATUS: id=AndroidJUnitRunner
INSTRUMENTATION_STATUS: numtests=139
INSTRUMENTATION_STATUS: stream=.
INSTRUMENTATION_STATUS: test=stripToggleCancelAndPrivateTransitionCannotResurrectOldCandidateContent
INSTRUMENTATION_STATUS_CODE: 0
INSTRUMENTATION_STATUS: class=io.github.mesteriis.rune.keyboard.qa.SmartTypingSettingsInstrumentedTest
INSTRUMENTATION_STATUS: current=133
INSTRUMENTATION_STATUS: id=AndroidJUnitRunner
INSTRUMENTATION_STATUS: numtests=139
INSTRUMENTATION_STATUS: stream=
INSTRUMENTATION_STATUS: test=disablingSpellingCancelsHeldCorrectionWithoutEditorMutation
INSTRUMENTATION_STATUS_CODE: 1
INSTRUMENTATION_STATUS: class=io.github.mesteriis.rune.keyboard.qa.SmartTypingSettingsInstrumentedTest
INSTRUMENTATION_STATUS: current=133
INSTRUMENTATION_STATUS: id=AndroidJUnitRunner
INSTRUMENTATION_STATUS: numtests=139
INSTRUMENTATION_STATUS: stream=.
INSTRUMENTATION_STATUS: test=disablingSpellingCancelsHeldCorrectionWithoutEditorMutation
INSTRUMENTATION_STATUS_CODE: 0
INSTRUMENTATION_STATUS: class=io.github.mesteriis.rune.keyboard.qa.SmartTypingSettingsInstrumentedTest
INSTRUMENTATION_STATUS: current=134
INSTRUMENTATION_STATUS: id=AndroidJUnitRunner
INSTRUMENTATION_STATUS: numtests=139
INSTRUMENTATION_STATUS: stream=
INSTRUMENTATION_STATUS: test=liveOffDropsCorrectionsAndEnableWaitsForExplicitEdit
INSTRUMENTATION_STATUS_CODE: 1
INSTRUMENTATION_STATUS: class=io.github.mesteriis.rune.keyboard.qa.SmartTypingSettingsInstrumentedTest
INSTRUMENTATION_STATUS: current=134
INSTRUMENTATION_STATUS: id=AndroidJUnitRunner
INSTRUMENTATION_STATUS: numtests=139
INSTRUMENTATION_STATUS: stream=.
INSTRUMENTATION_STATUS: test=liveOffDropsCorrectionsAndEnableWaitsForExplicitEdit
INSTRUMENTATION_STATUS_CODE: 0
INSTRUMENTATION_STATUS: class=io.github.mesteriis.rune.keyboard.qa.SmartTypingSettingsInstrumentedTest
INSTRUMENTATION_STATUS: current=135
INSTRUMENTATION_STATUS: id=AndroidJUnitRunner
INSTRUMENTATION_STATUS: numtests=139
INSTRUMENTATION_STATUS: stream=
INSTRUMENTATION_STATUS: test=stripBothDirectionsAndRepeatedTogglesPreserveHeldKeyAndSingleRelease
INSTRUMENTATION_STATUS_CODE: 1
INSTRUMENTATION_STATUS: class=io.github.mesteriis.rune.keyboard.qa.SmartTypingSettingsInstrumentedTest
INSTRUMENTATION_STATUS: current=135
INSTRUMENTATION_STATUS: id=AndroidJUnitRunner
INSTRUMENTATION_STATUS: numtests=139
INSTRUMENTATION_STATUS: stream=.
INSTRUMENTATION_STATUS: test=stripBothDirectionsAndRepeatedTogglesPreserveHeldKeyAndSingleRelease
INSTRUMENTATION_STATUS_CODE: 0
INSTRUMENTATION_STATUS: class=io.github.mesteriis.rune.keyboard.qa.SmartTypingSettingsInstrumentedTest
INSTRUMENTATION_STATUS: current=136
INSTRUMENTATION_STATUS: id=AndroidJUnitRunner
INSTRUMENTATION_STATUS: numtests=139
INSTRUMENTATION_STATUS: stream=
INSTRUMENTATION_STATUS: test=controlsPersistIndependentlyAndExplainCurrentCapabilities
INSTRUMENTATION_STATUS_CODE: 1
INSTRUMENTATION_STATUS: class=io.github.mesteriis.rune.keyboard.qa.SmartTypingSettingsInstrumentedTest
INSTRUMENTATION_STATUS: current=136
INSTRUMENTATION_STATUS: id=AndroidJUnitRunner
INSTRUMENTATION_STATUS: numtests=139
INSTRUMENTATION_STATUS: stream=.
INSTRUMENTATION_STATUS: test=controlsPersistIndependentlyAndExplainCurrentCapabilities
INSTRUMENTATION_STATUS_CODE: 0
INSTRUMENTATION_STATUS: class=io.github.mesteriis.rune.keyboard.smarttyping.lexicon.PackedLexiconAssetsInstrumentedTest
INSTRUMENTATION_STATUS: current=137
INSTRUMENTATION_STATUS: id=AndroidJUnitRunner
INSTRUMENTATION_STATUS: numtests=139
INSTRUMENTATION_STATUS: stream=
io.github.mesteriis.rune.keyboard.smarttyping.lexicon.PackedLexiconAssetsInstrumentedTest:
INSTRUMENTATION_STATUS: test=packagedMappingsNoticesAndExactReferencesAreAvailableOffMainThread
INSTRUMENTATION_STATUS_CODE: 1
INSTRUMENTATION_STATUS: canonical_case_contract=v1 language=0 wall_ns=172369500 cpu_ns=154691664
INSTRUMENTATION_STATUS_CODE: 0
INSTRUMENTATION_STATUS: canonical_case_contract=v1 language=1 wall_ns=10245417 cpu_ns=9418043
INSTRUMENTATION_STATUS_CODE: 0
INSTRUMENTATION_STATUS: canonical_case_contract=v1 language=2 wall_ns=135223750 cpu_ns=124443127
INSTRUMENTATION_STATUS_CODE: 0
INSTRUMENTATION_STATUS: packed_reader_contract=v1 language=0 open_ns=105083 load_ns=214717625 cpu_ns=206874584 mapped_bytes=5388002 words=121255 nodes=272385 references=8 java_before=6803872 java_after=6820256 pss_kib_before=89766 pss_kib_after=95108
INSTRUMENTATION_STATUS_CODE: 0
INSTRUMENTATION_STATUS: packed_reader_contract=v1 language=1 open_ns=86249 load_ns=1321298834 cpu_ns=1243294327 mapped_bytes=25190742 words=668267 nodes=1250979 references=8 java_before=6820256 java_after=6230432 pss_kib_before=95108 pss_kib_after=119124
INSTRUMENTATION_STATUS_CODE: 0
INSTRUMENTATION_STATUS: packed_reader_contract=v1 language=2 open_ns=113250 load_ns=2955098127 cpu_ns=2790555220 mapped_bytes=46351852 words=1436553 nodes=2255866 references=8 java_before=6263200 java_after=6951328 pss_kib_before=119140 pss_kib_after=165012
INSTRUMENTATION_STATUS_CODE: 0
INSTRUMENTATION_STATUS: class=io.github.mesteriis.rune.keyboard.smarttyping.lexicon.PackedLexiconAssetsInstrumentedTest
INSTRUMENTATION_STATUS: current=137
INSTRUMENTATION_STATUS: id=AndroidJUnitRunner
INSTRUMENTATION_STATUS: numtests=139
INSTRUMENTATION_STATUS: stream=.
INSTRUMENTATION_STATUS: test=packagedMappingsNoticesAndExactReferencesAreAvailableOffMainThread
INSTRUMENTATION_STATUS_CODE: 0
INSTRUMENTATION_STATUS: class=io.github.mesteriis.rune.keyboard.smarttyping.lexicon.TopSevenInstrumentedTest
INSTRUMENTATION_STATUS: current=138
INSTRUMENTATION_STATUS: id=AndroidJUnitRunner
INSTRUMENTATION_STATUS: numtests=139
INSTRUMENTATION_STATUS: stream=
io.github.mesteriis.rune.keyboard.smarttyping.lexicon.TopSevenInstrumentedTest:
INSTRUMENTATION_STATUS: test=requestedWidthsPreserveCertifiedPrefixes
INSTRUMENTATION_STATUS_CODE: 1
INSTRUMENTATION_STATUS: candidate_width_measurement=v1 id=0 maximum=1 round=0 wall_ns=1954500 cpu_ns=1954958 states=1475 verified=13 completion=0 alternatives=1
INSTRUMENTATION_STATUS_CODE: 0
INSTRUMENTATION_STATUS: candidate_width_measurement=v1 id=0 maximum=3 round=0 wall_ns=6571917 cpu_ns=6508584 states=4713 verified=13 completion=0 alternatives=3
INSTRUMENTATION_STATUS_CODE: 0
INSTRUMENTATION_STATUS: candidate_width_measurement=v1 id=0 maximum=7 round=0 wall_ns=11281375 cpu_ns=11168416 states=8192 verified=13 completion=3 alternatives=7
INSTRUMENTATION_STATUS_CODE: 0
INSTRUMENTATION_STATUS: candidate_width_measurement=v1 id=1 maximum=7 round=0 wall_ns=1095875 cpu_ns=1096709 states=1438 verified=13 completion=0 alternatives=7
INSTRUMENTATION_STATUS_CODE: 0
INSTRUMENTATION_STATUS: candidate_width_measurement=v1 id=1 maximum=3 round=0 wall_ns=412833 cpu_ns=389417 states=444 verified=9 completion=0 alternatives=3
INSTRUMENTATION_STATUS_CODE: 0
INSTRUMENTATION_STATUS: candidate_width_measurement=v1 id=1 maximum=1 round=0 wall_ns=449792 cpu_ns=412458 states=444 verified=9 completion=0 alternatives=1
INSTRUMENTATION_STATUS_CODE: 0
INSTRUMENTATION_STATUS: candidate_width_measurement=v1 id=2 maximum=1 round=0 wall_ns=2108875 cpu_ns=2103209 states=1689 verified=2 completion=0 alternatives=1
INSTRUMENTATION_STATUS_CODE: 0
INSTRUMENTATION_STATUS: candidate_width_measurement=v1 id=2 maximum=3 round=0 wall_ns=9056541 cpu_ns=8943167 states=6379 verified=5 completion=0 alternatives=3
INSTRUMENTATION_STATUS_CODE: 0
INSTRUMENTATION_STATUS: candidate_width_measurement=v1 id=2 maximum=7 round=0 wall_ns=11242791 cpu_ns=11185251 states=8192 verified=5 completion=3 alternatives=5
INSTRUMENTATION_STATUS_CODE: 0
INSTRUMENTATION_STATUS: candidate_width_measurement=v1 id=3 maximum=7 round=0 wall_ns=7711625 cpu_ns=7626626 states=6441 verified=57 completion=0 alternatives=7
INSTRUMENTATION_STATUS_CODE: 0
INSTRUMENTATION_STATUS: candidate_width_measurement=v1 id=3 maximum=3 round=0 wall_ns=3239625 cpu_ns=3189125 states=2646 verified=46 completion=0 alternatives=3
INSTRUMENTATION_STATUS_CODE: 0
INSTRUMENTATION_STATUS: candidate_width_measurement=v1 id=3 maximum=1 round=0 wall_ns=1964083 cpu_ns=1913708 states=1775 verified=17 completion=0 alternatives=1
INSTRUMENTATION_STATUS_CODE: 0
INSTRUMENTATION_STATUS: candidate_width_measurement=v1 id=4 maximum=1 round=0 wall_ns=1957000 cpu_ns=1957709 states=1562 verified=7 completion=0 alternatives=1
INSTRUMENTATION_STATUS_CODE: 0
INSTRUMENTATION_STATUS: candidate_width_measurement=v1 id=4 maximum=3 round=0 wall_ns=6165958 cpu_ns=6052833 states=4569 verified=7 completion=0 alternatives=3
INSTRUMENTATION_STATUS_CODE: 0
INSTRUMENTATION_STATUS: candidate_width_measurement=v1 id=4 maximum=7 round=0 wall_ns=10732875 cpu_ns=10669998 states=8192 verified=7 completion=3 alternatives=7
INSTRUMENTATION_STATUS_CODE: 0
INSTRUMENTATION_STATUS: candidate_width_measurement=v1 id=5 maximum=7 round=0 wall_ns=2468125 cpu_ns=2467959 states=2139 verified=59 completion=0 alternatives=7
INSTRUMENTATION_STATUS_CODE: 0
INSTRUMENTATION_STATUS: candidate_width_measurement=v1 id=5 maximum=3 round=0 wall_ns=2538666 cpu_ns=2456792 states=2139 verified=59 completion=0 alternatives=3
INSTRUMENTATION_STATUS_CODE: 0
INSTRUMENTATION_STATUS: candidate_width_measurement=v1 id=5 maximum=1 round=0 wall_ns=519083 cpu_ns=517958 states=514 verified=11 completion=0 alternatives=1
INSTRUMENTATION_STATUS_CODE: 0
INSTRUMENTATION_STATUS: candidate_width_measurement=v1 id=6 maximum=1 round=0 wall_ns=1554875 cpu_ns=1555417 states=1463 verified=6 completion=0 alternatives=1
INSTRUMENTATION_STATUS_CODE: 0
INSTRUMENTATION_STATUS: candidate_width_measurement=v1 id=6 maximum=3 round=0 wall_ns=6345542 cpu_ns=6314749 states=5398 verified=16 completion=0 alternatives=3
INSTRUMENTATION_STATUS_CODE: 0
INSTRUMENTATION_STATUS: candidate_width_measurement=v1 id=6 maximum=7 round=0 wall_ns=7528500 cpu_ns=6651082 states=5398 verified=16 completion=0 alternatives=7
INSTRUMENTATION_STATUS_CODE: 0
INSTRUMENTATION_STATUS: candidate_width_measurement=v1 id=7 maximum=7 round=0 wall_ns=8772500 cpu_ns=8707375 states=5678 verified=45 completion=0 alternatives=7
INSTRUMENTATION_STATUS_CODE: 0
INSTRUMENTATION_STATUS: candidate_width_measurement=v1 id=7 maximum=3 round=0 wall_ns=2371292 cpu_ns=2346834 states=1851 verified=8 completion=0 alternatives=3
INSTRUMENTATION_STATUS_CODE: 0
INSTRUMENTATION_STATUS: candidate_width_measurement=v1 id=7 maximum=1 round=0 wall_ns=2468500 cpu_ns=2429584 states=1851 verified=8 completion=0 alternatives=1
INSTRUMENTATION_STATUS_CODE: 0
INSTRUMENTATION_STATUS: candidate_width_measurement=v1 id=8 maximum=1 round=0 wall_ns=557041 cpu_ns=557708 states=327 verified=18 completion=0 alternatives=1
INSTRUMENTATION_STATUS_CODE: 0
INSTRUMENTATION_STATUS: candidate_width_measurement=v1 id=8 maximum=3 round=0 wall_ns=2421042 cpu_ns=2421750 states=1503 verified=64 completion=4 alternatives=3
INSTRUMENTATION_STATUS_CODE: 0
INSTRUMENTATION_STATUS: candidate_width_measurement=v1 id=8 maximum=7 round=0 wall_ns=2367416 cpu_ns=2368167 states=1503 verified=64 completion=4 alternatives=7
INSTRUMENTATION_STATUS_CODE: 0
INSTRUMENTATION_STATUS: candidate_width_measurement=v1 id=9 maximum=7 round=0 wall_ns=5496291 cpu_ns=5436959 states=4662 verified=13 completion=0 alternatives=7
INSTRUMENTATION_STATUS_CODE: 0
INSTRUMENTATION_STATUS: candidate_width_measurement=v1 id=9 maximum=3 round=0 wall_ns=1424125 cpu_ns=1424459 states=1282 verified=10 completion=0 alternatives=3
INSTRUMENTATION_STATUS_CODE: 0
INSTRUMENTATION_STATUS: candidate_width_measurement=v1 id=9 maximum=1 round=0 wall_ns=393167 cpu_ns=394167 states=358 verified=4 completion=0 alternatives=1
INSTRUMENTATION_STATUS_CODE: 0
INSTRUMENTATION_STATUS: candidate_width_measurement=v1 id=10 maximum=1 round=0 wall_ns=424333 cpu_ns=422125 states=422 verified=20 completion=0 alternatives=1
INSTRUMENTATION_STATUS_CODE: 0
INSTRUMENTATION_STATUS: candidate_width_measurement=v1 id=10 maximum=3 round=0 wall_ns=463000 cpu_ns=414709 states=422 verified=20 completion=0 alternatives=3
INSTRUMENTATION_STATUS_CODE: 0
INSTRUMENTATION_STATUS: candidate_width_measurement=v1 id=10 maximum=7 round=0 wall_ns=1536542 cpu_ns=1417459 states=1917 verified=42 completion=0 alternatives=7
INSTRUMENTATION_STATUS_CODE: 0
INSTRUMENTATION_STATUS: candidate_width_measurement=v1 id=11 maximum=7 round=0 wall_ns=11596459 cpu_ns=11465709 states=8192 verified=49 completion=3 alternatives=7
INSTRUMENTATION_STATUS_CODE: 0
INSTRUMENTATION_STATUS: candidate_width_measurement=v1 id=11 maximum=3 round=0 wall_ns=3029000 cpu_ns=2942501 states=2058 verified=28 completion=0 alternatives=3
INSTRUMENTATION_STATUS_CODE: 0
INSTRUMENTATION_STATUS: candidate_width_measurement=v1 id=11 maximum=1 round=0 wall_ns=3120459 cpu_ns=2892668 states=2058 verified=28 completion=0 alternatives=1
INSTRUMENTATION_STATUS_CODE: 0
INSTRUMENTATION_STATUS: candidate_width_measurement=v1 id=12 maximum=1 round=0 wall_ns=714333 cpu_ns=485334 states=324 verified=4 completion=0 alternatives=1
INSTRUMENTATION_STATUS_CODE: 0
INSTRUMENTATION_STATUS: candidate_width_measurement=v1 id=12 maximum=3 round=0 wall_ns=640541 cpu_ns=572083 states=420 verified=5 completion=0 alternatives=3
INSTRUMENTATION_STATUS_CODE: 0
INSTRUMENTATION_STATUS: candidate_width_measurement=v1 id=12 maximum=7 round=0 wall_ns=1876917 cpu_ns=1755250 states=1986 verified=15 completion=0 alternatives=7
INSTRUMENTATION_STATUS_CODE: 0
INSTRUMENTATION_STATUS: candidate_width_measurement=v1 id=13 maximum=7 round=0 wall_ns=4039250 cpu_ns=3927333 states=2999 verified=64 completion=4 alternatives=7
INSTRUMENTATION_STATUS_CODE: 0
INSTRUMENTATION_STATUS: candidate_width_measurement=v1 id=13 maximum=3 round=0 wall_ns=2511125 cpu_ns=2429750 states=1861 verified=44 completion=0 alternatives=3
INSTRUMENTATION_STATUS_CODE: 0
INSTRUMENTATION_STATUS: candidate_width_measurement=v1 id=13 maximum=1 round=0 wall_ns=1013125 cpu_ns=922916 states=599 verified=26 completion=0 alternatives=1
INSTRUMENTATION_STATUS_CODE: 0
INSTRUMENTATION_STATUS: candidate_width_measurement=v1 id=14 maximum=1 round=0 wall_ns=3048291 cpu_ns=2850500 states=1930 verified=1 completion=0 alternatives=1
INSTRUMENTATION_STATUS_CODE: 0
INSTRUMENTATION_STATUS: candidate_width_measurement=v1 id=14 maximum=3 round=0 wall_ns=12948583 cpu_ns=12761707 states=8192 verified=1 completion=3 alternatives=1
INSTRUMENTATION_STATUS_CODE: 0
INSTRUMENTATION_STATUS: candidate_width_measurement=v1 id=14 maximum=7 round=0 wall_ns=12731000 cpu_ns=12498042 states=8192 verified=1 completion=3 alternatives=1
INSTRUMENTATION_STATUS_CODE: 0
INSTRUMENTATION_STATUS: candidate_width_measurement=v1 id=15 maximum=7 round=0 wall_ns=1198542 cpu_ns=1131542 states=1324 verified=9 completion=0 alternatives=7
INSTRUMENTATION_STATUS_CODE: 0
INSTRUMENTATION_STATUS: candidate_width_measurement=v1 id=15 maximum=3 round=0 wall_ns=1271959 cpu_ns=1158167 states=1324 verified=9 completion=0 alternatives=3
INSTRUMENTATION_STATUS_CODE: 0
INSTRUMENTATION_STATUS: candidate_width_measurement=v1 id=15 maximum=1 round=0 wall_ns=342459 cpu_ns=249418 states=250 verified=3 completion=0 alternatives=1
INSTRUMENTATION_STATUS_CODE: 0
INSTRUMENTATION_STATUS: candidate_width_measurement=v1 id=16 maximum=1 round=0 wall_ns=2116834 cpu_ns=2048417 states=1607 verified=13 completion=0 alternatives=1
INSTRUMENTATION_STATUS_CODE: 0
INSTRUMENTATION_STATUS: candidate_width_measurement=v1 id=16 maximum=3 round=0 wall_ns=2292500 cpu_ns=2072374 states=1607 verified=13 completion=0 alternatives=3
INSTRUMENTATION_STATUS_CODE: 0
INSTRUMENTATION_STATUS: candidate_width_measurement=v1 id=16 maximum=7 round=0 wall_ns=11702625 cpu_ns=10787958 states=8192 verified=14 completion=3 alternatives=7
INSTRUMENTATION_STATUS_CODE: 0
INSTRUMENTATION_STATUS: candidate_width_measurement=v1 id=17 maximum=7 round=0 wall_ns=11309958 cpu_ns=11085917 states=8192 verified=2 completion=3 alternatives=2
INSTRUMENTATION_STATUS_CODE: 0
INSTRUMENTATION_STATUS: candidate_width_measurement=v1 id=17 maximum=3 round=0 wall_ns=11240292 cpu_ns=10951082 states=8192 verified=2 completion=3 alternatives=2
INSTRUMENTATION_STATUS_CODE: 0
INSTRUMENTATION_STATUS: candidate_width_measurement=v1 id=17 maximum=1 round=0 wall_ns=2086334 cpu_ns=1932711 states=1517 verified=1 completion=0 alternatives=1
INSTRUMENTATION_STATUS_CODE: 0
INSTRUMENTATION_STATUS: candidate_width_measurement=v1 id=18 maximum=1 round=0 wall_ns=523416 cpu_ns=454999 states=411 verified=4 completion=0 alternatives=1
INSTRUMENTATION_STATUS_CODE: 0
INSTRUMENTATION_STATUS: candidate_width_measurement=v1 id=18 maximum=3 round=0 wall_ns=1755542 cpu_ns=1655041 states=2064 verified=5 completion=0 alternatives=3
INSTRUMENTATION_STATUS_CODE: 0
INSTRUMENTATION_STATUS: candidate_width_measurement=v1 id=18 maximum=7 round=0 wall_ns=2755625 cpu_ns=2626249 states=3409 verified=5 completion=0 alternatives=5
INSTRUMENTATION_STATUS_CODE: 0
INSTRUMENTATION_STATUS: candidate_width_measurement=v1 id=19 maximum=7 round=0 wall_ns=1020875 cpu_ns=983501 states=1121 verified=50 completion=0 alternatives=7
INSTRUMENTATION_STATUS_CODE: 0
INSTRUMENTATION_STATUS: candidate_width_measurement=v1 id=19 maximum=3 round=0 wall_ns=550625 cpu_ns=455917 states=292 verified=29 completion=0 alternatives=3
INSTRUMENTATION_STATUS_CODE: 0
INSTRUMENTATION_STATUS: candidate_width_measurement=v1 id=19 maximum=1 round=0 wall_ns=521292 cpu_ns=463374 states=292 verified=29 completion=0 alternatives=1
INSTRUMENTATION_STATUS_CODE: 0
INSTRUMENTATION_STATUS: candidate_width_measurement=v1 id=20 maximum=1 round=0 wall_ns=5310959 cpu_ns=5157334 states=2619 verified=64 completion=4 alternatives=1
INSTRUMENTATION_STATUS_CODE: 0
INSTRUMENTATION_STATUS: candidate_width_measurement=v1 id=20 maximum=3 round=0 wall_ns=4917000 cpu_ns=4752042 states=2619 verified=64 completion=4 alternatives=3
INSTRUMENTATION_STATUS_CODE: 0
INSTRUMENTATION_STATUS: candidate_width_measurement=v1 id=20 maximum=7 round=0 wall_ns=4988917 cpu_ns=4756625 states=2619 verified=64 completion=4 alternatives=7
INSTRUMENTATION_STATUS_CODE: 0
INSTRUMENTATION_STATUS: candidate_width_measurement=v1 id=21 maximum=7 round=0 wall_ns=11838375 cpu_ns=11644749 states=5806 verified=21 completion=0 alternatives=7
INSTRUMENTATION_STATUS_CODE: 0
INSTRUMENTATION_STATUS: candidate_width_measurement=v1 id=21 maximum=3 round=0 wall_ns=4042000 cpu_ns=3941041 states=2111 verified=12 completion=0 alternatives=3
INSTRUMENTATION_STATUS_CODE: 0
INSTRUMENTATION_STATUS: candidate_width_measurement=v1 id=21 maximum=1 round=0 wall_ns=4184541 cpu_ns=3996290 states=2111 verified=12 completion=0 alternatives=1
INSTRUMENTATION_STATUS_CODE: 0
INSTRUMENTATION_STATUS: candidate_width_measurement=v1 id=22 maximum=1 round=0 wall_ns=539375 cpu_ns=392917 states=293 verified=2 completion=0 alternatives=1
INSTRUMENTATION_STATUS_CODE: 0
INSTRUMENTATION_STATUS: candidate_width_measurement=v1 id=22 maximum=3 round=0 wall_ns=1932125 cpu_ns=1798709 states=1928 verified=10 completion=0 alternatives=3
INSTRUMENTATION_STATUS_CODE: 0
INSTRUMENTATION_STATUS: candidate_width_measurement=v1 id=22 maximum=7 round=0 wall_ns=1986042 cpu_ns=1840957 states=1928 verified=10 completion=0 alternatives=7
INSTRUMENTATION_STATUS_CODE: 0
INSTRUMENTATION_STATUS: candidate_width_measurement=v1 id=23 maximum=7 round=0 wall_ns=1692625 cpu_ns=1638917 states=1455 verified=24 completion=0 alternatives=7
INSTRUMENTATION_STATUS_CODE: 0
INSTRUMENTATION_STATUS: candidate_width_measurement=v1 id=23 maximum=3 round=0 wall_ns=517792 cpu_ns=394668 states=253 verified=3 completion=0 alternatives=3
INSTRUMENTATION_STATUS_CODE: 0
INSTRUMENTATION_STATUS: candidate_width_measurement=v1 id=23 maximum=1 round=0 wall_ns=448500 cpu_ns=364832 states=253 verified=3 completion=0 alternatives=1
INSTRUMENTATION_STATUS_CODE: 0
INSTRUMENTATION_STATUS: candidate_width_measurement=v1 id=24 maximum=1 round=0 wall_ns=416708 cpu_ns=353166 states=192 verified=11 completion=0 alternatives=1
INSTRUMENTATION_STATUS_CODE: 0
INSTRUMENTATION_STATUS: candidate_width_measurement=v1 id=24 maximum=3 round=0 wall_ns=399709 cpu_ns=303791 states=192 verified=11 completion=0 alternatives=3
INSTRUMENTATION_STATUS_CODE: 0
INSTRUMENTATION_STATUS: candidate_width_measurement=v1 id=24 maximum=7 round=0 wall_ns=1072250 cpu_ns=1013208 states=1273 verified=29 completion=0 alternatives=7
INSTRUMENTATION_STATUS_CODE: 0
INSTRUMENTATION_STATUS: candidate_width_measurement=v1 id=25 maximum=7 round=0 wall_ns=10032417 cpu_ns=9849749 states=6796 verified=11 completion=0 alternatives=7
INSTRUMENTATION_STATUS_CODE: 0
INSTRUMENTATION_STATUS: candidate_width_measurement=v1 id=25 maximum=3 round=0 wall_ns=9773250 cpu_ns=9577416 states=6796 verified=11 completion=0 alternatives=3
INSTRUMENTATION_STATUS_CODE: 0
INSTRUMENTATION_STATUS: candidate_width_measurement=v1 id=25 maximum=1 round=0 wall_ns=2554000 cpu_ns=2358667 states=1614 verified=6 completion=0 alternatives=1
INSTRUMENTATION_STATUS_CODE: 0
INSTRUMENTATION_STATUS: candidate_width_measurement=v1 id=26 maximum=1 round=0 wall_ns=3068792 cpu_ns=2935834 states=1814 verified=31 completion=0 alternatives=1
INSTRUMENTATION_STATUS_CODE: 0
INSTRUMENTATION_STATUS: candidate_width_measurement=v1 id=26 maximum=3 round=0 wall_ns=7800167 cpu_ns=7679166 states=4889 verified=39 completion=0 alternatives=3
INSTRUMENTATION_STATUS_CODE: 0
INSTRUMENTATION_STATUS: candidate_width_measurement=v1 id=26 maximum=7 round=0 wall_ns=8991417 cpu_ns=7971333 states=4889 verified=39 completion=0 alternatives=7
INSTRUMENTATION_STATUS_CODE: 0
INSTRUMENTATION_STATUS: candidate_width_measurement=v1 id=27 maximum=7 round=0 wall_ns=1789125 cpu_ns=1728418 states=1508 verified=8 completion=0 alternatives=7
INSTRUMENTATION_STATUS_CODE: 0
INSTRUMENTATION_STATUS: candidate_width_measurement=v1 id=27 maximum=3 round=0 wall_ns=562000 cpu_ns=428958 states=280 verified=6 completion=0 alternatives=3
INSTRUMENTATION_STATUS_CODE: 0
INSTRUMENTATION_STATUS: candidate_width_measurement=v1 id=27 maximum=1 round=0 wall_ns=352083 cpu_ns=335333 states=280 verified=6 completion=0 alternatives=1
INSTRUMENTATION_STATUS_CODE: 0
INSTRUMENTATION_STATUS: candidate_width_measurement=v1 id=28 maximum=1 round=0 wall_ns=578208 cpu_ns=578875 states=336 verified=13 completion=0 alternatives=1
INSTRUMENTATION_STATUS_CODE: 0
INSTRUMENTATION_STATUS: candidate_width_measurement=v1 id=28 maximum=3 round=0 wall_ns=2609958 cpu_ns=2553876 states=1466 verified=53 completion=0 alternatives=3
INSTRUMENTATION_STATUS_CODE: 0
INSTRUMENTATION_STATUS: candidate_width_measurement=v1 id=28 maximum=7 round=0 wall_ns=6723542 cpu_ns=6648418 states=4469 verified=63 completion=0 alternatives=7
INSTRUMENTATION_STATUS_CODE: 0
INSTRUMENTATION_STATUS: candidate_width_measurement=v1 id=29 maximum=7 round=0 wall_ns=11372875 cpu_ns=11207251 states=7060 verified=55 completion=0 alternatives=7
INSTRUMENTATION_STATUS_CODE: 0
INSTRUMENTATION_STATUS: candidate_width_measurement=v1 id=29 maximum=3 round=0 wall_ns=2877042 cpu_ns=2854415 states=1750 verified=28 completion=0 alternatives=3
INSTRUMENTATION_STATUS_CODE: 0
INSTRUMENTATION_STATUS: candidate_width_measurement=v1 id=29 maximum=1 round=0 wall_ns=2929167 cpu_ns=2863542 states=1750 verified=28 completion=0 alternatives=1
INSTRUMENTATION_STATUS_CODE: 0
INSTRUMENTATION_STATUS: candidate_width_measurement=v1 id=30 maximum=1 round=0 wall_ns=3743000 cpu_ns=3729000 states=2206 verified=64 completion=4 alternatives=1
INSTRUMENTATION_STATUS_CODE: 0
INSTRUMENTATION_STATUS: candidate_width_measurement=v1 id=30 maximum=3 round=0 wall_ns=3648208 cpu_ns=3620167 states=2206 verified=64 completion=4 alternatives=3
INSTRUMENTATION_STATUS_CODE: 0
INSTRUMENTATION_STATUS: candidate_width_measurement=v1 id=30 maximum=7 round=0 wall_ns=3580166 cpu_ns=3521417 states=2206 verified=64 completion=4 alternatives=7
INSTRUMENTATION_STATUS_CODE: 0
INSTRUMENTATION_STATUS: candidate_width_measurement=v1 id=31 maximum=7 round=0 wall_ns=12378792 cpu_ns=12264584 states=6727 verified=12 completion=0 alternatives=7
INSTRUMENTATION_STATUS_CODE: 0
INSTRUMENTATION_STATUS: candidate_width_measurement=v1 id=31 maximum=3 round=0 wall_ns=4401708 cpu_ns=4352666 states=2464 verified=5 completion=0 alternatives=3
INSTRUMENTATION_STATUS_CODE: 0
INSTRUMENTATION_STATUS: candidate_width_measurement=v1 id=31 maximum=1 round=0 wall_ns=4127041 cpu_ns=4002916 states=2079 verified=2 completion=0 alternatives=1
INSTRUMENTATION_STATUS_CODE: 0
INSTRUMENTATION_STATUS: candidate_width_measurement=v1 id=32 maximum=1 round=0 wall_ns=3328000 cpu_ns=3301334 states=1787 verified=39 completion=0 alternatives=1
INSTRUMENTATION_STATUS_CODE: 0
INSTRUMENTATION_STATUS: candidate_width_measurement=v1 id=32 maximum=3 round=0 wall_ns=3435875 cpu_ns=3409249 states=1787 verified=39 completion=0 alternatives=3
INSTRUMENTATION_STATUS_CODE: 0
INSTRUMENTATION_STATUS: candidate_width_measurement=v1 id=32 maximum=7 round=0 wall_ns=8960250 cpu_ns=8824418 states=5006 verified=47 completion=0 alternatives=7
INSTRUMENTATION_STATUS_CODE: 0
INSTRUMENTATION_STATUS: candidate_width_measurement=v1 id=33 maximum=7 round=0 wall_ns=4709084 cpu_ns=4558000 states=3501 verified=18 completion=0 alternatives=7
INSTRUMENTATION_STATUS_CODE: 0
INSTRUMENTATION_STATUS: candidate_width_measurement=v1 id=33 maximum=3 round=0 wall_ns=4625083 cpu_ns=4564208 states=3501 verified=18 completion=0 alternatives=3
INSTRUMENTATION_STATUS_CODE: 0
INSTRUMENTATION_STATUS: candidate_width_measurement=v1 id=33 maximum=1 round=0 wall_ns=1753667 cpu_ns=1740917 states=1398 verified=12 completion=0 alternatives=1
INSTRUMENTATION_STATUS_CODE: 0
INSTRUMENTATION_STATUS: candidate_width_measurement=v1 id=34 maximum=1 round=0 wall_ns=4920417 cpu_ns=4776166 states=2542 verified=22 completion=0 alternatives=1
INSTRUMENTATION_STATUS_CODE: 0
INSTRUMENTATION_STATUS: candidate_width_measurement=v1 id=34 maximum=3 round=0 wall_ns=4619333 cpu_ns=4590833 states=2542 verified=22 completion=0 alternatives=3
INSTRUMENTATION_STATUS_CODE: 0
INSTRUMENTATION_STATUS: candidate_width_measurement=v1 id=34 maximum=7 round=0 wall_ns=16184334 cpu_ns=15219460 states=8192 verified=26 completion=3 alternatives=7
INSTRUMENTATION_STATUS_CODE: 0
INSTRUMENTATION_STATUS: candidate_width_measurement=v1 id=35 maximum=7 round=0 wall_ns=12509458 cpu_ns=12225209 states=8192 verified=25 completion=3 alternatives=7
INSTRUMENTATION_STATUS_CODE: 0
INSTRUMENTATION_STATUS: candidate_width_measurement=v1 id=35 maximum=3 round=0 wall_ns=3591708 cpu_ns=3517166 states=1844 verified=23 completion=0 alternatives=3
INSTRUMENTATION_STATUS_CODE: 0
INSTRUMENTATION_STATUS: candidate_width_measurement=v1 id=35 maximum=1 round=0 wall_ns=3561875 cpu_ns=3195625 states=1844 verified=23 completion=0 alternatives=1
INSTRUMENTATION_STATUS_CODE: 0
INSTRUMENTATION_STATUS: candidate_width_measurement=v1 id=36 maximum=1 round=0 wall_ns=854083 cpu_ns=752417 states=367 verified=9 completion=0 alternatives=1
INSTRUMENTATION_STATUS_CODE: 0
INSTRUMENTATION_STATUS: candidate_width_measurement=v1 id=36 maximum=3 round=0 wall_ns=4570125 cpu_ns=4110501 states=2213 verified=48 completion=0 alternatives=3
INSTRUMENTATION_STATUS_CODE: 0
INSTRUMENTATION_STATUS: candidate_width_measurement=v1 id=36 maximum=7 round=0 wall_ns=5611834 cpu_ns=5322584 states=2213 verified=48 completion=0 alternatives=7
INSTRUMENTATION_STATUS_CODE: 0
INSTRUMENTATION_STATUS: candidate_width_measurement=v1 id=37 maximum=7 round=0 wall_ns=19541166 cpu_ns=18581584 states=8192 verified=5 completion=3 alternatives=5
INSTRUMENTATION_STATUS_CODE: 0
INSTRUMENTATION_STATUS: candidate_width_measurement=v1 id=37 maximum=3 round=0 wall_ns=18022375 cpu_ns=17379040 states=8192 verified=5 completion=3 alternatives=3
INSTRUMENTATION_STATUS_CODE: 0
INSTRUMENTATION_STATUS: candidate_width_measurement=v1 id=37 maximum=1 round=0 wall_ns=2978209 cpu_ns=2617291 states=1093 verified=5 completion=0 alternatives=1
INSTRUMENTATION_STATUS_CODE: 0
INSTRUMENTATION_STATUS: candidate_width_measurement=v1 id=38 maximum=1 round=0 wall_ns=1831708 cpu_ns=1511085 states=537 verified=6 completion=0 alternatives=1
INSTRUMENTATION_STATUS_CODE: 0
INSTRUMENTATION_STATUS: candidate_width_measurement=v1 id=38 maximum=3 round=0 wall_ns=6997291 cpu_ns=6626625 states=2434 verified=28 completion=0 alternatives=3
INSTRUMENTATION_STATUS_CODE: 0
INSTRUMENTATION_STATUS: candidate_width_measurement=v1 id=38 maximum=7 round=0 wall_ns=17366125 cpu_ns=16813750 states=8192 verified=29 completion=3 alternatives=7
INSTRUMENTATION_STATUS_CODE: 0
INSTRUMENTATION_STATUS: candidate_width_measurement=v1 id=39 maximum=7 round=0 wall_ns=3250500 cpu_ns=3224167 states=1873 verified=64 completion=4 alternatives=7
INSTRUMENTATION_STATUS_CODE: 0
INSTRUMENTATION_STATUS: candidate_width_measurement=v1 id=39 maximum=3 round=0 wall_ns=5697209 cpu_ns=3873708 states=1873 verified=64 completion=4 alternatives=3
INSTRUMENTATION_STATUS_CODE: 0
INSTRUMENTATION_STATUS: candidate_width_measurement=v1 id=39 maximum=1 round=0 wall_ns=829166 cpu_ns=738917 states=412 verified=23 completion=0 alternatives=1
INSTRUMENTATION_STATUS_CODE: 0
INSTRUMENTATION_STATUS: candidate_width_measurement=v1 id=40 maximum=1 round=0 wall_ns=377917 cpu_ns=378625 states=310 verified=33 completion=0 alternatives=1
INSTRUMENTATION_STATUS_CODE: 0
INSTRUMENTATION_STATUS: candidate_width_measurement=v1 id=40 maximum=3 round=0 wall_ns=344875 cpu_ns=345916 states=310 verified=33 completion=0 alternatives=3
INSTRUMENTATION_STATUS_CODE: 0
INSTRUMENTATION_STATUS: candidate_width_measurement=v1 id=40 maximum=7 round=0 wall_ns=801000 cpu_ns=740542 states=1119 verified=42 completion=0 alternatives=7
INSTRUMENTATION_STATUS_CODE: 0
INSTRUMENTATION_STATUS: candidate_width_measurement=v1 id=41 maximum=7 round=0 wall_ns=2559959 cpu_ns=2561042 states=3007 verified=13 completion=0 alternatives=7
INSTRUMENTATION_STATUS_CODE: 0
INSTRUMENTATION_STATUS: candidate_width_measurement=v1 id=41 maximum=3 round=0 wall_ns=1384458 cpu_ns=1302751 states=1616 verified=9 completion=0 alternatives=3
INSTRUMENTATION_STATUS_CODE: 0
INSTRUMENTATION_STATUS: candidate_width_measurement=v1 id=41 maximum=1 round=0 wall_ns=506042 cpu_ns=446791 states=353 verified=5 completion=0 alternatives=1
INSTRUMENTATION_STATUS_CODE: 0
INSTRUMENTATION_STATUS: candidate_width_measurement=v1 id=42 maximum=1 round=0 wall_ns=551958 cpu_ns=410166 states=236 verified=23 completion=0 alternatives=1
INSTRUMENTATION_STATUS_CODE: 0
INSTRUMENTATION_STATUS: candidate_width_measurement=v1 id=42 maximum=3 round=0 wall_ns=534291 cpu_ns=403959 states=401 verified=27 completion=0 alternatives=3
INSTRUMENTATION_STATUS_CODE: 0
INSTRUMENTATION_STATUS: candidate_width_measurement=v1 id=42 maximum=7 round=0 wall_ns=1061458 cpu_ns=972583 states=1399 verified=41 completion=0 alternatives=7
INSTRUMENTATION_STATUS_CODE: 0
INSTRUMENTATION_STATUS: candidate_width_measurement=v1 id=43 maximum=7 round=0 wall_ns=7722916 cpu_ns=7297040 states=4904 verified=13 completion=0 alternatives=7
INSTRUMENTATION_STATUS_CODE: 0
INSTRUMENTATION_STATUS: candidate_width_measurement=v1 id=43 maximum=3 round=0 wall_ns=2334209 cpu_ns=2229208 states=1640 verified=7 completion=0 alternatives=3
INSTRUMENTATION_STATUS_CODE: 0
INSTRUMENTATION_STATUS: candidate_width_measurement=v1 id=43 maximum=1 round=0 wall_ns=2595208 cpu_ns=2248042 states=1640 verified=7 completion=0 alternatives=1
INSTRUMENTATION_STATUS_CODE: 0
INSTRUMENTATION_STATUS: candidate_width_measurement=v1 id=44 maximum=1 round=0 wall_ns=931334 cpu_ns=734584 states=612 verified=5 completion=0 alternatives=1
INSTRUMENTATION_STATUS_CODE: 0
INSTRUMENTATION_STATUS: candidate_width_measurement=v1 id=44 maximum=3 round=0 wall_ns=1945375 cpu_ns=1670750 states=1492 verified=7 completion=0 alternatives=3
INSTRUMENTATION_STATUS_CODE: 0
INSTRUMENTATION_STATUS: candidate_width_measurement=v1 id=44 maximum=7 round=0 wall_ns=2329125 cpu_ns=2254999 states=2455 verified=10 completion=0 alternatives=4
INSTRUMENTATION_STATUS_CODE: 0
INSTRUMENTATION_STATUS: candidate_width_measurement=v1 id=45 maximum=7 round=0 wall_ns=103042 cpu_ns=110458 states=28 verified=0 completion=2 alternatives=0
INSTRUMENTATION_STATUS_CODE: 0
INSTRUMENTATION_STATUS: candidate_width_measurement=v1 id=45 maximum=3 round=0 wall_ns=33167 cpu_ns=33875 states=28 verified=0 completion=2 alternatives=0
INSTRUMENTATION_STATUS_CODE: 0
INSTRUMENTATION_STATUS: candidate_width_measurement=v1 id=45 maximum=1 round=0 wall_ns=70042 cpu_ns=50791 states=28 verified=0 completion=2 alternatives=0
INSTRUMENTATION_STATUS_CODE: 0
INSTRUMENTATION_STATUS: candidate_width_measurement=v1 id=46 maximum=1 round=0 wall_ns=1140917 cpu_ns=1057875 states=724 verified=11 completion=0 alternatives=1
INSTRUMENTATION_STATUS_CODE: 0
INSTRUMENTATION_STATUS: candidate_width_measurement=v1 id=46 maximum=3 round=0 wall_ns=1087500 cpu_ns=1040209 states=724 verified=11 completion=0 alternatives=3
INSTRUMENTATION_STATUS_CODE: 0
INSTRUMENTATION_STATUS: candidate_width_measurement=v1 id=46 maximum=7 round=0 wall_ns=4441542 cpu_ns=3373665 states=2202 verified=27 completion=0 alternatives=7
INSTRUMENTATION_STATUS_CODE: 0
INSTRUMENTATION_STATUS: candidate_width_measurement=v1 id=47 maximum=7 round=0 wall_ns=15498209 cpu_ns=14610790 states=8192 verified=16 completion=3 alternatives=7
INSTRUMENTATION_STATUS_CODE: 0
INSTRUMENTATION_STATUS: candidate_width_measurement=v1 id=47 maximum=3 round=0 wall_ns=6139250 cpu_ns=5499085 states=2580 verified=16 completion=0 alternatives=3
INSTRUMENTATION_STATUS_CODE: 0
INSTRUMENTATION_STATUS: candidate_width_measurement=v1 id=47 maximum=1 round=0 wall_ns=2850959 cpu_ns=2745750 states=1621 verified=16 completion=0 alternatives=1
INSTRUMENTATION_STATUS_CODE: 0
INSTRUMENTATION_STATUS: candidate_width_measurement=v1 id=48 maximum=1 round=0 wall_ns=2481458 cpu_ns=2471417 states=1680 verified=21 completion=0 alternatives=1
INSTRUMENTATION_STATUS_CODE: 0
INSTRUMENTATION_STATUS: candidate_width_measurement=v1 id=48 maximum=3 round=0 wall_ns=2483292 cpu_ns=2384541 states=1680 verified=21 completion=0 alternatives=3
INSTRUMENTATION_STATUS_CODE: 0
INSTRUMENTATION_STATUS: candidate_width_measurement=v1 id=48 maximum=7 round=0 wall_ns=3450458 cpu_ns=2636791 states=1680 verified=21 completion=0 alternatives=7
INSTRUMENTATION_STATUS_CODE: 0
INSTRUMENTATION_STATUS: candidate_width_measurement=v1 id=49 maximum=7 round=0 wall_ns=2040750 cpu_ns=1708999 states=1514 verified=18 completion=0 alternatives=7
INSTRUMENTATION_STATUS_CODE: 0
INSTRUMENTATION_STATUS: candidate_width_measurement=v1 id=49 maximum=3 round=0 wall_ns=1705583 cpu_ns=1708209 states=1514 verified=18 completion=0 alternatives=3
INSTRUMENTATION_STATUS_CODE: 0
INSTRUMENTATION_STATUS: candidate_width_measurement=v1 id=49 maximum=1 round=0 wall_ns=335875 cpu_ns=290709 states=296 verified=5 completion=0 alternatives=1
INSTRUMENTATION_STATUS_CODE: 0
INSTRUMENTATION_STATUS: candidate_width_measurement=v1 id=50 maximum=1 round=0 wall_ns=473875 cpu_ns=474625 states=322 verified=8 completion=0 alternatives=1
INSTRUMENTATION_STATUS_CODE: 0
INSTRUMENTATION_STATUS: candidate_width_measurement=v1 id=50 maximum=3 round=0 wall_ns=3135167 cpu_ns=3059624 states=1892 verified=64 completion=4 alternatives=3
INSTRUMENTATION_STATUS_CODE: 0
INSTRUMENTATION_STATUS: candidate_width_measurement=v1 id=50 maximum=7 round=0 wall_ns=2938667 cpu_ns=2902959 states=1892 verified=64 completion=4 alternatives=7
INSTRUMENTATION_STATUS_CODE: 0
INSTRUMENTATION_STATUS: candidate_width_measurement=v1 id=51 maximum=7 round=0 wall_ns=1373209 cpu_ns=729666 states=740 verified=11 completion=0 alternatives=7
INSTRUMENTATION_STATUS_CODE: 0
INSTRUMENTATION_STATUS: candidate_width_measurement=v1 id=51 maximum=3 round=0 wall_ns=1474708 cpu_ns=1051667 states=448 verified=11 completion=0 alternatives=3
INSTRUMENTATION_STATUS_CODE: 0
INSTRUMENTATION_STATUS: candidate_width_measurement=v1 id=51 maximum=1 round=0 wall_ns=808541 cpu_ns=568793 states=448 verified=11 completion=0 alternatives=1
INSTRUMENTATION_STATUS_CODE: 0
INSTRUMENTATION_STATUS: candidate_width_measurement=v1 id=52 maximum=1 round=0 wall_ns=3628584 cpu_ns=3429251 states=2008 verified=3 completion=0 alternatives=1
INSTRUMENTATION_STATUS_CODE: 0
INSTRUMENTATION_STATUS: candidate_width_measurement=v1 id=52 maximum=3 round=0 wall_ns=15546792 cpu_ns=15010000 states=8192 verified=4 completion=3 alternatives=3
INSTRUMENTATION_STATUS_CODE: 0
INSTRUMENTATION_STATUS: candidate_width_measurement=v1 id=52 maximum=7 round=0 wall_ns=16288834 cpu_ns=15688042 states=8192 verified=4 completion=3 alternatives=4
INSTRUMENTATION_STATUS_CODE: 0
INSTRUMENTATION_STATUS: candidate_width_measurement=v1 id=53 maximum=7 round=0 wall_ns=1743459 cpu_ns=1627499 states=1667 verified=10 completion=0 alternatives=7
INSTRUMENTATION_STATUS_CODE: 0
INSTRUMENTATION_STATUS: candidate_width_measurement=v1 id=53 maximum=3 round=0 wall_ns=499334 cpu_ns=416875 states=455 verified=6 completion=0 alternatives=3
INSTRUMENTATION_STATUS_CODE: 0
INSTRUMENTATION_STATUS: candidate_width_measurement=v1 id=53 maximum=1 round=0 wall_ns=370375 cpu_ns=357041 states=312 verified=4 completion=0 alternatives=1
INSTRUMENTATION_STATUS_CODE: 0
INSTRUMENTATION_STATUS: candidate_width_measurement=v1 id=54 maximum=1 round=0 wall_ns=2591708 cpu_ns=2246417 states=1412 verified=12 completion=0 alternatives=1
INSTRUMENTATION_STATUS_CODE: 0
INSTRUMENTATION_STATUS: candidate_width_measurement=v1 id=54 maximum=3 round=0 wall_ns=8084041 cpu_ns=7710459 states=4405 verified=14 completion=0 alternatives=3
INSTRUMENTATION_STATUS_CODE: 0
INSTRUMENTATION_STATUS: candidate_width_measurement=v1 id=54 maximum=7 round=0 wall_ns=13395416 cpu_ns=12502751 states=8192 verified=14 completion=3 alternatives=7
INSTRUMENTATION_STATUS_CODE: 0
INSTRUMENTATION_STATUS: candidate_width_measurement=v1 id=55 maximum=7 round=0 wall_ns=13606417 cpu_ns=12813668 states=6979 verified=13 completion=0 alternatives=7
INSTRUMENTATION_STATUS_CODE: 0
INSTRUMENTATION_STATUS: candidate_width_measurement=v1 id=55 maximum=3 round=0 wall_ns=14495750 cpu_ns=12444084 states=6979 verified=13 completion=0 alternatives=3
INSTRUMENTATION_STATUS_CODE: 0
INSTRUMENTATION_STATUS: candidate_width_measurement=v1 id=55 maximum=1 round=0 wall_ns=4031500 cpu_ns=3854500 states=2276 verified=10 completion=0 alternatives=1
INSTRUMENTATION_STATUS_CODE: 0
INSTRUMENTATION_STATUS: candidate_width_measurement=v1 id=56 maximum=1 round=0 wall_ns=1491416 cpu_ns=1495750 states=1277 verified=8 completion=0 alternatives=1
INSTRUMENTATION_STATUS_CODE: 0
INSTRUMENTATION_STATUS: candidate_width_measurement=v1 id=56 maximum=3 round=0 wall_ns=1164750 cpu_ns=1142500 states=1277 verified=8 completion=0 alternatives=3
INSTRUMENTATION_STATUS_CODE: 0
INSTRUMENTATION_STATUS: candidate_width_measurement=v1 id=56 maximum=7 round=0 wall_ns=1104625 cpu_ns=1071334 states=1277 verified=8 completion=0 alternatives=7
INSTRUMENTATION_STATUS_CODE: 0
INSTRUMENTATION_STATUS: candidate_width_measurement=v1 id=57 maximum=7 round=0 wall_ns=14984250 cpu_ns=13789625 states=8192 verified=3 completion=3 alternatives=3
INSTRUMENTATION_STATUS_CODE: 0
INSTRUMENTATION_STATUS: candidate_width_measurement=v1 id=57 maximum=3 round=0 wall_ns=15361625 cpu_ns=14607459 states=8192 verified=3 completion=3 alternatives=3
INSTRUMENTATION_STATUS_CODE: 0
INSTRUMENTATION_STATUS: candidate_width_measurement=v1 id=57 maximum=1 round=0 wall_ns=2874666 cpu_ns=2828000 states=1609 verified=3 completion=0 alternatives=1
INSTRUMENTATION_STATUS_CODE: 0
INSTRUMENTATION_STATUS: candidate_width_measurement=v1 id=58 maximum=1 round=0 wall_ns=554500 cpu_ns=526708 states=349 verified=5 completion=0 alternatives=1
INSTRUMENTATION_STATUS_CODE: 0
INSTRUMENTATION_STATUS: candidate_width_measurement=v1 id=58 maximum=3 round=0 wall_ns=4537291 cpu_ns=4262583 states=2200 verified=48 completion=0 alternatives=3
INSTRUMENTATION_STATUS_CODE: 0
INSTRUMENTATION_STATUS: candidate_width_measurement=v1 id=58 maximum=7 round=0 wall_ns=4408125 cpu_ns=4094459 states=2200 verified=48 completion=0 alternatives=7
INSTRUMENTATION_STATUS_CODE: 0
INSTRUMENTATION_STATUS: candidate_width_measurement=v1 id=59 maximum=7 round=0 wall_ns=8482584 cpu_ns=8086248 states=5151 verified=15 completion=0 alternatives=7
INSTRUMENTATION_STATUS_CODE: 0
INSTRUMENTATION_STATUS: candidate_width_measurement=v1 id=59 maximum=3 round=0 wall_ns=4563000 cpu_ns=4422667 states=2741 verified=13 completion=0 alternatives=3
INSTRUMENTATION_STATUS_CODE: 0
INSTRUMENTATION_STATUS: candidate_width_measurement=v1 id=59 maximum=1 round=0 wall_ns=2162125 cpu_ns=2104083 states=1483 verified=9 completion=0 alternatives=1
INSTRUMENTATION_STATUS_CODE: 0
INSTRUMENTATION_STATUS: candidate_width_measurement=v1 id=0 maximum=7 round=1 wall_ns=11384917 cpu_ns=11153542 states=8192 verified=13 completion=3 alternatives=7
INSTRUMENTATION_STATUS_CODE: 0
INSTRUMENTATION_STATUS: candidate_width_measurement=v1 id=0 maximum=3 round=1 wall_ns=7226167 cpu_ns=7132750 states=4713 verified=13 completion=0 alternatives=3
INSTRUMENTATION_STATUS_CODE: 0
INSTRUMENTATION_STATUS: candidate_width_measurement=v1 id=0 maximum=1 round=1 wall_ns=1978250 cpu_ns=1930665 states=1475 verified=13 completion=0 alternatives=1
INSTRUMENTATION_STATUS_CODE: 0
INSTRUMENTATION_STATUS: candidate_width_measurement=v1 id=1 maximum=1 round=1 wall_ns=407875 cpu_ns=408750 states=444 verified=9 completion=0 alternatives=1
INSTRUMENTATION_STATUS_CODE: 0
INSTRUMENTATION_STATUS: candidate_width_measurement=v1 id=1 maximum=3 round=1 wall_ns=395709 cpu_ns=386125 states=444 verified=9 completion=0 alternatives=3
INSTRUMENTATION_STATUS_CODE: 0
INSTRUMENTATION_STATUS: candidate_width_measurement=v1 id=1 maximum=7 round=1 wall_ns=1418042 cpu_ns=1159457 states=1438 verified=13 completion=0 alternatives=7
INSTRUMENTATION_STATUS_CODE: 0
INSTRUMENTATION_STATUS: candidate_width_measurement=v1 id=2 maximum=7 round=1 wall_ns=12902750 cpu_ns=12691291 states=8192 verified=5 completion=3 alternatives=5
INSTRUMENTATION_STATUS_CODE: 0
INSTRUMENTATION_STATUS: candidate_width_measurement=v1 id=2 maximum=3 round=1 wall_ns=11429417 cpu_ns=9932125 states=6379 verified=5 completion=0 alternatives=3
INSTRUMENTATION_STATUS_CODE: 0
INSTRUMENTATION_STATUS: candidate_width_measurement=v1 id=2 maximum=1 round=1 wall_ns=2342000 cpu_ns=2320708 states=1689 verified=2 completion=0 alternatives=1
INSTRUMENTATION_STATUS_CODE: 0
INSTRUMENTATION_STATUS: candidate_width_measurement=v1 id=3 maximum=1 round=1 wall_ns=2063708 cpu_ns=2030250 states=1775 verified=17 completion=0 alternatives=1
INSTRUMENTATION_STATUS_CODE: 0
INSTRUMENTATION_STATUS: candidate_width_measurement=v1 id=3 maximum=3 round=1 wall_ns=3580459 cpu_ns=3379875 states=2646 verified=46 completion=0 alternatives=3
INSTRUMENTATION_STATUS_CODE: 0
INSTRUMENTATION_STATUS: candidate_width_measurement=v1 id=3 maximum=7 round=1 wall_ns=9427833 cpu_ns=9219959 states=6441 verified=57 completion=0 alternatives=7
INSTRUMENTATION_STATUS_CODE: 0
INSTRUMENTATION_STATUS: candidate_width_measurement=v1 id=4 maximum=7 round=1 wall_ns=12963584 cpu_ns=12355250 states=8192 verified=7 completion=3 alternatives=7
INSTRUMENTATION_STATUS_CODE: 0
INSTRUMENTATION_STATUS: candidate_width_measurement=v1 id=4 maximum=3 round=1 wall_ns=7375875 cpu_ns=7145791 states=4569 verified=7 completion=0 alternatives=3
INSTRUMENTATION_STATUS_CODE: 0
INSTRUMENTATION_STATUS: candidate_width_measurement=v1 id=4 maximum=1 round=1 wall_ns=2266542 cpu_ns=2053166 states=1562 verified=7 completion=0 alternatives=1
INSTRUMENTATION_STATUS_CODE: 0
INSTRUMENTATION_STATUS: candidate_width_measurement=v1 id=5 maximum=1 round=1 wall_ns=962834 cpu_ns=806207 states=514 verified=11 completion=0 alternatives=1
INSTRUMENTATION_STATUS_CODE: 0
INSTRUMENTATION_STATUS: candidate_width_measurement=v1 id=5 maximum=3 round=1 wall_ns=3010500 cpu_ns=2593166 states=2139 verified=59 completion=0 alternatives=3
INSTRUMENTATION_STATUS_CODE: 0
INSTRUMENTATION_STATUS: candidate_width_measurement=v1 id=5 maximum=7 round=1 wall_ns=2559625 cpu_ns=2521291 states=2139 verified=59 completion=0 alternatives=7
INSTRUMENTATION_STATUS_CODE: 0
INSTRUMENTATION_STATUS: candidate_width_measurement=v1 id=6 maximum=7 round=1 wall_ns=6999500 cpu_ns=6822998 states=5398 verified=16 completion=0 alternatives=7
INSTRUMENTATION_STATUS_CODE: 0
INSTRUMENTATION_STATUS: candidate_width_measurement=v1 id=6 maximum=3 round=1 wall_ns=7504541 cpu_ns=7412416 states=5398 verified=16 completion=0 alternatives=3
INSTRUMENTATION_STATUS_CODE: 0
INSTRUMENTATION_STATUS: candidate_width_measurement=v1 id=6 maximum=1 round=1 wall_ns=1672416 cpu_ns=1646874 states=1463 verified=6 completion=0 alternatives=1
INSTRUMENTATION_STATUS_CODE: 0
INSTRUMENTATION_STATUS: candidate_width_measurement=v1 id=7 maximum=1 round=1 wall_ns=3106666 cpu_ns=3005749 states=1851 verified=8 completion=0 alternatives=1
INSTRUMENTATION_STATUS_CODE: 0
INSTRUMENTATION_STATUS: candidate_width_measurement=v1 id=7 maximum=3 round=1 wall_ns=2773250 cpu_ns=2543667 states=1851 verified=8 completion=0 alternatives=3
INSTRUMENTATION_STATUS_CODE: 0
INSTRUMENTATION_STATUS: candidate_width_measurement=v1 id=7 maximum=7 round=1 wall_ns=13765375 cpu_ns=10031375 states=5678 verified=45 completion=0 alternatives=7
INSTRUMENTATION_STATUS_CODE: 0
INSTRUMENTATION_STATUS: candidate_width_measurement=v1 id=8 maximum=7 round=1 wall_ns=2622084 cpu_ns=2585709 states=1503 verified=64 completion=4 alternatives=7
INSTRUMENTATION_STATUS_CODE: 0
INSTRUMENTATION_STATUS: candidate_width_measurement=v1 id=8 maximum=3 round=1 wall_ns=3596250 cpu_ns=3275668 states=1503 verified=64 completion=4 alternatives=3
INSTRUMENTATION_STATUS_CODE: 0
INSTRUMENTATION_STATUS: candidate_width_measurement=v1 id=8 maximum=1 round=1 wall_ns=1308667 cpu_ns=799457 states=327 verified=18 completion=0 alternatives=1
INSTRUMENTATION_STATUS_CODE: 0
INSTRUMENTATION_STATUS: candidate_width_measurement=v1 id=9 maximum=1 round=1 wall_ns=893583 cpu_ns=592375 states=358 verified=4 completion=0 alternatives=1
INSTRUMENTATION_STATUS_CODE: 0
INSTRUMENTATION_STATUS: candidate_width_measurement=v1 id=9 maximum=3 round=1 wall_ns=1548333 cpu_ns=1347958 states=1282 verified=10 completion=0 alternatives=3
INSTRUMENTATION_STATUS_CODE: 0
INSTRUMENTATION_STATUS: candidate_width_measurement=v1 id=9 maximum=7 round=1 wall_ns=5483875 cpu_ns=5454917 states=4662 verified=13 completion=0 alternatives=7
INSTRUMENTATION_STATUS_CODE: 0
INSTRUMENTATION_STATUS: candidate_width_measurement=v1 id=10 maximum=7 round=1 wall_ns=1740750 cpu_ns=1554125 states=1917 verified=42 completion=0 alternatives=7
INSTRUMENTATION_STATUS_CODE: 0
INSTRUMENTATION_STATUS: candidate_width_measurement=v1 id=10 maximum=3 round=1 wall_ns=418250 cpu_ns=419041 states=422 verified=20 completion=0 alternatives=3
INSTRUMENTATION_STATUS_CODE: 0
INSTRUMENTATION_STATUS: candidate_width_measurement=v1 id=10 maximum=1 round=1 wall_ns=401291 cpu_ns=402000 states=422 verified=20 completion=0 alternatives=1
INSTRUMENTATION_STATUS_CODE: 0
INSTRUMENTATION_STATUS: candidate_width_measurement=v1 id=11 maximum=1 round=1 wall_ns=4053792 cpu_ns=3681375 states=2058 verified=28 completion=0 alternatives=1
INSTRUMENTATION_STATUS_CODE: 0
INSTRUMENTATION_STATUS: candidate_width_measurement=v1 id=11 maximum=3 round=1 wall_ns=4221583 cpu_ns=3229416 states=2058 verified=28 completion=0 alternatives=3
INSTRUMENTATION_STATUS_CODE: 0
INSTRUMENTATION_STATUS: candidate_width_measurement=v1 id=11 maximum=7 round=1 wall_ns=12050250 cpu_ns=11759584 states=8192 verified=49 completion=3 alternatives=7
INSTRUMENTATION_STATUS_CODE: 0
INSTRUMENTATION_STATUS: candidate_width_measurement=v1 id=12 maximum=7 round=1 wall_ns=1756750 cpu_ns=1730083 states=1986 verified=15 completion=0 alternatives=7
INSTRUMENTATION_STATUS_CODE: 0
INSTRUMENTATION_STATUS: candidate_width_measurement=v1 id=12 maximum=3 round=1 wall_ns=409792 cpu_ns=383542 states=420 verified=5 completion=0 alternatives=3
INSTRUMENTATION_STATUS_CODE: 0
INSTRUMENTATION_STATUS: candidate_width_measurement=v1 id=12 maximum=1 round=1 wall_ns=316292 cpu_ns=294958 states=324 verified=4 completion=0 alternatives=1
INSTRUMENTATION_STATUS_CODE: 0
INSTRUMENTATION_STATUS: candidate_width_measurement=v1 id=13 maximum=1 round=1 wall_ns=980417 cpu_ns=982666 states=599 verified=26 completion=0 alternatives=1
INSTRUMENTATION_STATUS_CODE: 0
INSTRUMENTATION_STATUS: candidate_width_measurement=v1 id=13 maximum=3 round=1 wall_ns=2386667 cpu_ns=2325041 states=1861 verified=44 completion=0 alternatives=3
INSTRUMENTATION_STATUS_CODE: 0
INSTRUMENTATION_STATUS: candidate_width_measurement=v1 id=13 maximum=7 round=1 wall_ns=4472833 cpu_ns=3821832 states=2999 verified=64 completion=4 alternatives=7
INSTRUMENTATION_STATUS_CODE: 0
INSTRUMENTATION_STATUS: candidate_width_measurement=v1 id=14 maximum=7 round=1 wall_ns=14003667 cpu_ns=13861832 states=8192 verified=1 completion=3 alternatives=1
INSTRUMENTATION_STATUS_CODE: 0
INSTRUMENTATION_STATUS: candidate_width_measurement=v1 id=14 maximum=3 round=1 wall_ns=13548042 cpu_ns=13431959 states=8192 verified=1 completion=3 alternatives=1
INSTRUMENTATION_STATUS_CODE: 0
INSTRUMENTATION_STATUS: candidate_width_measurement=v1 id=14 maximum=1 round=1 wall_ns=3122042 cpu_ns=2879374 states=1930 verified=1 completion=0 alternatives=1
INSTRUMENTATION_STATUS_CODE: 0
INSTRUMENTATION_STATUS: candidate_width_measurement=v1 id=15 maximum=1 round=1 wall_ns=726959 cpu_ns=452542 states=250 verified=3 completion=0 alternatives=1
INSTRUMENTATION_STATUS_CODE: 0
INSTRUMENTATION_STATUS: candidate_width_measurement=v1 id=15 maximum=3 round=1 wall_ns=2222375 cpu_ns=1976376 states=1324 verified=9 completion=0 alternatives=3
INSTRUMENTATION_STATUS_CODE: 0
INSTRUMENTATION_STATUS: candidate_width_measurement=v1 id=15 maximum=7 round=1 wall_ns=2935125 cpu_ns=1432668 states=1324 verified=9 completion=0 alternatives=7
INSTRUMENTATION_STATUS_CODE: 0
INSTRUMENTATION_STATUS: candidate_width_measurement=v1 id=16 maximum=7 round=1 wall_ns=11601084 cpu_ns=10867668 states=8192 verified=14 completion=3 alternatives=7
INSTRUMENTATION_STATUS_CODE: 0
INSTRUMENTATION_STATUS: candidate_width_measurement=v1 id=16 maximum=3 round=1 wall_ns=3169833 cpu_ns=2772917 states=1607 verified=13 completion=0 alternatives=3
INSTRUMENTATION_STATUS_CODE: 0
INSTRUMENTATION_STATUS: candidate_width_measurement=v1 id=16 maximum=1 round=1 wall_ns=2383792 cpu_ns=2150835 states=1607 verified=13 completion=0 alternatives=1
INSTRUMENTATION_STATUS_CODE: 0
INSTRUMENTATION_STATUS: candidate_width_measurement=v1 id=17 maximum=1 round=1 wall_ns=1905709 cpu_ns=1908000 states=1517 verified=1 completion=0 alternatives=1
INSTRUMENTATION_STATUS_CODE: 0
INSTRUMENTATION_STATUS: candidate_width_measurement=v1 id=17 maximum=3 round=1 wall_ns=12027958 cpu_ns=11539168 states=8192 verified=2 completion=3 alternatives=2
INSTRUMENTATION_STATUS_CODE: 0
INSTRUMENTATION_STATUS: candidate_width_measurement=v1 id=17 maximum=7 round=1 wall_ns=12670791 cpu_ns=12334626 states=8192 verified=2 completion=3 alternatives=2
INSTRUMENTATION_STATUS_CODE: 0
INSTRUMENTATION_STATUS: candidate_width_measurement=v1 id=18 maximum=7 round=1 wall_ns=2938583 cpu_ns=2769916 states=3409 verified=5 completion=0 alternatives=5
INSTRUMENTATION_STATUS_CODE: 0
INSTRUMENTATION_STATUS: candidate_width_measurement=v1 id=18 maximum=3 round=1 wall_ns=2683917 cpu_ns=1839374 states=2064 verified=5 completion=0 alternatives=3
INSTRUMENTATION_STATUS_CODE: 0
INSTRUMENTATION_STATUS: candidate_width_measurement=v1 id=18 maximum=1 round=1 wall_ns=430708 cpu_ns=404250 states=411 verified=4 completion=0 alternatives=1
INSTRUMENTATION_STATUS_CODE: 0
INSTRUMENTATION_STATUS: candidate_width_measurement=v1 id=19 maximum=1 round=1 wall_ns=522166 cpu_ns=524500 states=292 verified=29 completion=0 alternatives=1
INSTRUMENTATION_STATUS_CODE: 0
INSTRUMENTATION_STATUS: candidate_width_measurement=v1 id=19 maximum=3 round=1 wall_ns=378584 cpu_ns=162292 states=292 verified=29 completion=0 alternatives=3
INSTRUMENTATION_STATUS_CODE: 0
INSTRUMENTATION_STATUS: candidate_width_measurement=v1 id=19 maximum=7 round=1 wall_ns=1163792 cpu_ns=1087584 states=1121 verified=50 completion=0 alternatives=7
INSTRUMENTATION_STATUS_CODE: 0
INSTRUMENTATION_STATUS: candidate_width_measurement=v1 id=20 maximum=7 round=1 wall_ns=6743208 cpu_ns=6262001 states=2619 verified=64 completion=4 alternatives=7
INSTRUMENTATION_STATUS_CODE: 0
INSTRUMENTATION_STATUS: candidate_width_measurement=v1 id=20 maximum=3 round=1 wall_ns=5047458 cpu_ns=4929125 states=2619 verified=64 completion=4 alternatives=3
INSTRUMENTATION_STATUS_CODE: 0
INSTRUMENTATION_STATUS: candidate_width_measurement=v1 id=20 maximum=1 round=1 wall_ns=4934333 cpu_ns=4841083 states=2619 verified=64 completion=4 alternatives=1
INSTRUMENTATION_STATUS_CODE: 0
INSTRUMENTATION_STATUS: candidate_width_measurement=v1 id=21 maximum=1 round=1 wall_ns=4400000 cpu_ns=4151292 states=2111 verified=12 completion=0 alternatives=1
INSTRUMENTATION_STATUS_CODE: 0
INSTRUMENTATION_STATUS: candidate_width_measurement=v1 id=21 maximum=3 round=1 wall_ns=4996625 cpu_ns=4637751 states=2111 verified=12 completion=0 alternatives=3
INSTRUMENTATION_STATUS_CODE: 0
INSTRUMENTATION_STATUS: candidate_width_measurement=v1 id=21 maximum=7 round=1 wall_ns=12495625 cpu_ns=12172165 states=5806 verified=21 completion=0 alternatives=7
INSTRUMENTATION_STATUS_CODE: 0
INSTRUMENTATION_STATUS: candidate_width_measurement=v1 id=22 maximum=7 round=1 wall_ns=1908750 cpu_ns=1910291 states=1928 verified=10 completion=0 alternatives=7
INSTRUMENTATION_STATUS_CODE: 0
INSTRUMENTATION_STATUS: candidate_width_measurement=v1 id=22 maximum=3 round=1 wall_ns=2579500 cpu_ns=2353834 states=1928 verified=10 completion=0 alternatives=3
INSTRUMENTATION_STATUS_CODE: 0
INSTRUMENTATION_STATUS: candidate_width_measurement=v1 id=22 maximum=1 round=1 wall_ns=292416 cpu_ns=293125 states=293 verified=2 completion=0 alternatives=1
INSTRUMENTATION_STATUS_CODE: 0
INSTRUMENTATION_STATUS: candidate_width_measurement=v1 id=23 maximum=1 round=1 wall_ns=260583 cpu_ns=253126 states=253 verified=3 completion=0 alternatives=1
INSTRUMENTATION_STATUS_CODE: 0
INSTRUMENTATION_STATUS: candidate_width_measurement=v1 id=23 maximum=3 round=1 wall_ns=271250 cpu_ns=248708 states=253 verified=3 completion=0 alternatives=3
INSTRUMENTATION_STATUS_CODE: 0
INSTRUMENTATION_STATUS: candidate_width_measurement=v1 id=23 maximum=7 round=1 wall_ns=1508417 cpu_ns=1466333 states=1455 verified=24 completion=0 alternatives=7
INSTRUMENTATION_STATUS_CODE: 0
INSTRUMENTATION_STATUS: candidate_width_measurement=v1 id=24 maximum=7 round=1 wall_ns=890958 cpu_ns=891625 states=1273 verified=29 completion=0 alternatives=7
INSTRUMENTATION_STATUS_CODE: 0
INSTRUMENTATION_STATUS: candidate_width_measurement=v1 id=24 maximum=3 round=1 wall_ns=209792 cpu_ns=195542 states=192 verified=11 completion=0 alternatives=3
INSTRUMENTATION_STATUS_CODE: 0
INSTRUMENTATION_STATUS: candidate_width_measurement=v1 id=24 maximum=1 round=1 wall_ns=279042 cpu_ns=187125 states=192 verified=11 completion=0 alternatives=1
INSTRUMENTATION_STATUS_CODE: 0
INSTRUMENTATION_STATUS: candidate_width_measurement=v1 id=25 maximum=1 round=1 wall_ns=2870917 cpu_ns=2438082 states=1614 verified=6 completion=0 alternatives=1
INSTRUMENTATION_STATUS_CODE: 0
INSTRUMENTATION_STATUS: candidate_width_measurement=v1 id=25 maximum=3 round=1 wall_ns=11910833 cpu_ns=11042998 states=6796 verified=11 completion=0 alternatives=3
INSTRUMENTATION_STATUS_CODE: 0
INSTRUMENTATION_STATUS: candidate_width_measurement=v1 id=25 maximum=7 round=1 wall_ns=10746375 cpu_ns=10526998 states=6796 verified=11 completion=0 alternatives=7
INSTRUMENTATION_STATUS_CODE: 0
INSTRUMENTATION_STATUS: candidate_width_measurement=v1 id=26 maximum=7 round=1 wall_ns=7807708 cpu_ns=7678042 states=4889 verified=39 completion=0 alternatives=7
INSTRUMENTATION_STATUS_CODE: 0
INSTRUMENTATION_STATUS: candidate_width_measurement=v1 id=26 maximum=3 round=1 wall_ns=7874542 cpu_ns=7725915 states=4889 verified=39 completion=0 alternatives=3
INSTRUMENTATION_STATUS_CODE: 0
INSTRUMENTATION_STATUS: candidate_width_measurement=v1 id=26 maximum=1 round=1 wall_ns=3189875 cpu_ns=3035958 states=1814 verified=31 completion=0 alternatives=1
INSTRUMENTATION_STATUS_CODE: 0
INSTRUMENTATION_STATUS: candidate_width_measurement=v1 id=27 maximum=1 round=1 wall_ns=428292 cpu_ns=379332 states=280 verified=6 completion=0 alternatives=1
INSTRUMENTATION_STATUS_CODE: 0
INSTRUMENTATION_STATUS: candidate_width_measurement=v1 id=27 maximum=3 round=1 wall_ns=559958 cpu_ns=500959 states=280 verified=6 completion=0 alternatives=3
INSTRUMENTATION_STATUS_CODE: 0
INSTRUMENTATION_STATUS: candidate_width_measurement=v1 id=27 maximum=7 round=1 wall_ns=1796708 cpu_ns=1726749 states=1508 verified=8 completion=0 alternatives=7
INSTRUMENTATION_STATUS_CODE: 0
INSTRUMENTATION_STATUS: candidate_width_measurement=v1 id=28 maximum=7 round=1 wall_ns=7226333 cpu_ns=6954708 states=4469 verified=63 completion=0 alternatives=7
INSTRUMENTATION_STATUS_CODE: 0
INSTRUMENTATION_STATUS: candidate_width_measurement=v1 id=28 maximum=3 round=1 wall_ns=2727333 cpu_ns=2647917 states=1466 verified=53 completion=0 alternatives=3
INSTRUMENTATION_STATUS_CODE: 0
INSTRUMENTATION_STATUS: candidate_width_measurement=v1 id=28 maximum=1 round=1 wall_ns=770250 cpu_ns=687917 states=336 verified=13 completion=0 alternatives=1
INSTRUMENTATION_STATUS_CODE: 0
INSTRUMENTATION_STATUS: candidate_width_measurement=v1 id=29 maximum=1 round=1 wall_ns=3136541 cpu_ns=3019625 states=1750 verified=28 completion=0 alternatives=1
INSTRUMENTATION_STATUS_CODE: 0
INSTRUMENTATION_STATUS: candidate_width_measurement=v1 id=29 maximum=3 round=1 wall_ns=3886042 cpu_ns=3078833 states=1750 verified=28 completion=0 alternatives=3
INSTRUMENTATION_STATUS_CODE: 0
INSTRUMENTATION_STATUS: candidate_width_measurement=v1 id=29 maximum=7 round=1 wall_ns=11419458 cpu_ns=11244501 states=7060 verified=55 completion=0 alternatives=7
INSTRUMENTATION_STATUS_CODE: 0
INSTRUMENTATION_STATUS: candidate_width_measurement=v1 id=30 maximum=7 round=1 wall_ns=3878750 cpu_ns=3753625 states=2206 verified=64 completion=4 alternatives=7
INSTRUMENTATION_STATUS_CODE: 0
INSTRUMENTATION_STATUS: candidate_width_measurement=v1 id=30 maximum=3 round=1 wall_ns=3511708 cpu_ns=3512583 states=2206 verified=64 completion=4 alternatives=3
INSTRUMENTATION_STATUS_CODE: 0
INSTRUMENTATION_STATUS: candidate_width_measurement=v1 id=30 maximum=1 round=1 wall_ns=3639166 cpu_ns=3569250 states=2206 verified=64 completion=4 alternatives=1
INSTRUMENTATION_STATUS_CODE: 0
INSTRUMENTATION_STATUS: candidate_width_measurement=v1 id=31 maximum=1 round=1 wall_ns=3398750 cpu_ns=3318584 states=2079 verified=2 completion=0 alternatives=1
INSTRUMENTATION_STATUS_CODE: 0
INSTRUMENTATION_STATUS: candidate_width_measurement=v1 id=31 maximum=3 round=1 wall_ns=4362625 cpu_ns=4207791 states=2464 verified=5 completion=0 alternatives=3
INSTRUMENTATION_STATUS_CODE: 0
INSTRUMENTATION_STATUS: candidate_width_measurement=v1 id=31 maximum=7 round=1 wall_ns=11869000 cpu_ns=11804916 states=6727 verified=12 completion=0 alternatives=7
INSTRUMENTATION_STATUS_CODE: 0
INSTRUMENTATION_STATUS: candidate_width_measurement=v1 id=32 maximum=7 round=1 wall_ns=8720041 cpu_ns=8411169 states=5006 verified=47 completion=0 alternatives=7
INSTRUMENTATION_STATUS_CODE: 0
INSTRUMENTATION_STATUS: candidate_width_measurement=v1 id=32 maximum=3 round=1 wall_ns=3316208 cpu_ns=3230916 states=1787 verified=39 completion=0 alternatives=3
INSTRUMENTATION_STATUS_CODE: 0
INSTRUMENTATION_STATUS: candidate_width_measurement=v1 id=32 maximum=1 round=1 wall_ns=3096750 cpu_ns=3097583 states=1787 verified=39 completion=0 alternatives=1
INSTRUMENTATION_STATUS_CODE: 0
INSTRUMENTATION_STATUS: candidate_width_measurement=v1 id=33 maximum=1 round=1 wall_ns=1873208 cpu_ns=1778000 states=1398 verified=12 completion=0 alternatives=1
INSTRUMENTATION_STATUS_CODE: 0
INSTRUMENTATION_STATUS: candidate_width_measurement=v1 id=33 maximum=3 round=1 wall_ns=4564750 cpu_ns=4386541 states=3501 verified=18 completion=0 alternatives=3
INSTRUMENTATION_STATUS_CODE: 0
INSTRUMENTATION_STATUS: candidate_width_measurement=v1 id=33 maximum=7 round=1 wall_ns=4245459 cpu_ns=4219876 states=3501 verified=18 completion=0 alternatives=7
INSTRUMENTATION_STATUS_CODE: 0
INSTRUMENTATION_STATUS: candidate_width_measurement=v1 id=34 maximum=7 round=1 wall_ns=14505250 cpu_ns=14279253 states=8192 verified=26 completion=3 alternatives=7
INSTRUMENTATION_STATUS_CODE: 0
INSTRUMENTATION_STATUS: candidate_width_measurement=v1 id=34 maximum=3 round=1 wall_ns=4571750 cpu_ns=4532667 states=2542 verified=22 completion=0 alternatives=3
INSTRUMENTATION_STATUS_CODE: 0
INSTRUMENTATION_STATUS: candidate_width_measurement=v1 id=34 maximum=1 round=1 wall_ns=4490166 cpu_ns=4423666 states=2542 verified=22 completion=0 alternatives=1
INSTRUMENTATION_STATUS_CODE: 0
INSTRUMENTATION_STATUS: candidate_width_measurement=v1 id=35 maximum=1 round=1 wall_ns=3037125 cpu_ns=2862875 states=1844 verified=23 completion=0 alternatives=1
INSTRUMENTATION_STATUS_CODE: 0
INSTRUMENTATION_STATUS: candidate_width_measurement=v1 id=35 maximum=3 round=1 wall_ns=2763250 cpu_ns=2716125 states=1844 verified=23 completion=0 alternatives=3
INSTRUMENTATION_STATUS_CODE: 0
INSTRUMENTATION_STATUS: candidate_width_measurement=v1 id=35 maximum=7 round=1 wall_ns=13098416 cpu_ns=11998791 states=8192 verified=25 completion=3 alternatives=7
INSTRUMENTATION_STATUS_CODE: 0
INSTRUMENTATION_STATUS: candidate_width_measurement=v1 id=36 maximum=7 round=1 wall_ns=3723583 cpu_ns=3709833 states=2213 verified=48 completion=0 alternatives=7
INSTRUMENTATION_STATUS_CODE: 0
INSTRUMENTATION_STATUS: candidate_width_measurement=v1 id=36 maximum=3 round=1 wall_ns=3698291 cpu_ns=3634834 states=2213 verified=48 completion=0 alternatives=3
INSTRUMENTATION_STATUS_CODE: 0
INSTRUMENTATION_STATUS: candidate_width_measurement=v1 id=36 maximum=1 round=1 wall_ns=583875 cpu_ns=584542 states=367 verified=9 completion=0 alternatives=1
INSTRUMENTATION_STATUS_CODE: 0
INSTRUMENTATION_STATUS: candidate_width_measurement=v1 id=37 maximum=1 round=1 wall_ns=2379792 cpu_ns=2353125 states=1093 verified=5 completion=0 alternatives=1
INSTRUMENTATION_STATUS_CODE: 0
INSTRUMENTATION_STATUS: candidate_width_measurement=v1 id=37 maximum=3 round=1 wall_ns=16374625 cpu_ns=16225123 states=8192 verified=5 completion=3 alternatives=3
INSTRUMENTATION_STATUS_CODE: 0
INSTRUMENTATION_STATUS: candidate_width_measurement=v1 id=37 maximum=7 round=1 wall_ns=16053000 cpu_ns=15879125 states=8192 verified=5 completion=3 alternatives=5
INSTRUMENTATION_STATUS_CODE: 0
INSTRUMENTATION_STATUS: candidate_width_measurement=v1 id=38 maximum=7 round=1 wall_ns=15752584 cpu_ns=15600416 states=8192 verified=29 completion=3 alternatives=7
INSTRUMENTATION_STATUS_CODE: 0
INSTRUMENTATION_STATUS: candidate_width_measurement=v1 id=38 maximum=3 round=1 wall_ns=5093583 cpu_ns=5069375 states=2434 verified=28 completion=0 alternatives=3
INSTRUMENTATION_STATUS_CODE: 0
INSTRUMENTATION_STATUS: candidate_width_measurement=v1 id=38 maximum=1 round=1 wall_ns=1088917 cpu_ns=997083 states=537 verified=6 completion=0 alternatives=1
INSTRUMENTATION_STATUS_CODE: 0
INSTRUMENTATION_STATUS: candidate_width_measurement=v1 id=39 maximum=1 round=1 wall_ns=775250 cpu_ns=716542 states=412 verified=23 completion=0 alternatives=1
INSTRUMENTATION_STATUS_CODE: 0
INSTRUMENTATION_STATUS: candidate_width_measurement=v1 id=39 maximum=3 round=1 wall_ns=3049958 cpu_ns=3011707 states=1873 verified=64 completion=4 alternatives=3
INSTRUMENTATION_STATUS_CODE: 0
INSTRUMENTATION_STATUS: candidate_width_measurement=v1 id=39 maximum=7 round=1 wall_ns=3000875 cpu_ns=2947499 states=1873 verified=64 completion=4 alternatives=7
INSTRUMENTATION_STATUS_CODE: 0
INSTRUMENTATION_STATUS: candidate_width_measurement=v1 id=40 maximum=7 round=1 wall_ns=825667 cpu_ns=819707 states=1119 verified=42 completion=0 alternatives=7
INSTRUMENTATION_STATUS_CODE: 0
INSTRUMENTATION_STATUS: candidate_width_measurement=v1 id=40 maximum=3 round=1 wall_ns=319875 cpu_ns=319875 states=310 verified=33 completion=0 alternatives=3
INSTRUMENTATION_STATUS_CODE: 0
INSTRUMENTATION_STATUS: candidate_width_measurement=v1 id=40 maximum=1 round=1 wall_ns=320042 cpu_ns=185542 states=310 verified=33 completion=0 alternatives=1
INSTRUMENTATION_STATUS_CODE: 0
INSTRUMENTATION_STATUS: candidate_width_measurement=v1 id=41 maximum=1 round=1 wall_ns=343250 cpu_ns=330333 states=353 verified=5 completion=0 alternatives=1
INSTRUMENTATION_STATUS_CODE: 0
INSTRUMENTATION_STATUS: candidate_width_measurement=v1 id=41 maximum=3 round=1 wall_ns=1362500 cpu_ns=1327793 states=1616 verified=9 completion=0 alternatives=3
INSTRUMENTATION_STATUS_CODE: 0
INSTRUMENTATION_STATUS: candidate_width_measurement=v1 id=41 maximum=7 round=1 wall_ns=2403084 cpu_ns=2402334 states=3007 verified=13 completion=0 alternatives=7
INSTRUMENTATION_STATUS_CODE: 0
INSTRUMENTATION_STATUS: candidate_width_measurement=v1 id=42 maximum=7 round=1 wall_ns=866875 cpu_ns=823917 states=1399 verified=41 completion=0 alternatives=7
INSTRUMENTATION_STATUS_CODE: 0
INSTRUMENTATION_STATUS: candidate_width_measurement=v1 id=42 maximum=3 round=1 wall_ns=324792 cpu_ns=232626 states=401 verified=27 completion=0 alternatives=3
INSTRUMENTATION_STATUS_CODE: 0
INSTRUMENTATION_STATUS: candidate_width_measurement=v1 id=42 maximum=1 round=1 wall_ns=235292 cpu_ns=216207 states=236 verified=23 completion=0 alternatives=1
INSTRUMENTATION_STATUS_CODE: 0
INSTRUMENTATION_STATUS: candidate_width_measurement=v1 id=43 maximum=1 round=1 wall_ns=2245750 cpu_ns=2074666 states=1640 verified=7 completion=0 alternatives=1
INSTRUMENTATION_STATUS_CODE: 0
INSTRUMENTATION_STATUS: candidate_width_measurement=v1 id=43 maximum=3 round=1 wall_ns=2066875 cpu_ns=1930416 states=1640 verified=7 completion=0 alternatives=3
INSTRUMENTATION_STATUS_CODE: 0
INSTRUMENTATION_STATUS: candidate_width_measurement=v1 id=43 maximum=7 round=1 wall_ns=6596791 cpu_ns=6556292 states=4904 verified=13 completion=0 alternatives=7
INSTRUMENTATION_STATUS_CODE: 0
INSTRUMENTATION_STATUS: candidate_width_measurement=v1 id=44 maximum=7 round=1 wall_ns=2055917 cpu_ns=2047001 states=2455 verified=10 completion=0 alternatives=4
INSTRUMENTATION_STATUS_CODE: 0
INSTRUMENTATION_STATUS: candidate_width_measurement=v1 id=44 maximum=3 round=1 wall_ns=1364916 cpu_ns=1282251 states=1492 verified=7 completion=0 alternatives=3
INSTRUMENTATION_STATUS_CODE: 0
INSTRUMENTATION_STATUS: candidate_width_measurement=v1 id=44 maximum=1 round=1 wall_ns=555375 cpu_ns=484125 states=612 verified=5 completion=0 alternatives=1
INSTRUMENTATION_STATUS_CODE: 0
INSTRUMENTATION_STATUS: candidate_width_measurement=v1 id=45 maximum=1 round=1 wall_ns=24917 cpu_ns=19875 states=28 verified=0 completion=2 alternatives=0
INSTRUMENTATION_STATUS_CODE: 0
INSTRUMENTATION_STATUS: candidate_width_measurement=v1 id=45 maximum=3 round=1 wall_ns=27292 cpu_ns=0 states=28 verified=0 completion=2 alternatives=0
INSTRUMENTATION_STATUS_CODE: 0
INSTRUMENTATION_STATUS: candidate_width_measurement=v1 id=45 maximum=7 round=1 wall_ns=21834 cpu_ns=0 states=28 verified=0 completion=2 alternatives=0
INSTRUMENTATION_STATUS_CODE: 0
INSTRUMENTATION_STATUS: candidate_width_measurement=v1 id=46 maximum=7 round=1 wall_ns=3182041 cpu_ns=3015251 states=2202 verified=27 completion=0 alternatives=7
INSTRUMENTATION_STATUS_CODE: 0
INSTRUMENTATION_STATUS: candidate_width_measurement=v1 id=46 maximum=3 round=1 wall_ns=1004834 cpu_ns=891083 states=724 verified=11 completion=0 alternatives=3
INSTRUMENTATION_STATUS_CODE: 0
INSTRUMENTATION_STATUS: candidate_width_measurement=v1 id=46 maximum=1 round=1 wall_ns=973208 cpu_ns=973792 states=724 verified=11 completion=0 alternatives=1
INSTRUMENTATION_STATUS_CODE: 0
INSTRUMENTATION_STATUS: candidate_width_measurement=v1 id=47 maximum=1 round=1 wall_ns=2665375 cpu_ns=2640251 states=1621 verified=16 completion=0 alternatives=1
INSTRUMENTATION_STATUS_CODE: 0
INSTRUMENTATION_STATUS: candidate_width_measurement=v1 id=47 maximum=3 round=1 wall_ns=3957500 cpu_ns=3917375 states=2580 verified=16 completion=0 alternatives=3
INSTRUMENTATION_STATUS_CODE: 0
INSTRUMENTATION_STATUS: candidate_width_measurement=v1 id=47 maximum=7 round=1 wall_ns=13505084 cpu_ns=13330874 states=8192 verified=16 completion=3 alternatives=7
INSTRUMENTATION_STATUS_CODE: 0
INSTRUMENTATION_STATUS: candidate_width_measurement=v1 id=48 maximum=7 round=1 wall_ns=3559916 cpu_ns=2685791 states=1680 verified=21 completion=0 alternatives=7
INSTRUMENTATION_STATUS_CODE: 0
INSTRUMENTATION_STATUS: candidate_width_measurement=v1 id=48 maximum=3 round=1 wall_ns=2656041 cpu_ns=2508333 states=1680 verified=21 completion=0 alternatives=3
INSTRUMENTATION_STATUS_CODE: 0
INSTRUMENTATION_STATUS: candidate_width_measurement=v1 id=48 maximum=1 round=1 wall_ns=2394250 cpu_ns=2381417 states=1680 verified=21 completion=0 alternatives=1
INSTRUMENTATION_STATUS_CODE: 0
INSTRUMENTATION_STATUS: candidate_width_measurement=v1 id=49 maximum=1 round=1 wall_ns=322167 cpu_ns=322792 states=296 verified=5 completion=0 alternatives=1
INSTRUMENTATION_STATUS_CODE: 0
INSTRUMENTATION_STATUS: candidate_width_measurement=v1 id=49 maximum=3 round=1 wall_ns=1462625 cpu_ns=1463292 states=1514 verified=18 completion=0 alternatives=3
INSTRUMENTATION_STATUS_CODE: 0
INSTRUMENTATION_STATUS: candidate_width_measurement=v1 id=49 maximum=7 round=1 wall_ns=1500709 cpu_ns=1432541 states=1514 verified=18 completion=0 alternatives=7
INSTRUMENTATION_STATUS_CODE: 0
INSTRUMENTATION_STATUS: candidate_width_measurement=v1 id=50 maximum=7 round=1 wall_ns=2859417 cpu_ns=2834542 states=1892 verified=64 completion=4 alternatives=7
INSTRUMENTATION_STATUS_CODE: 0
INSTRUMENTATION_STATUS: candidate_width_measurement=v1 id=50 maximum=3 round=1 wall_ns=2841125 cpu_ns=2803333 states=1892 verified=64 completion=4 alternatives=3
INSTRUMENTATION_STATUS_CODE: 0
INSTRUMENTATION_STATUS: candidate_width_measurement=v1 id=50 maximum=1 round=1 wall_ns=444250 cpu_ns=436125 states=322 verified=8 completion=0 alternatives=1
INSTRUMENTATION_STATUS_CODE: 0
INSTRUMENTATION_STATUS: candidate_width_measurement=v1 id=51 maximum=1 round=1 wall_ns=454958 cpu_ns=446501 states=448 verified=11 completion=0 alternatives=1
INSTRUMENTATION_STATUS_CODE: 0
INSTRUMENTATION_STATUS: candidate_width_measurement=v1 id=51 maximum=3 round=1 wall_ns=481125 cpu_ns=452125 states=448 verified=11 completion=0 alternatives=3
INSTRUMENTATION_STATUS_CODE: 0
INSTRUMENTATION_STATUS: candidate_width_measurement=v1 id=51 maximum=7 round=1 wall_ns=797166 cpu_ns=687459 states=740 verified=11 completion=0 alternatives=7
INSTRUMENTATION_STATUS_CODE: 0
INSTRUMENTATION_STATUS: candidate_width_measurement=v1 id=52 maximum=7 round=1 wall_ns=13704291 cpu_ns=13645626 states=8192 verified=4 completion=3 alternatives=4
INSTRUMENTATION_STATUS_CODE: 0
INSTRUMENTATION_STATUS: candidate_width_measurement=v1 id=52 maximum=3 round=1 wall_ns=13492167 cpu_ns=13413167 states=8192 verified=4 completion=3 alternatives=3
INSTRUMENTATION_STATUS_CODE: 0
INSTRUMENTATION_STATUS: candidate_width_measurement=v1 id=52 maximum=1 round=1 wall_ns=3089916 cpu_ns=3076375 states=2008 verified=3 completion=0 alternatives=1
INSTRUMENTATION_STATUS_CODE: 0
INSTRUMENTATION_STATUS: candidate_width_measurement=v1 id=53 maximum=1 round=1 wall_ns=310666 cpu_ns=298084 states=312 verified=4 completion=0 alternatives=1
INSTRUMENTATION_STATUS_CODE: 0
INSTRUMENTATION_STATUS: candidate_width_measurement=v1 id=53 maximum=3 round=1 wall_ns=430625 cpu_ns=430959 states=455 verified=6 completion=0 alternatives=3
INSTRUMENTATION_STATUS_CODE: 0
INSTRUMENTATION_STATUS: candidate_width_measurement=v1 id=53 maximum=7 round=1 wall_ns=1421583 cpu_ns=1409250 states=1667 verified=10 completion=0 alternatives=7
INSTRUMENTATION_STATUS_CODE: 0
INSTRUMENTATION_STATUS: candidate_width_measurement=v1 id=54 maximum=7 round=1 wall_ns=11346750 cpu_ns=11233917 states=8192 verified=14 completion=3 alternatives=7
INSTRUMENTATION_STATUS_CODE: 0
INSTRUMENTATION_STATUS: candidate_width_measurement=v1 id=54 maximum=3 round=1 wall_ns=6093291 cpu_ns=6062417 states=4405 verified=14 completion=0 alternatives=3
INSTRUMENTATION_STATUS_CODE: 0
INSTRUMENTATION_STATUS: candidate_width_measurement=v1 id=54 maximum=1 round=1 wall_ns=1986709 cpu_ns=1987292 states=1412 verified=12 completion=0 alternatives=1
INSTRUMENTATION_STATUS_CODE: 0
INSTRUMENTATION_STATUS: candidate_width_measurement=v1 id=55 maximum=1 round=1 wall_ns=3382417 cpu_ns=3355832 states=2276 verified=10 completion=0 alternatives=1
INSTRUMENTATION_STATUS_CODE: 0
INSTRUMENTATION_STATUS: candidate_width_measurement=v1 id=55 maximum=3 round=1 wall_ns=11057333 cpu_ns=11003499 states=6979 verified=13 completion=0 alternatives=3
INSTRUMENTATION_STATUS_CODE: 0
INSTRUMENTATION_STATUS: candidate_width_measurement=v1 id=55 maximum=7 round=1 wall_ns=10930333 cpu_ns=10877457 states=6979 verified=13 completion=0 alternatives=7
INSTRUMENTATION_STATUS_CODE: 0
INSTRUMENTATION_STATUS: candidate_width_measurement=v1 id=56 maximum=7 round=1 wall_ns=1044625 cpu_ns=999792 states=1277 verified=8 completion=0 alternatives=7
INSTRUMENTATION_STATUS_CODE: 0
INSTRUMENTATION_STATUS: candidate_width_measurement=v1 id=56 maximum=3 round=1 wall_ns=1021792 cpu_ns=1020626 states=1277 verified=8 completion=0 alternatives=3
INSTRUMENTATION_STATUS_CODE: 0
INSTRUMENTATION_STATUS: candidate_width_measurement=v1 id=56 maximum=1 round=1 wall_ns=1026625 cpu_ns=1018918 states=1277 verified=8 completion=0 alternatives=1
INSTRUMENTATION_STATUS_CODE: 0
INSTRUMENTATION_STATUS: candidate_width_measurement=v1 id=57 maximum=1 round=1 wall_ns=2518708 cpu_ns=2465334 states=1609 verified=3 completion=0 alternatives=1
INSTRUMENTATION_STATUS_CODE: 0
INSTRUMENTATION_STATUS: candidate_width_measurement=v1 id=57 maximum=3 round=1 wall_ns=14185792 cpu_ns=13310208 states=8192 verified=3 completion=3 alternatives=3
INSTRUMENTATION_STATUS_CODE: 0
INSTRUMENTATION_STATUS: candidate_width_measurement=v1 id=57 maximum=7 round=1 wall_ns=13085583 cpu_ns=13030414 states=8192 verified=3 completion=3 alternatives=3
INSTRUMENTATION_STATUS_CODE: 0
INSTRUMENTATION_STATUS: candidate_width_measurement=v1 id=58 maximum=7 round=1 wall_ns=3242208 cpu_ns=3204458 states=2200 verified=48 completion=0 alternatives=7
INSTRUMENTATION_STATUS_CODE: 0
INSTRUMENTATION_STATUS: candidate_width_measurement=v1 id=58 maximum=3 round=1 wall_ns=3133084 cpu_ns=3107167 states=2200 verified=48 completion=0 alternatives=3
INSTRUMENTATION_STATUS_CODE: 0
INSTRUMENTATION_STATUS: candidate_width_measurement=v1 id=58 maximum=1 round=1 wall_ns=455583 cpu_ns=454667 states=349 verified=5 completion=0 alternatives=1
INSTRUMENTATION_STATUS_CODE: 0
INSTRUMENTATION_STATUS: candidate_width_measurement=v1 id=59 maximum=1 round=1 wall_ns=2083625 cpu_ns=2049833 states=1483 verified=9 completion=0 alternatives=1
INSTRUMENTATION_STATUS_CODE: 0
INSTRUMENTATION_STATUS: candidate_width_measurement=v1 id=59 maximum=3 round=1 wall_ns=3846833 cpu_ns=3779459 states=2741 verified=13 completion=0 alternatives=3
INSTRUMENTATION_STATUS_CODE: 0
INSTRUMENTATION_STATUS: candidate_width_measurement=v1 id=59 maximum=7 round=1 wall_ns=7539167 cpu_ns=7420792 states=5151 verified=15 completion=0 alternatives=7
INSTRUMENTATION_STATUS_CODE: 0
INSTRUMENTATION_STATUS: candidate_width_measurement=v1 id=0 maximum=1 round=2 wall_ns=2003333 cpu_ns=1932874 states=1475 verified=13 completion=0 alternatives=1
INSTRUMENTATION_STATUS_CODE: 0
INSTRUMENTATION_STATUS: candidate_width_measurement=v1 id=0 maximum=3 round=2 wall_ns=6427584 cpu_ns=6389542 states=4713 verified=13 completion=0 alternatives=3
INSTRUMENTATION_STATUS_CODE: 0
INSTRUMENTATION_STATUS: candidate_width_measurement=v1 id=0 maximum=7 round=2 wall_ns=11323250 cpu_ns=11190417 states=8192 verified=13 completion=3 alternatives=7
INSTRUMENTATION_STATUS_CODE: 0
INSTRUMENTATION_STATUS: candidate_width_measurement=v1 id=1 maximum=7 round=2 wall_ns=1122625 cpu_ns=1123625 states=1438 verified=13 completion=0 alternatives=7
INSTRUMENTATION_STATUS_CODE: 0
INSTRUMENTATION_STATUS: candidate_width_measurement=v1 id=1 maximum=3 round=2 wall_ns=378541 cpu_ns=379167 states=444 verified=9 completion=0 alternatives=3
INSTRUMENTATION_STATUS_CODE: 0
INSTRUMENTATION_STATUS: candidate_width_measurement=v1 id=1 maximum=1 round=2 wall_ns=357083 cpu_ns=354416 states=444 verified=9 completion=0 alternatives=1
INSTRUMENTATION_STATUS_CODE: 0
INSTRUMENTATION_STATUS: candidate_width_measurement=v1 id=2 maximum=1 round=2 wall_ns=2153625 cpu_ns=2109583 states=1689 verified=2 completion=0 alternatives=1
INSTRUMENTATION_STATUS_CODE: 0
INSTRUMENTATION_STATUS: candidate_width_measurement=v1 id=2 maximum=3 round=2 wall_ns=8991750 cpu_ns=8886041 states=6379 verified=5 completion=0 alternatives=3
INSTRUMENTATION_STATUS_CODE: 0
INSTRUMENTATION_STATUS: candidate_width_measurement=v1 id=2 maximum=7 round=2 wall_ns=11410333 cpu_ns=11271292 states=8192 verified=5 completion=3 alternatives=5
INSTRUMENTATION_STATUS_CODE: 0
INSTRUMENTATION_STATUS: candidate_width_measurement=v1 id=3 maximum=7 round=2 wall_ns=7665250 cpu_ns=7550668 states=6441 verified=57 completion=0 alternatives=7
INSTRUMENTATION_STATUS_CODE: 0
INSTRUMENTATION_STATUS: candidate_width_measurement=v1 id=3 maximum=3 round=2 wall_ns=3216625 cpu_ns=3174542 states=2646 verified=46 completion=0 alternatives=3
INSTRUMENTATION_STATUS_CODE: 0
INSTRUMENTATION_STATUS: candidate_width_measurement=v1 id=3 maximum=1 round=2 wall_ns=1935375 cpu_ns=1924750 states=1775 verified=17 completion=0 alternatives=1
INSTRUMENTATION_STATUS_CODE: 0
INSTRUMENTATION_STATUS: candidate_width_measurement=v1 id=4 maximum=1 round=2 wall_ns=1985709 cpu_ns=1911918 states=1562 verified=7 completion=0 alternatives=1
INSTRUMENTATION_STATUS_CODE: 0
INSTRUMENTATION_STATUS: candidate_width_measurement=v1 id=4 maximum=3 round=2 wall_ns=7270250 cpu_ns=6332874 states=4569 verified=7 completion=0 alternatives=3
INSTRUMENTATION_STATUS_CODE: 0
INSTRUMENTATION_STATUS: candidate_width_measurement=v1 id=4 maximum=7 round=2 wall_ns=10856208 cpu_ns=10796001 states=8192 verified=7 completion=3 alternatives=7
INSTRUMENTATION_STATUS_CODE: 0
INSTRUMENTATION_STATUS: candidate_width_measurement=v1 id=5 maximum=7 round=2 wall_ns=2481042 cpu_ns=2435375 states=2139 verified=59 completion=0 alternatives=7
INSTRUMENTATION_STATUS_CODE: 0
INSTRUMENTATION_STATUS: candidate_width_measurement=v1 id=5 maximum=3 round=2 wall_ns=2439375 cpu_ns=2411666 states=2139 verified=59 completion=0 alternatives=3
INSTRUMENTATION_STATUS_CODE: 0
INSTRUMENTATION_STATUS: candidate_width_measurement=v1 id=5 maximum=1 round=2 wall_ns=513875 cpu_ns=513001 states=514 verified=11 completion=0 alternatives=1
INSTRUMENTATION_STATUS_CODE: 0
INSTRUMENTATION_STATUS: candidate_width_measurement=v1 id=6 maximum=1 round=2 wall_ns=1584750 cpu_ns=1585500 states=1463 verified=6 completion=0 alternatives=1
INSTRUMENTATION_STATUS_CODE: 0
INSTRUMENTATION_STATUS: candidate_width_measurement=v1 id=6 maximum=3 round=2 wall_ns=6381208 cpu_ns=6238208 states=5398 verified=16 completion=0 alternatives=3
INSTRUMENTATION_STATUS_CODE: 0
INSTRUMENTATION_STATUS: candidate_width_measurement=v1 id=6 maximum=7 round=2 wall_ns=6248083 cpu_ns=6137584 states=5398 verified=16 completion=0 alternatives=7
INSTRUMENTATION_STATUS_CODE: 0
INSTRUMENTATION_STATUS: candidate_width_measurement=v1 id=7 maximum=7 round=2 wall_ns=8677333 cpu_ns=8580083 states=5678 verified=45 completion=0 alternatives=7
INSTRUMENTATION_STATUS_CODE: 0
INSTRUMENTATION_STATUS: candidate_width_measurement=v1 id=7 maximum=3 round=2 wall_ns=2367584 cpu_ns=2327999 states=1851 verified=8 completion=0 alternatives=3
INSTRUMENTATION_STATUS_CODE: 0
INSTRUMENTATION_STATUS: candidate_width_measurement=v1 id=7 maximum=1 round=2 wall_ns=2418500 cpu_ns=2347791 states=1851 verified=8 completion=0 alternatives=1
INSTRUMENTATION_STATUS_CODE: 0
INSTRUMENTATION_STATUS: candidate_width_measurement=v1 id=8 maximum=1 round=2 wall_ns=530458 cpu_ns=531084 states=327 verified=18 completion=0 alternatives=1
INSTRUMENTATION_STATUS_CODE: 0
INSTRUMENTATION_STATUS: candidate_width_measurement=v1 id=8 maximum=3 round=2 wall_ns=2342333 cpu_ns=2238710 states=1503 verified=64 completion=4 alternatives=3
INSTRUMENTATION_STATUS_CODE: 0
INSTRUMENTATION_STATUS: candidate_width_measurement=v1 id=8 maximum=7 round=2 wall_ns=2306500 cpu_ns=2273290 states=1503 verified=64 completion=4 alternatives=7
INSTRUMENTATION_STATUS_CODE: 0
INSTRUMENTATION_STATUS: candidate_width_measurement=v1 id=9 maximum=7 round=2 wall_ns=5308333 cpu_ns=5281376 states=4662 verified=13 completion=0 alternatives=7
INSTRUMENTATION_STATUS_CODE: 0
INSTRUMENTATION_STATUS: candidate_width_measurement=v1 id=9 maximum=3 round=2 wall_ns=1380458 cpu_ns=1376374 states=1282 verified=10 completion=0 alternatives=3
INSTRUMENTATION_STATUS_CODE: 0
INSTRUMENTATION_STATUS: candidate_width_measurement=v1 id=9 maximum=1 round=2 wall_ns=400959 cpu_ns=378792 states=358 verified=4 completion=0 alternatives=1
INSTRUMENTATION_STATUS_CODE: 0
INSTRUMENTATION_STATUS: candidate_width_measurement=v1 id=10 maximum=1 round=2 wall_ns=391000 cpu_ns=391542 states=422 verified=20 completion=0 alternatives=1
INSTRUMENTATION_STATUS_CODE: 0
INSTRUMENTATION_STATUS: candidate_width_measurement=v1 id=10 maximum=3 round=2 wall_ns=402709 cpu_ns=341167 states=422 verified=20 completion=0 alternatives=3
INSTRUMENTATION_STATUS_CODE: 0
INSTRUMENTATION_STATUS: candidate_width_measurement=v1 id=10 maximum=7 round=2 wall_ns=1339583 cpu_ns=1337667 states=1917 verified=42 completion=0 alternatives=7
INSTRUMENTATION_STATUS_CODE: 0
INSTRUMENTATION_STATUS: candidate_width_measurement=v1 id=11 maximum=7 round=2 wall_ns=11375334 cpu_ns=11241625 states=8192 verified=49 completion=3 alternatives=7
INSTRUMENTATION_STATUS_CODE: 0
INSTRUMENTATION_STATUS: candidate_width_measurement=v1 id=11 maximum=3 round=2 wall_ns=2765875 cpu_ns=2729583 states=2058 verified=28 completion=0 alternatives=3
INSTRUMENTATION_STATUS_CODE: 0
INSTRUMENTATION_STATUS: candidate_width_measurement=v1 id=11 maximum=1 round=2 wall_ns=2866417 cpu_ns=2758874 states=2058 verified=28 completion=0 alternatives=1
INSTRUMENTATION_STATUS_CODE: 0
INSTRUMENTATION_STATUS: candidate_width_measurement=v1 id=12 maximum=1 round=2 wall_ns=294292 cpu_ns=287292 states=324 verified=4 completion=0 alternatives=1
INSTRUMENTATION_STATUS_CODE: 0
INSTRUMENTATION_STATUS: candidate_width_measurement=v1 id=12 maximum=3 round=2 wall_ns=390583 cpu_ns=346708 states=420 verified=5 completion=0 alternatives=3
INSTRUMENTATION_STATUS_CODE: 0
INSTRUMENTATION_STATUS: candidate_width_measurement=v1 id=12 maximum=7 round=2 wall_ns=1624208 cpu_ns=1613292 states=1986 verified=15 completion=0 alternatives=7
INSTRUMENTATION_STATUS_CODE: 0
INSTRUMENTATION_STATUS: candidate_width_measurement=v1 id=13 maximum=7 round=2 wall_ns=3726250 cpu_ns=3677833 states=2999 verified=64 completion=4 alternatives=7
INSTRUMENTATION_STATUS_CODE: 0
INSTRUMENTATION_STATUS: candidate_width_measurement=v1 id=13 maximum=3 round=2 wall_ns=3391541 cpu_ns=2464540 states=1861 verified=44 completion=0 alternatives=3
INSTRUMENTATION_STATUS_CODE: 0
INSTRUMENTATION_STATUS: candidate_width_measurement=v1 id=13 maximum=1 round=2 wall_ns=986125 cpu_ns=861082 states=599 verified=26 completion=0 alternatives=1
INSTRUMENTATION_STATUS_CODE: 0
INSTRUMENTATION_STATUS: candidate_width_measurement=v1 id=14 maximum=1 round=2 wall_ns=2896834 cpu_ns=2767500 states=1930 verified=1 completion=0 alternatives=1
INSTRUMENTATION_STATUS_CODE: 0
INSTRUMENTATION_STATUS: candidate_width_measurement=v1 id=14 maximum=3 round=2 wall_ns=12981291 cpu_ns=12713250 states=8192 verified=1 completion=3 alternatives=1
INSTRUMENTATION_STATUS_CODE: 0
INSTRUMENTATION_STATUS: candidate_width_measurement=v1 id=14 maximum=7 round=2 wall_ns=12743375 cpu_ns=12489917 states=8192 verified=1 completion=3 alternatives=1
INSTRUMENTATION_STATUS_CODE: 0
INSTRUMENTATION_STATUS: candidate_width_measurement=v1 id=15 maximum=7 round=2 wall_ns=1158375 cpu_ns=1081166 states=1324 verified=9 completion=0 alternatives=7
INSTRUMENTATION_STATUS_CODE: 0
INSTRUMENTATION_STATUS: candidate_width_measurement=v1 id=15 maximum=3 round=2 wall_ns=1202708 cpu_ns=1092250 states=1324 verified=9 completion=0 alternatives=3
INSTRUMENTATION_STATUS_CODE: 0
INSTRUMENTATION_STATUS: candidate_width_measurement=v1 id=15 maximum=1 round=2 wall_ns=398083 cpu_ns=274835 states=250 verified=3 completion=0 alternatives=1
INSTRUMENTATION_STATUS_CODE: 0
INSTRUMENTATION_STATUS: candidate_width_measurement=v1 id=16 maximum=1 round=2 wall_ns=2094459 cpu_ns=2026666 states=1607 verified=13 completion=0 alternatives=1
INSTRUMENTATION_STATUS_CODE: 0
INSTRUMENTATION_STATUS: candidate_width_measurement=v1 id=16 maximum=3 round=2 wall_ns=2236000 cpu_ns=2086667 states=1607 verified=13 completion=0 alternatives=3
INSTRUMENTATION_STATUS_CODE: 0
INSTRUMENTATION_STATUS: candidate_width_measurement=v1 id=16 maximum=7 round=2 wall_ns=10597375 cpu_ns=10365667 states=8192 verified=14 completion=3 alternatives=7
INSTRUMENTATION_STATUS_CODE: 0
INSTRUMENTATION_STATUS: candidate_width_measurement=v1 id=17 maximum=7 round=2 wall_ns=11116916 cpu_ns=10854834 states=8192 verified=2 completion=3 alternatives=2
INSTRUMENTATION_STATUS_CODE: 0
INSTRUMENTATION_STATUS: candidate_width_measurement=v1 id=17 maximum=3 round=2 wall_ns=11017167 cpu_ns=10901168 states=8192 verified=2 completion=3 alternatives=2
INSTRUMENTATION_STATUS_CODE: 0
INSTRUMENTATION_STATUS: candidate_width_measurement=v1 id=17 maximum=1 round=2 wall_ns=2117209 cpu_ns=1926249 states=1517 verified=1 completion=0 alternatives=1
INSTRUMENTATION_STATUS_CODE: 0
INSTRUMENTATION_STATUS: candidate_width_measurement=v1 id=18 maximum=1 round=2 wall_ns=568792 cpu_ns=480250 states=411 verified=4 completion=0 alternatives=1
INSTRUMENTATION_STATUS_CODE: 0
INSTRUMENTATION_STATUS: candidate_width_measurement=v1 id=18 maximum=3 round=2 wall_ns=1737709 cpu_ns=1610375 states=2064 verified=5 completion=0 alternatives=3
INSTRUMENTATION_STATUS_CODE: 0
INSTRUMENTATION_STATUS: candidate_width_measurement=v1 id=18 maximum=7 round=2 wall_ns=2619084 cpu_ns=2567085 states=3409 verified=5 completion=0 alternatives=5
INSTRUMENTATION_STATUS_CODE: 0
INSTRUMENTATION_STATUS: candidate_width_measurement=v1 id=19 maximum=7 round=2 wall_ns=1155625 cpu_ns=1009207 states=1121 verified=50 completion=0 alternatives=7
INSTRUMENTATION_STATUS_CODE: 0
INSTRUMENTATION_STATUS: candidate_width_measurement=v1 id=19 maximum=3 round=2 wall_ns=339833 cpu_ns=273583 states=292 verified=29 completion=0 alternatives=3
INSTRUMENTATION_STATUS_CODE: 0
INSTRUMENTATION_STATUS: candidate_width_measurement=v1 id=19 maximum=1 round=2 wall_ns=332667 cpu_ns=295999 states=292 verified=29 completion=0 alternatives=1
INSTRUMENTATION_STATUS_CODE: 0
INSTRUMENTATION_STATUS: candidate_width_measurement=v1 id=20 maximum=1 round=2 wall_ns=4922500 cpu_ns=4863292 states=2619 verified=64 completion=4 alternatives=1
INSTRUMENTATION_STATUS_CODE: 0
INSTRUMENTATION_STATUS: candidate_width_measurement=v1 id=20 maximum=3 round=2 wall_ns=5078708 cpu_ns=4734542 states=2619 verified=64 completion=4 alternatives=3
INSTRUMENTATION_STATUS_CODE: 0
INSTRUMENTATION_STATUS: candidate_width_measurement=v1 id=20 maximum=7 round=2 wall_ns=4981000 cpu_ns=4748749 states=2619 verified=64 completion=4 alternatives=7
INSTRUMENTATION_STATUS_CODE: 0
INSTRUMENTATION_STATUS: candidate_width_measurement=v1 id=21 maximum=7 round=2 wall_ns=12906500 cpu_ns=12405834 states=5806 verified=21 completion=0 alternatives=7
INSTRUMENTATION_STATUS_CODE: 0
INSTRUMENTATION_STATUS: candidate_width_measurement=v1 id=21 maximum=3 round=2 wall_ns=5417625 cpu_ns=4250083 states=2111 verified=12 completion=0 alternatives=3
INSTRUMENTATION_STATUS_CODE: 0
INSTRUMENTATION_STATUS: candidate_width_measurement=v1 id=21 maximum=1 round=2 wall_ns=4138750 cpu_ns=3926958 states=2111 verified=12 completion=0 alternatives=1
INSTRUMENTATION_STATUS_CODE: 0
INSTRUMENTATION_STATUS: candidate_width_measurement=v1 id=22 maximum=1 round=2 wall_ns=418000 cpu_ns=373125 states=293 verified=2 completion=0 alternatives=1
INSTRUMENTATION_STATUS_CODE: 0
INSTRUMENTATION_STATUS: candidate_width_measurement=v1 id=22 maximum=3 round=2 wall_ns=1978459 cpu_ns=1896834 states=1928 verified=10 completion=0 alternatives=3
INSTRUMENTATION_STATUS_CODE: 0
INSTRUMENTATION_STATUS: candidate_width_measurement=v1 id=22 maximum=7 round=2 wall_ns=1781917 cpu_ns=1742374 states=1928 verified=10 completion=0 alternatives=7
INSTRUMENTATION_STATUS_CODE: 0
INSTRUMENTATION_STATUS: candidate_width_measurement=v1 id=23 maximum=7 round=2 wall_ns=1434875 cpu_ns=1435583 states=1455 verified=24 completion=0 alternatives=7
INSTRUMENTATION_STATUS_CODE: 0
INSTRUMENTATION_STATUS: candidate_width_measurement=v1 id=23 maximum=3 round=2 wall_ns=265250 cpu_ns=239292 states=253 verified=3 completion=0 alternatives=3
INSTRUMENTATION_STATUS_CODE: 0
INSTRUMENTATION_STATUS: candidate_width_measurement=v1 id=23 maximum=1 round=2 wall_ns=278583 cpu_ns=279333 states=253 verified=3 completion=0 alternatives=1
INSTRUMENTATION_STATUS_CODE: 0
INSTRUMENTATION_STATUS: candidate_width_measurement=v1 id=24 maximum=1 round=2 wall_ns=307709 cpu_ns=239042 states=192 verified=11 completion=0 alternatives=1
INSTRUMENTATION_STATUS_CODE: 0
INSTRUMENTATION_STATUS: candidate_width_measurement=v1 id=24 maximum=3 round=2 wall_ns=212208 cpu_ns=178167 states=192 verified=11 completion=0 alternatives=3
INSTRUMENTATION_STATUS_CODE: 0
INSTRUMENTATION_STATUS: candidate_width_measurement=v1 id=24 maximum=7 round=2 wall_ns=859500 cpu_ns=860166 states=1273 verified=29 completion=0 alternatives=7
INSTRUMENTATION_STATUS_CODE: 0
INSTRUMENTATION_STATUS: candidate_width_measurement=v1 id=25 maximum=7 round=2 wall_ns=9934416 cpu_ns=9858793 states=6796 verified=11 completion=0 alternatives=7
INSTRUMENTATION_STATUS_CODE: 0
INSTRUMENTATION_STATUS: candidate_width_measurement=v1 id=25 maximum=3 round=2 wall_ns=9767208 cpu_ns=9645000 states=6796 verified=11 completion=0 alternatives=3
INSTRUMENTATION_STATUS_CODE: 0
INSTRUMENTATION_STATUS: candidate_width_measurement=v1 id=25 maximum=1 round=2 wall_ns=2268958 cpu_ns=2231209 states=1614 verified=6 completion=0 alternatives=1
INSTRUMENTATION_STATUS_CODE: 0
INSTRUMENTATION_STATUS: candidate_width_measurement=v1 id=26 maximum=1 round=2 wall_ns=2811416 cpu_ns=2767625 states=1814 verified=31 completion=0 alternatives=1
INSTRUMENTATION_STATUS_CODE: 0
INSTRUMENTATION_STATUS: candidate_width_measurement=v1 id=26 maximum=3 round=2 wall_ns=7449875 cpu_ns=7393751 states=4889 verified=39 completion=0 alternatives=3
INSTRUMENTATION_STATUS_CODE: 0
INSTRUMENTATION_STATUS: candidate_width_measurement=v1 id=26 maximum=7 round=2 wall_ns=7398500 cpu_ns=7360876 states=4889 verified=39 completion=0 alternatives=7
INSTRUMENTATION_STATUS_CODE: 0
INSTRUMENTATION_STATUS: candidate_width_measurement=v1 id=27 maximum=7 round=2 wall_ns=1532709 cpu_ns=1508208 states=1508 verified=8 completion=0 alternatives=7
INSTRUMENTATION_STATUS_CODE: 0
INSTRUMENTATION_STATUS: candidate_width_measurement=v1 id=27 maximum=3 round=2 wall_ns=560333 cpu_ns=482043 states=280 verified=6 completion=0 alternatives=3
INSTRUMENTATION_STATUS_CODE: 0
INSTRUMENTATION_STATUS: candidate_width_measurement=v1 id=27 maximum=1 round=2 wall_ns=352166 cpu_ns=351375 states=280 verified=6 completion=0 alternatives=1
INSTRUMENTATION_STATUS_CODE: 0
INSTRUMENTATION_STATUS: candidate_width_measurement=v1 id=28 maximum=1 round=2 wall_ns=554292 cpu_ns=517958 states=336 verified=13 completion=0 alternatives=1
INSTRUMENTATION_STATUS_CODE: 0
INSTRUMENTATION_STATUS: candidate_width_measurement=v1 id=28 maximum=3 round=2 wall_ns=2490167 cpu_ns=2464124 states=1466 verified=53 completion=0 alternatives=3
INSTRUMENTATION_STATUS_CODE: 0
INSTRUMENTATION_STATUS: candidate_width_measurement=v1 id=28 maximum=7 round=2 wall_ns=6625333 cpu_ns=6575000 states=4469 verified=63 completion=0 alternatives=7
INSTRUMENTATION_STATUS_CODE: 0
INSTRUMENTATION_STATUS: candidate_width_measurement=v1 id=29 maximum=7 round=2 wall_ns=11141083 cpu_ns=11102750 states=7060 verified=55 completion=0 alternatives=7
INSTRUMENTATION_STATUS_CODE: 0
INSTRUMENTATION_STATUS: candidate_width_measurement=v1 id=29 maximum=3 round=2 wall_ns=2809959 cpu_ns=2780875 states=1750 verified=28 completion=0 alternatives=3
INSTRUMENTATION_STATUS_CODE: 0
INSTRUMENTATION_STATUS: candidate_width_measurement=v1 id=29 maximum=1 round=2 wall_ns=2812250 cpu_ns=2783333 states=1750 verified=28 completion=0 alternatives=1
INSTRUMENTATION_STATUS_CODE: 0
INSTRUMENTATION_STATUS: candidate_width_measurement=v1 id=30 maximum=1 round=2 wall_ns=3627834 cpu_ns=3599291 states=2206 verified=64 completion=4 alternatives=1
INSTRUMENTATION_STATUS_CODE: 0
INSTRUMENTATION_STATUS: candidate_width_measurement=v1 id=30 maximum=3 round=2 wall_ns=3535917 cpu_ns=3495876 states=2206 verified=64 completion=4 alternatives=3
INSTRUMENTATION_STATUS_CODE: 0
INSTRUMENTATION_STATUS: candidate_width_measurement=v1 id=30 maximum=7 round=2 wall_ns=4666084 cpu_ns=3732751 states=2206 verified=64 completion=4 alternatives=7
INSTRUMENTATION_STATUS_CODE: 0
INSTRUMENTATION_STATUS: candidate_width_measurement=v1 id=31 maximum=7 round=2 wall_ns=11674791 cpu_ns=11604374 states=6727 verified=12 completion=0 alternatives=7
INSTRUMENTATION_STATUS_CODE: 0
INSTRUMENTATION_STATUS: candidate_width_measurement=v1 id=31 maximum=3 round=2 wall_ns=3950083 cpu_ns=3916959 states=2464 verified=5 completion=0 alternatives=3
INSTRUMENTATION_STATUS_CODE: 0
INSTRUMENTATION_STATUS: candidate_width_measurement=v1 id=31 maximum=1 round=2 wall_ns=3197250 cpu_ns=3147626 states=2079 verified=2 completion=0 alternatives=1
INSTRUMENTATION_STATUS_CODE: 0
INSTRUMENTATION_STATUS: candidate_width_measurement=v1 id=32 maximum=1 round=2 wall_ns=3100500 cpu_ns=3076251 states=1787 verified=39 completion=0 alternatives=1
INSTRUMENTATION_STATUS_CODE: 0
INSTRUMENTATION_STATUS: candidate_width_measurement=v1 id=32 maximum=3 round=2 wall_ns=3020667 cpu_ns=3005542 states=1787 verified=39 completion=0 alternatives=3
INSTRUMENTATION_STATUS_CODE: 0
INSTRUMENTATION_STATUS: candidate_width_measurement=v1 id=32 maximum=7 round=2 wall_ns=8149291 cpu_ns=8060292 states=5006 verified=47 completion=0 alternatives=7
INSTRUMENTATION_STATUS_CODE: 0
INSTRUMENTATION_STATUS: candidate_width_measurement=v1 id=33 maximum=7 round=2 wall_ns=4338291 cpu_ns=4306292 states=3501 verified=18 completion=0 alternatives=7
INSTRUMENTATION_STATUS_CODE: 0
INSTRUMENTATION_STATUS: candidate_width_measurement=v1 id=33 maximum=3 round=2 wall_ns=4211541 cpu_ns=4183457 states=3501 verified=18 completion=0 alternatives=3
INSTRUMENTATION_STATUS_CODE: 0
INSTRUMENTATION_STATUS: candidate_width_measurement=v1 id=33 maximum=1 round=2 wall_ns=1680042 cpu_ns=1666417 states=1398 verified=12 completion=0 alternatives=1
INSTRUMENTATION_STATUS_CODE: 0
INSTRUMENTATION_STATUS: candidate_width_measurement=v1 id=34 maximum=1 round=2 wall_ns=4520792 cpu_ns=4496458 states=2542 verified=22 completion=0 alternatives=1
INSTRUMENTATION_STATUS_CODE: 0
INSTRUMENTATION_STATUS: candidate_width_measurement=v1 id=34 maximum=3 round=2 wall_ns=4531875 cpu_ns=4473000 states=2542 verified=22 completion=0 alternatives=3
INSTRUMENTATION_STATUS_CODE: 0
INSTRUMENTATION_STATUS: candidate_width_measurement=v1 id=34 maximum=7 round=2 wall_ns=14121042 cpu_ns=14004040 states=8192 verified=26 completion=3 alternatives=7
INSTRUMENTATION_STATUS_CODE: 0
INSTRUMENTATION_STATUS: candidate_width_measurement=v1 id=35 maximum=7 round=2 wall_ns=11420834 cpu_ns=11372208 states=8192 verified=25 completion=3 alternatives=7
INSTRUMENTATION_STATUS_CODE: 0
INSTRUMENTATION_STATUS: candidate_width_measurement=v1 id=35 maximum=3 round=2 wall_ns=2839084 cpu_ns=2798293 states=1844 verified=23 completion=0 alternatives=3
INSTRUMENTATION_STATUS_CODE: 0
INSTRUMENTATION_STATUS: candidate_width_measurement=v1 id=35 maximum=1 round=2 wall_ns=2714000 cpu_ns=2713500 states=1844 verified=23 completion=0 alternatives=1
INSTRUMENTATION_STATUS_CODE: 0
INSTRUMENTATION_STATUS: candidate_width_measurement=v1 id=36 maximum=1 round=2 wall_ns=581125 cpu_ns=581750 states=367 verified=9 completion=0 alternatives=1
INSTRUMENTATION_STATUS_CODE: 0
INSTRUMENTATION_STATUS: candidate_width_measurement=v1 id=36 maximum=3 round=2 wall_ns=3686792 cpu_ns=3624875 states=2213 verified=48 completion=0 alternatives=3
INSTRUMENTATION_STATUS_CODE: 0
INSTRUMENTATION_STATUS: candidate_width_measurement=v1 id=36 maximum=7 round=2 wall_ns=3606792 cpu_ns=3581084 states=2213 verified=48 completion=0 alternatives=7
INSTRUMENTATION_STATUS_CODE: 0
INSTRUMENTATION_STATUS: candidate_width_measurement=v1 id=37 maximum=7 round=2 wall_ns=16049834 cpu_ns=15960833 states=8192 verified=5 completion=3 alternatives=5
INSTRUMENTATION_STATUS_CODE: 0
INSTRUMENTATION_STATUS: candidate_width_measurement=v1 id=37 maximum=3 round=2 wall_ns=17036250 cpu_ns=16149167 states=8192 verified=5 completion=3 alternatives=3
INSTRUMENTATION_STATUS_CODE: 0
INSTRUMENTATION_STATUS: candidate_width_measurement=v1 id=37 maximum=1 round=2 wall_ns=2470333 cpu_ns=2382293 states=1093 verified=5 completion=0 alternatives=1
INSTRUMENTATION_STATUS_CODE: 0
INSTRUMENTATION_STATUS: candidate_width_measurement=v1 id=38 maximum=1 round=2 wall_ns=1041542 cpu_ns=1023084 states=537 verified=6 completion=0 alternatives=1
INSTRUMENTATION_STATUS_CODE: 0
INSTRUMENTATION_STATUS: candidate_width_measurement=v1 id=38 maximum=3 round=2 wall_ns=5217125 cpu_ns=5150916 states=2434 verified=28 completion=0 alternatives=3
INSTRUMENTATION_STATUS_CODE: 0
INSTRUMENTATION_STATUS: candidate_width_measurement=v1 id=38 maximum=7 round=2 wall_ns=15679167 cpu_ns=15552126 states=8192 verified=29 completion=3 alternatives=7
INSTRUMENTATION_STATUS_CODE: 0
INSTRUMENTATION_STATUS: candidate_width_measurement=v1 id=39 maximum=7 round=2 wall_ns=3113667 cpu_ns=3067125 states=1873 verified=64 completion=4 alternatives=7
INSTRUMENTATION_STATUS_CODE: 0
INSTRUMENTATION_STATUS: candidate_width_measurement=v1 id=39 maximum=3 round=2 wall_ns=3714875 cpu_ns=3611958 states=1873 verified=64 completion=4 alternatives=3
INSTRUMENTATION_STATUS_CODE: 0
INSTRUMENTATION_STATUS: candidate_width_measurement=v1 id=39 maximum=1 round=2 wall_ns=810542 cpu_ns=811292 states=412 verified=23 completion=0 alternatives=1
INSTRUMENTATION_STATUS_CODE: 0
INSTRUMENTATION_STATUS: candidate_width_measurement=v1 id=40 maximum=1 round=2 wall_ns=422125 cpu_ns=369458 states=310 verified=33 completion=0 alternatives=1
INSTRUMENTATION_STATUS_CODE: 0
INSTRUMENTATION_STATUS: candidate_width_measurement=v1 id=40 maximum=3 round=2 wall_ns=318833 cpu_ns=314958 states=310 verified=33 completion=0 alternatives=3
INSTRUMENTATION_STATUS_CODE: 0
INSTRUMENTATION_STATUS: candidate_width_measurement=v1 id=40 maximum=7 round=2 wall_ns=748833 cpu_ns=730291 states=1119 verified=42 completion=0 alternatives=7
INSTRUMENTATION_STATUS_CODE: 0
INSTRUMENTATION_STATUS: candidate_width_measurement=v1 id=41 maximum=7 round=2 wall_ns=2733500 cpu_ns=2685000 states=3007 verified=13 completion=0 alternatives=7
INSTRUMENTATION_STATUS_CODE: 0
INSTRUMENTATION_STATUS: candidate_width_measurement=v1 id=41 maximum=3 round=2 wall_ns=1340583 cpu_ns=1327292 states=1616 verified=9 completion=0 alternatives=3
INSTRUMENTATION_STATUS_CODE: 0
INSTRUMENTATION_STATUS: candidate_width_measurement=v1 id=41 maximum=1 round=2 wall_ns=327708 cpu_ns=254250 states=353 verified=5 completion=0 alternatives=1
INSTRUMENTATION_STATUS_CODE: 0
INSTRUMENTATION_STATUS: candidate_width_measurement=v1 id=42 maximum=1 round=2 wall_ns=227709 cpu_ns=212583 states=236 verified=23 completion=0 alternatives=1
INSTRUMENTATION_STATUS_CODE: 0
INSTRUMENTATION_STATUS: candidate_width_measurement=v1 id=42 maximum=3 round=2 wall_ns=322708 cpu_ns=309458 states=401 verified=27 completion=0 alternatives=3
INSTRUMENTATION_STATUS_CODE: 0
INSTRUMENTATION_STATUS: candidate_width_measurement=v1 id=42 maximum=7 round=2 wall_ns=753125 cpu_ns=753917 states=1399 verified=41 completion=0 alternatives=7
INSTRUMENTATION_STATUS_CODE: 0
INSTRUMENTATION_STATUS: candidate_width_measurement=v1 id=43 maximum=7 round=2 wall_ns=6708958 cpu_ns=6669083 states=4904 verified=13 completion=0 alternatives=7
INSTRUMENTATION_STATUS_CODE: 0
INSTRUMENTATION_STATUS: candidate_width_measurement=v1 id=43 maximum=3 round=2 wall_ns=2098500 cpu_ns=2064834 states=1640 verified=7 completion=0 alternatives=3
INSTRUMENTATION_STATUS_CODE: 0
INSTRUMENTATION_STATUS: candidate_width_measurement=v1 id=43 maximum=1 round=2 wall_ns=2110458 cpu_ns=2085792 states=1640 verified=7 completion=0 alternatives=1
INSTRUMENTATION_STATUS_CODE: 0
INSTRUMENTATION_STATUS: candidate_width_measurement=v1 id=44 maximum=1 round=2 wall_ns=531125 cpu_ns=471417 states=612 verified=5 completion=0 alternatives=1
INSTRUMENTATION_STATUS_CODE: 0
INSTRUMENTATION_STATUS: candidate_width_measurement=v1 id=44 maximum=3 round=2 wall_ns=1274375 cpu_ns=1274625 states=1492 verified=7 completion=0 alternatives=3
INSTRUMENTATION_STATUS_CODE: 0
INSTRUMENTATION_STATUS: candidate_width_measurement=v1 id=44 maximum=7 round=2 wall_ns=2139916 cpu_ns=2087626 states=2455 verified=10 completion=0 alternatives=4
INSTRUMENTATION_STATUS_CODE: 0
INSTRUMENTATION_STATUS: candidate_width_measurement=v1 id=45 maximum=7 round=2 wall_ns=27000 cpu_ns=27708 states=28 verified=0 completion=2 alternatives=0
INSTRUMENTATION_STATUS_CODE: 0
INSTRUMENTATION_STATUS: candidate_width_measurement=v1 id=45 maximum=3 round=2 wall_ns=23666 cpu_ns=3875 states=28 verified=0 completion=2 alternatives=0
INSTRUMENTATION_STATUS_CODE: 0
INSTRUMENTATION_STATUS: candidate_width_measurement=v1 id=45 maximum=1 round=2 wall_ns=23291 cpu_ns=13375 states=28 verified=0 completion=2 alternatives=0
INSTRUMENTATION_STATUS_CODE: 0
INSTRUMENTATION_STATUS: candidate_width_measurement=v1 id=46 maximum=1 round=2 wall_ns=1005458 cpu_ns=1003792 states=724 verified=11 completion=0 alternatives=1
INSTRUMENTATION_STATUS_CODE: 0
INSTRUMENTATION_STATUS: candidate_width_measurement=v1 id=46 maximum=3 round=2 wall_ns=996583 cpu_ns=947082 states=724 verified=11 completion=0 alternatives=3
INSTRUMENTATION_STATUS_CODE: 0
INSTRUMENTATION_STATUS: candidate_width_measurement=v1 id=46 maximum=7 round=2 wall_ns=3039750 cpu_ns=3032625 states=2202 verified=27 completion=0 alternatives=7
INSTRUMENTATION_STATUS_CODE: 0
INSTRUMENTATION_STATUS: candidate_width_measurement=v1 id=47 maximum=7 round=2 wall_ns=13513583 cpu_ns=13356665 states=8192 verified=16 completion=3 alternatives=7
INSTRUMENTATION_STATUS_CODE: 0
INSTRUMENTATION_STATUS: candidate_width_measurement=v1 id=47 maximum=3 round=2 wall_ns=3947000 cpu_ns=3918584 states=2580 verified=16 completion=0 alternatives=3
INSTRUMENTATION_STATUS_CODE: 0
INSTRUMENTATION_STATUS: candidate_width_measurement=v1 id=47 maximum=1 round=2 wall_ns=2632542 cpu_ns=2588751 states=1621 verified=16 completion=0 alternatives=1
INSTRUMENTATION_STATUS_CODE: 0
INSTRUMENTATION_STATUS: candidate_width_measurement=v1 id=48 maximum=1 round=2 wall_ns=2466083 cpu_ns=2455125 states=1680 verified=21 completion=0 alternatives=1
INSTRUMENTATION_STATUS_CODE: 0
INSTRUMENTATION_STATUS: candidate_width_measurement=v1 id=48 maximum=3 round=2 wall_ns=2507500 cpu_ns=2423624 states=1680 verified=21 completion=0 alternatives=3
INSTRUMENTATION_STATUS_CODE: 0
INSTRUMENTATION_STATUS: candidate_width_measurement=v1 id=48 maximum=7 round=2 wall_ns=2682167 cpu_ns=2649000 states=1680 verified=21 completion=0 alternatives=7
INSTRUMENTATION_STATUS_CODE: 0
INSTRUMENTATION_STATUS: candidate_width_measurement=v1 id=49 maximum=7 round=2 wall_ns=1528000 cpu_ns=1528791 states=1514 verified=18 completion=0 alternatives=7
INSTRUMENTATION_STATUS_CODE: 0
INSTRUMENTATION_STATUS: candidate_width_measurement=v1 id=49 maximum=3 round=2 wall_ns=1479541 cpu_ns=1452750 states=1514 verified=18 completion=0 alternatives=3
INSTRUMENTATION_STATUS_CODE: 0
INSTRUMENTATION_STATUS: candidate_width_measurement=v1 id=49 maximum=1 round=2 wall_ns=310333 cpu_ns=303458 states=296 verified=5 completion=0 alternatives=1
INSTRUMENTATION_STATUS_CODE: 0
INSTRUMENTATION_STATUS: candidate_width_measurement=v1 id=50 maximum=1 round=2 wall_ns=440166 cpu_ns=440917 states=322 verified=8 completion=0 alternatives=1
INSTRUMENTATION_STATUS_CODE: 0
INSTRUMENTATION_STATUS: candidate_width_measurement=v1 id=50 maximum=3 round=2 wall_ns=2823375 cpu_ns=2778834 states=1892 verified=64 completion=4 alternatives=3
INSTRUMENTATION_STATUS_CODE: 0
INSTRUMENTATION_STATUS: candidate_width_measurement=v1 id=50 maximum=7 round=2 wall_ns=2889750 cpu_ns=2834999 states=1892 verified=64 completion=4 alternatives=7
INSTRUMENTATION_STATUS_CODE: 0
INSTRUMENTATION_STATUS: candidate_width_measurement=v1 id=51 maximum=7 round=2 wall_ns=1018792 cpu_ns=831875 states=740 verified=11 completion=0 alternatives=7
INSTRUMENTATION_STATUS_CODE: 0
INSTRUMENTATION_STATUS: candidate_width_measurement=v1 id=51 maximum=3 round=2 wall_ns=1306750 cpu_ns=684458 states=448 verified=11 completion=0 alternatives=3
INSTRUMENTATION_STATUS_CODE: 0
INSTRUMENTATION_STATUS: candidate_width_measurement=v1 id=51 maximum=1 round=2 wall_ns=466792 cpu_ns=437666 states=448 verified=11 completion=0 alternatives=1
INSTRUMENTATION_STATUS_CODE: 0
INSTRUMENTATION_STATUS: candidate_width_measurement=v1 id=52 maximum=1 round=2 wall_ns=3358583 cpu_ns=3298792 states=2008 verified=3 completion=0 alternatives=1
INSTRUMENTATION_STATUS_CODE: 0
INSTRUMENTATION_STATUS: candidate_width_measurement=v1 id=52 maximum=3 round=2 wall_ns=13989208 cpu_ns=13894417 states=8192 verified=4 completion=3 alternatives=3
INSTRUMENTATION_STATUS_CODE: 0
INSTRUMENTATION_STATUS: candidate_width_measurement=v1 id=52 maximum=7 round=2 wall_ns=13522416 cpu_ns=13468834 states=8192 verified=4 completion=3 alternatives=4
INSTRUMENTATION_STATUS_CODE: 0
INSTRUMENTATION_STATUS: candidate_width_measurement=v1 id=53 maximum=7 round=2 wall_ns=1483125 cpu_ns=1454624 states=1667 verified=10 completion=0 alternatives=7
INSTRUMENTATION_STATUS_CODE: 0
INSTRUMENTATION_STATUS: candidate_width_measurement=v1 id=53 maximum=3 round=2 wall_ns=427875 cpu_ns=428167 states=455 verified=6 completion=0 alternatives=3
INSTRUMENTATION_STATUS_CODE: 0
INSTRUMENTATION_STATUS: candidate_width_measurement=v1 id=53 maximum=1 round=2 wall_ns=305500 cpu_ns=278543 states=312 verified=4 completion=0 alternatives=1
INSTRUMENTATION_STATUS_CODE: 0
INSTRUMENTATION_STATUS: candidate_width_measurement=v1 id=54 maximum=1 round=2 wall_ns=2046792 cpu_ns=2047458 states=1412 verified=12 completion=0 alternatives=1
INSTRUMENTATION_STATUS_CODE: 0
INSTRUMENTATION_STATUS: candidate_width_measurement=v1 id=54 maximum=3 round=2 wall_ns=6427958 cpu_ns=6310875 states=4405 verified=14 completion=0 alternatives=3
INSTRUMENTATION_STATUS_CODE: 0
INSTRUMENTATION_STATUS: candidate_width_measurement=v1 id=54 maximum=7 round=2 wall_ns=13533542 cpu_ns=13186751 states=8192 verified=14 completion=3 alternatives=7
INSTRUMENTATION_STATUS_CODE: 0
INSTRUMENTATION_STATUS: candidate_width_measurement=v1 id=55 maximum=7 round=2 wall_ns=11499292 cpu_ns=11389000 states=6979 verified=13 completion=0 alternatives=7
INSTRUMENTATION_STATUS_CODE: 0
INSTRUMENTATION_STATUS: candidate_width_measurement=v1 id=55 maximum=3 round=2 wall_ns=11544167 cpu_ns=11419668 states=6979 verified=13 completion=0 alternatives=3
INSTRUMENTATION_STATUS_CODE: 0
INSTRUMENTATION_STATUS: candidate_width_measurement=v1 id=55 maximum=1 round=2 wall_ns=3807666 cpu_ns=3582627 states=2276 verified=10 completion=0 alternatives=1
INSTRUMENTATION_STATUS_CODE: 0
INSTRUMENTATION_STATUS: candidate_width_measurement=v1 id=56 maximum=1 round=2 wall_ns=1295209 cpu_ns=1097750 states=1277 verified=8 completion=0 alternatives=1
INSTRUMENTATION_STATUS_CODE: 0
INSTRUMENTATION_STATUS: candidate_width_measurement=v1 id=56 maximum=3 round=2 wall_ns=1254209 cpu_ns=1134375 states=1277 verified=8 completion=0 alternatives=3
INSTRUMENTATION_STATUS_CODE: 0
INSTRUMENTATION_STATUS: candidate_width_measurement=v1 id=56 maximum=7 round=2 wall_ns=1284625 cpu_ns=1120292 states=1277 verified=8 completion=0 alternatives=7
INSTRUMENTATION_STATUS_CODE: 0
INSTRUMENTATION_STATUS: candidate_width_measurement=v1 id=57 maximum=7 round=2 wall_ns=13341125 cpu_ns=13140500 states=8192 verified=3 completion=3 alternatives=3
INSTRUMENTATION_STATUS_CODE: 0
INSTRUMENTATION_STATUS: candidate_width_measurement=v1 id=57 maximum=3 round=2 wall_ns=13243750 cpu_ns=12978748 states=8192 verified=3 completion=3 alternatives=3
INSTRUMENTATION_STATUS_CODE: 0
INSTRUMENTATION_STATUS: candidate_width_measurement=v1 id=57 maximum=1 round=2 wall_ns=2690750 cpu_ns=2525166 states=1609 verified=3 completion=0 alternatives=1
INSTRUMENTATION_STATUS_CODE: 0
INSTRUMENTATION_STATUS: candidate_width_measurement=v1 id=58 maximum=1 round=2 wall_ns=675500 cpu_ns=580417 states=349 verified=5 completion=0 alternatives=1
INSTRUMENTATION_STATUS_CODE: 0
INSTRUMENTATION_STATUS: candidate_width_measurement=v1 id=58 maximum=3 round=2 wall_ns=4393625 cpu_ns=3381875 states=2200 verified=48 completion=0 alternatives=3
INSTRUMENTATION_STATUS_CODE: 0
INSTRUMENTATION_STATUS: candidate_width_measurement=v1 id=58 maximum=7 round=2 wall_ns=3365208 cpu_ns=3253710 states=2200 verified=48 completion=0 alternatives=7
INSTRUMENTATION_STATUS_CODE: 0
INSTRUMENTATION_STATUS: candidate_width_measurement=v1 id=59 maximum=7 round=2 wall_ns=7833209 cpu_ns=7688042 states=5151 verified=15 completion=0 alternatives=7
INSTRUMENTATION_STATUS_CODE: 0
INSTRUMENTATION_STATUS: candidate_width_measurement=v1 id=59 maximum=3 round=2 wall_ns=4027209 cpu_ns=3905458 states=2741 verified=13 completion=0 alternatives=3
INSTRUMENTATION_STATUS_CODE: 0
INSTRUMENTATION_STATUS: candidate_width_measurement=v1 id=59 maximum=1 round=2 wall_ns=2196125 cpu_ns=2122959 states=1483 verified=9 completion=0 alternatives=1
INSTRUMENTATION_STATUS_CODE: 0
INSTRUMENTATION_STATUS: candidate_width_measurement=v1 id=0 maximum=7 round=3 wall_ns=11185250 cpu_ns=11093751 states=8192 verified=13 completion=3 alternatives=7
INSTRUMENTATION_STATUS_CODE: 0
INSTRUMENTATION_STATUS: candidate_width_measurement=v1 id=0 maximum=3 round=3 wall_ns=6625333 cpu_ns=6489459 states=4713 verified=13 completion=0 alternatives=3
INSTRUMENTATION_STATUS_CODE: 0
INSTRUMENTATION_STATUS: candidate_width_measurement=v1 id=0 maximum=1 round=3 wall_ns=2189792 cpu_ns=2068958 states=1475 verified=13 completion=0 alternatives=1
INSTRUMENTATION_STATUS_CODE: 0
INSTRUMENTATION_STATUS: candidate_width_measurement=v1 id=1 maximum=1 round=3 wall_ns=582375 cpu_ns=481166 states=444 verified=9 completion=0 alternatives=1
INSTRUMENTATION_STATUS_CODE: 0
INSTRUMENTATION_STATUS: candidate_width_measurement=v1 id=1 maximum=3 round=3 wall_ns=563500 cpu_ns=490792 states=444 verified=9 completion=0 alternatives=3
INSTRUMENTATION_STATUS_CODE: 0
INSTRUMENTATION_STATUS: candidate_width_measurement=v1 id=1 maximum=7 round=3 wall_ns=1236458 cpu_ns=1131791 states=1438 verified=13 completion=0 alternatives=7
INSTRUMENTATION_STATUS_CODE: 0
INSTRUMENTATION_STATUS: candidate_width_measurement=v1 id=2 maximum=7 round=3 wall_ns=11388459 cpu_ns=11204460 states=8192 verified=5 completion=3 alternatives=5
INSTRUMENTATION_STATUS_CODE: 0
INSTRUMENTATION_STATUS: candidate_width_measurement=v1 id=2 maximum=3 round=3 wall_ns=9128250 cpu_ns=8950541 states=6379 verified=5 completion=0 alternatives=3
INSTRUMENTATION_STATUS_CODE: 0
INSTRUMENTATION_STATUS: candidate_width_measurement=v1 id=2 maximum=1 round=3 wall_ns=2226667 cpu_ns=2187458 states=1689 verified=2 completion=0 alternatives=1
INSTRUMENTATION_STATUS_CODE: 0
INSTRUMENTATION_STATUS: candidate_width_measurement=v1 id=3 maximum=1 round=3 wall_ns=2233625 cpu_ns=2100167 states=1775 verified=17 completion=0 alternatives=1
INSTRUMENTATION_STATUS_CODE: 0
INSTRUMENTATION_STATUS: candidate_width_measurement=v1 id=3 maximum=3 round=3 wall_ns=3394833 cpu_ns=3285459 states=2646 verified=46 completion=0 alternatives=3
INSTRUMENTATION_STATUS_CODE: 0
INSTRUMENTATION_STATUS: candidate_width_measurement=v1 id=3 maximum=7 round=3 wall_ns=7792959 cpu_ns=7609875 states=6441 verified=57 completion=0 alternatives=7
INSTRUMENTATION_STATUS_CODE: 0
INSTRUMENTATION_STATUS: candidate_width_measurement=v1 id=4 maximum=7 round=3 wall_ns=11055500 cpu_ns=10925876 states=8192 verified=7 completion=3 alternatives=7
INSTRUMENTATION_STATUS_CODE: 0
INSTRUMENTATION_STATUS: candidate_width_measurement=v1 id=4 maximum=3 round=3 wall_ns=6402084 cpu_ns=6228375 states=4569 verified=7 completion=0 alternatives=3
INSTRUMENTATION_STATUS_CODE: 0
INSTRUMENTATION_STATUS: candidate_width_measurement=v1 id=4 maximum=1 round=3 wall_ns=2266792 cpu_ns=2095208 states=1562 verified=7 completion=0 alternatives=1
INSTRUMENTATION_STATUS_CODE: 0
INSTRUMENTATION_STATUS: candidate_width_measurement=v1 id=5 maximum=1 round=3 wall_ns=1529875 cpu_ns=841251 states=514 verified=11 completion=0 alternatives=1
INSTRUMENTATION_STATUS_CODE: 0
INSTRUMENTATION_STATUS: candidate_width_measurement=v1 id=5 maximum=3 round=3 wall_ns=2637334 cpu_ns=2533583 states=2139 verified=59 completion=0 alternatives=3
INSTRUMENTATION_STATUS_CODE: 0
INSTRUMENTATION_STATUS: candidate_width_measurement=v1 id=5 maximum=7 round=3 wall_ns=2427917 cpu_ns=2379082 states=2139 verified=59 completion=0 alternatives=7
INSTRUMENTATION_STATUS_CODE: 0
INSTRUMENTATION_STATUS: candidate_width_measurement=v1 id=6 maximum=7 round=3 wall_ns=6321000 cpu_ns=6294959 states=5398 verified=16 completion=0 alternatives=7
INSTRUMENTATION_STATUS_CODE: 0
INSTRUMENTATION_STATUS: candidate_width_measurement=v1 id=6 maximum=3 round=3 wall_ns=6158625 cpu_ns=6119584 states=5398 verified=16 completion=0 alternatives=3
INSTRUMENTATION_STATUS_CODE: 0
INSTRUMENTATION_STATUS: candidate_width_measurement=v1 id=6 maximum=1 round=3 wall_ns=1522625 cpu_ns=1504916 states=1463 verified=6 completion=0 alternatives=1
INSTRUMENTATION_STATUS_CODE: 0
INSTRUMENTATION_STATUS: candidate_width_measurement=v1 id=7 maximum=1 round=3 wall_ns=2408583 cpu_ns=2370292 states=1851 verified=8 completion=0 alternatives=1
INSTRUMENTATION_STATUS_CODE: 0
INSTRUMENTATION_STATUS: candidate_width_measurement=v1 id=7 maximum=3 round=3 wall_ns=2387375 cpu_ns=2354292 states=1851 verified=8 completion=0 alternatives=3
INSTRUMENTATION_STATUS_CODE: 0
INSTRUMENTATION_STATUS: candidate_width_measurement=v1 id=7 maximum=7 round=3 wall_ns=8448667 cpu_ns=8408043 states=5678 verified=45 completion=0 alternatives=7
INSTRUMENTATION_STATUS_CODE: 0
INSTRUMENTATION_STATUS: candidate_width_measurement=v1 id=8 maximum=7 round=3 wall_ns=2255750 cpu_ns=2256500 states=1503 verified=64 completion=4 alternatives=7
INSTRUMENTATION_STATUS_CODE: 0
INSTRUMENTATION_STATUS: candidate_width_measurement=v1 id=8 maximum=3 round=3 wall_ns=2274958 cpu_ns=2237500 states=1503 verified=64 completion=4 alternatives=3
INSTRUMENTATION_STATUS_CODE: 0
INSTRUMENTATION_STATUS: candidate_width_measurement=v1 id=8 maximum=1 round=3 wall_ns=558375 cpu_ns=546000 states=327 verified=18 completion=0 alternatives=1
INSTRUMENTATION_STATUS_CODE: 0
INSTRUMENTATION_STATUS: candidate_width_measurement=v1 id=9 maximum=1 round=3 wall_ns=361625 cpu_ns=349541 states=358 verified=4 completion=0 alternatives=1
INSTRUMENTATION_STATUS_CODE: 0
INSTRUMENTATION_STATUS: candidate_width_measurement=v1 id=9 maximum=3 round=3 wall_ns=1489875 cpu_ns=1442958 states=1282 verified=10 completion=0 alternatives=3
INSTRUMENTATION_STATUS_CODE: 0
INSTRUMENTATION_STATUS: candidate_width_measurement=v1 id=9 maximum=7 round=3 wall_ns=5354917 cpu_ns=5299291 states=4662 verified=13 completion=0 alternatives=7
INSTRUMENTATION_STATUS_CODE: 0
INSTRUMENTATION_STATUS: candidate_width_measurement=v1 id=10 maximum=7 round=3 wall_ns=1346000 cpu_ns=1346750 states=1917 verified=42 completion=0 alternatives=7
INSTRUMENTATION_STATUS_CODE: 0
INSTRUMENTATION_STATUS: candidate_width_measurement=v1 id=10 maximum=3 round=3 wall_ns=412125 cpu_ns=385791 states=422 verified=20 completion=0 alternatives=3
INSTRUMENTATION_STATUS_CODE: 0
INSTRUMENTATION_STATUS: candidate_width_measurement=v1 id=10 maximum=1 round=3 wall_ns=383041 cpu_ns=367625 states=422 verified=20 completion=0 alternatives=1
INSTRUMENTATION_STATUS_CODE: 0
INSTRUMENTATION_STATUS: candidate_width_measurement=v1 id=11 maximum=1 round=3 wall_ns=2798291 cpu_ns=2771083 states=2058 verified=28 completion=0 alternatives=1
INSTRUMENTATION_STATUS_CODE: 0
INSTRUMENTATION_STATUS: candidate_width_measurement=v1 id=11 maximum=3 round=3 wall_ns=2742667 cpu_ns=2736417 states=2058 verified=28 completion=0 alternatives=3
INSTRUMENTATION_STATUS_CODE: 0
INSTRUMENTATION_STATUS: candidate_width_measurement=v1 id=11 maximum=7 round=3 wall_ns=11205541 cpu_ns=11126833 states=8192 verified=49 completion=3 alternatives=7
INSTRUMENTATION_STATUS_CODE: 0
INSTRUMENTATION_STATUS: candidate_width_measurement=v1 id=12 maximum=7 round=3 wall_ns=1676333 cpu_ns=1575042 states=1986 verified=15 completion=0 alternatives=7
INSTRUMENTATION_STATUS_CODE: 0
INSTRUMENTATION_STATUS: candidate_width_measurement=v1 id=12 maximum=3 round=3 wall_ns=385750 cpu_ns=374041 states=420 verified=5 completion=0 alternatives=3
INSTRUMENTATION_STATUS_CODE: 0
INSTRUMENTATION_STATUS: candidate_width_measurement=v1 id=12 maximum=1 round=3 wall_ns=288583 cpu_ns=288042 states=324 verified=4 completion=0 alternatives=1
INSTRUMENTATION_STATUS_CODE: 0
INSTRUMENTATION_STATUS: candidate_width_measurement=v1 id=13 maximum=1 round=3 wall_ns=838333 cpu_ns=839042 states=599 verified=26 completion=0 alternatives=1
INSTRUMENTATION_STATUS_CODE: 0
INSTRUMENTATION_STATUS: candidate_width_measurement=v1 id=13 maximum=3 round=3 wall_ns=2295583 cpu_ns=2273959 states=1861 verified=44 completion=0 alternatives=3
INSTRUMENTATION_STATUS_CODE: 0
INSTRUMENTATION_STATUS: candidate_width_measurement=v1 id=13 maximum=7 round=3 wall_ns=3654167 cpu_ns=3592207 states=2999 verified=64 completion=4 alternatives=7
INSTRUMENTATION_STATUS_CODE: 0
INSTRUMENTATION_STATUS: candidate_width_measurement=v1 id=14 maximum=7 round=3 wall_ns=13440084 cpu_ns=12668957 states=8192 verified=1 completion=3 alternatives=1
INSTRUMENTATION_STATUS_CODE: 0
INSTRUMENTATION_STATUS: candidate_width_measurement=v1 id=14 maximum=3 round=3 wall_ns=12571958 cpu_ns=12454584 states=8192 verified=1 completion=3 alternatives=1
INSTRUMENTATION_STATUS_CODE: 0
INSTRUMENTATION_STATUS: candidate_width_measurement=v1 id=14 maximum=1 round=3 wall_ns=2715500 cpu_ns=2688084 states=1930 verified=1 completion=0 alternatives=1
INSTRUMENTATION_STATUS_CODE: 0
INSTRUMENTATION_STATUS: candidate_width_measurement=v1 id=15 maximum=1 round=3 wall_ns=226500 cpu_ns=227167 states=250 verified=3 completion=0 alternatives=1
INSTRUMENTATION_STATUS_CODE: 0
INSTRUMENTATION_STATUS: candidate_width_measurement=v1 id=15 maximum=3 round=3 wall_ns=989208 cpu_ns=975792 states=1324 verified=9 completion=0 alternatives=3
INSTRUMENTATION_STATUS_CODE: 0
INSTRUMENTATION_STATUS: candidate_width_measurement=v1 id=15 maximum=7 round=3 wall_ns=969834 cpu_ns=967125 states=1324 verified=9 completion=0 alternatives=7
INSTRUMENTATION_STATUS_CODE: 0
INSTRUMENTATION_STATUS: candidate_width_measurement=v1 id=16 maximum=7 round=3 wall_ns=10264334 cpu_ns=10222917 states=8192 verified=14 completion=3 alternatives=7
INSTRUMENTATION_STATUS_CODE: 0
INSTRUMENTATION_STATUS: candidate_width_measurement=v1 id=16 maximum=3 round=3 wall_ns=2068792 cpu_ns=1961960 states=1607 verified=13 completion=0 alternatives=3
INSTRUMENTATION_STATUS_CODE: 0
INSTRUMENTATION_STATUS: candidate_width_measurement=v1 id=16 maximum=1 round=3 wall_ns=1947125 cpu_ns=1941749 states=1607 verified=13 completion=0 alternatives=1
INSTRUMENTATION_STATUS_CODE: 0
INSTRUMENTATION_STATUS: candidate_width_measurement=v1 id=17 maximum=1 round=3 wall_ns=1738667 cpu_ns=1733875 states=1517 verified=1 completion=0 alternatives=1
INSTRUMENTATION_STATUS_CODE: 0
INSTRUMENTATION_STATUS: candidate_width_measurement=v1 id=17 maximum=3 round=3 wall_ns=10819000 cpu_ns=10751540 states=8192 verified=2 completion=3 alternatives=2
INSTRUMENTATION_STATUS_CODE: 0
INSTRUMENTATION_STATUS: candidate_width_measurement=v1 id=17 maximum=7 round=3 wall_ns=10812875 cpu_ns=10636626 states=8192 verified=2 completion=3 alternatives=2
INSTRUMENTATION_STATUS_CODE: 0
INSTRUMENTATION_STATUS: candidate_width_measurement=v1 id=18 maximum=7 round=3 wall_ns=2558292 cpu_ns=2472708 states=3409 verified=5 completion=0 alternatives=5
INSTRUMENTATION_STATUS_CODE: 0
INSTRUMENTATION_STATUS: candidate_width_measurement=v1 id=18 maximum=3 round=3 wall_ns=2041166 cpu_ns=1899168 states=2064 verified=5 completion=0 alternatives=3
INSTRUMENTATION_STATUS_CODE: 0
INSTRUMENTATION_STATUS: candidate_width_measurement=v1 id=18 maximum=1 round=3 wall_ns=423709 cpu_ns=425500 states=411 verified=4 completion=0 alternatives=1
INSTRUMENTATION_STATUS_CODE: 0
INSTRUMENTATION_STATUS: candidate_width_measurement=v1 id=19 maximum=1 round=3 wall_ns=343042 cpu_ns=343833 states=292 verified=29 completion=0 alternatives=1
INSTRUMENTATION_STATUS_CODE: 0
INSTRUMENTATION_STATUS: candidate_width_measurement=v1 id=19 maximum=3 round=3 wall_ns=344041 cpu_ns=339416 states=292 verified=29 completion=0 alternatives=3
INSTRUMENTATION_STATUS_CODE: 0
INSTRUMENTATION_STATUS: candidate_width_measurement=v1 id=19 maximum=7 round=3 wall_ns=954542 cpu_ns=869876 states=1121 verified=50 completion=0 alternatives=7
INSTRUMENTATION_STATUS_CODE: 0
INSTRUMENTATION_STATUS: candidate_width_measurement=v1 id=20 maximum=7 round=3 wall_ns=5405708 cpu_ns=5282500 states=2619 verified=64 completion=4 alternatives=7
INSTRUMENTATION_STATUS_CODE: 0
INSTRUMENTATION_STATUS: candidate_width_measurement=v1 id=20 maximum=3 round=3 wall_ns=5419916 cpu_ns=5327792 states=2619 verified=64 completion=4 alternatives=3
INSTRUMENTATION_STATUS_CODE: 0
INSTRUMENTATION_STATUS: candidate_width_measurement=v1 id=20 maximum=1 round=3 wall_ns=4793542 cpu_ns=4709459 states=2619 verified=64 completion=4 alternatives=1
INSTRUMENTATION_STATUS_CODE: 0
INSTRUMENTATION_STATUS: candidate_width_measurement=v1 id=21 maximum=1 round=3 wall_ns=4217292 cpu_ns=4106624 states=2111 verified=12 completion=0 alternatives=1
INSTRUMENTATION_STATUS_CODE: 0
INSTRUMENTATION_STATUS: candidate_width_measurement=v1 id=21 maximum=3 round=3 wall_ns=3907000 cpu_ns=3817958 states=2111 verified=12 completion=0 alternatives=3
INSTRUMENTATION_STATUS_CODE: 0
INSTRUMENTATION_STATUS: candidate_width_measurement=v1 id=21 maximum=7 round=3 wall_ns=11480250 cpu_ns=11364333 states=5806 verified=21 completion=0 alternatives=7
INSTRUMENTATION_STATUS_CODE: 0
INSTRUMENTATION_STATUS: candidate_width_measurement=v1 id=22 maximum=7 round=3 wall_ns=2011167 cpu_ns=1882085 states=1928 verified=10 completion=0 alternatives=7
INSTRUMENTATION_STATUS_CODE: 0
INSTRUMENTATION_STATUS: candidate_width_measurement=v1 id=22 maximum=3 round=3 wall_ns=2960292 cpu_ns=2110584 states=1928 verified=10 completion=0 alternatives=3
INSTRUMENTATION_STATUS_CODE: 0
INSTRUMENTATION_STATUS: candidate_width_measurement=v1 id=22 maximum=1 round=3 wall_ns=308167 cpu_ns=265916 states=293 verified=2 completion=0 alternatives=1
INSTRUMENTATION_STATUS_CODE: 0
INSTRUMENTATION_STATUS: candidate_width_measurement=v1 id=23 maximum=1 round=3 wall_ns=292667 cpu_ns=289417 states=253 verified=3 completion=0 alternatives=1
INSTRUMENTATION_STATUS_CODE: 0
INSTRUMENTATION_STATUS: candidate_width_measurement=v1 id=23 maximum=3 round=3 wall_ns=268625 cpu_ns=250792 states=253 verified=3 completion=0 alternatives=3
INSTRUMENTATION_STATUS_CODE: 0
INSTRUMENTATION_STATUS: candidate_width_measurement=v1 id=23 maximum=7 round=3 wall_ns=1525875 cpu_ns=1430333 states=1455 verified=24 completion=0 alternatives=7
INSTRUMENTATION_STATUS_CODE: 0
INSTRUMENTATION_STATUS: candidate_width_measurement=v1 id=24 maximum=7 round=3 wall_ns=894458 cpu_ns=767333 states=1273 verified=29 completion=0 alternatives=7
INSTRUMENTATION_STATUS_CODE: 0
INSTRUMENTATION_STATUS: candidate_width_measurement=v1 id=24 maximum=3 round=3 wall_ns=202416 cpu_ns=170500 states=192 verified=11 completion=0 alternatives=3
INSTRUMENTATION_STATUS_CODE: 0
INSTRUMENTATION_STATUS: candidate_width_measurement=v1 id=24 maximum=1 round=3 wall_ns=194833 cpu_ns=180250 states=192 verified=11 completion=0 alternatives=1
INSTRUMENTATION_STATUS_CODE: 0
INSTRUMENTATION_STATUS: candidate_width_measurement=v1 id=25 maximum=1 round=3 wall_ns=2380709 cpu_ns=2308708 states=1614 verified=6 completion=0 alternatives=1
INSTRUMENTATION_STATUS_CODE: 0
INSTRUMENTATION_STATUS: candidate_width_measurement=v1 id=25 maximum=3 round=3 wall_ns=10012125 cpu_ns=9934415 states=6796 verified=11 completion=0 alternatives=3
INSTRUMENTATION_STATUS_CODE: 0
INSTRUMENTATION_STATUS: candidate_width_measurement=v1 id=25 maximum=7 round=3 wall_ns=9772667 cpu_ns=9632918 states=6796 verified=11 completion=0 alternatives=7
INSTRUMENTATION_STATUS_CODE: 0
INSTRUMENTATION_STATUS: candidate_width_measurement=v1 id=26 maximum=7 round=3 wall_ns=7564708 cpu_ns=7514957 states=4889 verified=39 completion=0 alternatives=7
INSTRUMENTATION_STATUS_CODE: 0
INSTRUMENTATION_STATUS: candidate_width_measurement=v1 id=26 maximum=3 round=3 wall_ns=7548875 cpu_ns=7467834 states=4889 verified=39 completion=0 alternatives=3
INSTRUMENTATION_STATUS_CODE: 0
INSTRUMENTATION_STATUS: candidate_width_measurement=v1 id=26 maximum=1 round=3 wall_ns=2962750 cpu_ns=2914542 states=1814 verified=31 completion=0 alternatives=1
INSTRUMENTATION_STATUS_CODE: 0
INSTRUMENTATION_STATUS: candidate_width_measurement=v1 id=27 maximum=1 round=3 wall_ns=358833 cpu_ns=359708 states=280 verified=6 completion=0 alternatives=1
INSTRUMENTATION_STATUS_CODE: 0
INSTRUMENTATION_STATUS: candidate_width_measurement=v1 id=27 maximum=3 round=3 wall_ns=408584 cpu_ns=380458 states=280 verified=6 completion=0 alternatives=3
INSTRUMENTATION_STATUS_CODE: 0
INSTRUMENTATION_STATUS: candidate_width_measurement=v1 id=27 maximum=7 round=3 wall_ns=1624541 cpu_ns=1559250 states=1508 verified=8 completion=0 alternatives=7
INSTRUMENTATION_STATUS_CODE: 0
INSTRUMENTATION_STATUS: candidate_width_measurement=v1 id=28 maximum=7 round=3 wall_ns=6777709 cpu_ns=6717583 states=4469 verified=63 completion=0 alternatives=7
INSTRUMENTATION_STATUS_CODE: 0
INSTRUMENTATION_STATUS: candidate_width_measurement=v1 id=28 maximum=3 round=3 wall_ns=2572416 cpu_ns=2497292 states=1466 verified=53 completion=0 alternatives=3
INSTRUMENTATION_STATUS_CODE: 0
INSTRUMENTATION_STATUS: candidate_width_measurement=v1 id=28 maximum=1 round=3 wall_ns=562708 cpu_ns=563583 states=336 verified=13 completion=0 alternatives=1
INSTRUMENTATION_STATUS_CODE: 0
INSTRUMENTATION_STATUS: candidate_width_measurement=v1 id=29 maximum=1 round=3 wall_ns=3064542 cpu_ns=3014542 states=1750 verified=28 completion=0 alternatives=1
INSTRUMENTATION_STATUS_CODE: 0
INSTRUMENTATION_STATUS: candidate_width_measurement=v1 id=29 maximum=3 round=3 wall_ns=2850500 cpu_ns=2829500 states=1750 verified=28 completion=0 alternatives=3
INSTRUMENTATION_STATUS_CODE: 0
INSTRUMENTATION_STATUS: candidate_width_measurement=v1 id=29 maximum=7 round=3 wall_ns=11290792 cpu_ns=11193043 states=7060 verified=55 completion=0 alternatives=7
INSTRUMENTATION_STATUS_CODE: 0
INSTRUMENTATION_STATUS: candidate_width_measurement=v1 id=30 maximum=7 round=3 wall_ns=3645875 cpu_ns=3620959 states=2206 verified=64 completion=4 alternatives=7
INSTRUMENTATION_STATUS_CODE: 0
INSTRUMENTATION_STATUS: candidate_width_measurement=v1 id=30 maximum=3 round=3 wall_ns=3500000 cpu_ns=3477417 states=2206 verified=64 completion=4 alternatives=3
INSTRUMENTATION_STATUS_CODE: 0
INSTRUMENTATION_STATUS: candidate_width_measurement=v1 id=30 maximum=1 round=3 wall_ns=3478791 cpu_ns=3452374 states=2206 verified=64 completion=4 alternatives=1
INSTRUMENTATION_STATUS_CODE: 0
INSTRUMENTATION_STATUS: candidate_width_measurement=v1 id=31 maximum=1 round=3 wall_ns=3365083 cpu_ns=3309459 states=2079 verified=2 completion=0 alternatives=1
INSTRUMENTATION_STATUS_CODE: 0
INSTRUMENTATION_STATUS: candidate_width_measurement=v1 id=31 maximum=3 round=3 wall_ns=4096750 cpu_ns=4056000 states=2464 verified=5 completion=0 alternatives=3
INSTRUMENTATION_STATUS_CODE: 0
INSTRUMENTATION_STATUS: candidate_width_measurement=v1 id=31 maximum=7 round=3 wall_ns=12774542 cpu_ns=11926625 states=6727 verified=12 completion=0 alternatives=7
INSTRUMENTATION_STATUS_CODE: 0
INSTRUMENTATION_STATUS: candidate_width_measurement=v1 id=32 maximum=7 round=3 wall_ns=8586208 cpu_ns=8459291 states=5006 verified=47 completion=0 alternatives=7
INSTRUMENTATION_STATUS_CODE: 0
INSTRUMENTATION_STATUS: candidate_width_measurement=v1 id=32 maximum=3 round=3 wall_ns=3156250 cpu_ns=3157125 states=1787 verified=39 completion=0 alternatives=3
INSTRUMENTATION_STATUS_CODE: 0
INSTRUMENTATION_STATUS: candidate_width_measurement=v1 id=32 maximum=1 round=3 wall_ns=3243000 cpu_ns=3195791 states=1787 verified=39 completion=0 alternatives=1
INSTRUMENTATION_STATUS_CODE: 0
INSTRUMENTATION_STATUS: candidate_width_measurement=v1 id=33 maximum=1 round=3 wall_ns=1982583 cpu_ns=1880501 states=1398 verified=12 completion=0 alternatives=1
INSTRUMENTATION_STATUS_CODE: 0
INSTRUMENTATION_STATUS: candidate_width_measurement=v1 id=33 maximum=3 round=3 wall_ns=4941458 cpu_ns=4799708 states=3501 verified=18 completion=0 alternatives=3
INSTRUMENTATION_STATUS_CODE: 0
INSTRUMENTATION_STATUS: candidate_width_measurement=v1 id=33 maximum=7 round=3 wall_ns=4838208 cpu_ns=4624124 states=3501 verified=18 completion=0 alternatives=7
INSTRUMENTATION_STATUS_CODE: 0
INSTRUMENTATION_STATUS: candidate_width_measurement=v1 id=34 maximum=7 round=3 wall_ns=14917958 cpu_ns=14672998 states=8192 verified=26 completion=3 alternatives=7
INSTRUMENTATION_STATUS_CODE: 0
INSTRUMENTATION_STATUS: candidate_width_measurement=v1 id=34 maximum=3 round=3 wall_ns=5013958 cpu_ns=4835875 states=2542 verified=22 completion=0 alternatives=3
INSTRUMENTATION_STATUS_CODE: 0
INSTRUMENTATION_STATUS: candidate_width_measurement=v1 id=34 maximum=1 round=3 wall_ns=4680083 cpu_ns=4612416 states=2542 verified=22 completion=0 alternatives=1
INSTRUMENTATION_STATUS_CODE: 0
INSTRUMENTATION_STATUS: candidate_width_measurement=v1 id=35 maximum=1 round=3 wall_ns=3172875 cpu_ns=3032333 states=1844 verified=23 completion=0 alternatives=1
INSTRUMENTATION_STATUS_CODE: 0
INSTRUMENTATION_STATUS: candidate_width_measurement=v1 id=35 maximum=3 round=3 wall_ns=2979416 cpu_ns=2906083 states=1844 verified=23 completion=0 alternatives=3
INSTRUMENTATION_STATUS_CODE: 0
INSTRUMENTATION_STATUS: candidate_width_measurement=v1 id=35 maximum=7 round=3 wall_ns=12380875 cpu_ns=12174500 states=8192 verified=25 completion=3 alternatives=7
INSTRUMENTATION_STATUS_CODE: 0
INSTRUMENTATION_STATUS: candidate_width_measurement=v1 id=36 maximum=7 round=3 wall_ns=4060083 cpu_ns=3917541 states=2213 verified=48 completion=0 alternatives=7
INSTRUMENTATION_STATUS_CODE: 0
INSTRUMENTATION_STATUS: candidate_width_measurement=v1 id=36 maximum=3 round=3 wall_ns=3940458 cpu_ns=3773957 states=2213 verified=48 completion=0 alternatives=3
INSTRUMENTATION_STATUS_CODE: 0
INSTRUMENTATION_STATUS: candidate_width_measurement=v1 id=36 maximum=1 round=3 wall_ns=684416 cpu_ns=665999 states=367 verified=9 completion=0 alternatives=1
INSTRUMENTATION_STATUS_CODE: 0
INSTRUMENTATION_STATUS: candidate_width_measurement=v1 id=37 maximum=1 round=3 wall_ns=2535875 cpu_ns=2407706 states=1093 verified=5 completion=0 alternatives=1
INSTRUMENTATION_STATUS_CODE: 0
INSTRUMENTATION_STATUS: candidate_width_measurement=v1 id=37 maximum=3 round=3 wall_ns=16993459 cpu_ns=16759042 states=8192 verified=5 completion=3 alternatives=3
INSTRUMENTATION_STATUS_CODE: 0
INSTRUMENTATION_STATUS: candidate_width_measurement=v1 id=37 maximum=7 round=3 wall_ns=16698291 cpu_ns=16504209 states=8192 verified=5 completion=3 alternatives=5
INSTRUMENTATION_STATUS_CODE: 0
INSTRUMENTATION_STATUS: candidate_width_measurement=v1 id=38 maximum=7 round=3 wall_ns=17477917 cpu_ns=16492626 states=8192 verified=29 completion=3 alternatives=7
INSTRUMENTATION_STATUS_CODE: 0
INSTRUMENTATION_STATUS: candidate_width_measurement=v1 id=38 maximum=3 round=3 wall_ns=5457917 cpu_ns=5319752 states=2434 verified=28 completion=0 alternatives=3
INSTRUMENTATION_STATUS_CODE: 0
INSTRUMENTATION_STATUS: candidate_width_measurement=v1 id=38 maximum=1 round=3 wall_ns=1278000 cpu_ns=1188582 states=537 verified=6 completion=0 alternatives=1
INSTRUMENTATION_STATUS_CODE: 0
INSTRUMENTATION_STATUS: candidate_width_measurement=v1 id=39 maximum=1 round=3 wall_ns=946958 cpu_ns=862958 states=412 verified=23 completion=0 alternatives=1
INSTRUMENTATION_STATUS_CODE: 0
INSTRUMENTATION_STATUS: candidate_width_measurement=v1 id=39 maximum=3 round=3 wall_ns=3226000 cpu_ns=3106044 states=1873 verified=64 completion=4 alternatives=3
INSTRUMENTATION_STATUS_CODE: 0
INSTRUMENTATION_STATUS: candidate_width_measurement=v1 id=39 maximum=7 round=3 wall_ns=3204584 cpu_ns=3096877 states=1873 verified=64 completion=4 alternatives=7
INSTRUMENTATION_STATUS_CODE: 0
INSTRUMENTATION_STATUS: candidate_width_measurement=v1 id=40 maximum=7 round=3 wall_ns=975042 cpu_ns=893291 states=1119 verified=42 completion=0 alternatives=7
INSTRUMENTATION_STATUS_CODE: 0
INSTRUMENTATION_STATUS: candidate_width_measurement=v1 id=40 maximum=3 round=3 wall_ns=485875 cpu_ns=427916 states=310 verified=33 completion=0 alternatives=3
INSTRUMENTATION_STATUS_CODE: 0
INSTRUMENTATION_STATUS: candidate_width_measurement=v1 id=40 maximum=1 round=3 wall_ns=503125 cpu_ns=431125 states=310 verified=33 completion=0 alternatives=1
INSTRUMENTATION_STATUS_CODE: 0
INSTRUMENTATION_STATUS: candidate_width_measurement=v1 id=41 maximum=1 round=3 wall_ns=487125 cpu_ns=419584 states=353 verified=5 completion=0 alternatives=1
INSTRUMENTATION_STATUS_CODE: 0
INSTRUMENTATION_STATUS: candidate_width_measurement=v1 id=41 maximum=3 round=3 wall_ns=1604291 cpu_ns=1463459 states=1616 verified=9 completion=0 alternatives=3
INSTRUMENTATION_STATUS_CODE: 0
INSTRUMENTATION_STATUS: candidate_width_measurement=v1 id=41 maximum=7 round=3 wall_ns=2756875 cpu_ns=2609750 states=3007 verified=13 completion=0 alternatives=7
INSTRUMENTATION_STATUS_CODE: 0
INSTRUMENTATION_STATUS: candidate_width_measurement=v1 id=42 maximum=7 round=3 wall_ns=764167 cpu_ns=699709 states=1399 verified=41 completion=0 alternatives=7
INSTRUMENTATION_STATUS_CODE: 0
INSTRUMENTATION_STATUS: candidate_width_measurement=v1 id=42 maximum=3 round=3 wall_ns=496375 cpu_ns=426041 states=401 verified=27 completion=0 alternatives=3
INSTRUMENTATION_STATUS_CODE: 0
INSTRUMENTATION_STATUS: candidate_width_measurement=v1 id=42 maximum=1 round=3 wall_ns=405583 cpu_ns=294666 states=236 verified=23 completion=0 alternatives=1
INSTRUMENTATION_STATUS_CODE: 0
INSTRUMENTATION_STATUS: candidate_width_measurement=v1 id=43 maximum=1 round=3 wall_ns=2326584 cpu_ns=2201749 states=1640 verified=7 completion=0 alternatives=1
INSTRUMENTATION_STATUS_CODE: 0
INSTRUMENTATION_STATUS: candidate_width_measurement=v1 id=43 maximum=3 round=3 wall_ns=2249750 cpu_ns=2159416 states=1640 verified=7 completion=0 alternatives=3
INSTRUMENTATION_STATUS_CODE: 0
INSTRUMENTATION_STATUS: candidate_width_measurement=v1 id=43 maximum=7 round=3 wall_ns=6735750 cpu_ns=6616790 states=4904 verified=13 completion=0 alternatives=7
INSTRUMENTATION_STATUS_CODE: 0
INSTRUMENTATION_STATUS: candidate_width_measurement=v1 id=44 maximum=7 round=3 wall_ns=2260458 cpu_ns=2182959 states=2455 verified=10 completion=0 alternatives=4
INSTRUMENTATION_STATUS_CODE: 0
INSTRUMENTATION_STATUS: candidate_width_measurement=v1 id=44 maximum=3 round=3 wall_ns=1466791 cpu_ns=1385166 states=1492 verified=7 completion=0 alternatives=3
INSTRUMENTATION_STATUS_CODE: 0
INSTRUMENTATION_STATUS: candidate_width_measurement=v1 id=44 maximum=1 round=3 wall_ns=715792 cpu_ns=642959 states=612 verified=5 completion=0 alternatives=1
INSTRUMENTATION_STATUS_CODE: 0
INSTRUMENTATION_STATUS: candidate_width_measurement=v1 id=45 maximum=1 round=3 wall_ns=95833 cpu_ns=0 states=28 verified=0 completion=2 alternatives=0
INSTRUMENTATION_STATUS_CODE: 0
INSTRUMENTATION_STATUS: candidate_width_measurement=v1 id=45 maximum=3 round=3 wall_ns=24333 cpu_ns=0 states=28 verified=0 completion=2 alternatives=0
INSTRUMENTATION_STATUS_CODE: 0
INSTRUMENTATION_STATUS: candidate_width_measurement=v1 id=45 maximum=7 round=3 wall_ns=23042 cpu_ns=0 states=28 verified=0 completion=2 alternatives=0
INSTRUMENTATION_STATUS_CODE: 0
INSTRUMENTATION_STATUS: candidate_width_measurement=v1 id=46 maximum=7 round=3 wall_ns=3029750 cpu_ns=3000001 states=2202 verified=27 completion=0 alternatives=7
INSTRUMENTATION_STATUS_CODE: 0
INSTRUMENTATION_STATUS: candidate_width_measurement=v1 id=46 maximum=3 round=3 wall_ns=968666 cpu_ns=968874 states=724 verified=11 completion=0 alternatives=3
INSTRUMENTATION_STATUS_CODE: 0
INSTRUMENTATION_STATUS: candidate_width_measurement=v1 id=46 maximum=1 round=3 wall_ns=954292 cpu_ns=893625 states=724 verified=11 completion=0 alternatives=1
INSTRUMENTATION_STATUS_CODE: 0
INSTRUMENTATION_STATUS: candidate_width_measurement=v1 id=47 maximum=1 round=3 wall_ns=2706125 cpu_ns=2640209 states=1621 verified=16 completion=0 alternatives=1
INSTRUMENTATION_STATUS_CODE: 0
INSTRUMENTATION_STATUS: candidate_width_measurement=v1 id=47 maximum=3 round=3 wall_ns=3900292 cpu_ns=3846501 states=2580 verified=16 completion=0 alternatives=3
INSTRUMENTATION_STATUS_CODE: 0
INSTRUMENTATION_STATUS: candidate_width_measurement=v1 id=47 maximum=7 round=3 wall_ns=13258292 cpu_ns=13201833 states=8192 verified=16 completion=3 alternatives=7
INSTRUMENTATION_STATUS_CODE: 0
INSTRUMENTATION_STATUS: candidate_width_measurement=v1 id=48 maximum=7 round=3 wall_ns=2435333 cpu_ns=2397291 states=1680 verified=21 completion=0 alternatives=7
INSTRUMENTATION_STATUS_CODE: 0
INSTRUMENTATION_STATUS: candidate_width_measurement=v1 id=48 maximum=3 round=3 wall_ns=2419917 cpu_ns=2395167 states=1680 verified=21 completion=0 alternatives=3
INSTRUMENTATION_STATUS_CODE: 0
INSTRUMENTATION_STATUS: candidate_width_measurement=v1 id=48 maximum=1 round=3 wall_ns=2346084 cpu_ns=2333001 states=1680 verified=21 completion=0 alternatives=1
INSTRUMENTATION_STATUS_CODE: 0
INSTRUMENTATION_STATUS: candidate_width_measurement=v1 id=49 maximum=1 round=3 wall_ns=300542 cpu_ns=297709 states=296 verified=5 completion=0 alternatives=1
INSTRUMENTATION_STATUS_CODE: 0
INSTRUMENTATION_STATUS: candidate_width_measurement=v1 id=49 maximum=3 round=3 wall_ns=1514541 cpu_ns=1441667 states=1514 verified=18 completion=0 alternatives=3
INSTRUMENTATION_STATUS_CODE: 0
INSTRUMENTATION_STATUS: candidate_width_measurement=v1 id=49 maximum=7 round=3 wall_ns=1423917 cpu_ns=1423459 states=1514 verified=18 completion=0 alternatives=7
INSTRUMENTATION_STATUS_CODE: 0
INSTRUMENTATION_STATUS: candidate_width_measurement=v1 id=50 maximum=7 round=3 wall_ns=2826000 cpu_ns=2764916 states=1892 verified=64 completion=4 alternatives=7
INSTRUMENTATION_STATUS_CODE: 0
INSTRUMENTATION_STATUS: candidate_width_measurement=v1 id=50 maximum=3 round=3 wall_ns=2762958 cpu_ns=2713833 states=1892 verified=64 completion=4 alternatives=3
INSTRUMENTATION_STATUS_CODE: 0
INSTRUMENTATION_STATUS: candidate_width_measurement=v1 id=50 maximum=1 round=3 wall_ns=440791 cpu_ns=441167 states=322 verified=8 completion=0 alternatives=1
INSTRUMENTATION_STATUS_CODE: 0
INSTRUMENTATION_STATUS: candidate_width_measurement=v1 id=51 maximum=1 round=3 wall_ns=666209 cpu_ns=541582 states=448 verified=11 completion=0 alternatives=1
INSTRUMENTATION_STATUS_CODE: 0
INSTRUMENTATION_STATUS: candidate_width_measurement=v1 id=51 maximum=3 round=3 wall_ns=448208 cpu_ns=441625 states=448 verified=11 completion=0 alternatives=3
INSTRUMENTATION_STATUS_CODE: 0
INSTRUMENTATION_STATUS: candidate_width_measurement=v1 id=51 maximum=7 round=3 wall_ns=682458 cpu_ns=671293 states=740 verified=11 completion=0 alternatives=7
INSTRUMENTATION_STATUS_CODE: 0
INSTRUMENTATION_STATUS: candidate_width_measurement=v1 id=52 maximum=7 round=3 wall_ns=14926333 cpu_ns=14057959 states=8192 verified=4 completion=3 alternatives=4
INSTRUMENTATION_STATUS_CODE: 0
INSTRUMENTATION_STATUS: candidate_width_measurement=v1 id=52 maximum=3 round=3 wall_ns=13723250 cpu_ns=13647250 states=8192 verified=4 completion=3 alternatives=3
INSTRUMENTATION_STATUS_CODE: 0
INSTRUMENTATION_STATUS: candidate_width_measurement=v1 id=52 maximum=1 round=3 wall_ns=3137875 cpu_ns=3099000 states=2008 verified=3 completion=0 alternatives=1
INSTRUMENTATION_STATUS_CODE: 0
INSTRUMENTATION_STATUS: candidate_width_measurement=v1 id=53 maximum=1 round=3 wall_ns=294625 cpu_ns=295167 states=312 verified=4 completion=0 alternatives=1
INSTRUMENTATION_STATUS_CODE: 0
INSTRUMENTATION_STATUS: candidate_width_measurement=v1 id=53 maximum=3 round=3 wall_ns=428083 cpu_ns=428750 states=455 verified=6 completion=0 alternatives=3
INSTRUMENTATION_STATUS_CODE: 0
INSTRUMENTATION_STATUS: candidate_width_measurement=v1 id=53 maximum=7 round=3 wall_ns=1426291 cpu_ns=1399458 states=1667 verified=10 completion=0 alternatives=7
INSTRUMENTATION_STATUS_CODE: 0
INSTRUMENTATION_STATUS: candidate_width_measurement=v1 id=54 maximum=7 round=3 wall_ns=11223417 cpu_ns=11099958 states=8192 verified=14 completion=3 alternatives=7
INSTRUMENTATION_STATUS_CODE: 0
INSTRUMENTATION_STATUS: candidate_width_measurement=v1 id=54 maximum=3 round=3 wall_ns=6029375 cpu_ns=5991125 states=4405 verified=14 completion=0 alternatives=3
INSTRUMENTATION_STATUS_CODE: 0
INSTRUMENTATION_STATUS: candidate_width_measurement=v1 id=54 maximum=1 round=3 wall_ns=1978375 cpu_ns=1977959 states=1412 verified=12 completion=0 alternatives=1
INSTRUMENTATION_STATUS_CODE: 0
INSTRUMENTATION_STATUS: candidate_width_measurement=v1 id=55 maximum=1 round=3 wall_ns=3440708 cpu_ns=3392251 states=2276 verified=10 completion=0 alternatives=1
INSTRUMENTATION_STATUS_CODE: 0
INSTRUMENTATION_STATUS: candidate_width_measurement=v1 id=55 maximum=3 round=3 wall_ns=10902125 cpu_ns=10821624 states=6979 verified=13 completion=0 alternatives=3
INSTRUMENTATION_STATUS_CODE: 0
INSTRUMENTATION_STATUS: candidate_width_measurement=v1 id=55 maximum=7 round=3 wall_ns=10808291 cpu_ns=10720417 states=6979 verified=13 completion=0 alternatives=7
INSTRUMENTATION_STATUS_CODE: 0
INSTRUMENTATION_STATUS: candidate_width_measurement=v1 id=56 maximum=7 round=3 wall_ns=1069584 cpu_ns=1070333 states=1277 verified=8 completion=0 alternatives=7
INSTRUMENTATION_STATUS_CODE: 0
INSTRUMENTATION_STATUS: candidate_width_measurement=v1 id=56 maximum=3 round=3 wall_ns=1014541 cpu_ns=995250 states=1277 verified=8 completion=0 alternatives=3
INSTRUMENTATION_STATUS_CODE: 0
INSTRUMENTATION_STATUS: candidate_width_measurement=v1 id=56 maximum=1 round=3 wall_ns=1047916 cpu_ns=1047292 states=1277 verified=8 completion=0 alternatives=1
INSTRUMENTATION_STATUS_CODE: 0
INSTRUMENTATION_STATUS: candidate_width_measurement=v1 id=57 maximum=1 round=3 wall_ns=2459750 cpu_ns=2420958 states=1609 verified=3 completion=0 alternatives=1
INSTRUMENTATION_STATUS_CODE: 0
INSTRUMENTATION_STATUS: candidate_width_measurement=v1 id=57 maximum=3 round=3 wall_ns=12959916 cpu_ns=12908125 states=8192 verified=3 completion=3 alternatives=3
INSTRUMENTATION_STATUS_CODE: 0
INSTRUMENTATION_STATUS: candidate_width_measurement=v1 id=57 maximum=7 round=3 wall_ns=12664917 cpu_ns=12614458 states=8192 verified=3 completion=3 alternatives=3
INSTRUMENTATION_STATUS_CODE: 0
INSTRUMENTATION_STATUS: candidate_width_measurement=v1 id=58 maximum=7 round=3 wall_ns=3300208 cpu_ns=3195750 states=2200 verified=48 completion=0 alternatives=7
INSTRUMENTATION_STATUS_CODE: 0
INSTRUMENTATION_STATUS: candidate_width_measurement=v1 id=58 maximum=3 round=3 wall_ns=4047042 cpu_ns=3347333 states=2200 verified=48 completion=0 alternatives=3
INSTRUMENTATION_STATUS_CODE: 0
INSTRUMENTATION_STATUS: candidate_width_measurement=v1 id=58 maximum=1 round=3 wall_ns=461208 cpu_ns=461666 states=349 verified=5 completion=0 alternatives=1
INSTRUMENTATION_STATUS_CODE: 0
INSTRUMENTATION_STATUS: candidate_width_measurement=v1 id=59 maximum=1 round=3 wall_ns=2136125 cpu_ns=2083458 states=1483 verified=9 completion=0 alternatives=1
INSTRUMENTATION_STATUS_CODE: 0
INSTRUMENTATION_STATUS: candidate_width_measurement=v1 id=59 maximum=3 round=3 wall_ns=3828166 cpu_ns=3799083 states=2741 verified=13 completion=0 alternatives=3
INSTRUMENTATION_STATUS_CODE: 0
INSTRUMENTATION_STATUS: candidate_width_measurement=v1 id=59 maximum=7 round=3 wall_ns=7610750 cpu_ns=7444292 states=5151 verified=15 completion=0 alternatives=7
INSTRUMENTATION_STATUS_CODE: 0
INSTRUMENTATION_STATUS: candidate_width_measurement=v1 id=0 maximum=1 round=4 wall_ns=1976292 cpu_ns=1939251 states=1475 verified=13 completion=0 alternatives=1
INSTRUMENTATION_STATUS_CODE: 0
INSTRUMENTATION_STATUS: candidate_width_measurement=v1 id=0 maximum=3 round=4 wall_ns=6335709 cpu_ns=6279248 states=4713 verified=13 completion=0 alternatives=3
INSTRUMENTATION_STATUS_CODE: 0
INSTRUMENTATION_STATUS: candidate_width_measurement=v1 id=0 maximum=7 round=4 wall_ns=10815667 cpu_ns=10733208 states=8192 verified=13 completion=3 alternatives=7
INSTRUMENTATION_STATUS_CODE: 0
INSTRUMENTATION_STATUS: candidate_width_measurement=v1 id=1 maximum=7 round=4 wall_ns=1117750 cpu_ns=1087708 states=1438 verified=13 completion=0 alternatives=7
INSTRUMENTATION_STATUS_CODE: 0
INSTRUMENTATION_STATUS: candidate_width_measurement=v1 id=1 maximum=3 round=4 wall_ns=362792 cpu_ns=308083 states=444 verified=9 completion=0 alternatives=3
INSTRUMENTATION_STATUS_CODE: 0
INSTRUMENTATION_STATUS: candidate_width_measurement=v1 id=1 maximum=1 round=4 wall_ns=368708 cpu_ns=358167 states=444 verified=9 completion=0 alternatives=1
INSTRUMENTATION_STATUS_CODE: 0
INSTRUMENTATION_STATUS: candidate_width_measurement=v1 id=2 maximum=1 round=4 wall_ns=2108000 cpu_ns=2086084 states=1689 verified=2 completion=0 alternatives=1
INSTRUMENTATION_STATUS_CODE: 0
INSTRUMENTATION_STATUS: candidate_width_measurement=v1 id=2 maximum=3 round=4 wall_ns=8871000 cpu_ns=8738708 states=6379 verified=5 completion=0 alternatives=3
INSTRUMENTATION_STATUS_CODE: 0
INSTRUMENTATION_STATUS: candidate_width_measurement=v1 id=2 maximum=7 round=4 wall_ns=10973667 cpu_ns=10922167 states=8192 verified=5 completion=3 alternatives=5
INSTRUMENTATION_STATUS_CODE: 0
INSTRUMENTATION_STATUS: candidate_width_measurement=v1 id=3 maximum=7 round=4 wall_ns=7361000 cpu_ns=7286251 states=6441 verified=57 completion=0 alternatives=7
INSTRUMENTATION_STATUS_CODE: 0
INSTRUMENTATION_STATUS: candidate_width_measurement=v1 id=3 maximum=3 round=4 wall_ns=3254291 cpu_ns=3142917 states=2646 verified=46 completion=0 alternatives=3
INSTRUMENTATION_STATUS_CODE: 0
INSTRUMENTATION_STATUS: candidate_width_measurement=v1 id=3 maximum=1 round=4 wall_ns=1971791 cpu_ns=1920042 states=1775 verified=17 completion=0 alternatives=1
INSTRUMENTATION_STATUS_CODE: 0
INSTRUMENTATION_STATUS: candidate_width_measurement=v1 id=4 maximum=1 round=4 wall_ns=1950458 cpu_ns=1951250 states=1562 verified=7 completion=0 alternatives=1
INSTRUMENTATION_STATUS_CODE: 0
INSTRUMENTATION_STATUS: candidate_width_measurement=v1 id=4 maximum=3 round=4 wall_ns=6148167 cpu_ns=6041541 states=4569 verified=7 completion=0 alternatives=3
INSTRUMENTATION_STATUS_CODE: 0
INSTRUMENTATION_STATUS: candidate_width_measurement=v1 id=4 maximum=7 round=4 wall_ns=10795875 cpu_ns=10654915 states=8192 verified=7 completion=3 alternatives=7
INSTRUMENTATION_STATUS_CODE: 0
INSTRUMENTATION_STATUS: candidate_width_measurement=v1 id=5 maximum=7 round=4 wall_ns=3305167 cpu_ns=2654501 states=2139 verified=59 completion=0 alternatives=7
INSTRUMENTATION_STATUS_CODE: 0
INSTRUMENTATION_STATUS: candidate_width_measurement=v1 id=5 maximum=3 round=4 wall_ns=2395584 cpu_ns=2395167 states=2139 verified=59 completion=0 alternatives=3
INSTRUMENTATION_STATUS_CODE: 0
INSTRUMENTATION_STATUS: candidate_width_measurement=v1 id=5 maximum=1 round=4 wall_ns=511000 cpu_ns=485001 states=514 verified=11 completion=0 alternatives=1
INSTRUMENTATION_STATUS_CODE: 0
INSTRUMENTATION_STATUS: candidate_width_measurement=v1 id=6 maximum=1 round=4 wall_ns=1540042 cpu_ns=1540584 states=1463 verified=6 completion=0 alternatives=1
INSTRUMENTATION_STATUS_CODE: 0
INSTRUMENTATION_STATUS: candidate_width_measurement=v1 id=6 maximum=3 round=4 wall_ns=6245750 cpu_ns=6194416 states=5398 verified=16 completion=0 alternatives=3
INSTRUMENTATION_STATUS_CODE: 0
INSTRUMENTATION_STATUS: candidate_width_measurement=v1 id=6 maximum=7 round=4 wall_ns=6179208 cpu_ns=6134584 states=5398 verified=16 completion=0 alternatives=7
INSTRUMENTATION_STATUS_CODE: 0
INSTRUMENTATION_STATUS: candidate_width_measurement=v1 id=7 maximum=7 round=4 wall_ns=8488292 cpu_ns=8441209 states=5678 verified=45 completion=0 alternatives=7
INSTRUMENTATION_STATUS_CODE: 0
INSTRUMENTATION_STATUS: candidate_width_measurement=v1 id=7 maximum=3 round=4 wall_ns=2387333 cpu_ns=2335417 states=1851 verified=8 completion=0 alternatives=3
INSTRUMENTATION_STATUS_CODE: 0
INSTRUMENTATION_STATUS: candidate_width_measurement=v1 id=7 maximum=1 round=4 wall_ns=2414958 cpu_ns=2371750 states=1851 verified=8 completion=0 alternatives=1
INSTRUMENTATION_STATUS_CODE: 0
INSTRUMENTATION_STATUS: candidate_width_measurement=v1 id=8 maximum=1 round=4 wall_ns=525125 cpu_ns=521833 states=327 verified=18 completion=0 alternatives=1
INSTRUMENTATION_STATUS_CODE: 0
INSTRUMENTATION_STATUS: candidate_width_measurement=v1 id=8 maximum=3 round=4 wall_ns=2339583 cpu_ns=2323166 states=1503 verified=64 completion=4 alternatives=3
INSTRUMENTATION_STATUS_CODE: 0
INSTRUMENTATION_STATUS: candidate_width_measurement=v1 id=8 maximum=7 round=4 wall_ns=2357666 cpu_ns=2313292 states=1503 verified=64 completion=4 alternatives=7
INSTRUMENTATION_STATUS_CODE: 0
INSTRUMENTATION_STATUS: candidate_width_measurement=v1 id=9 maximum=7 round=4 wall_ns=5638625 cpu_ns=5522834 states=4662 verified=13 completion=0 alternatives=7
INSTRUMENTATION_STATUS_CODE: 0
INSTRUMENTATION_STATUS: candidate_width_measurement=v1 id=9 maximum=3 round=4 wall_ns=1449125 cpu_ns=1444124 states=1282 verified=10 completion=0 alternatives=3
INSTRUMENTATION_STATUS_CODE: 0
INSTRUMENTATION_STATUS: candidate_width_measurement=v1 id=9 maximum=1 round=4 wall_ns=380500 cpu_ns=364000 states=358 verified=4 completion=0 alternatives=1
INSTRUMENTATION_STATUS_CODE: 0
INSTRUMENTATION_STATUS: candidate_width_measurement=v1 id=10 maximum=1 round=4 wall_ns=409292 cpu_ns=410209 states=422 verified=20 completion=0 alternatives=1
INSTRUMENTATION_STATUS_CODE: 0
INSTRUMENTATION_STATUS: candidate_width_measurement=v1 id=10 maximum=3 round=4 wall_ns=402042 cpu_ns=392125 states=422 verified=20 completion=0 alternatives=3
INSTRUMENTATION_STATUS_CODE: 0
INSTRUMENTATION_STATUS: candidate_width_measurement=v1 id=10 maximum=7 round=4 wall_ns=1451250 cpu_ns=1388792 states=1917 verified=42 completion=0 alternatives=7
INSTRUMENTATION_STATUS_CODE: 0
INSTRUMENTATION_STATUS: candidate_width_measurement=v1 id=11 maximum=7 round=4 wall_ns=11495000 cpu_ns=11438083 states=8192 verified=49 completion=3 alternatives=7
INSTRUMENTATION_STATUS_CODE: 0
INSTRUMENTATION_STATUS: candidate_width_measurement=v1 id=11 maximum=3 round=4 wall_ns=2809708 cpu_ns=2738918 states=2058 verified=28 completion=0 alternatives=3
INSTRUMENTATION_STATUS_CODE: 0
INSTRUMENTATION_STATUS: candidate_width_measurement=v1 id=11 maximum=1 round=4 wall_ns=2817541 cpu_ns=2812250 states=2058 verified=28 completion=0 alternatives=1
INSTRUMENTATION_STATUS_CODE: 0
INSTRUMENTATION_STATUS: candidate_width_measurement=v1 id=12 maximum=1 round=4 wall_ns=298583 cpu_ns=299292 states=324 verified=4 completion=0 alternatives=1
INSTRUMENTATION_STATUS_CODE: 0
INSTRUMENTATION_STATUS: candidate_width_measurement=v1 id=12 maximum=3 round=4 wall_ns=456542 cpu_ns=409209 states=420 verified=5 completion=0 alternatives=3
INSTRUMENTATION_STATUS_CODE: 0
INSTRUMENTATION_STATUS: candidate_width_measurement=v1 id=12 maximum=7 round=4 wall_ns=1641542 cpu_ns=1569208 states=1986 verified=15 completion=0 alternatives=7
INSTRUMENTATION_STATUS_CODE: 0
INSTRUMENTATION_STATUS: candidate_width_measurement=v1 id=13 maximum=7 round=4 wall_ns=3722750 cpu_ns=3699667 states=2999 verified=64 completion=4 alternatives=7
INSTRUMENTATION_STATUS_CODE: 0
INSTRUMENTATION_STATUS: candidate_width_measurement=v1 id=13 maximum=3 round=4 wall_ns=2330000 cpu_ns=2302668 states=1861 verified=44 completion=0 alternatives=3
INSTRUMENTATION_STATUS_CODE: 0
INSTRUMENTATION_STATUS: candidate_width_measurement=v1 id=13 maximum=1 round=4 wall_ns=811250 cpu_ns=786624 states=599 verified=26 completion=0 alternatives=1
INSTRUMENTATION_STATUS_CODE: 0
INSTRUMENTATION_STATUS: candidate_width_measurement=v1 id=14 maximum=1 round=4 wall_ns=2746459 cpu_ns=2720999 states=1930 verified=1 completion=0 alternatives=1
INSTRUMENTATION_STATUS_CODE: 0
INSTRUMENTATION_STATUS: candidate_width_measurement=v1 id=14 maximum=3 round=4 wall_ns=13754667 cpu_ns=12842127 states=8192 verified=1 completion=3 alternatives=1
INSTRUMENTATION_STATUS_CODE: 0
INSTRUMENTATION_STATUS: candidate_width_measurement=v1 id=14 maximum=7 round=4 wall_ns=12588625 cpu_ns=12526625 states=8192 verified=1 completion=3 alternatives=1
INSTRUMENTATION_STATUS_CODE: 0
INSTRUMENTATION_STATUS: candidate_width_measurement=v1 id=15 maximum=7 round=4 wall_ns=1041750 cpu_ns=1017625 states=1324 verified=9 completion=0 alternatives=7
INSTRUMENTATION_STATUS_CODE: 0
INSTRUMENTATION_STATUS: candidate_width_measurement=v1 id=15 maximum=3 round=4 wall_ns=1029250 cpu_ns=1028208 states=1324 verified=9 completion=0 alternatives=3
INSTRUMENTATION_STATUS_CODE: 0
INSTRUMENTATION_STATUS: candidate_width_measurement=v1 id=15 maximum=1 round=4 wall_ns=229458 cpu_ns=224708 states=250 verified=3 completion=0 alternatives=1
INSTRUMENTATION_STATUS_CODE: 0
INSTRUMENTATION_STATUS: candidate_width_measurement=v1 id=16 maximum=1 round=4 wall_ns=2007500 cpu_ns=1967042 states=1607 verified=13 completion=0 alternatives=1
INSTRUMENTATION_STATUS_CODE: 0
INSTRUMENTATION_STATUS: candidate_width_measurement=v1 id=16 maximum=3 round=4 wall_ns=2028000 cpu_ns=1978750 states=1607 verified=13 completion=0 alternatives=3
INSTRUMENTATION_STATUS_CODE: 0
INSTRUMENTATION_STATUS: candidate_width_measurement=v1 id=16 maximum=7 round=4 wall_ns=10338000 cpu_ns=10233081 states=8192 verified=14 completion=3 alternatives=7
INSTRUMENTATION_STATUS_CODE: 0
INSTRUMENTATION_STATUS: candidate_width_measurement=v1 id=17 maximum=7 round=4 wall_ns=10870417 cpu_ns=10810584 states=8192 verified=2 completion=3 alternatives=2
INSTRUMENTATION_STATUS_CODE: 0
INSTRUMENTATION_STATUS: candidate_width_measurement=v1 id=17 maximum=3 round=4 wall_ns=10654834 cpu_ns=10596709 states=8192 verified=2 completion=3 alternatives=2
INSTRUMENTATION_STATUS_CODE: 0
INSTRUMENTATION_STATUS: candidate_width_measurement=v1 id=17 maximum=1 round=4 wall_ns=1766250 cpu_ns=1735833 states=1517 verified=1 completion=0 alternatives=1
INSTRUMENTATION_STATUS_CODE: 0
INSTRUMENTATION_STATUS: candidate_width_measurement=v1 id=18 maximum=1 round=4 wall_ns=338334 cpu_ns=335917 states=411 verified=4 completion=0 alternatives=1
INSTRUMENTATION_STATUS_CODE: 0
INSTRUMENTATION_STATUS: candidate_width_measurement=v1 id=18 maximum=3 round=4 wall_ns=1501209 cpu_ns=1455708 states=2064 verified=5 completion=0 alternatives=3
INSTRUMENTATION_STATUS_CODE: 0
INSTRUMENTATION_STATUS: candidate_width_measurement=v1 id=18 maximum=7 round=4 wall_ns=2572209 cpu_ns=2541209 states=3409 verified=5 completion=0 alternatives=5
INSTRUMENTATION_STATUS_CODE: 0
INSTRUMENTATION_STATUS: candidate_width_measurement=v1 id=19 maximum=7 round=4 wall_ns=876792 cpu_ns=877375 states=1121 verified=50 completion=0 alternatives=7
INSTRUMENTATION_STATUS_CODE: 0
INSTRUMENTATION_STATUS: candidate_width_measurement=v1 id=19 maximum=3 round=4 wall_ns=323750 cpu_ns=265041 states=292 verified=29 completion=0 alternatives=3
INSTRUMENTATION_STATUS_CODE: 0
INSTRUMENTATION_STATUS: candidate_width_measurement=v1 id=19 maximum=1 round=4 wall_ns=421041 cpu_ns=340583 states=292 verified=29 completion=0 alternatives=1
INSTRUMENTATION_STATUS_CODE: 0
INSTRUMENTATION_STATUS: candidate_width_measurement=v1 id=20 maximum=1 round=4 wall_ns=4862792 cpu_ns=4708709 states=2619 verified=64 completion=4 alternatives=1
INSTRUMENTATION_STATUS_CODE: 0
INSTRUMENTATION_STATUS: candidate_width_measurement=v1 id=20 maximum=3 round=4 wall_ns=4543958 cpu_ns=4508499 states=2619 verified=64 completion=4 alternatives=3
INSTRUMENTATION_STATUS_CODE: 0
INSTRUMENTATION_STATUS: candidate_width_measurement=v1 id=20 maximum=7 round=4 wall_ns=4578416 cpu_ns=4510459 states=2619 verified=64 completion=4 alternatives=7
INSTRUMENTATION_STATUS_CODE: 0
INSTRUMENTATION_STATUS: candidate_width_measurement=v1 id=21 maximum=7 round=4 wall_ns=11489875 cpu_ns=11441792 states=5806 verified=21 completion=0 alternatives=7
INSTRUMENTATION_STATUS_CODE: 0
INSTRUMENTATION_STATUS: candidate_width_measurement=v1 id=21 maximum=3 round=4 wall_ns=4856833 cpu_ns=4058165 states=2111 verified=12 completion=0 alternatives=3
INSTRUMENTATION_STATUS_CODE: 0
INSTRUMENTATION_STATUS: candidate_width_measurement=v1 id=21 maximum=1 round=4 wall_ns=4027000 cpu_ns=3984875 states=2111 verified=12 completion=0 alternatives=1
INSTRUMENTATION_STATUS_CODE: 0
INSTRUMENTATION_STATUS: candidate_width_measurement=v1 id=22 maximum=1 round=4 wall_ns=316625 cpu_ns=317333 states=293 verified=2 completion=0 alternatives=1
INSTRUMENTATION_STATUS_CODE: 0
INSTRUMENTATION_STATUS: candidate_width_measurement=v1 id=22 maximum=3 round=4 wall_ns=1832959 cpu_ns=1764001 states=1928 verified=10 completion=0 alternatives=3
INSTRUMENTATION_STATUS_CODE: 0
INSTRUMENTATION_STATUS: candidate_width_measurement=v1 id=22 maximum=7 round=4 wall_ns=1767250 cpu_ns=1734708 states=1928 verified=10 completion=0 alternatives=7
INSTRUMENTATION_STATUS_CODE: 0
INSTRUMENTATION_STATUS: candidate_width_measurement=v1 id=23 maximum=7 round=4 wall_ns=1446167 cpu_ns=1446333 states=1455 verified=24 completion=0 alternatives=7
INSTRUMENTATION_STATUS_CODE: 0
INSTRUMENTATION_STATUS: candidate_width_measurement=v1 id=23 maximum=3 round=4 wall_ns=314542 cpu_ns=285125 states=253 verified=3 completion=0 alternatives=3
INSTRUMENTATION_STATUS_CODE: 0
INSTRUMENTATION_STATUS: candidate_width_measurement=v1 id=23 maximum=1 round=4 wall_ns=253125 cpu_ns=230750 states=253 verified=3 completion=0 alternatives=1
INSTRUMENTATION_STATUS_CODE: 0
INSTRUMENTATION_STATUS: candidate_width_measurement=v1 id=24 maximum=1 round=4 wall_ns=223083 cpu_ns=224042 states=192 verified=11 completion=0 alternatives=1
INSTRUMENTATION_STATUS_CODE: 0
INSTRUMENTATION_STATUS: candidate_width_measurement=v1 id=24 maximum=3 round=4 wall_ns=249375 cpu_ns=211584 states=192 verified=11 completion=0 alternatives=3
INSTRUMENTATION_STATUS_CODE: 0
INSTRUMENTATION_STATUS: candidate_width_measurement=v1 id=24 maximum=7 round=4 wall_ns=859042 cpu_ns=836042 states=1273 verified=29 completion=0 alternatives=7
INSTRUMENTATION_STATUS_CODE: 0
INSTRUMENTATION_STATUS: candidate_width_measurement=v1 id=25 maximum=7 round=4 wall_ns=9785542 cpu_ns=9737876 states=6796 verified=11 completion=0 alternatives=7
INSTRUMENTATION_STATUS_CODE: 0
INSTRUMENTATION_STATUS: candidate_width_measurement=v1 id=25 maximum=3 round=4 wall_ns=9560041 cpu_ns=9507626 states=6796 verified=11 completion=0 alternatives=3
INSTRUMENTATION_STATUS_CODE: 0
INSTRUMENTATION_STATUS: candidate_width_measurement=v1 id=25 maximum=1 round=4 wall_ns=2168417 cpu_ns=2121083 states=1614 verified=6 completion=0 alternatives=1
INSTRUMENTATION_STATUS_CODE: 0
INSTRUMENTATION_STATUS: candidate_width_measurement=v1 id=26 maximum=1 round=4 wall_ns=2837458 cpu_ns=2808623 states=1814 verified=31 completion=0 alternatives=1
INSTRUMENTATION_STATUS_CODE: 0
INSTRUMENTATION_STATUS: candidate_width_measurement=v1 id=26 maximum=3 round=4 wall_ns=7552750 cpu_ns=7511248 states=4889 verified=39 completion=0 alternatives=3
INSTRUMENTATION_STATUS_CODE: 0
INSTRUMENTATION_STATUS: candidate_width_measurement=v1 id=26 maximum=7 round=4 wall_ns=7286500 cpu_ns=7226498 states=4889 verified=39 completion=0 alternatives=7
INSTRUMENTATION_STATUS_CODE: 0
INSTRUMENTATION_STATUS: candidate_width_measurement=v1 id=27 maximum=7 round=4 wall_ns=1558625 cpu_ns=1555374 states=1508 verified=8 completion=0 alternatives=7
INSTRUMENTATION_STATUS_CODE: 0
INSTRUMENTATION_STATUS: candidate_width_measurement=v1 id=27 maximum=3 round=4 wall_ns=343000 cpu_ns=342542 states=280 verified=6 completion=0 alternatives=3
INSTRUMENTATION_STATUS_CODE: 0
INSTRUMENTATION_STATUS: candidate_width_measurement=v1 id=27 maximum=1 round=4 wall_ns=553584 cpu_ns=359749 states=280 verified=6 completion=0 alternatives=1
INSTRUMENTATION_STATUS_CODE: 0
INSTRUMENTATION_STATUS: candidate_width_measurement=v1 id=28 maximum=1 round=4 wall_ns=575042 cpu_ns=575708 states=336 verified=13 completion=0 alternatives=1
INSTRUMENTATION_STATUS_CODE: 0
INSTRUMENTATION_STATUS: candidate_width_measurement=v1 id=28 maximum=3 round=4 wall_ns=2542000 cpu_ns=2495499 states=1466 verified=53 completion=0 alternatives=3
INSTRUMENTATION_STATUS_CODE: 0
INSTRUMENTATION_STATUS: candidate_width_measurement=v1 id=28 maximum=7 round=4 wall_ns=6468417 cpu_ns=6432581 states=4469 verified=63 completion=0 alternatives=7
INSTRUMENTATION_STATUS_CODE: 0
INSTRUMENTATION_STATUS: candidate_width_measurement=v1 id=29 maximum=7 round=4 wall_ns=10921126 cpu_ns=10867167 states=7060 verified=55 completion=0 alternatives=7
INSTRUMENTATION_STATUS_CODE: 0
INSTRUMENTATION_STATUS: candidate_width_measurement=v1 id=29 maximum=3 round=4 wall_ns=2834000 cpu_ns=2793043 states=1750 verified=28 completion=0 alternatives=3
INSTRUMENTATION_STATUS_CODE: 0
INSTRUMENTATION_STATUS: candidate_width_measurement=v1 id=29 maximum=1 round=4 wall_ns=2744917 cpu_ns=2737417 states=1750 verified=28 completion=0 alternatives=1
INSTRUMENTATION_STATUS_CODE: 0
INSTRUMENTATION_STATUS: candidate_width_measurement=v1 id=30 maximum=1 round=4 wall_ns=3580125 cpu_ns=3577999 states=2206 verified=64 completion=4 alternatives=1
INSTRUMENTATION_STATUS_CODE: 0
INSTRUMENTATION_STATUS: candidate_width_measurement=v1 id=30 maximum=3 round=4 wall_ns=3494666 cpu_ns=3396041 states=2206 verified=64 completion=4 alternatives=3
INSTRUMENTATION_STATUS_CODE: 0
INSTRUMENTATION_STATUS: candidate_width_measurement=v1 id=30 maximum=7 round=4 wall_ns=4720542 cpu_ns=3781168 states=2206 verified=64 completion=4 alternatives=7
INSTRUMENTATION_STATUS_CODE: 0
INSTRUMENTATION_STATUS: candidate_width_measurement=v1 id=31 maximum=7 round=4 wall_ns=11617083 cpu_ns=11525125 states=6727 verified=12 completion=0 alternatives=7
INSTRUMENTATION_STATUS_CODE: 0
INSTRUMENTATION_STATUS: candidate_width_measurement=v1 id=31 maximum=3 round=4 wall_ns=4084583 cpu_ns=4000375 states=2464 verified=5 completion=0 alternatives=3
INSTRUMENTATION_STATUS_CODE: 0
INSTRUMENTATION_STATUS: candidate_width_measurement=v1 id=31 maximum=1 round=4 wall_ns=3420083 cpu_ns=3307792 states=2079 verified=2 completion=0 alternatives=1
INSTRUMENTATION_STATUS_CODE: 0
INSTRUMENTATION_STATUS: candidate_width_measurement=v1 id=32 maximum=1 round=4 wall_ns=3319292 cpu_ns=3203294 states=1787 verified=39 completion=0 alternatives=1
INSTRUMENTATION_STATUS_CODE: 0
INSTRUMENTATION_STATUS: candidate_width_measurement=v1 id=32 maximum=3 round=4 wall_ns=3259917 cpu_ns=3163835 states=1787 verified=39 completion=0 alternatives=3
INSTRUMENTATION_STATUS_CODE: 0
INSTRUMENTATION_STATUS: candidate_width_measurement=v1 id=32 maximum=7 round=4 wall_ns=8524292 cpu_ns=8323374 states=5006 verified=47 completion=0 alternatives=7
INSTRUMENTATION_STATUS_CODE: 0
INSTRUMENTATION_STATUS: candidate_width_measurement=v1 id=33 maximum=7 round=4 wall_ns=4566333 cpu_ns=4464792 states=3501 verified=18 completion=0 alternatives=7
INSTRUMENTATION_STATUS_CODE: 0
INSTRUMENTATION_STATUS: candidate_width_measurement=v1 id=33 maximum=3 round=4 wall_ns=4452958 cpu_ns=4333335 states=3501 verified=18 completion=0 alternatives=3
INSTRUMENTATION_STATUS_CODE: 0
INSTRUMENTATION_STATUS: candidate_width_measurement=v1 id=33 maximum=1 round=4 wall_ns=1684625 cpu_ns=1646167 states=1398 verified=12 completion=0 alternatives=1
INSTRUMENTATION_STATUS_CODE: 0
INSTRUMENTATION_STATUS: candidate_width_measurement=v1 id=34 maximum=1 round=4 wall_ns=4519708 cpu_ns=4494332 states=2542 verified=22 completion=0 alternatives=1
INSTRUMENTATION_STATUS_CODE: 0
INSTRUMENTATION_STATUS: candidate_width_measurement=v1 id=34 maximum=3 round=4 wall_ns=4621000 cpu_ns=4473707 states=2542 verified=22 completion=0 alternatives=3
INSTRUMENTATION_STATUS_CODE: 0
INSTRUMENTATION_STATUS: candidate_width_measurement=v1 id=34 maximum=7 round=4 wall_ns=14315167 cpu_ns=14262583 states=8192 verified=26 completion=3 alternatives=7
INSTRUMENTATION_STATUS_CODE: 0
INSTRUMENTATION_STATUS: candidate_width_measurement=v1 id=35 maximum=7 round=4 wall_ns=11339000 cpu_ns=11290373 states=8192 verified=25 completion=3 alternatives=7
INSTRUMENTATION_STATUS_CODE: 0
INSTRUMENTATION_STATUS: candidate_width_measurement=v1 id=35 maximum=3 round=4 wall_ns=2801917 cpu_ns=2770876 states=1844 verified=23 completion=0 alternatives=3
INSTRUMENTATION_STATUS_CODE: 0
INSTRUMENTATION_STATUS: candidate_width_measurement=v1 id=35 maximum=1 round=4 wall_ns=2778500 cpu_ns=2725667 states=1844 verified=23 completion=0 alternatives=1
INSTRUMENTATION_STATUS_CODE: 0
INSTRUMENTATION_STATUS: candidate_width_measurement=v1 id=36 maximum=1 round=4 wall_ns=615792 cpu_ns=575543 states=367 verified=9 completion=0 alternatives=1
INSTRUMENTATION_STATUS_CODE: 0
INSTRUMENTATION_STATUS: candidate_width_measurement=v1 id=36 maximum=3 round=4 wall_ns=3644125 cpu_ns=3613624 states=2213 verified=48 completion=0 alternatives=3
INSTRUMENTATION_STATUS_CODE: 0
INSTRUMENTATION_STATUS: candidate_width_measurement=v1 id=36 maximum=7 round=4 wall_ns=3586667 cpu_ns=3560834 states=2213 verified=48 completion=0 alternatives=7
INSTRUMENTATION_STATUS_CODE: 0
INSTRUMENTATION_STATUS: candidate_width_measurement=v1 id=37 maximum=7 round=4 wall_ns=17254292 cpu_ns=16361335 states=8192 verified=5 completion=3 alternatives=5
INSTRUMENTATION_STATUS_CODE: 0
INSTRUMENTATION_STATUS: candidate_width_measurement=v1 id=37 maximum=3 round=4 wall_ns=16373500 cpu_ns=16305126 states=8192 verified=5 completion=3 alternatives=3
INSTRUMENTATION_STATUS_CODE: 0
INSTRUMENTATION_STATUS: candidate_width_measurement=v1 id=37 maximum=1 round=4 wall_ns=2381750 cpu_ns=2308083 states=1093 verified=5 completion=0 alternatives=1
INSTRUMENTATION_STATUS_CODE: 0
INSTRUMENTATION_STATUS: candidate_width_measurement=v1 id=38 maximum=1 round=4 wall_ns=987833 cpu_ns=985626 states=537 verified=6 completion=0 alternatives=1
INSTRUMENTATION_STATUS_CODE: 0
INSTRUMENTATION_STATUS: candidate_width_measurement=v1 id=38 maximum=3 round=4 wall_ns=5424583 cpu_ns=5251543 states=2434 verified=28 completion=0 alternatives=3
INSTRUMENTATION_STATUS_CODE: 0
INSTRUMENTATION_STATUS: candidate_width_measurement=v1 id=38 maximum=7 round=4 wall_ns=16175416 cpu_ns=15937249 states=8192 verified=29 completion=3 alternatives=7
INSTRUMENTATION_STATUS_CODE: 0
INSTRUMENTATION_STATUS: candidate_width_measurement=v1 id=39 maximum=7 round=4 wall_ns=3443791 cpu_ns=3260291 states=1873 verified=64 completion=4 alternatives=7
INSTRUMENTATION_STATUS_CODE: 0
INSTRUMENTATION_STATUS: candidate_width_measurement=v1 id=39 maximum=3 round=4 wall_ns=2991417 cpu_ns=2960750 states=1873 verified=64 completion=4 alternatives=3
INSTRUMENTATION_STATUS_CODE: 0
INSTRUMENTATION_STATUS: candidate_width_measurement=v1 id=39 maximum=1 round=4 wall_ns=999791 cpu_ns=907711 states=412 verified=23 completion=0 alternatives=1
INSTRUMENTATION_STATUS_CODE: 0
INSTRUMENTATION_STATUS: candidate_width_measurement=v1 id=40 maximum=1 round=4 wall_ns=523125 cpu_ns=464750 states=310 verified=33 completion=0 alternatives=1
INSTRUMENTATION_STATUS_CODE: 0
INSTRUMENTATION_STATUS: candidate_width_measurement=v1 id=40 maximum=3 round=4 wall_ns=506541 cpu_ns=431625 states=310 verified=33 completion=0 alternatives=3
INSTRUMENTATION_STATUS_CODE: 0
INSTRUMENTATION_STATUS: candidate_width_measurement=v1 id=40 maximum=7 round=4 wall_ns=972167 cpu_ns=874542 states=1119 verified=42 completion=0 alternatives=7
INSTRUMENTATION_STATUS_CODE: 0
INSTRUMENTATION_STATUS: candidate_width_measurement=v1 id=41 maximum=7 round=4 wall_ns=2764458 cpu_ns=2661001 states=3007 verified=13 completion=0 alternatives=7
INSTRUMENTATION_STATUS_CODE: 0
INSTRUMENTATION_STATUS: candidate_width_measurement=v1 id=41 maximum=3 round=4 wall_ns=1474083 cpu_ns=1357667 states=1616 verified=9 completion=0 alternatives=3
INSTRUMENTATION_STATUS_CODE: 0
INSTRUMENTATION_STATUS: candidate_width_measurement=v1 id=41 maximum=1 round=4 wall_ns=483416 cpu_ns=417873 states=353 verified=5 completion=0 alternatives=1
INSTRUMENTATION_STATUS_CODE: 0
INSTRUMENTATION_STATUS: candidate_width_measurement=v1 id=42 maximum=1 round=4 wall_ns=377250 cpu_ns=303166 states=236 verified=23 completion=0 alternatives=1
INSTRUMENTATION_STATUS_CODE: 0
INSTRUMENTATION_STATUS: candidate_width_measurement=v1 id=42 maximum=3 round=4 wall_ns=478292 cpu_ns=413875 states=401 verified=27 completion=0 alternatives=3
INSTRUMENTATION_STATUS_CODE: 0
INSTRUMENTATION_STATUS: candidate_width_measurement=v1 id=42 maximum=7 round=4 wall_ns=924875 cpu_ns=800667 states=1399 verified=41 completion=0 alternatives=7
INSTRUMENTATION_STATUS_CODE: 0
INSTRUMENTATION_STATUS: candidate_width_measurement=v1 id=43 maximum=7 round=4 wall_ns=6729917 cpu_ns=6661709 states=4904 verified=13 completion=0 alternatives=7
INSTRUMENTATION_STATUS_CODE: 0
INSTRUMENTATION_STATUS: candidate_width_measurement=v1 id=43 maximum=3 round=4 wall_ns=2291917 cpu_ns=2171251 states=1640 verified=7 completion=0 alternatives=3
INSTRUMENTATION_STATUS_CODE: 0
INSTRUMENTATION_STATUS: candidate_width_measurement=v1 id=43 maximum=1 round=4 wall_ns=2253958 cpu_ns=2170750 states=1640 verified=7 completion=0 alternatives=1
INSTRUMENTATION_STATUS_CODE: 0
INSTRUMENTATION_STATUS: candidate_width_measurement=v1 id=44 maximum=1 round=4 wall_ns=589584 cpu_ns=539958 states=612 verified=5 completion=0 alternatives=1
INSTRUMENTATION_STATUS_CODE: 0
INSTRUMENTATION_STATUS: candidate_width_measurement=v1 id=44 maximum=3 round=4 wall_ns=1527959 cpu_ns=1438708 states=1492 verified=7 completion=0 alternatives=3
INSTRUMENTATION_STATUS_CODE: 0
INSTRUMENTATION_STATUS: candidate_width_measurement=v1 id=44 maximum=7 round=4 wall_ns=2259834 cpu_ns=2161959 states=2455 verified=10 completion=0 alternatives=4
INSTRUMENTATION_STATUS_CODE: 0
INSTRUMENTATION_STATUS: candidate_width_measurement=v1 id=45 maximum=7 round=4 wall_ns=96625 cpu_ns=0 states=28 verified=0 completion=2 alternatives=0
INSTRUMENTATION_STATUS_CODE: 0
INSTRUMENTATION_STATUS: candidate_width_measurement=v1 id=45 maximum=3 round=4 wall_ns=23458 cpu_ns=12375 states=28 verified=0 completion=2 alternatives=0
INSTRUMENTATION_STATUS_CODE: 0
INSTRUMENTATION_STATUS: candidate_width_measurement=v1 id=45 maximum=1 round=4 wall_ns=20875 cpu_ns=0 states=28 verified=0 completion=2 alternatives=0
INSTRUMENTATION_STATUS_CODE: 0
INSTRUMENTATION_STATUS: candidate_width_measurement=v1 id=46 maximum=1 round=4 wall_ns=991375 cpu_ns=981333 states=724 verified=11 completion=0 alternatives=1
INSTRUMENTATION_STATUS_CODE: 0
INSTRUMENTATION_STATUS: candidate_width_measurement=v1 id=46 maximum=3 round=4 wall_ns=964041 cpu_ns=964708 states=724 verified=11 completion=0 alternatives=3
INSTRUMENTATION_STATUS_CODE: 0
INSTRUMENTATION_STATUS: candidate_width_measurement=v1 id=46 maximum=7 round=4 wall_ns=3011625 cpu_ns=2961916 states=2202 verified=27 completion=0 alternatives=7
INSTRUMENTATION_STATUS_CODE: 0
INSTRUMENTATION_STATUS: candidate_width_measurement=v1 id=47 maximum=7 round=4 wall_ns=13418334 cpu_ns=13305167 states=8192 verified=16 completion=3 alternatives=7
INSTRUMENTATION_STATUS_CODE: 0
INSTRUMENTATION_STATUS: candidate_width_measurement=v1 id=47 maximum=3 round=4 wall_ns=3897375 cpu_ns=3829376 states=2580 verified=16 completion=0 alternatives=3
INSTRUMENTATION_STATUS_CODE: 0
INSTRUMENTATION_STATUS: candidate_width_measurement=v1 id=47 maximum=1 round=4 wall_ns=2626417 cpu_ns=2587667 states=1621 verified=16 completion=0 alternatives=1
INSTRUMENTATION_STATUS_CODE: 0
INSTRUMENTATION_STATUS: candidate_width_measurement=v1 id=48 maximum=1 round=4 wall_ns=2493167 cpu_ns=2453750 states=1680 verified=21 completion=0 alternatives=1
INSTRUMENTATION_STATUS_CODE: 0
INSTRUMENTATION_STATUS: candidate_width_measurement=v1 id=48 maximum=3 round=4 wall_ns=2564958 cpu_ns=2370208 states=1680 verified=21 completion=0 alternatives=3
INSTRUMENTATION_STATUS_CODE: 0
INSTRUMENTATION_STATUS: candidate_width_measurement=v1 id=48 maximum=7 round=4 wall_ns=2667833 cpu_ns=2477958 states=1680 verified=21 completion=0 alternatives=7
INSTRUMENTATION_STATUS_CODE: 0
INSTRUMENTATION_STATUS: candidate_width_measurement=v1 id=49 maximum=7 round=4 wall_ns=1548584 cpu_ns=1549333 states=1514 verified=18 completion=0 alternatives=7
INSTRUMENTATION_STATUS_CODE: 0
INSTRUMENTATION_STATUS: candidate_width_measurement=v1 id=49 maximum=3 round=4 wall_ns=1761542 cpu_ns=1547917 states=1514 verified=18 completion=0 alternatives=3
INSTRUMENTATION_STATUS_CODE: 0
INSTRUMENTATION_STATUS: candidate_width_measurement=v1 id=49 maximum=1 round=4 wall_ns=510666 cpu_ns=371500 states=296 verified=5 completion=0 alternatives=1
INSTRUMENTATION_STATUS_CODE: 0
INSTRUMENTATION_STATUS: candidate_width_measurement=v1 id=50 maximum=1 round=4 wall_ns=639750 cpu_ns=531084 states=322 verified=8 completion=0 alternatives=1
INSTRUMENTATION_STATUS_CODE: 0
INSTRUMENTATION_STATUS: candidate_width_measurement=v1 id=50 maximum=3 round=4 wall_ns=2995333 cpu_ns=2877959 states=1892 verified=64 completion=4 alternatives=3
INSTRUMENTATION_STATUS_CODE: 0
INSTRUMENTATION_STATUS: candidate_width_measurement=v1 id=50 maximum=7 round=4 wall_ns=2943833 cpu_ns=2864417 states=1892 verified=64 completion=4 alternatives=7
INSTRUMENTATION_STATUS_CODE: 0
INSTRUMENTATION_STATUS: candidate_width_measurement=v1 id=51 maximum=7 round=4 wall_ns=738209 cpu_ns=713333 states=740 verified=11 completion=0 alternatives=7
INSTRUMENTATION_STATUS_CODE: 0
INSTRUMENTATION_STATUS: candidate_width_measurement=v1 id=51 maximum=3 round=4 wall_ns=639334 cpu_ns=562709 states=448 verified=11 completion=0 alternatives=3
INSTRUMENTATION_STATUS_CODE: 0
INSTRUMENTATION_STATUS: candidate_width_measurement=v1 id=51 maximum=1 round=4 wall_ns=644417 cpu_ns=551166 states=448 verified=11 completion=0 alternatives=1
INSTRUMENTATION_STATUS_CODE: 0
INSTRUMENTATION_STATUS: candidate_width_measurement=v1 id=52 maximum=1 round=4 wall_ns=3347875 cpu_ns=3232541 states=2008 verified=3 completion=0 alternatives=1
INSTRUMENTATION_STATUS_CODE: 0
INSTRUMENTATION_STATUS: candidate_width_measurement=v1 id=52 maximum=3 round=4 wall_ns=13884042 cpu_ns=13737874 states=8192 verified=4 completion=3 alternatives=3
INSTRUMENTATION_STATUS_CODE: 0
INSTRUMENTATION_STATUS: candidate_width_measurement=v1 id=52 maximum=7 round=4 wall_ns=13695083 cpu_ns=13548957 states=8192 verified=4 completion=3 alternatives=4
INSTRUMENTATION_STATUS_CODE: 0
INSTRUMENTATION_STATUS: candidate_width_measurement=v1 id=53 maximum=7 round=4 wall_ns=1501917 cpu_ns=1450166 states=1667 verified=10 completion=0 alternatives=7
INSTRUMENTATION_STATUS_CODE: 0
INSTRUMENTATION_STATUS: candidate_width_measurement=v1 id=53 maximum=3 round=4 wall_ns=679208 cpu_ns=564666 states=455 verified=6 completion=0 alternatives=3
INSTRUMENTATION_STATUS_CODE: 0
INSTRUMENTATION_STATUS: candidate_width_measurement=v1 id=53 maximum=1 round=4 wall_ns=457209 cpu_ns=365458 states=312 verified=4 completion=0 alternatives=1
INSTRUMENTATION_STATUS_CODE: 0
INSTRUMENTATION_STATUS: candidate_width_measurement=v1 id=54 maximum=1 round=4 wall_ns=2176625 cpu_ns=2069500 states=1412 verified=12 completion=0 alternatives=1
INSTRUMENTATION_STATUS_CODE: 0
INSTRUMENTATION_STATUS: candidate_width_measurement=v1 id=54 maximum=3 round=4 wall_ns=6261500 cpu_ns=6137291 states=4405 verified=14 completion=0 alternatives=3
INSTRUMENTATION_STATUS_CODE: 0
INSTRUMENTATION_STATUS: candidate_width_measurement=v1 id=54 maximum=7 round=4 wall_ns=11363375 cpu_ns=11155333 states=8192 verified=14 completion=3 alternatives=7
INSTRUMENTATION_STATUS_CODE: 0
INSTRUMENTATION_STATUS: candidate_width_measurement=v1 id=55 maximum=7 round=4 wall_ns=11078625 cpu_ns=10924542 states=6979 verified=13 completion=0 alternatives=7
INSTRUMENTATION_STATUS_CODE: 0
INSTRUMENTATION_STATUS: candidate_width_measurement=v1 id=55 maximum=3 round=4 wall_ns=10983375 cpu_ns=10867706 states=6979 verified=13 completion=0 alternatives=3
INSTRUMENTATION_STATUS_CODE: 0
INSTRUMENTATION_STATUS: candidate_width_measurement=v1 id=55 maximum=1 round=4 wall_ns=3512958 cpu_ns=3374249 states=2276 verified=10 completion=0 alternatives=1
INSTRUMENTATION_STATUS_CODE: 0
INSTRUMENTATION_STATUS: candidate_width_measurement=v1 id=56 maximum=1 round=4 wall_ns=1304125 cpu_ns=1135834 states=1277 verified=8 completion=0 alternatives=1
INSTRUMENTATION_STATUS_CODE: 0
INSTRUMENTATION_STATUS: candidate_width_measurement=v1 id=56 maximum=3 round=4 wall_ns=1205833 cpu_ns=1143459 states=1277 verified=8 completion=0 alternatives=3
INSTRUMENTATION_STATUS_CODE: 0
INSTRUMENTATION_STATUS: candidate_width_measurement=v1 id=56 maximum=7 round=4 wall_ns=1270667 cpu_ns=1148542 states=1277 verified=8 completion=0 alternatives=7
INSTRUMENTATION_STATUS_CODE: 0
INSTRUMENTATION_STATUS: candidate_width_measurement=v1 id=57 maximum=7 round=4 wall_ns=13922875 cpu_ns=13103961 states=8192 verified=3 completion=3 alternatives=3
INSTRUMENTATION_STATUS_CODE: 0
INSTRUMENTATION_STATUS: candidate_width_measurement=v1 id=57 maximum=3 round=4 wall_ns=12992250 cpu_ns=12942541 states=8192 verified=3 completion=3 alternatives=3
INSTRUMENTATION_STATUS_CODE: 0
INSTRUMENTATION_STATUS: candidate_width_measurement=v1 id=57 maximum=1 round=4 wall_ns=2467625 cpu_ns=2468250 states=1609 verified=3 completion=0 alternatives=1
INSTRUMENTATION_STATUS_CODE: 0
INSTRUMENTATION_STATUS: candidate_width_measurement=v1 id=58 maximum=1 round=4 wall_ns=471917 cpu_ns=467791 states=349 verified=5 completion=0 alternatives=1
INSTRUMENTATION_STATUS_CODE: 0
INSTRUMENTATION_STATUS: candidate_width_measurement=v1 id=58 maximum=3 round=4 wall_ns=3175625 cpu_ns=3136791 states=2200 verified=48 completion=0 alternatives=3
INSTRUMENTATION_STATUS_CODE: 0
INSTRUMENTATION_STATUS: candidate_width_measurement=v1 id=58 maximum=7 round=4 wall_ns=3137292 cpu_ns=3111290 states=2200 verified=48 completion=0 alternatives=7
INSTRUMENTATION_STATUS_CODE: 0
INSTRUMENTATION_STATUS: candidate_width_measurement=v1 id=59 maximum=7 round=4 wall_ns=7515833 cpu_ns=7475876 states=5151 verified=15 completion=0 alternatives=7
INSTRUMENTATION_STATUS_CODE: 0
INSTRUMENTATION_STATUS: candidate_width_measurement=v1 id=59 maximum=3 round=4 wall_ns=3745709 cpu_ns=3700124 states=2741 verified=13 completion=0 alternatives=3
INSTRUMENTATION_STATUS_CODE: 0
INSTRUMENTATION_STATUS: candidate_width_measurement=v1 id=59 maximum=1 round=4 wall_ns=1992000 cpu_ns=1976792 states=1483 verified=9 completion=0 alternatives=1
INSTRUMENTATION_STATUS_CODE: 0
INSTRUMENTATION_STATUS: class=io.github.mesteriis.rune.keyboard.smarttyping.lexicon.TopSevenInstrumentedTest
INSTRUMENTATION_STATUS: current=138
INSTRUMENTATION_STATUS: id=AndroidJUnitRunner
INSTRUMENTATION_STATUS: numtests=139
INSTRUMENTATION_STATUS: stream=.
INSTRUMENTATION_STATUS: test=requestedWidthsPreserveCertifiedPrefixes
INSTRUMENTATION_STATUS_CODE: 0
INSTRUMENTATION_STATUS: class=io.github.mesteriis.rune.keyboard.smarttyping.lexicon.TopSevenInstrumentedTest
INSTRUMENTATION_STATUS: current=139
INSTRUMENTATION_STATUS: id=AndroidJUnitRunner
INSTRUMENTATION_STATUS: numtests=139
INSTRUMENTATION_STATUS: stream=
INSTRUMENTATION_STATUS: test=packedTopSevenAndExhaustiveComparison
INSTRUMENTATION_STATUS_CODE: 1
INSTRUMENTATION_STATUS: top_seven_measurement=v1 id=0 strategy=0 round=0 wall_ns=2484875 cpu_ns=2471459 states=8192 verified=17 completion=3 alternatives=7
INSTRUMENTATION_STATUS_CODE: 0
INSTRUMENTATION_STATUS: top_seven_measurement=v1 id=0 strategy=1 round=0 wall_ns=10660000 cpu_ns=10622208 states=8192 verified=13 completion=3 alternatives=7
INSTRUMENTATION_STATUS_CODE: 0
INSTRUMENTATION_STATUS: top_seven_measurement=v1 id=1 strategy=1 round=0 wall_ns=1042917 cpu_ns=910917 states=1438 verified=13 completion=0 alternatives=7
INSTRUMENTATION_STATUS_CODE: 0
INSTRUMENTATION_STATUS: top_seven_measurement=v1 id=1 strategy=0 round=0 wall_ns=655375 cpu_ns=603958 states=2144 verified=14 completion=0 alternatives=7
INSTRUMENTATION_STATUS_CODE: 0
INSTRUMENTATION_STATUS: top_seven_measurement=v1 id=2 strategy=0 round=0 wall_ns=2403750 cpu_ns=2276415 states=8192 verified=10 completion=3 alternatives=7
INSTRUMENTATION_STATUS_CODE: 0
INSTRUMENTATION_STATUS: top_seven_measurement=v1 id=2 strategy=1 round=0 wall_ns=10918083 cpu_ns=10879958 states=8192 verified=5 completion=3 alternatives=5
INSTRUMENTATION_STATUS_CODE: 0
INSTRUMENTATION_STATUS: top_seven_measurement=v1 id=3 strategy=1 round=0 wall_ns=8615375 cpu_ns=7674375 states=6441 verified=57 completion=0 alternatives=7
INSTRUMENTATION_STATUS_CODE: 0
INSTRUMENTATION_STATUS: top_seven_measurement=v1 id=3 strategy=0 round=0 wall_ns=2454958 cpu_ns=2366542 states=8192 verified=33 completion=3 alternatives=7
INSTRUMENTATION_STATUS_CODE: 0
INSTRUMENTATION_STATUS: top_seven_measurement=v1 id=4 strategy=0 round=0 wall_ns=2352583 cpu_ns=2296918 states=8192 verified=7 completion=3 alternatives=7
INSTRUMENTATION_STATUS_CODE: 0
INSTRUMENTATION_STATUS: top_seven_measurement=v1 id=4 strategy=1 round=0 wall_ns=10784250 cpu_ns=10657956 states=8192 verified=7 completion=3 alternatives=7
INSTRUMENTATION_STATUS_CODE: 0
INSTRUMENTATION_STATUS: top_seven_measurement=v1 id=5 strategy=1 round=0 wall_ns=2386583 cpu_ns=2387417 states=2139 verified=59 completion=0 alternatives=7
INSTRUMENTATION_STATUS_CODE: 0
INSTRUMENTATION_STATUS: top_seven_measurement=v1 id=5 strategy=0 round=0 wall_ns=2661709 cpu_ns=2554291 states=8192 verified=49 completion=3 alternatives=7
INSTRUMENTATION_STATUS_CODE: 0
INSTRUMENTATION_STATUS: top_seven_measurement=v1 id=6 strategy=0 round=0 wall_ns=2542375 cpu_ns=2506291 states=8192 verified=37 completion=3 alternatives=7
INSTRUMENTATION_STATUS_CODE: 0
INSTRUMENTATION_STATUS: top_seven_measurement=v1 id=6 strategy=1 round=0 wall_ns=6119042 cpu_ns=6093707 states=5398 verified=16 completion=0 alternatives=7
INSTRUMENTATION_STATUS_CODE: 0
INSTRUMENTATION_STATUS: top_seven_measurement=v1 id=7 strategy=1 round=0 wall_ns=8501708 cpu_ns=8437584 states=5678 verified=45 completion=0 alternatives=7
INSTRUMENTATION_STATUS_CODE: 0
INSTRUMENTATION_STATUS: top_seven_measurement=v1 id=7 strategy=0 round=0 wall_ns=2024167 cpu_ns=2024917 states=4050 verified=64 completion=4 alternatives=7
INSTRUMENTATION_STATUS_CODE: 0
INSTRUMENTATION_STATUS: top_seven_measurement=v1 id=8 strategy=0 round=0 wall_ns=1210167 cpu_ns=1189000 states=1838 verified=64 completion=4 alternatives=7
INSTRUMENTATION_STATUS_CODE: 0
INSTRUMENTATION_STATUS: top_seven_measurement=v1 id=8 strategy=1 round=0 wall_ns=2302750 cpu_ns=2290583 states=1503 verified=64 completion=4 alternatives=7
INSTRUMENTATION_STATUS_CODE: 0
INSTRUMENTATION_STATUS: top_seven_measurement=v1 id=9 strategy=1 round=0 wall_ns=5304291 cpu_ns=5262584 states=4662 verified=13 completion=0 alternatives=7
INSTRUMENTATION_STATUS_CODE: 0
INSTRUMENTATION_STATUS: top_seven_measurement=v1 id=9 strategy=0 round=0 wall_ns=2341458 cpu_ns=2280084 states=8192 verified=13 completion=3 alternatives=7
INSTRUMENTATION_STATUS_CODE: 0
INSTRUMENTATION_STATUS: top_seven_measurement=v1 id=10 strategy=0 round=0 wall_ns=1036792 cpu_ns=1016126 states=3038 verified=57 completion=0 alternatives=7
INSTRUMENTATION_STATUS_CODE: 0
INSTRUMENTATION_STATUS: top_seven_measurement=v1 id=10 strategy=1 round=0 wall_ns=1384750 cpu_ns=1330250 states=1917 verified=42 completion=0 alternatives=7
INSTRUMENTATION_STATUS_CODE: 0
INSTRUMENTATION_STATUS: top_seven_measurement=v1 id=11 strategy=1 round=0 wall_ns=11255667 cpu_ns=11202875 states=8192 verified=49 completion=3 alternatives=7
INSTRUMENTATION_STATUS_CODE: 0
INSTRUMENTATION_STATUS: top_seven_measurement=v1 id=11 strategy=0 round=0 wall_ns=2570333 cpu_ns=2571000 states=8192 verified=34 completion=3 alternatives=7
INSTRUMENTATION_STATUS_CODE: 0
INSTRUMENTATION_STATUS: top_seven_measurement=v1 id=12 strategy=0 round=0 wall_ns=1029542 cpu_ns=951916 states=3316 verified=21 completion=0 alternatives=7
INSTRUMENTATION_STATUS_CODE: 0
INSTRUMENTATION_STATUS: top_seven_measurement=v1 id=12 strategy=1 round=0 wall_ns=1596500 cpu_ns=1590584 states=1986 verified=15 completion=0 alternatives=7
INSTRUMENTATION_STATUS_CODE: 0
INSTRUMENTATION_STATUS: top_seven_measurement=v1 id=13 strategy=1 round=0 wall_ns=3695958 cpu_ns=3668583 states=2999 verified=64 completion=4 alternatives=7
INSTRUMENTATION_STATUS_CODE: 0
INSTRUMENTATION_STATUS: top_seven_measurement=v1 id=13 strategy=0 round=0 wall_ns=2512750 cpu_ns=2480000 states=8192 verified=42 completion=3 alternatives=7
INSTRUMENTATION_STATUS_CODE: 0
INSTRUMENTATION_STATUS: top_seven_measurement=v1 id=14 strategy=0 round=0 wall_ns=2139542 cpu_ns=2132041 states=8192 verified=0 completion=3 alternatives=0
INSTRUMENTATION_STATUS_CODE: 0
INSTRUMENTATION_STATUS: top_seven_measurement=v1 id=14 strategy=1 round=0 wall_ns=13589083 cpu_ns=12713081 states=8192 verified=1 completion=3 alternatives=1
INSTRUMENTATION_STATUS_CODE: 0
INSTRUMENTATION_STATUS: top_seven_measurement=v1 id=15 strategy=1 round=0 wall_ns=1035542 cpu_ns=1016000 states=1324 verified=9 completion=0 alternatives=7
INSTRUMENTATION_STATUS_CODE: 0
INSTRUMENTATION_STATUS: top_seven_measurement=v1 id=15 strategy=0 round=0 wall_ns=630833 cpu_ns=563375 states=2138 verified=16 completion=0 alternatives=7
INSTRUMENTATION_STATUS_CODE: 0
INSTRUMENTATION_STATUS: top_seven_measurement=v1 id=16 strategy=0 round=0 wall_ns=2367750 cpu_ns=2344042 states=8192 verified=15 completion=3 alternatives=7
INSTRUMENTATION_STATUS_CODE: 0
INSTRUMENTATION_STATUS: top_seven_measurement=v1 id=16 strategy=1 round=0 wall_ns=10178292 cpu_ns=10099167 states=8192 verified=14 completion=3 alternatives=7
INSTRUMENTATION_STATUS_CODE: 0
INSTRUMENTATION_STATUS: top_seven_measurement=v1 id=17 strategy=1 round=0 wall_ns=10791667 cpu_ns=10745500 states=8192 verified=2 completion=3 alternatives=2
INSTRUMENTATION_STATUS_CODE: 0
INSTRUMENTATION_STATUS: top_seven_measurement=v1 id=17 strategy=0 round=0 wall_ns=2161708 cpu_ns=2134750 states=8192 verified=1 completion=3 alternatives=1
INSTRUMENTATION_STATUS_CODE: 0
INSTRUMENTATION_STATUS: top_seven_measurement=v1 id=18 strategy=0 round=0 wall_ns=836125 cpu_ns=817958 states=3409 verified=5 completion=0 alternatives=5
INSTRUMENTATION_STATUS_CODE: 0
INSTRUMENTATION_STATUS: top_seven_measurement=v1 id=18 strategy=1 round=0 wall_ns=2460166 cpu_ns=2435667 states=3409 verified=5 completion=0 alternatives=5
INSTRUMENTATION_STATUS_CODE: 0
INSTRUMENTATION_STATUS: top_seven_measurement=v1 id=19 strategy=1 round=0 wall_ns=846625 cpu_ns=846999 states=1121 verified=50 completion=0 alternatives=7
INSTRUMENTATION_STATUS_CODE: 0
INSTRUMENTATION_STATUS: top_seven_measurement=v1 id=19 strategy=0 round=0 wall_ns=625750 cpu_ns=626500 states=1668 verified=52 completion=0 alternatives=7
INSTRUMENTATION_STATUS_CODE: 0
INSTRUMENTATION_STATUS: top_seven_measurement=v1 id=20 strategy=0 round=0 wall_ns=2717416 cpu_ns=2633999 states=8192 verified=12 completion=3 alternatives=7
INSTRUMENTATION_STATUS_CODE: 0
INSTRUMENTATION_STATUS: top_seven_measurement=v1 id=20 strategy=1 round=0 wall_ns=4667166 cpu_ns=4644500 states=2619 verified=64 completion=4 alternatives=7
INSTRUMENTATION_STATUS_CODE: 0
INSTRUMENTATION_STATUS: top_seven_measurement=v1 id=21 strategy=1 round=0 wall_ns=11237042 cpu_ns=11187417 states=5806 verified=21 completion=0 alternatives=7
INSTRUMENTATION_STATUS_CODE: 0
INSTRUMENTATION_STATUS: top_seven_measurement=v1 id=21 strategy=0 round=0 wall_ns=3508500 cpu_ns=3458291 states=8192 verified=44 completion=3 alternatives=7
INSTRUMENTATION_STATUS_CODE: 0
INSTRUMENTATION_STATUS: top_seven_measurement=v1 id=22 strategy=0 round=0 wall_ns=602584 cpu_ns=601834 states=1937 verified=11 completion=0 alternatives=7
INSTRUMENTATION_STATUS_CODE: 0
INSTRUMENTATION_STATUS: top_seven_measurement=v1 id=22 strategy=1 round=0 wall_ns=1704292 cpu_ns=1658959 states=1928 verified=10 completion=0 alternatives=7
INSTRUMENTATION_STATUS_CODE: 0
INSTRUMENTATION_STATUS: top_seven_measurement=v1 id=23 strategy=1 round=0 wall_ns=1518375 cpu_ns=1455791 states=1455 verified=24 completion=0 alternatives=7
INSTRUMENTATION_STATUS_CODE: 0
INSTRUMENTATION_STATUS: top_seven_measurement=v1 id=23 strategy=0 round=0 wall_ns=583666 cpu_ns=530292 states=1462 verified=25 completion=0 alternatives=7
INSTRUMENTATION_STATUS_CODE: 0
INSTRUMENTATION_STATUS: top_seven_measurement=v1 id=24 strategy=0 round=0 wall_ns=477625 cpu_ns=438583 states=1273 verified=29 completion=0 alternatives=7
INSTRUMENTATION_STATUS_CODE: 0
INSTRUMENTATION_STATUS: top_seven_measurement=v1 id=24 strategy=1 round=0 wall_ns=962708 cpu_ns=825791 states=1273 verified=29 completion=0 alternatives=7
INSTRUMENTATION_STATUS_CODE: 0
INSTRUMENTATION_STATUS: top_seven_measurement=v1 id=25 strategy=1 round=0 wall_ns=9702000 cpu_ns=9649626 states=6796 verified=11 completion=0 alternatives=7
INSTRUMENTATION_STATUS_CODE: 0
INSTRUMENTATION_STATUS: top_seven_measurement=v1 id=25 strategy=0 round=0 wall_ns=2581250 cpu_ns=2543250 states=8192 verified=18 completion=3 alternatives=7
INSTRUMENTATION_STATUS_CODE: 0
INSTRUMENTATION_STATUS: top_seven_measurement=v1 id=26 strategy=0 round=0 wall_ns=2483667 cpu_ns=2458708 states=8192 verified=22 completion=3 alternatives=7
INSTRUMENTATION_STATUS_CODE: 0
INSTRUMENTATION_STATUS: top_seven_measurement=v1 id=26 strategy=1 round=0 wall_ns=7400667 cpu_ns=7374332 states=4889 verified=39 completion=0 alternatives=7
INSTRUMENTATION_STATUS_CODE: 0
INSTRUMENTATION_STATUS: top_seven_measurement=v1 id=27 strategy=1 round=0 wall_ns=1635084 cpu_ns=1603333 states=1508 verified=8 completion=0 alternatives=7
INSTRUMENTATION_STATUS_CODE: 0
INSTRUMENTATION_STATUS: top_seven_measurement=v1 id=27 strategy=0 round=0 wall_ns=448666 cpu_ns=449166 states=1508 verified=8 completion=0 alternatives=7
INSTRUMENTATION_STATUS_CODE: 0
INSTRUMENTATION_STATUS: top_seven_measurement=v1 id=28 strategy=0 round=0 wall_ns=1673792 cpu_ns=1649125 states=2798 verified=64 completion=4 alternatives=7
INSTRUMENTATION_STATUS_CODE: 0
INSTRUMENTATION_STATUS: top_seven_measurement=v1 id=28 strategy=1 round=0 wall_ns=6488333 cpu_ns=6438000 states=4469 verified=63 completion=0 alternatives=7
INSTRUMENTATION_STATUS_CODE: 0
INSTRUMENTATION_STATUS: top_seven_measurement=v1 id=29 strategy=1 round=0 wall_ns=12012166 cpu_ns=11134542 states=7060 verified=55 completion=0 alternatives=7
INSTRUMENTATION_STATUS_CODE: 0
INSTRUMENTATION_STATUS: top_seven_measurement=v1 id=29 strategy=0 round=0 wall_ns=2869167 cpu_ns=2743291 states=6682 verified=64 completion=4 alternatives=7
INSTRUMENTATION_STATUS_CODE: 0
INSTRUMENTATION_STATUS: top_seven_measurement=v1 id=30 strategy=0 round=0 wall_ns=2944375 cpu_ns=2884000 states=7644 verified=64 completion=4 alternatives=7
INSTRUMENTATION_STATUS_CODE: 0
INSTRUMENTATION_STATUS: top_seven_measurement=v1 id=30 strategy=1 round=0 wall_ns=3599958 cpu_ns=3586625 states=2206 verified=64 completion=4 alternatives=7
INSTRUMENTATION_STATUS_CODE: 0
INSTRUMENTATION_STATUS: top_seven_measurement=v1 id=31 strategy=1 round=0 wall_ns=11458250 cpu_ns=11384124 states=6727 verified=12 completion=0 alternatives=7
INSTRUMENTATION_STATUS_CODE: 0
INSTRUMENTATION_STATUS: top_seven_measurement=v1 id=31 strategy=0 round=0 wall_ns=2876625 cpu_ns=2877459 states=8192 verified=27 completion=3 alternatives=7
INSTRUMENTATION_STATUS_CODE: 0
INSTRUMENTATION_STATUS: top_seven_measurement=v1 id=32 strategy=0 round=0 wall_ns=2983875 cpu_ns=2942334 states=8192 verified=47 completion=3 alternatives=7
INSTRUMENTATION_STATUS_CODE: 0
INSTRUMENTATION_STATUS: top_seven_measurement=v1 id=32 strategy=1 round=0 wall_ns=7978167 cpu_ns=7942041 states=5006 verified=47 completion=0 alternatives=7
INSTRUMENTATION_STATUS_CODE: 0
INSTRUMENTATION_STATUS: top_seven_measurement=v1 id=33 strategy=1 round=0 wall_ns=4257083 cpu_ns=4231126 states=3501 verified=18 completion=0 alternatives=7
INSTRUMENTATION_STATUS_CODE: 0
INSTRUMENTATION_STATUS: top_seven_measurement=v1 id=33 strategy=0 round=0 wall_ns=2652625 cpu_ns=2626750 states=8192 verified=41 completion=3 alternatives=7
INSTRUMENTATION_STATUS_CODE: 0
INSTRUMENTATION_STATUS: top_seven_measurement=v1 id=34 strategy=0 round=0 wall_ns=2330750 cpu_ns=2293208 states=8192 verified=5 completion=3 alternatives=5
INSTRUMENTATION_STATUS_CODE: 0
INSTRUMENTATION_STATUS: top_seven_measurement=v1 id=34 strategy=1 round=0 wall_ns=14194625 cpu_ns=14135249 states=8192 verified=26 completion=3 alternatives=7
INSTRUMENTATION_STATUS_CODE: 0
INSTRUMENTATION_STATUS: top_seven_measurement=v1 id=35 strategy=1 round=0 wall_ns=11434834 cpu_ns=11386417 states=8192 verified=25 completion=3 alternatives=7
INSTRUMENTATION_STATUS_CODE: 0
INSTRUMENTATION_STATUS: top_seven_measurement=v1 id=35 strategy=0 round=0 wall_ns=2614875 cpu_ns=2558125 states=8192 verified=26 completion=3 alternatives=7
INSTRUMENTATION_STATUS_CODE: 0
INSTRUMENTATION_STATUS: top_seven_measurement=v1 id=36 strategy=0 round=0 wall_ns=2354208 cpu_ns=2334458 states=8192 verified=13 completion=3 alternatives=7
INSTRUMENTATION_STATUS_CODE: 0
INSTRUMENTATION_STATUS: top_seven_measurement=v1 id=36 strategy=1 round=0 wall_ns=3625208 cpu_ns=3574082 states=2213 verified=48 completion=0 alternatives=7
INSTRUMENTATION_STATUS_CODE: 0
INSTRUMENTATION_STATUS: top_seven_measurement=v1 id=37 strategy=1 round=0 wall_ns=15998875 cpu_ns=15932250 states=8192 verified=5 completion=3 alternatives=5
INSTRUMENTATION_STATUS_CODE: 0
INSTRUMENTATION_STATUS: top_seven_measurement=v1 id=37 strategy=0 round=0 wall_ns=2361625 cpu_ns=2331583 states=8192 verified=5 completion=3 alternatives=5
INSTRUMENTATION_STATUS_CODE: 0
INSTRUMENTATION_STATUS: top_seven_measurement=v1 id=38 strategy=0 round=0 wall_ns=2366958 cpu_ns=2292874 states=8192 verified=5 completion=3 alternatives=5
INSTRUMENTATION_STATUS_CODE: 0
INSTRUMENTATION_STATUS: top_seven_measurement=v1 id=38 strategy=1 round=0 wall_ns=15556916 cpu_ns=15487499 states=8192 verified=29 completion=3 alternatives=7
INSTRUMENTATION_STATUS_CODE: 0
INSTRUMENTATION_STATUS: top_seven_measurement=v1 id=39 strategy=1 round=0 wall_ns=3012209 cpu_ns=2959208 states=1873 verified=64 completion=4 alternatives=7
INSTRUMENTATION_STATUS_CODE: 0
INSTRUMENTATION_STATUS: top_seven_measurement=v1 id=39 strategy=0 round=0 wall_ns=2038333 cpu_ns=2039042 states=4858 verified=64 completion=4 alternatives=7
INSTRUMENTATION_STATUS_CODE: 0
INSTRUMENTATION_STATUS: top_seven_measurement=v1 id=40 strategy=0 round=0 wall_ns=1010208 cpu_ns=958625 states=1943 verified=60 completion=0 alternatives=7
INSTRUMENTATION_STATUS_CODE: 0
INSTRUMENTATION_STATUS: top_seven_measurement=v1 id=40 strategy=1 round=0 wall_ns=1806792 cpu_ns=931583 states=1119 verified=42 completion=0 alternatives=7
INSTRUMENTATION_STATUS_CODE: 0
INSTRUMENTATION_STATUS: top_seven_measurement=v1 id=41 strategy=1 round=0 wall_ns=2540333 cpu_ns=2509416 states=3007 verified=13 completion=0 alternatives=7
INSTRUMENTATION_STATUS_CODE: 0
INSTRUMENTATION_STATUS: top_seven_measurement=v1 id=41 strategy=0 round=0 wall_ns=782417 cpu_ns=766709 states=3014 verified=13 completion=0 alternatives=7
INSTRUMENTATION_STATUS_CODE: 0
INSTRUMENTATION_STATUS: top_seven_measurement=v1 id=42 strategy=0 round=0 wall_ns=888542 cpu_ns=887166 states=2621 verified=56 completion=0 alternatives=7
INSTRUMENTATION_STATUS_CODE: 0
INSTRUMENTATION_STATUS: top_seven_measurement=v1 id=42 strategy=1 round=0 wall_ns=698000 cpu_ns=668334 states=1399 verified=41 completion=0 alternatives=7
INSTRUMENTATION_STATUS_CODE: 0
INSTRUMENTATION_STATUS: top_seven_measurement=v1 id=43 strategy=1 round=0 wall_ns=6630625 cpu_ns=6569792 states=4904 verified=13 completion=0 alternatives=7
INSTRUMENTATION_STATUS_CODE: 0
INSTRUMENTATION_STATUS: top_seven_measurement=v1 id=43 strategy=0 round=0 wall_ns=3143666 cpu_ns=3114333 states=8192 verified=50 completion=3 alternatives=7
INSTRUMENTATION_STATUS_CODE: 0
INSTRUMENTATION_STATUS: top_seven_measurement=v1 id=44 strategy=0 round=0 wall_ns=675167 cpu_ns=636999 states=2455 verified=10 completion=0 alternatives=4
INSTRUMENTATION_STATUS_CODE: 0
INSTRUMENTATION_STATUS: top_seven_measurement=v1 id=44 strategy=1 round=0 wall_ns=2078666 cpu_ns=2041709 states=2455 verified=10 completion=0 alternatives=4
INSTRUMENTATION_STATUS_CODE: 0
INSTRUMENTATION_STATUS: top_seven_measurement=v1 id=45 strategy=1 round=0 wall_ns=21125 cpu_ns=21709 states=28 verified=0 completion=2 alternatives=0
INSTRUMENTATION_STATUS_CODE: 0
INSTRUMENTATION_STATUS: top_seven_measurement=v1 id=45 strategy=0 round=0 wall_ns=19166 cpu_ns=19625 states=28 verified=0 completion=2 alternatives=0
INSTRUMENTATION_STATUS_CODE: 0
INSTRUMENTATION_STATUS: top_seven_measurement=v1 id=46 strategy=0 round=0 wall_ns=2003791 cpu_ns=1823709 states=2906 verified=64 completion=4 alternatives=7
INSTRUMENTATION_STATUS_CODE: 0
INSTRUMENTATION_STATUS: top_seven_measurement=v1 id=46 strategy=1 round=0 wall_ns=2966500 cpu_ns=2932917 states=2202 verified=27 completion=0 alternatives=7
INSTRUMENTATION_STATUS_CODE: 0
INSTRUMENTATION_STATUS: top_seven_measurement=v1 id=47 strategy=1 round=0 wall_ns=13227459 cpu_ns=13135832 states=8192 verified=16 completion=3 alternatives=7
INSTRUMENTATION_STATUS_CODE: 0
INSTRUMENTATION_STATUS: top_seven_measurement=v1 id=47 strategy=0 round=0 wall_ns=2708542 cpu_ns=2631834 states=8192 verified=16 completion=3 alternatives=7
INSTRUMENTATION_STATUS_CODE: 0
INSTRUMENTATION_STATUS: top_seven_measurement=v1 id=48 strategy=0 round=0 wall_ns=2454416 cpu_ns=2422917 states=5158 verified=64 completion=4 alternatives=7
INSTRUMENTATION_STATUS_CODE: 0
INSTRUMENTATION_STATUS: top_seven_measurement=v1 id=48 strategy=1 round=0 wall_ns=2477791 cpu_ns=2395208 states=1680 verified=21 completion=0 alternatives=7
INSTRUMENTATION_STATUS_CODE: 0
INSTRUMENTATION_STATUS: top_seven_measurement=v1 id=49 strategy=1 round=0 wall_ns=1592625 cpu_ns=1448291 states=1514 verified=18 completion=0 alternatives=7
INSTRUMENTATION_STATUS_CODE: 0
INSTRUMENTATION_STATUS: top_seven_measurement=v1 id=49 strategy=0 round=0 wall_ns=725208 cpu_ns=649084 states=1514 verified=18 completion=0 alternatives=7
INSTRUMENTATION_STATUS_CODE: 0
INSTRUMENTATION_STATUS: top_seven_measurement=v1 id=50 strategy=0 round=0 wall_ns=1553750 cpu_ns=1461667 states=2296 verified=64 completion=4 alternatives=7
INSTRUMENTATION_STATUS_CODE: 0
INSTRUMENTATION_STATUS: top_seven_measurement=v1 id=50 strategy=1 round=0 wall_ns=2858542 cpu_ns=2768749 states=1892 verified=64 completion=4 alternatives=7
INSTRUMENTATION_STATUS_CODE: 0
INSTRUMENTATION_STATUS: top_seven_measurement=v1 id=51 strategy=1 round=0 wall_ns=903958 cpu_ns=755126 states=740 verified=11 completion=0 alternatives=7
INSTRUMENTATION_STATUS_CODE: 0
INSTRUMENTATION_STATUS: top_seven_measurement=v1 id=51 strategy=0 round=0 wall_ns=1201333 cpu_ns=1136041 states=3145 verified=33 completion=0 alternatives=7
INSTRUMENTATION_STATUS_CODE: 0
INSTRUMENTATION_STATUS: top_seven_measurement=v1 id=52 strategy=0 round=0 wall_ns=2651583 cpu_ns=2489249 states=8192 verified=4 completion=3 alternatives=4
INSTRUMENTATION_STATUS_CODE: 0
INSTRUMENTATION_STATUS: top_seven_measurement=v1 id=52 strategy=1 round=0 wall_ns=13802500 cpu_ns=13555836 states=8192 verified=4 completion=3 alternatives=4
INSTRUMENTATION_STATUS_CODE: 0
INSTRUMENTATION_STATUS: top_seven_measurement=v1 id=53 strategy=1 round=0 wall_ns=1592167 cpu_ns=1459793 states=1667 verified=10 completion=0 alternatives=7
INSTRUMENTATION_STATUS_CODE: 0
INSTRUMENTATION_STATUS: top_seven_measurement=v1 id=53 strategy=0 round=0 wall_ns=945167 cpu_ns=901748 states=2924 verified=17 completion=0 alternatives=7
INSTRUMENTATION_STATUS_CODE: 0
INSTRUMENTATION_STATUS: top_seven_measurement=v1 id=54 strategy=0 round=0 wall_ns=2784750 cpu_ns=2644998 states=8192 verified=20 completion=3 alternatives=7
INSTRUMENTATION_STATUS_CODE: 0
INSTRUMENTATION_STATUS: top_seven_measurement=v1 id=54 strategy=1 round=0 wall_ns=11390542 cpu_ns=11198498 states=8192 verified=14 completion=3 alternatives=7
INSTRUMENTATION_STATUS_CODE: 0
INSTRUMENTATION_STATUS: top_seven_measurement=v1 id=55 strategy=1 round=0 wall_ns=10938417 cpu_ns=10841209 states=6979 verified=13 completion=0 alternatives=7
INSTRUMENTATION_STATUS_CODE: 0
INSTRUMENTATION_STATUS: top_seven_measurement=v1 id=55 strategy=0 round=0 wall_ns=2888958 cpu_ns=2780875 states=8192 verified=23 completion=3 alternatives=7
INSTRUMENTATION_STATUS_CODE: 0
INSTRUMENTATION_STATUS: top_seven_measurement=v1 id=56 strategy=0 round=0 wall_ns=846000 cpu_ns=767875 states=2318 verified=12 completion=0 alternatives=7
INSTRUMENTATION_STATUS_CODE: 0
INSTRUMENTATION_STATUS: top_seven_measurement=v1 id=56 strategy=1 round=0 wall_ns=1233334 cpu_ns=1073457 states=1277 verified=8 completion=0 alternatives=7
INSTRUMENTATION_STATUS_CODE: 0
INSTRUMENTATION_STATUS: top_seven_measurement=v1 id=57 strategy=1 round=0 wall_ns=14172375 cpu_ns=13310455 states=8192 verified=3 completion=3 alternatives=3
INSTRUMENTATION_STATUS_CODE: 0
INSTRUMENTATION_STATUS: top_seven_measurement=v1 id=57 strategy=0 round=0 wall_ns=2663792 cpu_ns=2504459 states=8192 verified=6 completion=3 alternatives=6
INSTRUMENTATION_STATUS_CODE: 0
INSTRUMENTATION_STATUS: top_seven_measurement=v1 id=58 strategy=0 round=0 wall_ns=1290250 cpu_ns=1230999 states=970 verified=64 completion=4 alternatives=7
INSTRUMENTATION_STATUS_CODE: 0
INSTRUMENTATION_STATUS: top_seven_measurement=v1 id=58 strategy=1 round=0 wall_ns=3371500 cpu_ns=3255165 states=2200 verified=48 completion=0 alternatives=7
INSTRUMENTATION_STATUS_CODE: 0
INSTRUMENTATION_STATUS: top_seven_measurement=v1 id=59 strategy=1 round=0 wall_ns=7666083 cpu_ns=7561791 states=5151 verified=15 completion=0 alternatives=7
INSTRUMENTATION_STATUS_CODE: 0
INSTRUMENTATION_STATUS: top_seven_measurement=v1 id=59 strategy=0 round=0 wall_ns=2607709 cpu_ns=2521959 states=8192 verified=14 completion=3 alternatives=7
INSTRUMENTATION_STATUS_CODE: 0
INSTRUMENTATION_STATUS: top_seven_measurement=v1 id=0 strategy=1 round=1 wall_ns=11144583 cpu_ns=10954500 states=8192 verified=13 completion=3 alternatives=7
INSTRUMENTATION_STATUS_CODE: 0
INSTRUMENTATION_STATUS: top_seven_measurement=v1 id=0 strategy=0 round=1 wall_ns=2645708 cpu_ns=2554749 states=8192 verified=17 completion=3 alternatives=7
INSTRUMENTATION_STATUS_CODE: 0
INSTRUMENTATION_STATUS: top_seven_measurement=v1 id=1 strategy=0 round=1 wall_ns=704292 cpu_ns=654083 states=2144 verified=14 completion=0 alternatives=7
INSTRUMENTATION_STATUS_CODE: 0
INSTRUMENTATION_STATUS: top_seven_measurement=v1 id=1 strategy=1 round=1 wall_ns=1247083 cpu_ns=1161334 states=1438 verified=13 completion=0 alternatives=7
INSTRUMENTATION_STATUS_CODE: 0
INSTRUMENTATION_STATUS: top_seven_measurement=v1 id=2 strategy=1 round=1 wall_ns=11311708 cpu_ns=11130208 states=8192 verified=5 completion=3 alternatives=5
INSTRUMENTATION_STATUS_CODE: 0
INSTRUMENTATION_STATUS: top_seven_measurement=v1 id=2 strategy=0 round=1 wall_ns=2519792 cpu_ns=2403999 states=8192 verified=10 completion=3 alternatives=7
INSTRUMENTATION_STATUS_CODE: 0
INSTRUMENTATION_STATUS: top_seven_measurement=v1 id=3 strategy=0 round=1 wall_ns=2589542 cpu_ns=2517333 states=8192 verified=33 completion=3 alternatives=7
INSTRUMENTATION_STATUS_CODE: 0
INSTRUMENTATION_STATUS: top_seven_measurement=v1 id=3 strategy=1 round=1 wall_ns=7628458 cpu_ns=7536167 states=6441 verified=57 completion=0 alternatives=7
INSTRUMENTATION_STATUS_CODE: 0
INSTRUMENTATION_STATUS: top_seven_measurement=v1 id=4 strategy=1 round=1 wall_ns=11068541 cpu_ns=10878666 states=8192 verified=7 completion=3 alternatives=7
INSTRUMENTATION_STATUS_CODE: 0
INSTRUMENTATION_STATUS: top_seven_measurement=v1 id=4 strategy=0 round=1 wall_ns=2389417 cpu_ns=2326249 states=8192 verified=7 completion=3 alternatives=7
INSTRUMENTATION_STATUS_CODE: 0
INSTRUMENTATION_STATUS: top_seven_measurement=v1 id=5 strategy=0 round=1 wall_ns=2640333 cpu_ns=2562042 states=8192 verified=49 completion=3 alternatives=7
INSTRUMENTATION_STATUS_CODE: 0
INSTRUMENTATION_STATUS: top_seven_measurement=v1 id=5 strategy=1 round=1 wall_ns=2487584 cpu_ns=2471958 states=2139 verified=59 completion=0 alternatives=7
INSTRUMENTATION_STATUS_CODE: 0
INSTRUMENTATION_STATUS: top_seven_measurement=v1 id=6 strategy=1 round=1 wall_ns=6487167 cpu_ns=6388334 states=5398 verified=16 completion=0 alternatives=7
INSTRUMENTATION_STATUS_CODE: 0
INSTRUMENTATION_STATUS: top_seven_measurement=v1 id=6 strategy=0 round=1 wall_ns=2662792 cpu_ns=2540917 states=8192 verified=37 completion=3 alternatives=7
INSTRUMENTATION_STATUS_CODE: 0
INSTRUMENTATION_STATUS: top_seven_measurement=v1 id=7 strategy=0 round=1 wall_ns=1989417 cpu_ns=1990042 states=4050 verified=64 completion=4 alternatives=7
INSTRUMENTATION_STATUS_CODE: 0
INSTRUMENTATION_STATUS: top_seven_measurement=v1 id=7 strategy=1 round=1 wall_ns=9450500 cpu_ns=8676415 states=5678 verified=45 completion=0 alternatives=7
INSTRUMENTATION_STATUS_CODE: 0
INSTRUMENTATION_STATUS: top_seven_measurement=v1 id=8 strategy=1 round=1 wall_ns=2296375 cpu_ns=2297083 states=1503 verified=64 completion=4 alternatives=7
INSTRUMENTATION_STATUS_CODE: 0
INSTRUMENTATION_STATUS: top_seven_measurement=v1 id=8 strategy=0 round=1 wall_ns=1217083 cpu_ns=1198542 states=1838 verified=64 completion=4 alternatives=7
INSTRUMENTATION_STATUS_CODE: 0
INSTRUMENTATION_STATUS: top_seven_measurement=v1 id=9 strategy=0 round=1 wall_ns=2298083 cpu_ns=2263167 states=8192 verified=13 completion=3 alternatives=7
INSTRUMENTATION_STATUS_CODE: 0
INSTRUMENTATION_STATUS: top_seven_measurement=v1 id=9 strategy=1 round=1 wall_ns=5355834 cpu_ns=5303708 states=4662 verified=13 completion=0 alternatives=7
INSTRUMENTATION_STATUS_CODE: 0
INSTRUMENTATION_STATUS: top_seven_measurement=v1 id=10 strategy=1 round=1 wall_ns=1335583 cpu_ns=1336209 states=1917 verified=42 completion=0 alternatives=7
INSTRUMENTATION_STATUS_CODE: 0
INSTRUMENTATION_STATUS: top_seven_measurement=v1 id=10 strategy=0 round=1 wall_ns=1029583 cpu_ns=1030250 states=3038 verified=57 completion=0 alternatives=7
INSTRUMENTATION_STATUS_CODE: 0
INSTRUMENTATION_STATUS: top_seven_measurement=v1 id=11 strategy=0 round=1 wall_ns=2604208 cpu_ns=2565792 states=8192 verified=34 completion=3 alternatives=7
INSTRUMENTATION_STATUS_CODE: 0
INSTRUMENTATION_STATUS: top_seven_measurement=v1 id=11 strategy=1 round=1 wall_ns=11284541 cpu_ns=11167042 states=8192 verified=49 completion=3 alternatives=7
INSTRUMENTATION_STATUS_CODE: 0
INSTRUMENTATION_STATUS: top_seven_measurement=v1 id=12 strategy=1 round=1 wall_ns=1643042 cpu_ns=1635917 states=1986 verified=15 completion=0 alternatives=7
INSTRUMENTATION_STATUS_CODE: 0
INSTRUMENTATION_STATUS: top_seven_measurement=v1 id=12 strategy=0 round=1 wall_ns=1004209 cpu_ns=967292 states=3316 verified=21 completion=0 alternatives=7
INSTRUMENTATION_STATUS_CODE: 0
INSTRUMENTATION_STATUS: top_seven_measurement=v1 id=13 strategy=0 round=1 wall_ns=2443792 cpu_ns=2397750 states=8192 verified=42 completion=3 alternatives=7
INSTRUMENTATION_STATUS_CODE: 0
INSTRUMENTATION_STATUS: top_seven_measurement=v1 id=13 strategy=1 round=1 wall_ns=3745584 cpu_ns=3719459 states=2999 verified=64 completion=4 alternatives=7
INSTRUMENTATION_STATUS_CODE: 0
INSTRUMENTATION_STATUS: top_seven_measurement=v1 id=14 strategy=1 round=1 wall_ns=12604750 cpu_ns=12442334 states=8192 verified=1 completion=3 alternatives=1
INSTRUMENTATION_STATUS_CODE: 0
INSTRUMENTATION_STATUS: top_seven_measurement=v1 id=14 strategy=0 round=1 wall_ns=2213083 cpu_ns=2166833 states=8192 verified=0 completion=3 alternatives=0
INSTRUMENTATION_STATUS_CODE: 0
INSTRUMENTATION_STATUS: top_seven_measurement=v1 id=15 strategy=0 round=1 wall_ns=648917 cpu_ns=614458 states=2138 verified=16 completion=0 alternatives=7
INSTRUMENTATION_STATUS_CODE: 0
INSTRUMENTATION_STATUS: top_seven_measurement=v1 id=15 strategy=1 round=1 wall_ns=1040416 cpu_ns=1003833 states=1324 verified=9 completion=0 alternatives=7
INSTRUMENTATION_STATUS_CODE: 0
INSTRUMENTATION_STATUS: top_seven_measurement=v1 id=16 strategy=1 round=1 wall_ns=10307709 cpu_ns=10226375 states=8192 verified=14 completion=3 alternatives=7
INSTRUMENTATION_STATUS_CODE: 0
INSTRUMENTATION_STATUS: top_seven_measurement=v1 id=16 strategy=0 round=1 wall_ns=2309875 cpu_ns=2275666 states=8192 verified=15 completion=3 alternatives=7
INSTRUMENTATION_STATUS_CODE: 0
INSTRUMENTATION_STATUS: top_seven_measurement=v1 id=17 strategy=0 round=1 wall_ns=2207916 cpu_ns=2208583 states=8192 verified=1 completion=3 alternatives=1
INSTRUMENTATION_STATUS_CODE: 0
INSTRUMENTATION_STATUS: top_seven_measurement=v1 id=17 strategy=1 round=1 wall_ns=10902459 cpu_ns=10751541 states=8192 verified=2 completion=3 alternatives=2
INSTRUMENTATION_STATUS_CODE: 0
INSTRUMENTATION_STATUS: top_seven_measurement=v1 id=18 strategy=1 round=1 wall_ns=2497458 cpu_ns=2472541 states=3409 verified=5 completion=0 alternatives=5
INSTRUMENTATION_STATUS_CODE: 0
INSTRUMENTATION_STATUS: top_seven_measurement=v1 id=18 strategy=0 round=1 wall_ns=792541 cpu_ns=793208 states=3409 verified=5 completion=0 alternatives=5
INSTRUMENTATION_STATUS_CODE: 0
INSTRUMENTATION_STATUS: top_seven_measurement=v1 id=19 strategy=0 round=1 wall_ns=661167 cpu_ns=661958 states=1668 verified=52 completion=0 alternatives=7
INSTRUMENTATION_STATUS_CODE: 0
INSTRUMENTATION_STATUS: top_seven_measurement=v1 id=19 strategy=1 round=1 wall_ns=864667 cpu_ns=865333 states=1121 verified=50 completion=0 alternatives=7
INSTRUMENTATION_STATUS_CODE: 0
INSTRUMENTATION_STATUS: top_seven_measurement=v1 id=20 strategy=1 round=1 wall_ns=4865250 cpu_ns=4832624 states=2619 verified=64 completion=4 alternatives=7
INSTRUMENTATION_STATUS_CODE: 0
INSTRUMENTATION_STATUS: top_seven_measurement=v1 id=20 strategy=0 round=1 wall_ns=2578375 cpu_ns=2579000 states=8192 verified=12 completion=3 alternatives=7
INSTRUMENTATION_STATUS_CODE: 0
INSTRUMENTATION_STATUS: top_seven_measurement=v1 id=21 strategy=0 round=1 wall_ns=3604958 cpu_ns=3501959 states=8192 verified=44 completion=3 alternatives=7
INSTRUMENTATION_STATUS_CODE: 0
INSTRUMENTATION_STATUS: top_seven_measurement=v1 id=21 strategy=1 round=1 wall_ns=12465958 cpu_ns=11456168 states=5806 verified=21 completion=0 alternatives=7
INSTRUMENTATION_STATUS_CODE: 0
INSTRUMENTATION_STATUS: top_seven_measurement=v1 id=22 strategy=1 round=1 wall_ns=1818416 cpu_ns=1819167 states=1928 verified=10 completion=0 alternatives=7
INSTRUMENTATION_STATUS_CODE: 0
INSTRUMENTATION_STATUS: top_seven_measurement=v1 id=22 strategy=0 round=1 wall_ns=592125 cpu_ns=527375 states=1937 verified=11 completion=0 alternatives=7
INSTRUMENTATION_STATUS_CODE: 0
INSTRUMENTATION_STATUS: top_seven_measurement=v1 id=23 strategy=0 round=1 wall_ns=609333 cpu_ns=610000 states=1462 verified=25 completion=0 alternatives=7
INSTRUMENTATION_STATUS_CODE: 0
INSTRUMENTATION_STATUS: top_seven_measurement=v1 id=23 strategy=1 round=1 wall_ns=1650666 cpu_ns=1423208 states=1455 verified=24 completion=0 alternatives=7
INSTRUMENTATION_STATUS_CODE: 0
INSTRUMENTATION_STATUS: top_seven_measurement=v1 id=24 strategy=1 round=1 wall_ns=836292 cpu_ns=836959 states=1273 verified=29 completion=0 alternatives=7
INSTRUMENTATION_STATUS_CODE: 0
INSTRUMENTATION_STATUS: top_seven_measurement=v1 id=24 strategy=0 round=1 wall_ns=459250 cpu_ns=459833 states=1273 verified=29 completion=0 alternatives=7
INSTRUMENTATION_STATUS_CODE: 0
INSTRUMENTATION_STATUS: top_seven_measurement=v1 id=25 strategy=0 round=1 wall_ns=2614333 cpu_ns=2583500 states=8192 verified=18 completion=3 alternatives=7
INSTRUMENTATION_STATUS_CODE: 0
INSTRUMENTATION_STATUS: top_seven_measurement=v1 id=25 strategy=1 round=1 wall_ns=9614583 cpu_ns=9542082 states=6796 verified=11 completion=0 alternatives=7
INSTRUMENTATION_STATUS_CODE: 0
INSTRUMENTATION_STATUS: top_seven_measurement=v1 id=26 strategy=1 round=1 wall_ns=7503083 cpu_ns=7419667 states=4889 verified=39 completion=0 alternatives=7
INSTRUMENTATION_STATUS_CODE: 0
INSTRUMENTATION_STATUS: top_seven_measurement=v1 id=26 strategy=0 round=1 wall_ns=2518500 cpu_ns=2466584 states=8192 verified=22 completion=3 alternatives=7
INSTRUMENTATION_STATUS_CODE: 0
INSTRUMENTATION_STATUS: top_seven_measurement=v1 id=27 strategy=0 round=1 wall_ns=462417 cpu_ns=461334 states=1508 verified=8 completion=0 alternatives=7
INSTRUMENTATION_STATUS_CODE: 0
INSTRUMENTATION_STATUS: top_seven_measurement=v1 id=27 strategy=1 round=1 wall_ns=1610250 cpu_ns=1570500 states=1508 verified=8 completion=0 alternatives=7
INSTRUMENTATION_STATUS_CODE: 0
INSTRUMENTATION_STATUS: top_seven_measurement=v1 id=28 strategy=1 round=1 wall_ns=6511833 cpu_ns=6486083 states=4469 verified=63 completion=0 alternatives=7
INSTRUMENTATION_STATUS_CODE: 0
INSTRUMENTATION_STATUS: top_seven_measurement=v1 id=28 strategy=0 round=1 wall_ns=1730583 cpu_ns=1687416 states=2798 verified=64 completion=4 alternatives=7
INSTRUMENTATION_STATUS_CODE: 0
INSTRUMENTATION_STATUS: top_seven_measurement=v1 id=29 strategy=0 round=1 wall_ns=2873000 cpu_ns=2791334 states=6682 verified=64 completion=4 alternatives=7
INSTRUMENTATION_STATUS_CODE: 0
INSTRUMENTATION_STATUS: top_seven_measurement=v1 id=29 strategy=1 round=1 wall_ns=10935292 cpu_ns=10880750 states=7060 verified=55 completion=0 alternatives=7
INSTRUMENTATION_STATUS_CODE: 0
INSTRUMENTATION_STATUS: top_seven_measurement=v1 id=30 strategy=1 round=1 wall_ns=3517500 cpu_ns=3491916 states=2206 verified=64 completion=4 alternatives=7
INSTRUMENTATION_STATUS_CODE: 0
INSTRUMENTATION_STATUS: top_seven_measurement=v1 id=30 strategy=0 round=1 wall_ns=2802542 cpu_ns=2779750 states=7644 verified=64 completion=4 alternatives=7
INSTRUMENTATION_STATUS_CODE: 0
INSTRUMENTATION_STATUS: top_seven_measurement=v1 id=31 strategy=0 round=1 wall_ns=2940459 cpu_ns=2905583 states=8192 verified=27 completion=3 alternatives=7
INSTRUMENTATION_STATUS_CODE: 0
INSTRUMENTATION_STATUS: top_seven_measurement=v1 id=31 strategy=1 round=1 wall_ns=11364459 cpu_ns=11312708 states=6727 verified=12 completion=0 alternatives=7
INSTRUMENTATION_STATUS_CODE: 0
INSTRUMENTATION_STATUS: top_seven_measurement=v1 id=32 strategy=1 round=1 wall_ns=8042375 cpu_ns=7989042 states=5006 verified=47 completion=0 alternatives=7
INSTRUMENTATION_STATUS_CODE: 0
INSTRUMENTATION_STATUS: top_seven_measurement=v1 id=32 strategy=0 round=1 wall_ns=3000500 cpu_ns=2955708 states=8192 verified=47 completion=3 alternatives=7
INSTRUMENTATION_STATUS_CODE: 0
INSTRUMENTATION_STATUS: top_seven_measurement=v1 id=33 strategy=0 round=1 wall_ns=2637917 cpu_ns=2625292 states=8192 verified=41 completion=3 alternatives=7
INSTRUMENTATION_STATUS_CODE: 0
INSTRUMENTATION_STATUS: top_seven_measurement=v1 id=33 strategy=1 round=1 wall_ns=4204750 cpu_ns=4179749 states=3501 verified=18 completion=0 alternatives=7
INSTRUMENTATION_STATUS_CODE: 0
INSTRUMENTATION_STATUS: top_seven_measurement=v1 id=34 strategy=1 round=1 wall_ns=15168875 cpu_ns=14326708 states=8192 verified=26 completion=3 alternatives=7
INSTRUMENTATION_STATUS_CODE: 0
INSTRUMENTATION_STATUS: top_seven_measurement=v1 id=34 strategy=0 round=1 wall_ns=2396375 cpu_ns=2372125 states=8192 verified=5 completion=3 alternatives=5
INSTRUMENTATION_STATUS_CODE: 0
INSTRUMENTATION_STATUS: top_seven_measurement=v1 id=35 strategy=0 round=1 wall_ns=2630083 cpu_ns=2617250 states=8192 verified=26 completion=3 alternatives=7
INSTRUMENTATION_STATUS_CODE: 0
INSTRUMENTATION_STATUS: top_seven_measurement=v1 id=35 strategy=1 round=1 wall_ns=11577084 cpu_ns=11459876 states=8192 verified=25 completion=3 alternatives=7
INSTRUMENTATION_STATUS_CODE: 0
INSTRUMENTATION_STATUS: top_seven_measurement=v1 id=36 strategy=1 round=1 wall_ns=3586000 cpu_ns=3586667 states=2213 verified=48 completion=0 alternatives=7
INSTRUMENTATION_STATUS_CODE: 0
INSTRUMENTATION_STATUS: top_seven_measurement=v1 id=36 strategy=0 round=1 wall_ns=2476875 cpu_ns=2390292 states=8192 verified=13 completion=3 alternatives=7
INSTRUMENTATION_STATUS_CODE: 0
INSTRUMENTATION_STATUS: top_seven_measurement=v1 id=37 strategy=0 round=1 wall_ns=2478083 cpu_ns=2454209 states=8192 verified=5 completion=3 alternatives=5
INSTRUMENTATION_STATUS_CODE: 0
INSTRUMENTATION_STATUS: top_seven_measurement=v1 id=37 strategy=1 round=1 wall_ns=15997708 cpu_ns=15930875 states=8192 verified=5 completion=3 alternatives=5
INSTRUMENTATION_STATUS_CODE: 0
INSTRUMENTATION_STATUS: top_seven_measurement=v1 id=38 strategy=1 round=1 wall_ns=15745000 cpu_ns=15686208 states=8192 verified=29 completion=3 alternatives=7
INSTRUMENTATION_STATUS_CODE: 0
INSTRUMENTATION_STATUS: top_seven_measurement=v1 id=38 strategy=0 round=1 wall_ns=2398500 cpu_ns=2381751 states=8192 verified=5 completion=3 alternatives=5
INSTRUMENTATION_STATUS_CODE: 0
INSTRUMENTATION_STATUS: top_seven_measurement=v1 id=39 strategy=0 round=1 wall_ns=2246375 cpu_ns=2157125 states=4858 verified=64 completion=4 alternatives=7
INSTRUMENTATION_STATUS_CODE: 0
INSTRUMENTATION_STATUS: top_seven_measurement=v1 id=39 strategy=1 round=1 wall_ns=3085292 cpu_ns=3000332 states=1873 verified=64 completion=4 alternatives=7
INSTRUMENTATION_STATUS_CODE: 0
INSTRUMENTATION_STATUS: top_seven_measurement=v1 id=40 strategy=1 round=1 wall_ns=755250 cpu_ns=738876 states=1119 verified=42 completion=0 alternatives=7
INSTRUMENTATION_STATUS_CODE: 0
INSTRUMENTATION_STATUS: top_seven_measurement=v1 id=40 strategy=0 round=1 wall_ns=742416 cpu_ns=743042 states=1943 verified=60 completion=0 alternatives=7
INSTRUMENTATION_STATUS_CODE: 0
INSTRUMENTATION_STATUS: top_seven_measurement=v1 id=41 strategy=0 round=1 wall_ns=882083 cpu_ns=848209 states=3014 verified=13 completion=0 alternatives=7
INSTRUMENTATION_STATUS_CODE: 0
INSTRUMENTATION_STATUS: top_seven_measurement=v1 id=41 strategy=1 round=1 wall_ns=2370917 cpu_ns=2297167 states=3007 verified=13 completion=0 alternatives=7
INSTRUMENTATION_STATUS_CODE: 0
INSTRUMENTATION_STATUS: top_seven_measurement=v1 id=42 strategy=1 round=1 wall_ns=746500 cpu_ns=747166 states=1399 verified=41 completion=0 alternatives=7
INSTRUMENTATION_STATUS_CODE: 0
INSTRUMENTATION_STATUS: top_seven_measurement=v1 id=42 strategy=0 round=1 wall_ns=843875 cpu_ns=801958 states=2621 verified=56 completion=0 alternatives=7
INSTRUMENTATION_STATUS_CODE: 0
INSTRUMENTATION_STATUS: top_seven_measurement=v1 id=43 strategy=0 round=1 wall_ns=3207375 cpu_ns=3177875 states=8192 verified=50 completion=3 alternatives=7
INSTRUMENTATION_STATUS_CODE: 0
INSTRUMENTATION_STATUS: top_seven_measurement=v1 id=43 strategy=1 round=1 wall_ns=6607250 cpu_ns=6558542 states=4904 verified=13 completion=0 alternatives=7
INSTRUMENTATION_STATUS_CODE: 0
INSTRUMENTATION_STATUS: top_seven_measurement=v1 id=44 strategy=1 round=1 wall_ns=2041792 cpu_ns=2017876 states=2455 verified=10 completion=0 alternatives=4
INSTRUMENTATION_STATUS_CODE: 0
INSTRUMENTATION_STATUS: top_seven_measurement=v1 id=44 strategy=0 round=1 wall_ns=644083 cpu_ns=631375 states=2455 verified=10 completion=0 alternatives=4
INSTRUMENTATION_STATUS_CODE: 0
INSTRUMENTATION_STATUS: top_seven_measurement=v1 id=45 strategy=0 round=1 wall_ns=17833 cpu_ns=18417 states=28 verified=0 completion=2 alternatives=0
INSTRUMENTATION_STATUS_CODE: 0
INSTRUMENTATION_STATUS: top_seven_measurement=v1 id=45 strategy=1 round=1 wall_ns=18500 cpu_ns=21417 states=28 verified=0 completion=2 alternatives=0
INSTRUMENTATION_STATUS_CODE: 0
INSTRUMENTATION_STATUS: top_seven_measurement=v1 id=46 strategy=1 round=1 wall_ns=2951500 cpu_ns=2920375 states=2202 verified=27 completion=0 alternatives=7
INSTRUMENTATION_STATUS_CODE: 0
INSTRUMENTATION_STATUS: top_seven_measurement=v1 id=46 strategy=0 round=1 wall_ns=1529917 cpu_ns=1530541 states=2906 verified=64 completion=4 alternatives=7
INSTRUMENTATION_STATUS_CODE: 0
INSTRUMENTATION_STATUS: top_seven_measurement=v1 id=47 strategy=0 round=1 wall_ns=2655083 cpu_ns=2589334 states=8192 verified=16 completion=3 alternatives=7
INSTRUMENTATION_STATUS_CODE: 0
INSTRUMENTATION_STATUS: top_seven_measurement=v1 id=47 strategy=1 round=1 wall_ns=13225584 cpu_ns=13166335 states=8192 verified=16 completion=3 alternatives=7
INSTRUMENTATION_STATUS_CODE: 0
INSTRUMENTATION_STATUS: top_seven_measurement=v1 id=48 strategy=1 round=1 wall_ns=2411167 cpu_ns=2376208 states=1680 verified=21 completion=0 alternatives=7
INSTRUMENTATION_STATUS_CODE: 0
INSTRUMENTATION_STATUS: top_seven_measurement=v1 id=48 strategy=0 round=1 wall_ns=2552625 cpu_ns=2492875 states=5158 verified=64 completion=4 alternatives=7
INSTRUMENTATION_STATUS_CODE: 0
INSTRUMENTATION_STATUS: top_seven_measurement=v1 id=49 strategy=0 round=1 wall_ns=1632708 cpu_ns=811167 states=1514 verified=18 completion=0 alternatives=7
INSTRUMENTATION_STATUS_CODE: 0
INSTRUMENTATION_STATUS: top_seven_measurement=v1 id=49 strategy=1 round=1 wall_ns=1468625 cpu_ns=1412749 states=1514 verified=18 completion=0 alternatives=7
INSTRUMENTATION_STATUS_CODE: 0
INSTRUMENTATION_STATUS: top_seven_measurement=v1 id=50 strategy=1 round=1 wall_ns=2824333 cpu_ns=2779542 states=1892 verified=64 completion=4 alternatives=7
INSTRUMENTATION_STATUS_CODE: 0
INSTRUMENTATION_STATUS: top_seven_measurement=v1 id=50 strategy=0 round=1 wall_ns=1526375 cpu_ns=1370208 states=2296 verified=64 completion=4 alternatives=7
INSTRUMENTATION_STATUS_CODE: 0
INSTRUMENTATION_STATUS: top_seven_measurement=v1 id=51 strategy=0 round=1 wall_ns=1029167 cpu_ns=1021250 states=3145 verified=33 completion=0 alternatives=7
INSTRUMENTATION_STATUS_CODE: 0
INSTRUMENTATION_STATUS: top_seven_measurement=v1 id=51 strategy=1 round=1 wall_ns=658375 cpu_ns=659000 states=740 verified=11 completion=0 alternatives=7
INSTRUMENTATION_STATUS_CODE: 0
INSTRUMENTATION_STATUS: top_seven_measurement=v1 id=52 strategy=1 round=1 wall_ns=13667167 cpu_ns=13600250 states=8192 verified=4 completion=3 alternatives=4
INSTRUMENTATION_STATUS_CODE: 0
INSTRUMENTATION_STATUS: top_seven_measurement=v1 id=52 strategy=0 round=1 wall_ns=2382416 cpu_ns=2383208 states=8192 verified=4 completion=3 alternatives=4
INSTRUMENTATION_STATUS_CODE: 0
INSTRUMENTATION_STATUS: top_seven_measurement=v1 id=53 strategy=0 round=1 wall_ns=909708 cpu_ns=851874 states=2924 verified=17 completion=0 alternatives=7
INSTRUMENTATION_STATUS_CODE: 0
INSTRUMENTATION_STATUS: top_seven_measurement=v1 id=53 strategy=1 round=1 wall_ns=1359083 cpu_ns=1348999 states=1667 verified=10 completion=0 alternatives=7
INSTRUMENTATION_STATUS_CODE: 0
INSTRUMENTATION_STATUS: top_seven_measurement=v1 id=54 strategy=1 round=1 wall_ns=11108916 cpu_ns=11056959 states=8192 verified=14 completion=3 alternatives=7
INSTRUMENTATION_STATUS_CODE: 0
INSTRUMENTATION_STATUS: top_seven_measurement=v1 id=54 strategy=0 round=1 wall_ns=2609583 cpu_ns=2551460 states=8192 verified=20 completion=3 alternatives=7
INSTRUMENTATION_STATUS_CODE: 0
INSTRUMENTATION_STATUS: top_seven_measurement=v1 id=55 strategy=0 round=1 wall_ns=2654542 cpu_ns=2646959 states=8192 verified=23 completion=3 alternatives=7
INSTRUMENTATION_STATUS_CODE: 0
INSTRUMENTATION_STATUS: top_seven_measurement=v1 id=55 strategy=1 round=1 wall_ns=10866916 cpu_ns=10769708 states=6979 verified=13 completion=0 alternatives=7
INSTRUMENTATION_STATUS_CODE: 0
INSTRUMENTATION_STATUS: top_seven_measurement=v1 id=56 strategy=1 round=1 wall_ns=1032417 cpu_ns=1033000 states=1277 verified=8 completion=0 alternatives=7
INSTRUMENTATION_STATUS_CODE: 0
INSTRUMENTATION_STATUS: top_seven_measurement=v1 id=56 strategy=0 round=1 wall_ns=693041 cpu_ns=670874 states=2318 verified=12 completion=0 alternatives=7
INSTRUMENTATION_STATUS_CODE: 0
INSTRUMENTATION_STATUS: top_seven_measurement=v1 id=57 strategy=0 round=1 wall_ns=2453459 cpu_ns=2444208 states=8192 verified=6 completion=3 alternatives=6
INSTRUMENTATION_STATUS_CODE: 0
INSTRUMENTATION_STATUS: top_seven_measurement=v1 id=57 strategy=1 round=1 wall_ns=12941625 cpu_ns=12828998 states=8192 verified=3 completion=3 alternatives=3
INSTRUMENTATION_STATUS_CODE: 0
INSTRUMENTATION_STATUS: top_seven_measurement=v1 id=58 strategy=1 round=1 wall_ns=3122958 cpu_ns=3111251 states=2200 verified=48 completion=0 alternatives=7
INSTRUMENTATION_STATUS_CODE: 0
INSTRUMENTATION_STATUS: top_seven_measurement=v1 id=58 strategy=0 round=1 wall_ns=1226000 cpu_ns=1157583 states=970 verified=64 completion=4 alternatives=7
INSTRUMENTATION_STATUS_CODE: 0
INSTRUMENTATION_STATUS: top_seven_measurement=v1 id=59 strategy=0 round=1 wall_ns=2373959 cpu_ns=2346792 states=8192 verified=14 completion=3 alternatives=7
INSTRUMENTATION_STATUS_CODE: 0
INSTRUMENTATION_STATUS: top_seven_measurement=v1 id=59 strategy=1 round=1 wall_ns=7492542 cpu_ns=7426751 states=5151 verified=15 completion=0 alternatives=7
INSTRUMENTATION_STATUS_CODE: 0
INSTRUMENTATION_STATUS: top_seven_measurement=v1 id=0 strategy=0 round=2 wall_ns=2533083 cpu_ns=2520123 states=8192 verified=17 completion=3 alternatives=7
INSTRUMENTATION_STATUS_CODE: 0
INSTRUMENTATION_STATUS: top_seven_measurement=v1 id=0 strategy=1 round=2 wall_ns=10840375 cpu_ns=10763793 states=8192 verified=13 completion=3 alternatives=7
INSTRUMENTATION_STATUS_CODE: 0
INSTRUMENTATION_STATUS: top_seven_measurement=v1 id=1 strategy=1 round=2 wall_ns=1062958 cpu_ns=1063625 states=1438 verified=13 completion=0 alternatives=7
INSTRUMENTATION_STATUS_CODE: 0
INSTRUMENTATION_STATUS: top_seven_measurement=v1 id=1 strategy=0 round=2 wall_ns=658541 cpu_ns=650708 states=2144 verified=14 completion=0 alternatives=7
INSTRUMENTATION_STATUS_CODE: 0
INSTRUMENTATION_STATUS: top_seven_measurement=v1 id=2 strategy=0 round=2 wall_ns=2552583 cpu_ns=2529833 states=8192 verified=10 completion=3 alternatives=7
INSTRUMENTATION_STATUS_CODE: 0
INSTRUMENTATION_STATUS: top_seven_measurement=v1 id=2 strategy=1 round=2 wall_ns=12755333 cpu_ns=11888127 states=8192 verified=5 completion=3 alternatives=5
INSTRUMENTATION_STATUS_CODE: 0
INSTRUMENTATION_STATUS: top_seven_measurement=v1 id=3 strategy=1 round=2 wall_ns=7842417 cpu_ns=7805418 states=6441 verified=57 completion=0 alternatives=7
INSTRUMENTATION_STATUS_CODE: 0
INSTRUMENTATION_STATUS: top_seven_measurement=v1 id=3 strategy=0 round=2 wall_ns=2580708 cpu_ns=2553292 states=8192 verified=33 completion=3 alternatives=7
INSTRUMENTATION_STATUS_CODE: 0
INSTRUMENTATION_STATUS: top_seven_measurement=v1 id=4 strategy=0 round=2 wall_ns=2562458 cpu_ns=2449331 states=8192 verified=7 completion=3 alternatives=7
INSTRUMENTATION_STATUS_CODE: 0
INSTRUMENTATION_STATUS: top_seven_measurement=v1 id=4 strategy=1 round=2 wall_ns=11200500 cpu_ns=10994625 states=8192 verified=7 completion=3 alternatives=7
INSTRUMENTATION_STATUS_CODE: 0
INSTRUMENTATION_STATUS: top_seven_measurement=v1 id=5 strategy=1 round=2 wall_ns=2462875 cpu_ns=2461375 states=2139 verified=59 completion=0 alternatives=7
INSTRUMENTATION_STATUS_CODE: 0
INSTRUMENTATION_STATUS: top_seven_measurement=v1 id=5 strategy=0 round=2 wall_ns=2611625 cpu_ns=2577417 states=8192 verified=49 completion=3 alternatives=7
INSTRUMENTATION_STATUS_CODE: 0
INSTRUMENTATION_STATUS: top_seven_measurement=v1 id=6 strategy=0 round=2 wall_ns=2604042 cpu_ns=2562334 states=8192 verified=37 completion=3 alternatives=7
INSTRUMENTATION_STATUS_CODE: 0
INSTRUMENTATION_STATUS: top_seven_measurement=v1 id=6 strategy=1 round=2 wall_ns=6222666 cpu_ns=6195083 states=5398 verified=16 completion=0 alternatives=7
INSTRUMENTATION_STATUS_CODE: 0
INSTRUMENTATION_STATUS: top_seven_measurement=v1 id=7 strategy=1 round=2 wall_ns=8657167 cpu_ns=8607251 states=5678 verified=45 completion=0 alternatives=7
INSTRUMENTATION_STATUS_CODE: 0
INSTRUMENTATION_STATUS: top_seven_measurement=v1 id=7 strategy=0 round=2 wall_ns=1968416 cpu_ns=1968917 states=4050 verified=64 completion=4 alternatives=7
INSTRUMENTATION_STATUS_CODE: 0
INSTRUMENTATION_STATUS: top_seven_measurement=v1 id=8 strategy=0 round=2 wall_ns=1352041 cpu_ns=1232833 states=1838 verified=64 completion=4 alternatives=7
INSTRUMENTATION_STATUS_CODE: 0
INSTRUMENTATION_STATUS: top_seven_measurement=v1 id=8 strategy=1 round=2 wall_ns=2370291 cpu_ns=2278041 states=1503 verified=64 completion=4 alternatives=7
INSTRUMENTATION_STATUS_CODE: 0
INSTRUMENTATION_STATUS: top_seven_measurement=v1 id=9 strategy=1 round=2 wall_ns=5411875 cpu_ns=5386459 states=4662 verified=13 completion=0 alternatives=7
INSTRUMENTATION_STATUS_CODE: 0
INSTRUMENTATION_STATUS: top_seven_measurement=v1 id=9 strategy=0 round=2 wall_ns=2272833 cpu_ns=2239791 states=8192 verified=13 completion=3 alternatives=7
INSTRUMENTATION_STATUS_CODE: 0
INSTRUMENTATION_STATUS: top_seven_measurement=v1 id=10 strategy=0 round=2 wall_ns=1014542 cpu_ns=1007999 states=3038 verified=57 completion=0 alternatives=7
INSTRUMENTATION_STATUS_CODE: 0
INSTRUMENTATION_STATUS: top_seven_measurement=v1 id=10 strategy=1 round=2 wall_ns=1345708 cpu_ns=1313166 states=1917 verified=42 completion=0 alternatives=7
INSTRUMENTATION_STATUS_CODE: 0
INSTRUMENTATION_STATUS: top_seven_measurement=v1 id=11 strategy=1 round=2 wall_ns=11226625 cpu_ns=11185251 states=8192 verified=49 completion=3 alternatives=7
INSTRUMENTATION_STATUS_CODE: 0
INSTRUMENTATION_STATUS: top_seven_measurement=v1 id=11 strategy=0 round=2 wall_ns=2595666 cpu_ns=2596417 states=8192 verified=34 completion=3 alternatives=7
INSTRUMENTATION_STATUS_CODE: 0
INSTRUMENTATION_STATUS: top_seven_measurement=v1 id=12 strategy=0 round=2 wall_ns=990750 cpu_ns=965792 states=3316 verified=21 completion=0 alternatives=7
INSTRUMENTATION_STATUS_CODE: 0
INSTRUMENTATION_STATUS: top_seven_measurement=v1 id=12 strategy=1 round=2 wall_ns=1574000 cpu_ns=1574667 states=1986 verified=15 completion=0 alternatives=7
INSTRUMENTATION_STATUS_CODE: 0
INSTRUMENTATION_STATUS: top_seven_measurement=v1 id=13 strategy=1 round=2 wall_ns=4829250 cpu_ns=4009834 states=2999 verified=64 completion=4 alternatives=7
INSTRUMENTATION_STATUS_CODE: 0
INSTRUMENTATION_STATUS: top_seven_measurement=v1 id=13 strategy=0 round=2 wall_ns=2555875 cpu_ns=2524875 states=8192 verified=42 completion=3 alternatives=7
INSTRUMENTATION_STATUS_CODE: 0
INSTRUMENTATION_STATUS: top_seven_measurement=v1 id=14 strategy=0 round=2 wall_ns=2170875 cpu_ns=2157126 states=8192 verified=0 completion=3 alternatives=0
INSTRUMENTATION_STATUS_CODE: 0
INSTRUMENTATION_STATUS: top_seven_measurement=v1 id=14 strategy=1 round=2 wall_ns=12663375 cpu_ns=12601376 states=8192 verified=1 completion=3 alternatives=1
INSTRUMENTATION_STATUS_CODE: 0
INSTRUMENTATION_STATUS: top_seven_measurement=v1 id=15 strategy=1 round=2 wall_ns=1003292 cpu_ns=988417 states=1324 verified=9 completion=0 alternatives=7
INSTRUMENTATION_STATUS_CODE: 0
INSTRUMENTATION_STATUS: top_seven_measurement=v1 id=15 strategy=0 round=2 wall_ns=590666 cpu_ns=582916 states=2138 verified=16 completion=0 alternatives=7
INSTRUMENTATION_STATUS_CODE: 0
INSTRUMENTATION_STATUS: top_seven_measurement=v1 id=16 strategy=0 round=2 wall_ns=2299208 cpu_ns=2270542 states=8192 verified=15 completion=3 alternatives=7
INSTRUMENTATION_STATUS_CODE: 0
INSTRUMENTATION_STATUS: top_seven_measurement=v1 id=16 strategy=1 round=2 wall_ns=10296666 cpu_ns=10190124 states=8192 verified=14 completion=3 alternatives=7
INSTRUMENTATION_STATUS_CODE: 0
INSTRUMENTATION_STATUS: top_seven_measurement=v1 id=17 strategy=1 round=2 wall_ns=10997875 cpu_ns=10940291 states=8192 verified=2 completion=3 alternatives=2
INSTRUMENTATION_STATUS_CODE: 0
INSTRUMENTATION_STATUS: top_seven_measurement=v1 id=17 strategy=0 round=2 wall_ns=2155833 cpu_ns=2131126 states=8192 verified=1 completion=3 alternatives=1
INSTRUMENTATION_STATUS_CODE: 0
INSTRUMENTATION_STATUS: top_seven_measurement=v1 id=18 strategy=0 round=2 wall_ns=833542 cpu_ns=819625 states=3409 verified=5 completion=0 alternatives=5
INSTRUMENTATION_STATUS_CODE: 0
INSTRUMENTATION_STATUS: top_seven_measurement=v1 id=18 strategy=1 round=2 wall_ns=2510250 cpu_ns=2484916 states=3409 verified=5 completion=0 alternatives=5
INSTRUMENTATION_STATUS_CODE: 0
INSTRUMENTATION_STATUS: top_seven_measurement=v1 id=19 strategy=1 round=2 wall_ns=857000 cpu_ns=847250 states=1121 verified=50 completion=0 alternatives=7
INSTRUMENTATION_STATUS_CODE: 0
INSTRUMENTATION_STATUS: top_seven_measurement=v1 id=19 strategy=0 round=2 wall_ns=598375 cpu_ns=599083 states=1668 verified=52 completion=0 alternatives=7
INSTRUMENTATION_STATUS_CODE: 0
INSTRUMENTATION_STATUS: top_seven_measurement=v1 id=20 strategy=0 round=2 wall_ns=2628708 cpu_ns=2595709 states=8192 verified=12 completion=3 alternatives=7
INSTRUMENTATION_STATUS_CODE: 0
INSTRUMENTATION_STATUS: top_seven_measurement=v1 id=20 strategy=1 round=2 wall_ns=4737833 cpu_ns=4690584 states=2619 verified=64 completion=4 alternatives=7
INSTRUMENTATION_STATUS_CODE: 0
INSTRUMENTATION_STATUS: top_seven_measurement=v1 id=21 strategy=1 round=2 wall_ns=11363000 cpu_ns=11265250 states=5806 verified=21 completion=0 alternatives=7
INSTRUMENTATION_STATUS_CODE: 0
INSTRUMENTATION_STATUS: top_seven_measurement=v1 id=21 strategy=0 round=2 wall_ns=3478625 cpu_ns=3441293 states=8192 verified=44 completion=3 alternatives=7
INSTRUMENTATION_STATUS_CODE: 0
INSTRUMENTATION_STATUS: top_seven_measurement=v1 id=22 strategy=0 round=2 wall_ns=599625 cpu_ns=600375 states=1937 verified=11 completion=0 alternatives=7
INSTRUMENTATION_STATUS_CODE: 0
INSTRUMENTATION_STATUS: top_seven_measurement=v1 id=22 strategy=1 round=2 wall_ns=1760208 cpu_ns=1731166 states=1928 verified=10 completion=0 alternatives=7
INSTRUMENTATION_STATUS_CODE: 0
INSTRUMENTATION_STATUS: top_seven_measurement=v1 id=23 strategy=1 round=2 wall_ns=1445708 cpu_ns=1446459 states=1455 verified=24 completion=0 alternatives=7
INSTRUMENTATION_STATUS_CODE: 0
INSTRUMENTATION_STATUS: top_seven_measurement=v1 id=23 strategy=0 round=2 wall_ns=569000 cpu_ns=494708 states=1462 verified=25 completion=0 alternatives=7
INSTRUMENTATION_STATUS_CODE: 0
INSTRUMENTATION_STATUS: top_seven_measurement=v1 id=24 strategy=0 round=2 wall_ns=437791 cpu_ns=438500 states=1273 verified=29 completion=0 alternatives=7
INSTRUMENTATION_STATUS_CODE: 0
INSTRUMENTATION_STATUS: top_seven_measurement=v1 id=24 strategy=1 round=2 wall_ns=865916 cpu_ns=822584 states=1273 verified=29 completion=0 alternatives=7
INSTRUMENTATION_STATUS_CODE: 0
INSTRUMENTATION_STATUS: top_seven_measurement=v1 id=25 strategy=1 round=2 wall_ns=9779834 cpu_ns=9734749 states=6796 verified=11 completion=0 alternatives=7
INSTRUMENTATION_STATUS_CODE: 0
INSTRUMENTATION_STATUS: top_seven_measurement=v1 id=25 strategy=0 round=2 wall_ns=2467583 cpu_ns=2348582 states=8192 verified=18 completion=3 alternatives=7
INSTRUMENTATION_STATUS_CODE: 0
INSTRUMENTATION_STATUS: top_seven_measurement=v1 id=26 strategy=0 round=2 wall_ns=2666542 cpu_ns=2562375 states=8192 verified=22 completion=3 alternatives=7
INSTRUMENTATION_STATUS_CODE: 0
INSTRUMENTATION_STATUS: top_seven_measurement=v1 id=26 strategy=1 round=2 wall_ns=7630333 cpu_ns=7495625 states=4889 verified=39 completion=0 alternatives=7
INSTRUMENTATION_STATUS_CODE: 0
INSTRUMENTATION_STATUS: top_seven_measurement=v1 id=27 strategy=1 round=2 wall_ns=1787750 cpu_ns=1676584 states=1508 verified=8 completion=0 alternatives=7
INSTRUMENTATION_STATUS_CODE: 0
INSTRUMENTATION_STATUS: top_seven_measurement=v1 id=27 strategy=0 round=2 wall_ns=690417 cpu_ns=590416 states=1508 verified=8 completion=0 alternatives=7
INSTRUMENTATION_STATUS_CODE: 0
INSTRUMENTATION_STATUS: top_seven_measurement=v1 id=28 strategy=0 round=2 wall_ns=2765750 cpu_ns=1947208 states=2798 verified=64 completion=4 alternatives=7
INSTRUMENTATION_STATUS_CODE: 0
INSTRUMENTATION_STATUS: top_seven_measurement=v1 id=28 strategy=1 round=2 wall_ns=6714708 cpu_ns=6633417 states=4469 verified=63 completion=0 alternatives=7
INSTRUMENTATION_STATUS_CODE: 0
INSTRUMENTATION_STATUS: top_seven_measurement=v1 id=29 strategy=1 round=2 wall_ns=11027875 cpu_ns=10934376 states=7060 verified=55 completion=0 alternatives=7
INSTRUMENTATION_STATUS_CODE: 0
INSTRUMENTATION_STATUS: top_seven_measurement=v1 id=29 strategy=0 round=2 wall_ns=2766125 cpu_ns=2740916 states=6682 verified=64 completion=4 alternatives=7
INSTRUMENTATION_STATUS_CODE: 0
INSTRUMENTATION_STATUS: top_seven_measurement=v1 id=30 strategy=0 round=2 wall_ns=3094250 cpu_ns=2934667 states=7644 verified=64 completion=4 alternatives=7
INSTRUMENTATION_STATUS_CODE: 0
INSTRUMENTATION_STATUS: top_seven_measurement=v1 id=30 strategy=1 round=2 wall_ns=3557083 cpu_ns=3544375 states=2206 verified=64 completion=4 alternatives=7
INSTRUMENTATION_STATUS_CODE: 0
INSTRUMENTATION_STATUS: top_seven_measurement=v1 id=31 strategy=1 round=2 wall_ns=11502750 cpu_ns=11409290 states=6727 verified=12 completion=0 alternatives=7
INSTRUMENTATION_STATUS_CODE: 0
INSTRUMENTATION_STATUS: top_seven_measurement=v1 id=31 strategy=0 round=2 wall_ns=2876083 cpu_ns=2843958 states=8192 verified=27 completion=3 alternatives=7
INSTRUMENTATION_STATUS_CODE: 0
INSTRUMENTATION_STATUS: top_seven_measurement=v1 id=32 strategy=0 round=2 wall_ns=3015209 cpu_ns=2945835 states=8192 verified=47 completion=3 alternatives=7
INSTRUMENTATION_STATUS_CODE: 0
INSTRUMENTATION_STATUS: top_seven_measurement=v1 id=32 strategy=1 round=2 wall_ns=8045875 cpu_ns=7945791 states=5006 verified=47 completion=0 alternatives=7
INSTRUMENTATION_STATUS_CODE: 0
INSTRUMENTATION_STATUS: top_seven_measurement=v1 id=33 strategy=1 round=2 wall_ns=4235583 cpu_ns=4208167 states=3501 verified=18 completion=0 alternatives=7
INSTRUMENTATION_STATUS_CODE: 0
INSTRUMENTATION_STATUS: top_seven_measurement=v1 id=33 strategy=0 round=2 wall_ns=2567041 cpu_ns=2538583 states=8192 verified=41 completion=3 alternatives=7
INSTRUMENTATION_STATUS_CODE: 0
INSTRUMENTATION_STATUS: top_seven_measurement=v1 id=34 strategy=0 round=2 wall_ns=2469083 cpu_ns=2326752 states=8192 verified=5 completion=3 alternatives=5
INSTRUMENTATION_STATUS_CODE: 0
INSTRUMENTATION_STATUS: top_seven_measurement=v1 id=34 strategy=1 round=2 wall_ns=14128209 cpu_ns=14040376 states=8192 verified=26 completion=3 alternatives=7
INSTRUMENTATION_STATUS_CODE: 0
INSTRUMENTATION_STATUS: top_seven_measurement=v1 id=35 strategy=1 round=2 wall_ns=11388833 cpu_ns=11314793 states=8192 verified=25 completion=3 alternatives=7
INSTRUMENTATION_STATUS_CODE: 0
INSTRUMENTATION_STATUS: top_seven_measurement=v1 id=35 strategy=0 round=2 wall_ns=2546834 cpu_ns=2547625 states=8192 verified=26 completion=3 alternatives=7
INSTRUMENTATION_STATUS_CODE: 0
INSTRUMENTATION_STATUS: top_seven_measurement=v1 id=36 strategy=0 round=2 wall_ns=2318500 cpu_ns=2253375 states=8192 verified=13 completion=3 alternatives=7
INSTRUMENTATION_STATUS_CODE: 0
INSTRUMENTATION_STATUS: top_seven_measurement=v1 id=36 strategy=1 round=2 wall_ns=3699375 cpu_ns=3621376 states=2213 verified=48 completion=0 alternatives=7
INSTRUMENTATION_STATUS_CODE: 0
INSTRUMENTATION_STATUS: top_seven_measurement=v1 id=37 strategy=1 round=2 wall_ns=16400542 cpu_ns=16257833 states=8192 verified=5 completion=3 alternatives=5
INSTRUMENTATION_STATUS_CODE: 0
INSTRUMENTATION_STATUS: top_seven_measurement=v1 id=37 strategy=0 round=2 wall_ns=3297667 cpu_ns=2651625 states=8192 verified=5 completion=3 alternatives=5
INSTRUMENTATION_STATUS_CODE: 0
INSTRUMENTATION_STATUS: top_seven_measurement=v1 id=38 strategy=0 round=2 wall_ns=2517333 cpu_ns=2357375 states=8192 verified=5 completion=3 alternatives=5
INSTRUMENTATION_STATUS_CODE: 0
INSTRUMENTATION_STATUS: top_seven_measurement=v1 id=38 strategy=1 round=2 wall_ns=15642166 cpu_ns=15560625 states=8192 verified=29 completion=3 alternatives=7
INSTRUMENTATION_STATUS_CODE: 0
INSTRUMENTATION_STATUS: top_seven_measurement=v1 id=39 strategy=1 round=2 wall_ns=2968000 cpu_ns=2934083 states=1873 verified=64 completion=4 alternatives=7
INSTRUMENTATION_STATUS_CODE: 0
INSTRUMENTATION_STATUS: top_seven_measurement=v1 id=39 strategy=0 round=2 wall_ns=2058791 cpu_ns=2029750 states=4858 verified=64 completion=4 alternatives=7
INSTRUMENTATION_STATUS_CODE: 0
INSTRUMENTATION_STATUS: top_seven_measurement=v1 id=40 strategy=0 round=2 wall_ns=812625 cpu_ns=813167 states=1943 verified=60 completion=0 alternatives=7
INSTRUMENTATION_STATUS_CODE: 0
INSTRUMENTATION_STATUS: top_seven_measurement=v1 id=40 strategy=1 round=2 wall_ns=675417 cpu_ns=673376 states=1119 verified=42 completion=0 alternatives=7
INSTRUMENTATION_STATUS_CODE: 0
INSTRUMENTATION_STATUS: top_seven_measurement=v1 id=41 strategy=1 round=2 wall_ns=2557583 cpu_ns=2496543 states=3007 verified=13 completion=0 alternatives=7
INSTRUMENTATION_STATUS_CODE: 0
INSTRUMENTATION_STATUS: top_seven_measurement=v1 id=41 strategy=0 round=2 wall_ns=781333 cpu_ns=782000 states=3014 verified=13 completion=0 alternatives=7
INSTRUMENTATION_STATUS_CODE: 0
INSTRUMENTATION_STATUS: top_seven_measurement=v1 id=42 strategy=0 round=2 wall_ns=854917 cpu_ns=848625 states=2621 verified=56 completion=0 alternatives=7
INSTRUMENTATION_STATUS_CODE: 0
INSTRUMENTATION_STATUS: top_seven_measurement=v1 id=42 strategy=1 round=2 wall_ns=776167 cpu_ns=712333 states=1399 verified=41 completion=0 alternatives=7
INSTRUMENTATION_STATUS_CODE: 0
INSTRUMENTATION_STATUS: top_seven_measurement=v1 id=43 strategy=1 round=2 wall_ns=6562792 cpu_ns=6539125 states=4904 verified=13 completion=0 alternatives=7
INSTRUMENTATION_STATUS_CODE: 0
INSTRUMENTATION_STATUS: top_seven_measurement=v1 id=43 strategy=0 round=2 wall_ns=3060875 cpu_ns=3038709 states=8192 verified=50 completion=3 alternatives=7
INSTRUMENTATION_STATUS_CODE: 0
INSTRUMENTATION_STATUS: top_seven_measurement=v1 id=44 strategy=0 round=2 wall_ns=681792 cpu_ns=634918 states=2455 verified=10 completion=0 alternatives=4
INSTRUMENTATION_STATUS_CODE: 0
INSTRUMENTATION_STATUS: top_seven_measurement=v1 id=44 strategy=1 round=2 wall_ns=2135500 cpu_ns=2049833 states=2455 verified=10 completion=0 alternatives=4
INSTRUMENTATION_STATUS_CODE: 0
INSTRUMENTATION_STATUS: top_seven_measurement=v1 id=45 strategy=1 round=2 wall_ns=18417 cpu_ns=19000 states=28 verified=0 completion=2 alternatives=0
INSTRUMENTATION_STATUS_CODE: 0
INSTRUMENTATION_STATUS: top_seven_measurement=v1 id=45 strategy=0 round=2 wall_ns=17208 cpu_ns=16624 states=28 verified=0 completion=2 alternatives=0
INSTRUMENTATION_STATUS_CODE: 0
INSTRUMENTATION_STATUS: top_seven_measurement=v1 id=46 strategy=0 round=2 wall_ns=1541167 cpu_ns=1485208 states=2906 verified=64 completion=4 alternatives=7
INSTRUMENTATION_STATUS_CODE: 0
INSTRUMENTATION_STATUS: top_seven_measurement=v1 id=46 strategy=1 round=2 wall_ns=2953708 cpu_ns=2933335 states=2202 verified=27 completion=0 alternatives=7
INSTRUMENTATION_STATUS_CODE: 0
INSTRUMENTATION_STATUS: top_seven_measurement=v1 id=47 strategy=1 round=2 wall_ns=13264667 cpu_ns=13213000 states=8192 verified=16 completion=3 alternatives=7
INSTRUMENTATION_STATUS_CODE: 0
INSTRUMENTATION_STATUS: top_seven_measurement=v1 id=47 strategy=0 round=2 wall_ns=2706125 cpu_ns=2605418 states=8192 verified=16 completion=3 alternatives=7
INSTRUMENTATION_STATUS_CODE: 0
INSTRUMENTATION_STATUS: top_seven_measurement=v1 id=48 strategy=0 round=2 wall_ns=2410042 cpu_ns=2402876 states=5158 verified=64 completion=4 alternatives=7
INSTRUMENTATION_STATUS_CODE: 0
INSTRUMENTATION_STATUS: top_seven_measurement=v1 id=48 strategy=1 round=2 wall_ns=2455083 cpu_ns=2411457 states=1680 verified=21 completion=0 alternatives=7
INSTRUMENTATION_STATUS_CODE: 0
INSTRUMENTATION_STATUS: top_seven_measurement=v1 id=49 strategy=1 round=2 wall_ns=1415416 cpu_ns=1416083 states=1514 verified=18 completion=0 alternatives=7
INSTRUMENTATION_STATUS_CODE: 0
INSTRUMENTATION_STATUS: top_seven_measurement=v1 id=49 strategy=0 round=2 wall_ns=540125 cpu_ns=515459 states=1514 verified=18 completion=0 alternatives=7
INSTRUMENTATION_STATUS_CODE: 0
INSTRUMENTATION_STATUS: top_seven_measurement=v1 id=50 strategy=0 round=2 wall_ns=1350458 cpu_ns=1351125 states=2296 verified=64 completion=4 alternatives=7
INSTRUMENTATION_STATUS_CODE: 0
INSTRUMENTATION_STATUS: top_seven_measurement=v1 id=50 strategy=1 round=2 wall_ns=2837500 cpu_ns=2801251 states=1892 verified=64 completion=4 alternatives=7
INSTRUMENTATION_STATUS_CODE: 0
INSTRUMENTATION_STATUS: top_seven_measurement=v1 id=51 strategy=1 round=2 wall_ns=654375 cpu_ns=544208 states=740 verified=11 completion=0 alternatives=7
INSTRUMENTATION_STATUS_CODE: 0
INSTRUMENTATION_STATUS: top_seven_measurement=v1 id=51 strategy=0 round=2 wall_ns=975958 cpu_ns=976584 states=3145 verified=33 completion=0 alternatives=7
INSTRUMENTATION_STATUS_CODE: 0
INSTRUMENTATION_STATUS: top_seven_measurement=v1 id=52 strategy=0 round=2 wall_ns=2380584 cpu_ns=2358333 states=8192 verified=4 completion=3 alternatives=4
INSTRUMENTATION_STATUS_CODE: 0
INSTRUMENTATION_STATUS: top_seven_measurement=v1 id=52 strategy=1 round=2 wall_ns=13771833 cpu_ns=13706166 states=8192 verified=4 completion=3 alternatives=4
INSTRUMENTATION_STATUS_CODE: 0
INSTRUMENTATION_STATUS: top_seven_measurement=v1 id=53 strategy=1 round=2 wall_ns=1408042 cpu_ns=1378084 states=1667 verified=10 completion=0 alternatives=7
INSTRUMENTATION_STATUS_CODE: 0
INSTRUMENTATION_STATUS: top_seven_measurement=v1 id=53 strategy=0 round=2 wall_ns=822375 cpu_ns=823125 states=2924 verified=17 completion=0 alternatives=7
INSTRUMENTATION_STATUS_CODE: 0
INSTRUMENTATION_STATUS: top_seven_measurement=v1 id=54 strategy=0 round=2 wall_ns=2544542 cpu_ns=2495084 states=8192 verified=20 completion=3 alternatives=7
INSTRUMENTATION_STATUS_CODE: 0
INSTRUMENTATION_STATUS: top_seven_measurement=v1 id=54 strategy=1 round=2 wall_ns=12375416 cpu_ns=11488793 states=8192 verified=14 completion=3 alternatives=7
INSTRUMENTATION_STATUS_CODE: 0
INSTRUMENTATION_STATUS: top_seven_measurement=v1 id=55 strategy=1 round=2 wall_ns=11135583 cpu_ns=11084498 states=6979 verified=13 completion=0 alternatives=7
INSTRUMENTATION_STATUS_CODE: 0
INSTRUMENTATION_STATUS: top_seven_measurement=v1 id=55 strategy=0 round=2 wall_ns=2679792 cpu_ns=2680541 states=8192 verified=23 completion=3 alternatives=7
INSTRUMENTATION_STATUS_CODE: 0
INSTRUMENTATION_STATUS: top_seven_measurement=v1 id=56 strategy=0 round=2 wall_ns=638584 cpu_ns=639333 states=2318 verified=12 completion=0 alternatives=7
INSTRUMENTATION_STATUS_CODE: 0
INSTRUMENTATION_STATUS: top_seven_measurement=v1 id=56 strategy=1 round=2 wall_ns=1005417 cpu_ns=1006083 states=1277 verified=8 completion=0 alternatives=7
INSTRUMENTATION_STATUS_CODE: 0
INSTRUMENTATION_STATUS: top_seven_measurement=v1 id=57 strategy=1 round=2 wall_ns=13011917 cpu_ns=12875957 states=8192 verified=3 completion=3 alternatives=3
INSTRUMENTATION_STATUS_CODE: 0
INSTRUMENTATION_STATUS: top_seven_measurement=v1 id=57 strategy=0 round=2 wall_ns=2355916 cpu_ns=2313417 states=8192 verified=6 completion=3 alternatives=6
INSTRUMENTATION_STATUS_CODE: 0
INSTRUMENTATION_STATUS: top_seven_measurement=v1 id=58 strategy=0 round=2 wall_ns=1116209 cpu_ns=1112333 states=970 verified=64 completion=4 alternatives=7
INSTRUMENTATION_STATUS_CODE: 0
INSTRUMENTATION_STATUS: top_seven_measurement=v1 id=58 strategy=1 round=2 wall_ns=3117333 cpu_ns=3092084 states=2200 verified=48 completion=0 alternatives=7
INSTRUMENTATION_STATUS_CODE: 0
INSTRUMENTATION_STATUS: top_seven_measurement=v1 id=59 strategy=1 round=2 wall_ns=7458542 cpu_ns=7419167 states=5151 verified=15 completion=0 alternatives=7
INSTRUMENTATION_STATUS_CODE: 0
INSTRUMENTATION_STATUS: top_seven_measurement=v1 id=59 strategy=0 round=2 wall_ns=2403125 cpu_ns=2359624 states=8192 verified=14 completion=3 alternatives=7
INSTRUMENTATION_STATUS_CODE: 0
INSTRUMENTATION_STATUS: top_seven_measurement=v1 id=0 strategy=1 round=3 wall_ns=11043250 cpu_ns=10903290 states=8192 verified=13 completion=3 alternatives=7
INSTRUMENTATION_STATUS_CODE: 0
INSTRUMENTATION_STATUS: top_seven_measurement=v1 id=0 strategy=0 round=3 wall_ns=2427708 cpu_ns=2385792 states=8192 verified=17 completion=3 alternatives=7
INSTRUMENTATION_STATUS_CODE: 0
INSTRUMENTATION_STATUS: top_seven_measurement=v1 id=1 strategy=0 round=3 wall_ns=588042 cpu_ns=588750 states=2144 verified=14 completion=0 alternatives=7
INSTRUMENTATION_STATUS_CODE: 0
INSTRUMENTATION_STATUS: top_seven_measurement=v1 id=1 strategy=1 round=3 wall_ns=1076208 cpu_ns=1034834 states=1438 verified=13 completion=0 alternatives=7
INSTRUMENTATION_STATUS_CODE: 0
INSTRUMENTATION_STATUS: top_seven_measurement=v1 id=2 strategy=1 round=3 wall_ns=11247625 cpu_ns=11155542 states=8192 verified=5 completion=3 alternatives=5
INSTRUMENTATION_STATUS_CODE: 0
INSTRUMENTATION_STATUS: top_seven_measurement=v1 id=2 strategy=0 round=3 wall_ns=2344666 cpu_ns=2320250 states=8192 verified=10 completion=3 alternatives=7
INSTRUMENTATION_STATUS_CODE: 0
INSTRUMENTATION_STATUS: top_seven_measurement=v1 id=3 strategy=0 round=3 wall_ns=2410250 cpu_ns=2411000 states=8192 verified=33 completion=3 alternatives=7
INSTRUMENTATION_STATUS_CODE: 0
INSTRUMENTATION_STATUS: top_seven_measurement=v1 id=3 strategy=1 round=3 wall_ns=7516917 cpu_ns=7449876 states=6441 verified=57 completion=0 alternatives=7
INSTRUMENTATION_STATUS_CODE: 0
INSTRUMENTATION_STATUS: top_seven_measurement=v1 id=4 strategy=1 round=3 wall_ns=11092459 cpu_ns=10887042 states=8192 verified=7 completion=3 alternatives=7
INSTRUMENTATION_STATUS_CODE: 0
INSTRUMENTATION_STATUS: top_seven_measurement=v1 id=4 strategy=0 round=3 wall_ns=3263083 cpu_ns=2564583 states=8192 verified=7 completion=3 alternatives=7
INSTRUMENTATION_STATUS_CODE: 0
INSTRUMENTATION_STATUS: top_seven_measurement=v1 id=5 strategy=0 round=3 wall_ns=2569583 cpu_ns=2523000 states=8192 verified=49 completion=3 alternatives=7
INSTRUMENTATION_STATUS_CODE: 0
INSTRUMENTATION_STATUS: top_seven_measurement=v1 id=5 strategy=1 round=3 wall_ns=2511042 cpu_ns=2489750 states=2139 verified=59 completion=0 alternatives=7
INSTRUMENTATION_STATUS_CODE: 0
INSTRUMENTATION_STATUS: top_seven_measurement=v1 id=6 strategy=1 round=3 wall_ns=6276791 cpu_ns=6213126 states=5398 verified=16 completion=0 alternatives=7
INSTRUMENTATION_STATUS_CODE: 0
INSTRUMENTATION_STATUS: top_seven_measurement=v1 id=6 strategy=0 round=3 wall_ns=2520500 cpu_ns=2346125 states=8192 verified=37 completion=3 alternatives=7
INSTRUMENTATION_STATUS_CODE: 0
INSTRUMENTATION_STATUS: top_seven_measurement=v1 id=7 strategy=0 round=3 wall_ns=2015792 cpu_ns=2006708 states=4050 verified=64 completion=4 alternatives=7
INSTRUMENTATION_STATUS_CODE: 0
INSTRUMENTATION_STATUS: top_seven_measurement=v1 id=7 strategy=1 round=3 wall_ns=8580000 cpu_ns=8513375 states=5678 verified=45 completion=0 alternatives=7
INSTRUMENTATION_STATUS_CODE: 0
INSTRUMENTATION_STATUS: top_seven_measurement=v1 id=8 strategy=1 round=3 wall_ns=2330167 cpu_ns=2329125 states=1503 verified=64 completion=4 alternatives=7
INSTRUMENTATION_STATUS_CODE: 0
INSTRUMENTATION_STATUS: top_seven_measurement=v1 id=8 strategy=0 round=3 wall_ns=1187791 cpu_ns=1146375 states=1838 verified=64 completion=4 alternatives=7
INSTRUMENTATION_STATUS_CODE: 0
INSTRUMENTATION_STATUS: top_seven_measurement=v1 id=9 strategy=0 round=3 wall_ns=2207000 cpu_ns=2191709 states=8192 verified=13 completion=3 alternatives=7
INSTRUMENTATION_STATUS_CODE: 0
INSTRUMENTATION_STATUS: top_seven_measurement=v1 id=9 strategy=1 round=3 wall_ns=5385542 cpu_ns=5338750 states=4662 verified=13 completion=0 alternatives=7
INSTRUMENTATION_STATUS_CODE: 0
INSTRUMENTATION_STATUS: top_seven_measurement=v1 id=10 strategy=1 round=3 wall_ns=1341083 cpu_ns=1341792 states=1917 verified=42 completion=0 alternatives=7
INSTRUMENTATION_STATUS_CODE: 0
INSTRUMENTATION_STATUS: top_seven_measurement=v1 id=10 strategy=0 round=3 wall_ns=984500 cpu_ns=985125 states=3038 verified=57 completion=0 alternatives=7
INSTRUMENTATION_STATUS_CODE: 0
INSTRUMENTATION_STATUS: top_seven_measurement=v1 id=11 strategy=0 round=3 wall_ns=2611541 cpu_ns=2580168 states=8192 verified=34 completion=3 alternatives=7
INSTRUMENTATION_STATUS_CODE: 0
INSTRUMENTATION_STATUS: top_seven_measurement=v1 id=11 strategy=1 round=3 wall_ns=11173542 cpu_ns=11098081 states=8192 verified=49 completion=3 alternatives=7
INSTRUMENTATION_STATUS_CODE: 0
INSTRUMENTATION_STATUS: top_seven_measurement=v1 id=12 strategy=1 round=3 wall_ns=1595584 cpu_ns=1554666 states=1986 verified=15 completion=0 alternatives=7
INSTRUMENTATION_STATUS_CODE: 0
INSTRUMENTATION_STATUS: top_seven_measurement=v1 id=12 strategy=0 round=3 wall_ns=999292 cpu_ns=927001 states=3316 verified=21 completion=0 alternatives=7
INSTRUMENTATION_STATUS_CODE: 0
INSTRUMENTATION_STATUS: top_seven_measurement=v1 id=13 strategy=0 round=3 wall_ns=2470583 cpu_ns=2461167 states=8192 verified=42 completion=3 alternatives=7
INSTRUMENTATION_STATUS_CODE: 0
INSTRUMENTATION_STATUS: top_seven_measurement=v1 id=13 strategy=1 round=3 wall_ns=3707291 cpu_ns=3666293 states=2999 verified=64 completion=4 alternatives=7
INSTRUMENTATION_STATUS_CODE: 0
INSTRUMENTATION_STATUS: top_seven_measurement=v1 id=14 strategy=1 round=3 wall_ns=12690041 cpu_ns=12582125 states=8192 verified=1 completion=3 alternatives=1
INSTRUMENTATION_STATUS_CODE: 0
INSTRUMENTATION_STATUS: top_seven_measurement=v1 id=14 strategy=0 round=3 wall_ns=2157417 cpu_ns=2121207 states=8192 verified=0 completion=3 alternatives=0
INSTRUMENTATION_STATUS_CODE: 0
INSTRUMENTATION_STATUS: top_seven_measurement=v1 id=15 strategy=0 round=3 wall_ns=598833 cpu_ns=599625 states=2138 verified=16 completion=0 alternatives=7
INSTRUMENTATION_STATUS_CODE: 0
INSTRUMENTATION_STATUS: top_seven_measurement=v1 id=15 strategy=1 round=3 wall_ns=960625 cpu_ns=961250 states=1324 verified=9 completion=0 alternatives=7
INSTRUMENTATION_STATUS_CODE: 0
INSTRUMENTATION_STATUS: top_seven_measurement=v1 id=16 strategy=1 round=3 wall_ns=10398334 cpu_ns=10348749 states=8192 verified=14 completion=3 alternatives=7
INSTRUMENTATION_STATUS_CODE: 0
INSTRUMENTATION_STATUS: top_seven_measurement=v1 id=16 strategy=0 round=3 wall_ns=2362250 cpu_ns=2337457 states=8192 verified=15 completion=3 alternatives=7
INSTRUMENTATION_STATUS_CODE: 0
INSTRUMENTATION_STATUS: top_seven_measurement=v1 id=17 strategy=0 round=3 wall_ns=2101750 cpu_ns=2097417 states=8192 verified=1 completion=3 alternatives=1
INSTRUMENTATION_STATUS_CODE: 0
INSTRUMENTATION_STATUS: top_seven_measurement=v1 id=17 strategy=1 round=3 wall_ns=11889541 cpu_ns=11074625 states=8192 verified=2 completion=3 alternatives=2
INSTRUMENTATION_STATUS_CODE: 0
INSTRUMENTATION_STATUS: top_seven_measurement=v1 id=18 strategy=1 round=3 wall_ns=2566125 cpu_ns=2542833 states=3409 verified=5 completion=0 alternatives=5
INSTRUMENTATION_STATUS_CODE: 0
INSTRUMENTATION_STATUS: top_seven_measurement=v1 id=18 strategy=0 round=3 wall_ns=773333 cpu_ns=774083 states=3409 verified=5 completion=0 alternatives=5
INSTRUMENTATION_STATUS_CODE: 0
INSTRUMENTATION_STATUS: top_seven_measurement=v1 id=19 strategy=0 round=3 wall_ns=612542 cpu_ns=613208 states=1668 verified=52 completion=0 alternatives=7
INSTRUMENTATION_STATUS_CODE: 0
INSTRUMENTATION_STATUS: top_seven_measurement=v1 id=19 strategy=1 round=3 wall_ns=914042 cpu_ns=865334 states=1121 verified=50 completion=0 alternatives=7
INSTRUMENTATION_STATUS_CODE: 0
INSTRUMENTATION_STATUS: top_seven_measurement=v1 id=20 strategy=1 round=3 wall_ns=4937416 cpu_ns=4831623 states=2619 verified=64 completion=4 alternatives=7
INSTRUMENTATION_STATUS_CODE: 0
INSTRUMENTATION_STATUS: top_seven_measurement=v1 id=20 strategy=0 round=3 wall_ns=2617917 cpu_ns=2568418 states=8192 verified=12 completion=3 alternatives=7
INSTRUMENTATION_STATUS_CODE: 0
INSTRUMENTATION_STATUS: top_seven_measurement=v1 id=21 strategy=0 round=3 wall_ns=3479708 cpu_ns=3440415 states=8192 verified=44 completion=3 alternatives=7
INSTRUMENTATION_STATUS_CODE: 0
INSTRUMENTATION_STATUS: top_seven_measurement=v1 id=21 strategy=1 round=3 wall_ns=11316208 cpu_ns=11255541 states=5806 verified=21 completion=0 alternatives=7
INSTRUMENTATION_STATUS_CODE: 0
INSTRUMENTATION_STATUS: top_seven_measurement=v1 id=22 strategy=1 round=3 wall_ns=1733000 cpu_ns=1733500 states=1928 verified=10 completion=0 alternatives=7
INSTRUMENTATION_STATUS_CODE: 0
INSTRUMENTATION_STATUS: top_seven_measurement=v1 id=22 strategy=0 round=3 wall_ns=541333 cpu_ns=539124 states=1937 verified=11 completion=0 alternatives=7
INSTRUMENTATION_STATUS_CODE: 0
INSTRUMENTATION_STATUS: top_seven_measurement=v1 id=23 strategy=0 round=3 wall_ns=592375 cpu_ns=593041 states=1462 verified=25 completion=0 alternatives=7
INSTRUMENTATION_STATUS_CODE: 0
INSTRUMENTATION_STATUS: top_seven_measurement=v1 id=23 strategy=1 round=3 wall_ns=1432500 cpu_ns=1408125 states=1455 verified=24 completion=0 alternatives=7
INSTRUMENTATION_STATUS_CODE: 0
INSTRUMENTATION_STATUS: top_seven_measurement=v1 id=24 strategy=1 round=3 wall_ns=832834 cpu_ns=825917 states=1273 verified=29 completion=0 alternatives=7
INSTRUMENTATION_STATUS_CODE: 0
INSTRUMENTATION_STATUS: top_seven_measurement=v1 id=24 strategy=0 round=3 wall_ns=429791 cpu_ns=430583 states=1273 verified=29 completion=0 alternatives=7
INSTRUMENTATION_STATUS_CODE: 0
INSTRUMENTATION_STATUS: top_seven_measurement=v1 id=25 strategy=0 round=3 wall_ns=2526791 cpu_ns=2502750 states=8192 verified=18 completion=3 alternatives=7
INSTRUMENTATION_STATUS_CODE: 0
INSTRUMENTATION_STATUS: top_seven_measurement=v1 id=25 strategy=1 round=3 wall_ns=9622542 cpu_ns=9571834 states=6796 verified=11 completion=0 alternatives=7
INSTRUMENTATION_STATUS_CODE: 0
INSTRUMENTATION_STATUS: top_seven_measurement=v1 id=26 strategy=1 round=3 wall_ns=7453125 cpu_ns=7393998 states=4889 verified=39 completion=0 alternatives=7
INSTRUMENTATION_STATUS_CODE: 0
INSTRUMENTATION_STATUS: top_seven_measurement=v1 id=26 strategy=0 round=3 wall_ns=2444791 cpu_ns=2421084 states=8192 verified=22 completion=3 alternatives=7
INSTRUMENTATION_STATUS_CODE: 0
INSTRUMENTATION_STATUS: top_seven_measurement=v1 id=27 strategy=0 round=3 wall_ns=440833 cpu_ns=441500 states=1508 verified=8 completion=0 alternatives=7
INSTRUMENTATION_STATUS_CODE: 0
INSTRUMENTATION_STATUS: top_seven_measurement=v1 id=27 strategy=1 round=3 wall_ns=1561083 cpu_ns=1544083 states=1508 verified=8 completion=0 alternatives=7
INSTRUMENTATION_STATUS_CODE: 0
INSTRUMENTATION_STATUS: top_seven_measurement=v1 id=28 strategy=1 round=3 wall_ns=6577334 cpu_ns=6507000 states=4469 verified=63 completion=0 alternatives=7
INSTRUMENTATION_STATUS_CODE: 0
INSTRUMENTATION_STATUS: top_seven_measurement=v1 id=28 strategy=0 round=3 wall_ns=1727375 cpu_ns=1670418 states=2798 verified=64 completion=4 alternatives=7
INSTRUMENTATION_STATUS_CODE: 0
INSTRUMENTATION_STATUS: top_seven_measurement=v1 id=29 strategy=0 round=3 wall_ns=2743667 cpu_ns=2714333 states=6682 verified=64 completion=4 alternatives=7
INSTRUMENTATION_STATUS_CODE: 0
INSTRUMENTATION_STATUS: top_seven_measurement=v1 id=29 strategy=1 round=3 wall_ns=10951250 cpu_ns=10866334 states=7060 verified=55 completion=0 alternatives=7
INSTRUMENTATION_STATUS_CODE: 0
INSTRUMENTATION_STATUS: top_seven_measurement=v1 id=30 strategy=1 round=3 wall_ns=3558417 cpu_ns=3513541 states=2206 verified=64 completion=4 alternatives=7
INSTRUMENTATION_STATUS_CODE: 0
INSTRUMENTATION_STATUS: top_seven_measurement=v1 id=30 strategy=0 round=3 wall_ns=2778542 cpu_ns=2739625 states=7644 verified=64 completion=4 alternatives=7
INSTRUMENTATION_STATUS_CODE: 0
INSTRUMENTATION_STATUS: top_seven_measurement=v1 id=31 strategy=0 round=3 wall_ns=3006625 cpu_ns=2981209 states=8192 verified=27 completion=3 alternatives=7
INSTRUMENTATION_STATUS_CODE: 0
INSTRUMENTATION_STATUS: top_seven_measurement=v1 id=31 strategy=1 round=3 wall_ns=12491042 cpu_ns=11655123 states=6727 verified=12 completion=0 alternatives=7
INSTRUMENTATION_STATUS_CODE: 0
INSTRUMENTATION_STATUS: top_seven_measurement=v1 id=32 strategy=1 round=3 wall_ns=8225333 cpu_ns=8181958 states=5006 verified=47 completion=0 alternatives=7
INSTRUMENTATION_STATUS_CODE: 0
INSTRUMENTATION_STATUS: top_seven_measurement=v1 id=32 strategy=0 round=3 wall_ns=3020541 cpu_ns=2997417 states=8192 verified=47 completion=3 alternatives=7
INSTRUMENTATION_STATUS_CODE: 0
INSTRUMENTATION_STATUS: top_seven_measurement=v1 id=33 strategy=0 round=3 wall_ns=2619709 cpu_ns=2566958 states=8192 verified=41 completion=3 alternatives=7
INSTRUMENTATION_STATUS_CODE: 0
INSTRUMENTATION_STATUS: top_seven_measurement=v1 id=33 strategy=1 round=3 wall_ns=4262167 cpu_ns=4222874 states=3501 verified=18 completion=0 alternatives=7
INSTRUMENTATION_STATUS_CODE: 0
INSTRUMENTATION_STATUS: top_seven_measurement=v1 id=34 strategy=1 round=3 wall_ns=14209458 cpu_ns=14139168 states=8192 verified=26 completion=3 alternatives=7
INSTRUMENTATION_STATUS_CODE: 0
INSTRUMENTATION_STATUS: top_seven_measurement=v1 id=34 strategy=0 round=3 wall_ns=2371583 cpu_ns=2335333 states=8192 verified=5 completion=3 alternatives=5
INSTRUMENTATION_STATUS_CODE: 0
INSTRUMENTATION_STATUS: top_seven_measurement=v1 id=35 strategy=0 round=3 wall_ns=2542792 cpu_ns=2543583 states=8192 verified=26 completion=3 alternatives=7
INSTRUMENTATION_STATUS_CODE: 0
INSTRUMENTATION_STATUS: top_seven_measurement=v1 id=35 strategy=1 round=3 wall_ns=11529208 cpu_ns=11446001 states=8192 verified=25 completion=3 alternatives=7
INSTRUMENTATION_STATUS_CODE: 0
INSTRUMENTATION_STATUS: top_seven_measurement=v1 id=36 strategy=1 round=3 wall_ns=3678708 cpu_ns=3633791 states=2213 verified=48 completion=0 alternatives=7
INSTRUMENTATION_STATUS_CODE: 0
INSTRUMENTATION_STATUS: top_seven_measurement=v1 id=36 strategy=0 round=3 wall_ns=2296958 cpu_ns=2258540 states=8192 verified=13 completion=3 alternatives=7
INSTRUMENTATION_STATUS_CODE: 0
INSTRUMENTATION_STATUS: top_seven_measurement=v1 id=37 strategy=0 round=3 wall_ns=2463375 cpu_ns=2438208 states=8192 verified=5 completion=3 alternatives=5
INSTRUMENTATION_STATUS_CODE: 0
INSTRUMENTATION_STATUS: top_seven_measurement=v1 id=37 strategy=1 round=3 wall_ns=15818625 cpu_ns=15727167 states=8192 verified=5 completion=3 alternatives=5
INSTRUMENTATION_STATUS_CODE: 0
INSTRUMENTATION_STATUS: top_seven_measurement=v1 id=38 strategy=1 round=3 wall_ns=15707667 cpu_ns=15611499 states=8192 verified=29 completion=3 alternatives=7
INSTRUMENTATION_STATUS_CODE: 0
INSTRUMENTATION_STATUS: top_seven_measurement=v1 id=38 strategy=0 round=3 wall_ns=2312250 cpu_ns=2289375 states=8192 verified=5 completion=3 alternatives=5
INSTRUMENTATION_STATUS_CODE: 0
INSTRUMENTATION_STATUS: top_seven_measurement=v1 id=39 strategy=0 round=3 wall_ns=2050708 cpu_ns=2024998 states=4858 verified=64 completion=4 alternatives=7
INSTRUMENTATION_STATUS_CODE: 0
INSTRUMENTATION_STATUS: top_seven_measurement=v1 id=39 strategy=1 round=3 wall_ns=2977292 cpu_ns=2940875 states=1873 verified=64 completion=4 alternatives=7
INSTRUMENTATION_STATUS_CODE: 0
INSTRUMENTATION_STATUS: top_seven_measurement=v1 id=40 strategy=1 round=3 wall_ns=777250 cpu_ns=764666 states=1119 verified=42 completion=0 alternatives=7
INSTRUMENTATION_STATUS_CODE: 0
INSTRUMENTATION_STATUS: top_seven_measurement=v1 id=40 strategy=0 round=3 wall_ns=727375 cpu_ns=670124 states=1943 verified=60 completion=0 alternatives=7
INSTRUMENTATION_STATUS_CODE: 0
INSTRUMENTATION_STATUS: top_seven_measurement=v1 id=41 strategy=0 round=3 wall_ns=857708 cpu_ns=794334 states=3014 verified=13 completion=0 alternatives=7
INSTRUMENTATION_STATUS_CODE: 0
INSTRUMENTATION_STATUS: top_seven_measurement=v1 id=41 strategy=1 round=3 wall_ns=2434209 cpu_ns=2410333 states=3007 verified=13 completion=0 alternatives=7
INSTRUMENTATION_STATUS_CODE: 0
INSTRUMENTATION_STATUS: top_seven_measurement=v1 id=42 strategy=1 round=3 wall_ns=746083 cpu_ns=732916 states=1399 verified=41 completion=0 alternatives=7
INSTRUMENTATION_STATUS_CODE: 0
INSTRUMENTATION_STATUS: top_seven_measurement=v1 id=42 strategy=0 round=3 wall_ns=800834 cpu_ns=798334 states=2621 verified=56 completion=0 alternatives=7
INSTRUMENTATION_STATUS_CODE: 0
INSTRUMENTATION_STATUS: top_seven_measurement=v1 id=43 strategy=0 round=3 wall_ns=3183459 cpu_ns=3122416 states=8192 verified=50 completion=3 alternatives=7
INSTRUMENTATION_STATUS_CODE: 0
INSTRUMENTATION_STATUS: top_seven_measurement=v1 id=43 strategy=1 round=3 wall_ns=7683541 cpu_ns=6809126 states=4904 verified=13 completion=0 alternatives=7
INSTRUMENTATION_STATUS_CODE: 0
INSTRUMENTATION_STATUS: top_seven_measurement=v1 id=44 strategy=1 round=3 wall_ns=2152083 cpu_ns=2127999 states=2455 verified=10 completion=0 alternatives=4
INSTRUMENTATION_STATUS_CODE: 0
INSTRUMENTATION_STATUS: top_seven_measurement=v1 id=44 strategy=0 round=3 wall_ns=638125 cpu_ns=639583 states=2455 verified=10 completion=0 alternatives=4
INSTRUMENTATION_STATUS_CODE: 0
INSTRUMENTATION_STATUS: top_seven_measurement=v1 id=45 strategy=0 round=3 wall_ns=18083 cpu_ns=18750 states=28 verified=0 completion=2 alternatives=0
INSTRUMENTATION_STATUS_CODE: 0
INSTRUMENTATION_STATUS: top_seven_measurement=v1 id=45 strategy=1 round=3 wall_ns=15917 cpu_ns=6708 states=28 verified=0 completion=2 alternatives=0
INSTRUMENTATION_STATUS_CODE: 0
INSTRUMENTATION_STATUS: top_seven_measurement=v1 id=46 strategy=1 round=3 wall_ns=3040584 cpu_ns=3014999 states=2202 verified=27 completion=0 alternatives=7
INSTRUMENTATION_STATUS_CODE: 0
INSTRUMENTATION_STATUS: top_seven_measurement=v1 id=46 strategy=0 round=3 wall_ns=1562125 cpu_ns=1541583 states=2906 verified=64 completion=4 alternatives=7
INSTRUMENTATION_STATUS_CODE: 0
INSTRUMENTATION_STATUS: top_seven_measurement=v1 id=47 strategy=0 round=3 wall_ns=2728625 cpu_ns=2655959 states=8192 verified=16 completion=3 alternatives=7
INSTRUMENTATION_STATUS_CODE: 0
INSTRUMENTATION_STATUS: top_seven_measurement=v1 id=47 strategy=1 round=3 wall_ns=13312042 cpu_ns=13215250 states=8192 verified=16 completion=3 alternatives=7
INSTRUMENTATION_STATUS_CODE: 0
INSTRUMENTATION_STATUS: top_seven_measurement=v1 id=48 strategy=1 round=3 wall_ns=2502250 cpu_ns=2445041 states=1680 verified=21 completion=0 alternatives=7
INSTRUMENTATION_STATUS_CODE: 0
INSTRUMENTATION_STATUS: top_seven_measurement=v1 id=48 strategy=0 round=3 wall_ns=2389583 cpu_ns=2365209 states=5158 verified=64 completion=4 alternatives=7
INSTRUMENTATION_STATUS_CODE: 0
INSTRUMENTATION_STATUS: top_seven_measurement=v1 id=49 strategy=0 round=3 wall_ns=521250 cpu_ns=521875 states=1514 verified=18 completion=0 alternatives=7
INSTRUMENTATION_STATUS_CODE: 0
INSTRUMENTATION_STATUS: top_seven_measurement=v1 id=49 strategy=1 round=3 wall_ns=1419667 cpu_ns=1395791 states=1514 verified=18 completion=0 alternatives=7
INSTRUMENTATION_STATUS_CODE: 0
INSTRUMENTATION_STATUS: top_seven_measurement=v1 id=50 strategy=1 round=3 wall_ns=2791291 cpu_ns=2792000 states=1892 verified=64 completion=4 alternatives=7
INSTRUMENTATION_STATUS_CODE: 0
INSTRUMENTATION_STATUS: top_seven_measurement=v1 id=50 strategy=0 round=3 wall_ns=1343583 cpu_ns=1311917 states=2296 verified=64 completion=4 alternatives=7
INSTRUMENTATION_STATUS_CODE: 0
INSTRUMENTATION_STATUS: top_seven_measurement=v1 id=51 strategy=0 round=3 wall_ns=1018958 cpu_ns=1019709 states=3145 verified=33 completion=0 alternatives=7
INSTRUMENTATION_STATUS_CODE: 0
INSTRUMENTATION_STATUS: top_seven_measurement=v1 id=51 strategy=1 round=3 wall_ns=657292 cpu_ns=628625 states=740 verified=11 completion=0 alternatives=7
INSTRUMENTATION_STATUS_CODE: 0
INSTRUMENTATION_STATUS: top_seven_measurement=v1 id=52 strategy=1 round=3 wall_ns=13712250 cpu_ns=13611042 states=8192 verified=4 completion=3 alternatives=4
INSTRUMENTATION_STATUS_CODE: 0
INSTRUMENTATION_STATUS: top_seven_measurement=v1 id=52 strategy=0 round=3 wall_ns=2287417 cpu_ns=2285916 states=8192 verified=4 completion=3 alternatives=4
INSTRUMENTATION_STATUS_CODE: 0
INSTRUMENTATION_STATUS: top_seven_measurement=v1 id=53 strategy=0 round=3 wall_ns=831625 cpu_ns=819626 states=2924 verified=17 completion=0 alternatives=7
INSTRUMENTATION_STATUS_CODE: 0
INSTRUMENTATION_STATUS: top_seven_measurement=v1 id=53 strategy=1 round=3 wall_ns=1351667 cpu_ns=1352375 states=1667 verified=10 completion=0 alternatives=7
INSTRUMENTATION_STATUS_CODE: 0
INSTRUMENTATION_STATUS: top_seven_measurement=v1 id=54 strategy=1 round=3 wall_ns=11180916 cpu_ns=11094751 states=8192 verified=14 completion=3 alternatives=7
INSTRUMENTATION_STATUS_CODE: 0
INSTRUMENTATION_STATUS: top_seven_measurement=v1 id=54 strategy=0 round=3 wall_ns=2493167 cpu_ns=2493916 states=8192 verified=20 completion=3 alternatives=7
INSTRUMENTATION_STATUS_CODE: 0
INSTRUMENTATION_STATUS: top_seven_measurement=v1 id=55 strategy=0 round=3 wall_ns=2740042 cpu_ns=2715875 states=8192 verified=23 completion=3 alternatives=7
INSTRUMENTATION_STATUS_CODE: 0
INSTRUMENTATION_STATUS: top_seven_measurement=v1 id=55 strategy=1 round=3 wall_ns=10822541 cpu_ns=10744458 states=6979 verified=13 completion=0 alternatives=7
INSTRUMENTATION_STATUS_CODE: 0
INSTRUMENTATION_STATUS: top_seven_measurement=v1 id=56 strategy=1 round=3 wall_ns=1027125 cpu_ns=1018541 states=1277 verified=8 completion=0 alternatives=7
INSTRUMENTATION_STATUS_CODE: 0
INSTRUMENTATION_STATUS: top_seven_measurement=v1 id=56 strategy=0 round=3 wall_ns=634000 cpu_ns=634667 states=2318 verified=12 completion=0 alternatives=7
INSTRUMENTATION_STATUS_CODE: 0
INSTRUMENTATION_STATUS: top_seven_measurement=v1 id=57 strategy=0 round=3 wall_ns=2476458 cpu_ns=2368916 states=8192 verified=6 completion=3 alternatives=6
INSTRUMENTATION_STATUS_CODE: 0
INSTRUMENTATION_STATUS: top_seven_measurement=v1 id=57 strategy=1 round=3 wall_ns=12875291 cpu_ns=12782417 states=8192 verified=3 completion=3 alternatives=3
INSTRUMENTATION_STATUS_CODE: 0
INSTRUMENTATION_STATUS: top_seven_measurement=v1 id=58 strategy=1 round=3 wall_ns=4131750 cpu_ns=3356874 states=2200 verified=48 completion=0 alternatives=7
INSTRUMENTATION_STATUS_CODE: 0
INSTRUMENTATION_STATUS: top_seven_measurement=v1 id=58 strategy=0 round=3 wall_ns=1157791 cpu_ns=1094668 states=970 verified=64 completion=4 alternatives=7
INSTRUMENTATION_STATUS_CODE: 0
INSTRUMENTATION_STATUS: top_seven_measurement=v1 id=59 strategy=0 round=3 wall_ns=2504583 cpu_ns=2505333 states=8192 verified=14 completion=3 alternatives=7
INSTRUMENTATION_STATUS_CODE: 0
INSTRUMENTATION_STATUS: top_seven_measurement=v1 id=59 strategy=1 round=3 wall_ns=7589834 cpu_ns=7462040 states=5151 verified=15 completion=0 alternatives=7
INSTRUMENTATION_STATUS_CODE: 0
INSTRUMENTATION_STATUS: top_seven_measurement=v1 id=0 strategy=0 round=4 wall_ns=2565167 cpu_ns=2516501 states=8192 verified=17 completion=3 alternatives=7
INSTRUMENTATION_STATUS_CODE: 0
INSTRUMENTATION_STATUS: top_seven_measurement=v1 id=0 strategy=1 round=4 wall_ns=10993750 cpu_ns=10852624 states=8192 verified=13 completion=3 alternatives=7
INSTRUMENTATION_STATUS_CODE: 0
INSTRUMENTATION_STATUS: top_seven_measurement=v1 id=1 strategy=1 round=4 wall_ns=1028666 cpu_ns=1025792 states=1438 verified=13 completion=0 alternatives=7
INSTRUMENTATION_STATUS_CODE: 0
INSTRUMENTATION_STATUS: top_seven_measurement=v1 id=1 strategy=0 round=4 wall_ns=569917 cpu_ns=563542 states=2144 verified=14 completion=0 alternatives=7
INSTRUMENTATION_STATUS_CODE: 0
INSTRUMENTATION_STATUS: top_seven_measurement=v1 id=2 strategy=0 round=4 wall_ns=2432750 cpu_ns=2373125 states=8192 verified=10 completion=3 alternatives=7
INSTRUMENTATION_STATUS_CODE: 0
INSTRUMENTATION_STATUS: top_seven_measurement=v1 id=2 strategy=1 round=4 wall_ns=11084416 cpu_ns=11032625 states=8192 verified=5 completion=3 alternatives=5
INSTRUMENTATION_STATUS_CODE: 0
INSTRUMENTATION_STATUS: top_seven_measurement=v1 id=3 strategy=1 round=4 wall_ns=7460291 cpu_ns=7419250 states=6441 verified=57 completion=0 alternatives=7
INSTRUMENTATION_STATUS_CODE: 0
INSTRUMENTATION_STATUS: top_seven_measurement=v1 id=3 strategy=0 round=4 wall_ns=2390583 cpu_ns=2367166 states=8192 verified=33 completion=3 alternatives=7
INSTRUMENTATION_STATUS_CODE: 0
INSTRUMENTATION_STATUS: top_seven_measurement=v1 id=4 strategy=0 round=4 wall_ns=2357666 cpu_ns=2330625 states=8192 verified=7 completion=3 alternatives=7
INSTRUMENTATION_STATUS_CODE: 0
INSTRUMENTATION_STATUS: top_seven_measurement=v1 id=4 strategy=1 round=4 wall_ns=10809292 cpu_ns=10757209 states=8192 verified=7 completion=3 alternatives=7
INSTRUMENTATION_STATUS_CODE: 0
INSTRUMENTATION_STATUS: top_seven_measurement=v1 id=5 strategy=1 round=4 wall_ns=2444750 cpu_ns=2438292 states=2139 verified=59 completion=0 alternatives=7
INSTRUMENTATION_STATUS_CODE: 0
INSTRUMENTATION_STATUS: top_seven_measurement=v1 id=5 strategy=0 round=4 wall_ns=2594542 cpu_ns=2568415 states=8192 verified=49 completion=3 alternatives=7
INSTRUMENTATION_STATUS_CODE: 0
INSTRUMENTATION_STATUS: top_seven_measurement=v1 id=6 strategy=0 round=4 wall_ns=2505833 cpu_ns=2463292 states=8192 verified=37 completion=3 alternatives=7
INSTRUMENTATION_STATUS_CODE: 0
INSTRUMENTATION_STATUS: top_seven_measurement=v1 id=6 strategy=1 round=4 wall_ns=6264500 cpu_ns=6173377 states=5398 verified=16 completion=0 alternatives=7
INSTRUMENTATION_STATUS_CODE: 0
INSTRUMENTATION_STATUS: top_seven_measurement=v1 id=7 strategy=1 round=4 wall_ns=8609459 cpu_ns=8555582 states=5678 verified=45 completion=0 alternatives=7
INSTRUMENTATION_STATUS_CODE: 0
INSTRUMENTATION_STATUS: top_seven_measurement=v1 id=7 strategy=0 round=4 wall_ns=1993125 cpu_ns=1973875 states=4050 verified=64 completion=4 alternatives=7
INSTRUMENTATION_STATUS_CODE: 0
INSTRUMENTATION_STATUS: top_seven_measurement=v1 id=8 strategy=0 round=4 wall_ns=1187625 cpu_ns=1188375 states=1838 verified=64 completion=4 alternatives=7
INSTRUMENTATION_STATUS_CODE: 0
INSTRUMENTATION_STATUS: top_seven_measurement=v1 id=8 strategy=1 round=4 wall_ns=3378791 cpu_ns=2491584 states=1503 verified=64 completion=4 alternatives=7
INSTRUMENTATION_STATUS_CODE: 0
INSTRUMENTATION_STATUS: top_seven_measurement=v1 id=9 strategy=1 round=4 wall_ns=5474041 cpu_ns=5414500 states=4662 verified=13 completion=0 alternatives=7
INSTRUMENTATION_STATUS_CODE: 0
INSTRUMENTATION_STATUS: top_seven_measurement=v1 id=9 strategy=0 round=4 wall_ns=2290291 cpu_ns=2243084 states=8192 verified=13 completion=3 alternatives=7
INSTRUMENTATION_STATUS_CODE: 0
INSTRUMENTATION_STATUS: top_seven_measurement=v1 id=10 strategy=0 round=4 wall_ns=1083292 cpu_ns=1026792 states=3038 verified=57 completion=0 alternatives=7
INSTRUMENTATION_STATUS_CODE: 0
INSTRUMENTATION_STATUS: top_seven_measurement=v1 id=10 strategy=1 round=4 wall_ns=1320459 cpu_ns=1306791 states=1917 verified=42 completion=0 alternatives=7
INSTRUMENTATION_STATUS_CODE: 0
INSTRUMENTATION_STATUS: top_seven_measurement=v1 id=11 strategy=1 round=4 wall_ns=11327084 cpu_ns=11241375 states=8192 verified=49 completion=3 alternatives=7
INSTRUMENTATION_STATUS_CODE: 0
INSTRUMENTATION_STATUS: top_seven_measurement=v1 id=11 strategy=0 round=4 wall_ns=2668458 cpu_ns=2599625 states=8192 verified=34 completion=3 alternatives=7
INSTRUMENTATION_STATUS_CODE: 0
INSTRUMENTATION_STATUS: top_seven_measurement=v1 id=12 strategy=0 round=4 wall_ns=949333 cpu_ns=944167 states=3316 verified=21 completion=0 alternatives=7
INSTRUMENTATION_STATUS_CODE: 0
INSTRUMENTATION_STATUS: top_seven_measurement=v1 id=12 strategy=1 round=4 wall_ns=1575792 cpu_ns=1576208 states=1986 verified=15 completion=0 alternatives=7
INSTRUMENTATION_STATUS_CODE: 0
INSTRUMENTATION_STATUS: top_seven_measurement=v1 id=13 strategy=1 round=4 wall_ns=3723709 cpu_ns=3697249 states=2999 verified=64 completion=4 alternatives=7
INSTRUMENTATION_STATUS_CODE: 0
INSTRUMENTATION_STATUS: top_seven_measurement=v1 id=13 strategy=0 round=4 wall_ns=2461084 cpu_ns=2420500 states=8192 verified=42 completion=3 alternatives=7
INSTRUMENTATION_STATUS_CODE: 0
INSTRUMENTATION_STATUS: top_seven_measurement=v1 id=14 strategy=0 round=4 wall_ns=2171333 cpu_ns=2066625 states=8192 verified=0 completion=3 alternatives=0
INSTRUMENTATION_STATUS_CODE: 0
INSTRUMENTATION_STATUS: top_seven_measurement=v1 id=14 strategy=1 round=4 wall_ns=12569542 cpu_ns=12443249 states=8192 verified=1 completion=3 alternatives=1
INSTRUMENTATION_STATUS_CODE: 0
INSTRUMENTATION_STATUS: top_seven_measurement=v1 id=15 strategy=1 round=4 wall_ns=972209 cpu_ns=968916 states=1324 verified=9 completion=0 alternatives=7
INSTRUMENTATION_STATUS_CODE: 0
INSTRUMENTATION_STATUS: top_seven_measurement=v1 id=15 strategy=0 round=4 wall_ns=596292 cpu_ns=582750 states=2138 verified=16 completion=0 alternatives=7
INSTRUMENTATION_STATUS_CODE: 0
INSTRUMENTATION_STATUS: top_seven_measurement=v1 id=16 strategy=0 round=4 wall_ns=2310917 cpu_ns=2288208 states=8192 verified=15 completion=3 alternatives=7
INSTRUMENTATION_STATUS_CODE: 0
INSTRUMENTATION_STATUS: top_seven_measurement=v1 id=16 strategy=1 round=4 wall_ns=10186875 cpu_ns=9990252 states=8192 verified=14 completion=3 alternatives=7
INSTRUMENTATION_STATUS_CODE: 0
INSTRUMENTATION_STATUS: top_seven_measurement=v1 id=17 strategy=1 round=4 wall_ns=10943084 cpu_ns=10865832 states=8192 verified=2 completion=3 alternatives=2
INSTRUMENTATION_STATUS_CODE: 0
INSTRUMENTATION_STATUS: top_seven_measurement=v1 id=17 strategy=0 round=4 wall_ns=2104375 cpu_ns=2080624 states=8192 verified=1 completion=3 alternatives=1
INSTRUMENTATION_STATUS_CODE: 0
INSTRUMENTATION_STATUS: top_seven_measurement=v1 id=18 strategy=0 round=4 wall_ns=832750 cpu_ns=833417 states=3409 verified=5 completion=0 alternatives=5
INSTRUMENTATION_STATUS_CODE: 0
INSTRUMENTATION_STATUS: top_seven_measurement=v1 id=18 strategy=1 round=4 wall_ns=2481959 cpu_ns=2456915 states=3409 verified=5 completion=0 alternatives=5
INSTRUMENTATION_STATUS_CODE: 0
INSTRUMENTATION_STATUS: top_seven_measurement=v1 id=19 strategy=1 round=4 wall_ns=876417 cpu_ns=877125 states=1121 verified=50 completion=0 alternatives=7
INSTRUMENTATION_STATUS_CODE: 0
INSTRUMENTATION_STATUS: top_seven_measurement=v1 id=19 strategy=0 round=4 wall_ns=591209 cpu_ns=591958 states=1668 verified=52 completion=0 alternatives=7
INSTRUMENTATION_STATUS_CODE: 0
INSTRUMENTATION_STATUS: top_seven_measurement=v1 id=20 strategy=0 round=4 wall_ns=2712000 cpu_ns=2645124 states=8192 verified=12 completion=3 alternatives=7
INSTRUMENTATION_STATUS_CODE: 0
INSTRUMENTATION_STATUS: top_seven_measurement=v1 id=20 strategy=1 round=4 wall_ns=4843916 cpu_ns=4776043 states=2619 verified=64 completion=4 alternatives=7
INSTRUMENTATION_STATUS_CODE: 0
INSTRUMENTATION_STATUS: top_seven_measurement=v1 id=21 strategy=1 round=4 wall_ns=12234042 cpu_ns=11374292 states=5806 verified=21 completion=0 alternatives=7
INSTRUMENTATION_STATUS_CODE: 0
INSTRUMENTATION_STATUS: top_seven_measurement=v1 id=21 strategy=0 round=4 wall_ns=3508875 cpu_ns=3470417 states=8192 verified=44 completion=3 alternatives=7
INSTRUMENTATION_STATUS_CODE: 0
INSTRUMENTATION_STATUS: top_seven_measurement=v1 id=22 strategy=0 round=4 wall_ns=683750 cpu_ns=648207 states=1937 verified=11 completion=0 alternatives=7
INSTRUMENTATION_STATUS_CODE: 0
INSTRUMENTATION_STATUS: top_seven_measurement=v1 id=22 strategy=1 round=4 wall_ns=1693167 cpu_ns=1650000 states=1928 verified=10 completion=0 alternatives=7
INSTRUMENTATION_STATUS_CODE: 0
INSTRUMENTATION_STATUS: top_seven_measurement=v1 id=23 strategy=1 round=4 wall_ns=1499750 cpu_ns=1455750 states=1455 verified=24 completion=0 alternatives=7
INSTRUMENTATION_STATUS_CODE: 0
INSTRUMENTATION_STATUS: top_seven_measurement=v1 id=23 strategy=0 round=4 wall_ns=546041 cpu_ns=484583 states=1462 verified=25 completion=0 alternatives=7
INSTRUMENTATION_STATUS_CODE: 0
INSTRUMENTATION_STATUS: top_seven_measurement=v1 id=24 strategy=0 round=4 wall_ns=448500 cpu_ns=449042 states=1273 verified=29 completion=0 alternatives=7
INSTRUMENTATION_STATUS_CODE: 0
INSTRUMENTATION_STATUS: top_seven_measurement=v1 id=24 strategy=1 round=4 wall_ns=843667 cpu_ns=810958 states=1273 verified=29 completion=0 alternatives=7
INSTRUMENTATION_STATUS_CODE: 0
INSTRUMENTATION_STATUS: top_seven_measurement=v1 id=25 strategy=1 round=4 wall_ns=9856750 cpu_ns=9744793 states=6796 verified=11 completion=0 alternatives=7
INSTRUMENTATION_STATUS_CODE: 0
INSTRUMENTATION_STATUS: top_seven_measurement=v1 id=25 strategy=0 round=4 wall_ns=2427834 cpu_ns=2410124 states=8192 verified=18 completion=3 alternatives=7
INSTRUMENTATION_STATUS_CODE: 0
INSTRUMENTATION_STATUS: top_seven_measurement=v1 id=26 strategy=0 round=4 wall_ns=2476917 cpu_ns=2454001 states=8192 verified=22 completion=3 alternatives=7
INSTRUMENTATION_STATUS_CODE: 0
INSTRUMENTATION_STATUS: top_seven_measurement=v1 id=26 strategy=1 round=4 wall_ns=7352916 cpu_ns=7311375 states=4889 verified=39 completion=0 alternatives=7
INSTRUMENTATION_STATUS_CODE: 0
INSTRUMENTATION_STATUS: top_seven_measurement=v1 id=27 strategy=1 round=4 wall_ns=1543541 cpu_ns=1523750 states=1508 verified=8 completion=0 alternatives=7
INSTRUMENTATION_STATUS_CODE: 0
INSTRUMENTATION_STATUS: top_seven_measurement=v1 id=27 strategy=0 round=4 wall_ns=530791 cpu_ns=496791 states=1508 verified=8 completion=0 alternatives=7
INSTRUMENTATION_STATUS_CODE: 0
INSTRUMENTATION_STATUS: top_seven_measurement=v1 id=28 strategy=0 round=4 wall_ns=1579500 cpu_ns=1580209 states=2798 verified=64 completion=4 alternatives=7
INSTRUMENTATION_STATUS_CODE: 0
INSTRUMENTATION_STATUS: top_seven_measurement=v1 id=28 strategy=1 round=4 wall_ns=6492583 cpu_ns=6454666 states=4469 verified=63 completion=0 alternatives=7
INSTRUMENTATION_STATUS_CODE: 0
INSTRUMENTATION_STATUS: top_seven_measurement=v1 id=29 strategy=1 round=4 wall_ns=10931583 cpu_ns=10835375 states=7060 verified=55 completion=0 alternatives=7
INSTRUMENTATION_STATUS_CODE: 0
INSTRUMENTATION_STATUS: top_seven_measurement=v1 id=29 strategy=0 round=4 wall_ns=2793875 cpu_ns=2768333 states=6682 verified=64 completion=4 alternatives=7
INSTRUMENTATION_STATUS_CODE: 0
INSTRUMENTATION_STATUS: top_seven_measurement=v1 id=30 strategy=0 round=4 wall_ns=2763042 cpu_ns=2716206 states=7644 verified=64 completion=4 alternatives=7
INSTRUMENTATION_STATUS_CODE: 0
INSTRUMENTATION_STATUS: top_seven_measurement=v1 id=30 strategy=1 round=4 wall_ns=3514250 cpu_ns=3485251 states=2206 verified=64 completion=4 alternatives=7
INSTRUMENTATION_STATUS_CODE: 0
INSTRUMENTATION_STATUS: top_seven_measurement=v1 id=31 strategy=1 round=4 wall_ns=11558958 cpu_ns=11461752 states=6727 verified=12 completion=0 alternatives=7
INSTRUMENTATION_STATUS_CODE: 0
INSTRUMENTATION_STATUS: top_seven_measurement=v1 id=31 strategy=0 round=4 wall_ns=2844625 cpu_ns=2840500 states=8192 verified=27 completion=3 alternatives=7
INSTRUMENTATION_STATUS_CODE: 0
INSTRUMENTATION_STATUS: top_seven_measurement=v1 id=32 strategy=0 round=4 wall_ns=3094041 cpu_ns=2930208 states=8192 verified=47 completion=3 alternatives=7
INSTRUMENTATION_STATUS_CODE: 0
INSTRUMENTATION_STATUS: top_seven_measurement=v1 id=32 strategy=1 round=4 wall_ns=8048000 cpu_ns=7981708 states=5006 verified=47 completion=0 alternatives=7
INSTRUMENTATION_STATUS_CODE: 0
INSTRUMENTATION_STATUS: top_seven_measurement=v1 id=33 strategy=1 round=4 wall_ns=4313416 cpu_ns=4283541 states=3501 verified=18 completion=0 alternatives=7
INSTRUMENTATION_STATUS_CODE: 0
INSTRUMENTATION_STATUS: top_seven_measurement=v1 id=33 strategy=0 round=4 wall_ns=2613208 cpu_ns=2576125 states=8192 verified=41 completion=3 alternatives=7
INSTRUMENTATION_STATUS_CODE: 0
INSTRUMENTATION_STATUS: top_seven_measurement=v1 id=34 strategy=0 round=4 wall_ns=2334084 cpu_ns=2310292 states=8192 verified=5 completion=3 alternatives=5
INSTRUMENTATION_STATUS_CODE: 0
INSTRUMENTATION_STATUS: top_seven_measurement=v1 id=34 strategy=1 round=4 wall_ns=15397125 cpu_ns=14500749 states=8192 verified=26 completion=3 alternatives=7
INSTRUMENTATION_STATUS_CODE: 0
INSTRUMENTATION_STATUS: top_seven_measurement=v1 id=35 strategy=1 round=4 wall_ns=11621542 cpu_ns=11520000 states=8192 verified=25 completion=3 alternatives=7
INSTRUMENTATION_STATUS_CODE: 0
INSTRUMENTATION_STATUS: top_seven_measurement=v1 id=35 strategy=0 round=4 wall_ns=2537209 cpu_ns=2537834 states=8192 verified=26 completion=3 alternatives=7
INSTRUMENTATION_STATUS_CODE: 0
INSTRUMENTATION_STATUS: top_seven_measurement=v1 id=36 strategy=0 round=4 wall_ns=2328666 cpu_ns=2298916 states=8192 verified=13 completion=3 alternatives=7
INSTRUMENTATION_STATUS_CODE: 0
INSTRUMENTATION_STATUS: top_seven_measurement=v1 id=36 strategy=1 round=4 wall_ns=3721750 cpu_ns=3653542 states=2213 verified=48 completion=0 alternatives=7
INSTRUMENTATION_STATUS_CODE: 0
INSTRUMENTATION_STATUS: top_seven_measurement=v1 id=37 strategy=1 round=4 wall_ns=16065709 cpu_ns=16002499 states=8192 verified=5 completion=3 alternatives=5
INSTRUMENTATION_STATUS_CODE: 0
INSTRUMENTATION_STATUS: top_seven_measurement=v1 id=37 strategy=0 round=4 wall_ns=2375666 cpu_ns=2322460 states=8192 verified=5 completion=3 alternatives=5
INSTRUMENTATION_STATUS_CODE: 0
INSTRUMENTATION_STATUS: top_seven_measurement=v1 id=38 strategy=0 round=4 wall_ns=2300667 cpu_ns=2287208 states=8192 verified=5 completion=3 alternatives=5
INSTRUMENTATION_STATUS_CODE: 0
INSTRUMENTATION_STATUS: top_seven_measurement=v1 id=38 strategy=1 round=4 wall_ns=15778958 cpu_ns=15617291 states=8192 verified=29 completion=3 alternatives=7
INSTRUMENTATION_STATUS_CODE: 0
INSTRUMENTATION_STATUS: top_seven_measurement=v1 id=39 strategy=1 round=4 wall_ns=2992209 cpu_ns=2966292 states=1873 verified=64 completion=4 alternatives=7
INSTRUMENTATION_STATUS_CODE: 0
INSTRUMENTATION_STATUS: top_seven_measurement=v1 id=39 strategy=0 round=4 wall_ns=2089792 cpu_ns=2008959 states=4858 verified=64 completion=4 alternatives=7
INSTRUMENTATION_STATUS_CODE: 0
INSTRUMENTATION_STATUS: top_seven_measurement=v1 id=40 strategy=0 round=4 wall_ns=814125 cpu_ns=787000 states=1943 verified=60 completion=0 alternatives=7
INSTRUMENTATION_STATUS_CODE: 0
INSTRUMENTATION_STATUS: top_seven_measurement=v1 id=40 strategy=1 round=4 wall_ns=671167 cpu_ns=670250 states=1119 verified=42 completion=0 alternatives=7
INSTRUMENTATION_STATUS_CODE: 0
INSTRUMENTATION_STATUS: top_seven_measurement=v1 id=41 strategy=1 round=4 wall_ns=2528541 cpu_ns=2502834 states=3007 verified=13 completion=0 alternatives=7
INSTRUMENTATION_STATUS_CODE: 0
INSTRUMENTATION_STATUS: top_seven_measurement=v1 id=41 strategy=0 round=4 wall_ns=826875 cpu_ns=790083 states=3014 verified=13 completion=0 alternatives=7
INSTRUMENTATION_STATUS_CODE: 0
INSTRUMENTATION_STATUS: top_seven_measurement=v1 id=42 strategy=0 round=4 wall_ns=861917 cpu_ns=855583 states=2621 verified=56 completion=0 alternatives=7
INSTRUMENTATION_STATUS_CODE: 0
INSTRUMENTATION_STATUS: top_seven_measurement=v1 id=42 strategy=1 round=4 wall_ns=687750 cpu_ns=688375 states=1399 verified=41 completion=0 alternatives=7
INSTRUMENTATION_STATUS_CODE: 0
INSTRUMENTATION_STATUS: top_seven_measurement=v1 id=43 strategy=1 round=4 wall_ns=6535958 cpu_ns=6507416 states=4904 verified=13 completion=0 alternatives=7
INSTRUMENTATION_STATUS_CODE: 0
INSTRUMENTATION_STATUS: top_seven_measurement=v1 id=43 strategy=0 round=4 wall_ns=3105334 cpu_ns=3078250 states=8192 verified=50 completion=3 alternatives=7
INSTRUMENTATION_STATUS_CODE: 0
INSTRUMENTATION_STATUS: top_seven_measurement=v1 id=44 strategy=0 round=4 wall_ns=651500 cpu_ns=650416 states=2455 verified=10 completion=0 alternatives=4
INSTRUMENTATION_STATUS_CODE: 0
INSTRUMENTATION_STATUS: top_seven_measurement=v1 id=44 strategy=1 round=4 wall_ns=2064834 cpu_ns=2030915 states=2455 verified=10 completion=0 alternatives=4
INSTRUMENTATION_STATUS_CODE: 0
INSTRUMENTATION_STATUS: top_seven_measurement=v1 id=45 strategy=1 round=4 wall_ns=17375 cpu_ns=17792 states=28 verified=0 completion=2 alternatives=0
INSTRUMENTATION_STATUS_CODE: 0
INSTRUMENTATION_STATUS: top_seven_measurement=v1 id=45 strategy=0 round=4 wall_ns=15459 cpu_ns=15958 states=28 verified=0 completion=2 alternatives=0
INSTRUMENTATION_STATUS_CODE: 0
INSTRUMENTATION_STATUS: top_seven_measurement=v1 id=46 strategy=0 round=4 wall_ns=1610458 cpu_ns=1523375 states=2906 verified=64 completion=4 alternatives=7
INSTRUMENTATION_STATUS_CODE: 0
INSTRUMENTATION_STATUS: top_seven_measurement=v1 id=46 strategy=1 round=4 wall_ns=2971625 cpu_ns=2914000 states=2202 verified=27 completion=0 alternatives=7
INSTRUMENTATION_STATUS_CODE: 0
INSTRUMENTATION_STATUS: top_seven_measurement=v1 id=47 strategy=1 round=4 wall_ns=14350834 cpu_ns=13399043 states=8192 verified=16 completion=3 alternatives=7
INSTRUMENTATION_STATUS_CODE: 0
INSTRUMENTATION_STATUS: top_seven_measurement=v1 id=47 strategy=0 round=4 wall_ns=2752166 cpu_ns=2699208 states=8192 verified=16 completion=3 alternatives=7
INSTRUMENTATION_STATUS_CODE: 0
INSTRUMENTATION_STATUS: top_seven_measurement=v1 id=48 strategy=0 round=4 wall_ns=2378958 cpu_ns=2379625 states=5158 verified=64 completion=4 alternatives=7
INSTRUMENTATION_STATUS_CODE: 0
INSTRUMENTATION_STATUS: top_seven_measurement=v1 id=48 strategy=1 round=4 wall_ns=2402292 cpu_ns=2362959 states=1680 verified=21 completion=0 alternatives=7
INSTRUMENTATION_STATUS_CODE: 0
INSTRUMENTATION_STATUS: top_seven_measurement=v1 id=49 strategy=1 round=4 wall_ns=1428250 cpu_ns=1422292 states=1514 verified=18 completion=0 alternatives=7
INSTRUMENTATION_STATUS_CODE: 0
INSTRUMENTATION_STATUS: top_seven_measurement=v1 id=49 strategy=0 round=4 wall_ns=506500 cpu_ns=507083 states=1514 verified=18 completion=0 alternatives=7
INSTRUMENTATION_STATUS_CODE: 0
INSTRUMENTATION_STATUS: top_seven_measurement=v1 id=50 strategy=0 round=4 wall_ns=1396291 cpu_ns=1345500 states=2296 verified=64 completion=4 alternatives=7
INSTRUMENTATION_STATUS_CODE: 0
INSTRUMENTATION_STATUS: top_seven_measurement=v1 id=50 strategy=1 round=4 wall_ns=2809416 cpu_ns=2746666 states=1892 verified=64 completion=4 alternatives=7
INSTRUMENTATION_STATUS_CODE: 0
INSTRUMENTATION_STATUS: top_seven_measurement=v1 id=51 strategy=1 round=4 wall_ns=655125 cpu_ns=655708 states=740 verified=11 completion=0 alternatives=7
INSTRUMENTATION_STATUS_CODE: 0
INSTRUMENTATION_STATUS: top_seven_measurement=v1 id=51 strategy=0 round=4 wall_ns=982667 cpu_ns=957708 states=3145 verified=33 completion=0 alternatives=7
INSTRUMENTATION_STATUS_CODE: 0
INSTRUMENTATION_STATUS: top_seven_measurement=v1 id=52 strategy=0 round=4 wall_ns=2365625 cpu_ns=2258627 states=8192 verified=4 completion=3 alternatives=4
INSTRUMENTATION_STATUS_CODE: 0
INSTRUMENTATION_STATUS: top_seven_measurement=v1 id=52 strategy=1 round=4 wall_ns=13626042 cpu_ns=13454999 states=8192 verified=4 completion=3 alternatives=4
INSTRUMENTATION_STATUS_CODE: 0
INSTRUMENTATION_STATUS: top_seven_measurement=v1 id=53 strategy=1 round=4 wall_ns=1413375 cpu_ns=1383834 states=1667 verified=10 completion=0 alternatives=7
INSTRUMENTATION_STATUS_CODE: 0
INSTRUMENTATION_STATUS: top_seven_measurement=v1 id=53 strategy=0 round=4 wall_ns=814375 cpu_ns=815000 states=2924 verified=17 completion=0 alternatives=7
INSTRUMENTATION_STATUS_CODE: 0
INSTRUMENTATION_STATUS: top_seven_measurement=v1 id=54 strategy=0 round=4 wall_ns=2541208 cpu_ns=2516250 states=8192 verified=20 completion=3 alternatives=7
INSTRUMENTATION_STATUS_CODE: 0
INSTRUMENTATION_STATUS: top_seven_measurement=v1 id=54 strategy=1 round=4 wall_ns=11163459 cpu_ns=11075667 states=8192 verified=14 completion=3 alternatives=7
INSTRUMENTATION_STATUS_CODE: 0
INSTRUMENTATION_STATUS: top_seven_measurement=v1 id=55 strategy=1 round=4 wall_ns=10893000 cpu_ns=10804666 states=6979 verified=13 completion=0 alternatives=7
INSTRUMENTATION_STATUS_CODE: 0
INSTRUMENTATION_STATUS: top_seven_measurement=v1 id=55 strategy=0 round=4 wall_ns=2713750 cpu_ns=2686333 states=8192 verified=23 completion=3 alternatives=7
INSTRUMENTATION_STATUS_CODE: 0
INSTRUMENTATION_STATUS: top_seven_measurement=v1 id=56 strategy=0 round=4 wall_ns=642875 cpu_ns=639791 states=2318 verified=12 completion=0 alternatives=7
INSTRUMENTATION_STATUS_CODE: 0
INSTRUMENTATION_STATUS: top_seven_measurement=v1 id=56 strategy=1 round=4 wall_ns=1015791 cpu_ns=1016459 states=1277 verified=8 completion=0 alternatives=7
INSTRUMENTATION_STATUS_CODE: 0
INSTRUMENTATION_STATUS: top_seven_measurement=v1 id=57 strategy=1 round=4 wall_ns=12976500 cpu_ns=12876459 states=8192 verified=3 completion=3 alternatives=3
INSTRUMENTATION_STATUS_CODE: 0
INSTRUMENTATION_STATUS: top_seven_measurement=v1 id=57 strategy=0 round=4 wall_ns=2420959 cpu_ns=2391917 states=8192 verified=6 completion=3 alternatives=6
INSTRUMENTATION_STATUS_CODE: 0
INSTRUMENTATION_STATUS: top_seven_measurement=v1 id=58 strategy=0 round=4 wall_ns=1122417 cpu_ns=1076876 states=970 verified=64 completion=4 alternatives=7
INSTRUMENTATION_STATUS_CODE: 0
INSTRUMENTATION_STATUS: top_seven_measurement=v1 id=58 strategy=1 round=4 wall_ns=3041291 cpu_ns=3034417 states=2200 verified=48 completion=0 alternatives=7
INSTRUMENTATION_STATUS_CODE: 0
INSTRUMENTATION_STATUS: top_seven_measurement=v1 id=59 strategy=1 round=4 wall_ns=7408833 cpu_ns=7363124 states=5151 verified=15 completion=0 alternatives=7
INSTRUMENTATION_STATUS_CODE: 0
INSTRUMENTATION_STATUS: top_seven_measurement=v1 id=59 strategy=0 round=4 wall_ns=2458458 cpu_ns=2405874 states=8192 verified=14 completion=3 alternatives=7
INSTRUMENTATION_STATUS_CODE: 0
INSTRUMENTATION_STATUS: class=io.github.mesteriis.rune.keyboard.smarttyping.lexicon.TopSevenInstrumentedTest
INSTRUMENTATION_STATUS: current=139
INSTRUMENTATION_STATUS: id=AndroidJUnitRunner
INSTRUMENTATION_STATUS: numtests=139
INSTRUMENTATION_STATUS: stream=.
INSTRUMENTATION_STATUS: test=packedTopSevenAndExhaustiveComparison
INSTRUMENTATION_STATUS_CODE: 0
INSTRUMENTATION_RESULT: stream=

Time: 720.627

OK (139 tests)


INSTRUMENTATION_CODE: -1
