INSTRUMENTATION_STATUS: numtests=161
INSTRUMENTATION_STATUS: stream=
io.github.mesteriis.rune.keyboard.ime.ui.CandidateStripInstrumentedTest:
INSTRUMENTATION_STATUS: id=AndroidJUnitRunner
INSTRUMENTATION_STATUS: test=candidateUpdatesKeepKeysShiftLanguageAndContainerIdentity
INSTRUMENTATION_STATUS: class=io.github.mesteriis.rune.keyboard.ime.ui.CandidateStripInstrumentedTest
INSTRUMENTATION_STATUS: current=1
INSTRUMENTATION_STATUS_CODE: 1
INSTRUMENTATION_STATUS: numtests=161
INSTRUMENTATION_STATUS: stream=.
INSTRUMENTATION_STATUS: id=AndroidJUnitRunner
INSTRUMENTATION_STATUS: test=candidateUpdatesKeepKeysShiftLanguageAndContainerIdentity
INSTRUMENTATION_STATUS: class=io.github.mesteriis.rune.keyboard.ime.ui.CandidateStripInstrumentedTest
INSTRUMENTATION_STATUS: current=1
INSTRUMENTATION_STATUS_CODE: 0
INSTRUMENTATION_STATUS: numtests=161
INSTRUMENTATION_STATUS: stream=
INSTRUMENTATION_STATUS: id=AndroidJUnitRunner
INSTRUMENTATION_STATUS: test=updateDuringHeldKeyDoesNotCancelTouchOrFlushPendingRender
INSTRUMENTATION_STATUS: class=io.github.mesteriis.rune.keyboard.ime.ui.CandidateStripInstrumentedTest
INSTRUMENTATION_STATUS: current=2
INSTRUMENTATION_STATUS_CODE: 1
INSTRUMENTATION_STATUS: numtests=161
INSTRUMENTATION_STATUS: stream=.
INSTRUMENTATION_STATUS: id=AndroidJUnitRunner
INSTRUMENTATION_STATUS: test=updateDuringHeldKeyDoesNotCancelTouchOrFlushPendingRender
INSTRUMENTATION_STATUS: class=io.github.mesteriis.rune.keyboard.ime.ui.CandidateStripInstrumentedTest
INSTRUMENTATION_STATUS: current=2
INSTRUMENTATION_STATUS_CODE: 0
INSTRUMENTATION_STATUS: numtests=161
INSTRUMENTATION_STATUS: stream=
INSTRUMENTATION_STATUS: id=AndroidJUnitRunner
INSTRUMENTATION_STATUS: test=candidateRefreshBetweenDownAndUpDoesNotSelectReplacementCell
INSTRUMENTATION_STATUS: class=io.github.mesteriis.rune.keyboard.ime.ui.CandidateStripInstrumentedTest
INSTRUMENTATION_STATUS: current=3
INSTRUMENTATION_STATUS_CODE: 1
INSTRUMENTATION_STATUS: numtests=161
INSTRUMENTATION_STATUS: stream=.
INSTRUMENTATION_STATUS: id=AndroidJUnitRunner
INSTRUMENTATION_STATUS: test=candidateRefreshBetweenDownAndUpDoesNotSelectReplacementCell
INSTRUMENTATION_STATUS: class=io.github.mesteriis.rune.keyboard.ime.ui.CandidateStripInstrumentedTest
INSTRUMENTATION_STATUS: current=3
INSTRUMENTATION_STATUS_CODE: 0
INSTRUMENTATION_STATUS: numtests=161
INSTRUMENTATION_STATUS: stream=
INSTRUMENTATION_STATUS: id=AndroidJUnitRunner
INSTRUMENTATION_STATUS: test=cancellationStillReachesNestedLetterAndSpaceKeys
INSTRUMENTATION_STATUS: class=io.github.mesteriis.rune.keyboard.ime.ui.CandidateStripInstrumentedTest
INSTRUMENTATION_STATUS: current=4
INSTRUMENTATION_STATUS_CODE: 1
INSTRUMENTATION_STATUS: numtests=161
INSTRUMENTATION_STATUS: stream=.
INSTRUMENTATION_STATUS: id=AndroidJUnitRunner
INSTRUMENTATION_STATUS: test=cancellationStillReachesNestedLetterAndSpaceKeys
INSTRUMENTATION_STATUS: class=io.github.mesteriis.rune.keyboard.ime.ui.CandidateStripInstrumentedTest
INSTRUMENTATION_STATUS: current=4
INSTRUMENTATION_STATUS_CODE: 0
INSTRUMENTATION_STATUS: numtests=161
INSTRUMENTATION_STATUS: stream=
INSTRUMENTATION_STATUS: id=AndroidJUnitRunner
INSTRUMENTATION_STATUS: test=originalAndCorrectionExposeSelectedStateLabelledActionAndIdCallbacks
INSTRUMENTATION_STATUS: class=io.github.mesteriis.rune.keyboard.ime.ui.CandidateStripInstrumentedTest
INSTRUMENTATION_STATUS: current=5
INSTRUMENTATION_STATUS_CODE: 1
INSTRUMENTATION_STATUS: numtests=161
INSTRUMENTATION_STATUS: stream=.
INSTRUMENTATION_STATUS: id=AndroidJUnitRunner
INSTRUMENTATION_STATUS: test=originalAndCorrectionExposeSelectedStateLabelledActionAndIdCallbacks
INSTRUMENTATION_STATUS: class=io.github.mesteriis.rune.keyboard.ime.ui.CandidateStripInstrumentedTest
INSTRUMENTATION_STATUS: current=5
INSTRUMENTATION_STATUS_CODE: 0
INSTRUMENTATION_STATUS: numtests=161
INSTRUMENTATION_STATUS: stream=
INSTRUMENTATION_STATUS: id=AndroidJUnitRunner
INSTRUMENTATION_STATUS: test=candidateUpOutsideWithoutMoveDoesNotSelect
INSTRUMENTATION_STATUS: class=io.github.mesteriis.rune.keyboard.ime.ui.CandidateStripInstrumentedTest
INSTRUMENTATION_STATUS: current=6
INSTRUMENTATION_STATUS_CODE: 1
INSTRUMENTATION_STATUS: numtests=161
INSTRUMENTATION_STATUS: stream=.
INSTRUMENTATION_STATUS: id=AndroidJUnitRunner
INSTRUMENTATION_STATUS: test=candidateUpOutsideWithoutMoveDoesNotSelect
INSTRUMENTATION_STATUS: class=io.github.mesteriis.rune.keyboard.ime.ui.CandidateStripInstrumentedTest
INSTRUMENTATION_STATUS: current=6
INSTRUMENTATION_STATUS_CODE: 0
INSTRUMENTATION_STATUS: numtests=161
INSTRUMENTATION_STATUS: stream=
INSTRUMENTATION_STATUS: id=AndroidJUnitRunner
INSTRUMENTATION_STATUS: test=secondaryPointerIsIgnoredAndCannotTakeOverReleasedOwner
INSTRUMENTATION_STATUS: class=io.github.mesteriis.rune.keyboard.ime.ui.CandidateStripInstrumentedTest
INSTRUMENTATION_STATUS: current=7
INSTRUMENTATION_STATUS_CODE: 1
INSTRUMENTATION_STATUS: numtests=161
INSTRUMENTATION_STATUS: stream=.
INSTRUMENTATION_STATUS: id=AndroidJUnitRunner
INSTRUMENTATION_STATUS: test=secondaryPointerIsIgnoredAndCannotTakeOverReleasedOwner
INSTRUMENTATION_STATUS: class=io.github.mesteriis.rune.keyboard.ime.ui.CandidateStripInstrumentedTest
INSTRUMENTATION_STATUS: current=7
INSTRUMENTATION_STATUS_CODE: 0
INSTRUMENTATION_STATUS: numtests=161
INSTRUMENTATION_STATUS: stream=
INSTRUMENTATION_STATUS: id=AndroidJUnitRunner
INSTRUMENTATION_STATUS: test=candidateUpdateKeepsAttachedAlternatePopupSelectionAlive
INSTRUMENTATION_STATUS: class=io.github.mesteriis.rune.keyboard.ime.ui.CandidateStripInstrumentedTest
INSTRUMENTATION_STATUS: current=8
INSTRUMENTATION_STATUS_CODE: 1
INSTRUMENTATION_STATUS: numtests=161
INSTRUMENTATION_STATUS: stream=.
INSTRUMENTATION_STATUS: id=AndroidJUnitRunner
INSTRUMENTATION_STATUS: test=candidateUpdateKeepsAttachedAlternatePopupSelectionAlive
INSTRUMENTATION_STATUS: class=io.github.mesteriis.rune.keyboard.ime.ui.CandidateStripInstrumentedTest
INSTRUMENTATION_STATUS: current=8
INSTRUMENTATION_STATUS_CODE: 0
INSTRUMENTATION_STATUS: numtests=161
INSTRUMENTATION_STATUS: stream=
INSTRUMENTATION_STATUS: id=AndroidJUnitRunner
INSTRUMENTATION_STATUS: test=sameIdWithChangedTextOrTypeCancelsPendingCandidateTap
INSTRUMENTATION_STATUS: class=io.github.mesteriis.rune.keyboard.ime.ui.CandidateStripInstrumentedTest
INSTRUMENTATION_STATUS: current=9
INSTRUMENTATION_STATUS_CODE: 1
INSTRUMENTATION_STATUS: numtests=161
INSTRUMENTATION_STATUS: stream=.
INSTRUMENTATION_STATUS: id=AndroidJUnitRunner
INSTRUMENTATION_STATUS: test=sameIdWithChangedTextOrTypeCancelsPendingCandidateTap
INSTRUMENTATION_STATUS: class=io.github.mesteriis.rune.keyboard.ime.ui.CandidateStripInstrumentedTest
INSTRUMENTATION_STATUS: current=9
INSTRUMENTATION_STATUS_CODE: 0
INSTRUMENTATION_STATUS: numtests=161
INSTRUMENTATION_STATUS: stream=
INSTRUMENTATION_STATUS: id=AndroidJUnitRunner
INSTRUMENTATION_STATUS: test=missingOwnerPointerCancelsCandidateTap
INSTRUMENTATION_STATUS: class=io.github.mesteriis.rune.keyboard.ime.ui.CandidateStripInstrumentedTest
INSTRUMENTATION_STATUS: current=10
INSTRUMENTATION_STATUS_CODE: 1
INSTRUMENTATION_STATUS: numtests=161
INSTRUMENTATION_STATUS: stream=.
INSTRUMENTATION_STATUS: id=AndroidJUnitRunner
INSTRUMENTATION_STATUS: test=missingOwnerPointerCancelsCandidateTap
INSTRUMENTATION_STATUS: class=io.github.mesteriis.rune.keyboard.ime.ui.CandidateStripInstrumentedTest
INSTRUMENTATION_STATUS: current=10
INSTRUMENTATION_STATUS_CODE: 0
INSTRUMENTATION_STATUS: numtests=161
INSTRUMENTATION_STATUS: stream=
io.github.mesteriis.rune.keyboard.intelligence.client.BoundModelScoringClientInstrumentedTest:
INSTRUMENTATION_STATUS: id=AndroidJUnitRunner
INSTRUMENTATION_STATUS: test=repeatedSecurityExceptionsReleaseEveryConnectionAndStopRetryWhenIneligible
INSTRUMENTATION_STATUS: class=io.github.mesteriis.rune.keyboard.intelligence.client.BoundModelScoringClientInstrumentedTest
INSTRUMENTATION_STATUS: current=11
INSTRUMENTATION_STATUS_CODE: 1
INSTRUMENTATION_STATUS: numtests=161
INSTRUMENTATION_STATUS: stream=.
INSTRUMENTATION_STATUS: id=AndroidJUnitRunner
INSTRUMENTATION_STATUS: test=repeatedSecurityExceptionsReleaseEveryConnectionAndStopRetryWhenIneligible
INSTRUMENTATION_STATUS: class=io.github.mesteriis.rune.keyboard.intelligence.client.BoundModelScoringClientInstrumentedTest
INSTRUMENTATION_STATUS: current=11
INSTRUMENTATION_STATUS_CODE: 0
INSTRUMENTATION_STATUS: numtests=161
INSTRUMENTATION_STATUS: stream=
INSTRUMENTATION_STATUS: id=AndroidJUnitRunner
INSTRUMENTATION_STATUS: test=repeatedFalseBindsReleaseEveryConnectionAndStopRetryWhenIneligible
INSTRUMENTATION_STATUS: class=io.github.mesteriis.rune.keyboard.intelligence.client.BoundModelScoringClientInstrumentedTest
INSTRUMENTATION_STATUS: current=12
INSTRUMENTATION_STATUS_CODE: 1
INSTRUMENTATION_STATUS: numtests=161
INSTRUMENTATION_STATUS: stream=.
INSTRUMENTATION_STATUS: id=AndroidJUnitRunner
INSTRUMENTATION_STATUS: test=repeatedFalseBindsReleaseEveryConnectionAndStopRetryWhenIneligible
INSTRUMENTATION_STATUS: class=io.github.mesteriis.rune.keyboard.intelligence.client.BoundModelScoringClientInstrumentedTest
INSTRUMENTATION_STATUS: current=12
INSTRUMENTATION_STATUS_CODE: 0
INSTRUMENTATION_STATUS: numtests=161
INSTRUMENTATION_STATUS: stream=
io.github.mesteriis.rune.keyboard.intelligence.client.ModelDemandClientInstrumentedTest:
INSTRUMENTATION_STATUS: id=AndroidJUnitRunner
INSTRUMENTATION_STATUS: test=falseBindsExhaustExactlyTwoRetriesWhileDemandRemainsTrue
INSTRUMENTATION_STATUS: class=io.github.mesteriis.rune.keyboard.intelligence.client.ModelDemandClientInstrumentedTest
INSTRUMENTATION_STATUS: current=13
INSTRUMENTATION_STATUS_CODE: 1
INSTRUMENTATION_STATUS: numtests=161
INSTRUMENTATION_STATUS: stream=.
INSTRUMENTATION_STATUS: id=AndroidJUnitRunner
INSTRUMENTATION_STATUS: test=falseBindsExhaustExactlyTwoRetriesWhileDemandRemainsTrue
INSTRUMENTATION_STATUS: class=io.github.mesteriis.rune.keyboard.intelligence.client.ModelDemandClientInstrumentedTest
INSTRUMENTATION_STATUS: current=13
INSTRUMENTATION_STATUS_CODE: 0
INSTRUMENTATION_STATUS: numtests=161
INSTRUMENTATION_STATUS: stream=
INSTRUMENTATION_STATUS: id=AndroidJUnitRunner
INSTRUMENTATION_STATUS: test=nullBindingAndDeathDisconnectOnceAndConnectedNotificationsAreTransitions
INSTRUMENTATION_STATUS: class=io.github.mesteriis.rune.keyboard.intelligence.client.ModelDemandClientInstrumentedTest
INSTRUMENTATION_STATUS: current=14
INSTRUMENTATION_STATUS_CODE: 1
INSTRUMENTATION_STATUS: numtests=161
INSTRUMENTATION_STATUS: stream=.
INSTRUMENTATION_STATUS: id=AndroidJUnitRunner
INSTRUMENTATION_STATUS: test=nullBindingAndDeathDisconnectOnceAndConnectedNotificationsAreTransitions
INSTRUMENTATION_STATUS: class=io.github.mesteriis.rune.keyboard.intelligence.client.ModelDemandClientInstrumentedTest
INSTRUMENTATION_STATUS: current=14
INSTRUMENTATION_STATUS_CODE: 0
INSTRUMENTATION_STATUS: numtests=161
INSTRUMENTATION_STATUS: stream=
INSTRUMENTATION_STATUS: id=AndroidJUnitRunner
INSTRUMENTATION_STATUS: test=disableAndTerminalCloseRemoveTimersAndRejectCapturedTasks
INSTRUMENTATION_STATUS: class=io.github.mesteriis.rune.keyboard.intelligence.client.ModelDemandClientInstrumentedTest
INSTRUMENTATION_STATUS: current=15
INSTRUMENTATION_STATUS_CODE: 1
INSTRUMENTATION_STATUS: numtests=161
INSTRUMENTATION_STATUS: stream=.
INSTRUMENTATION_STATUS: id=AndroidJUnitRunner
INSTRUMENTATION_STATUS: test=disableAndTerminalCloseRemoveTimersAndRejectCapturedTasks
INSTRUMENTATION_STATUS: class=io.github.mesteriis.rune.keyboard.intelligence.client.ModelDemandClientInstrumentedTest
INSTRUMENTATION_STATUS: current=15
INSTRUMENTATION_STATUS_CODE: 0
INSTRUMENTATION_STATUS: numtests=161
INSTRUMENTATION_STATUS: stream=
INSTRUMENTATION_STATUS: id=AndroidJUnitRunner
INSTRUMENTATION_STATUS: test=offOnPreservesWatermarkAndRetiredCallbackCannotDeliver
INSTRUMENTATION_STATUS: class=io.github.mesteriis.rune.keyboard.intelligence.client.ModelDemandClientInstrumentedTest
INSTRUMENTATION_STATUS: current=16
INSTRUMENTATION_STATUS_CODE: 1
INSTRUMENTATION_STATUS: numtests=161
INSTRUMENTATION_STATUS: stream=.
INSTRUMENTATION_STATUS: id=AndroidJUnitRunner
INSTRUMENTATION_STATUS: test=offOnPreservesWatermarkAndRetiredCallbackCannotDeliver
INSTRUMENTATION_STATUS: class=io.github.mesteriis.rune.keyboard.intelligence.client.ModelDemandClientInstrumentedTest
INSTRUMENTATION_STATUS: current=16
INSTRUMENTATION_STATUS_CODE: 0
INSTRUMENTATION_STATUS: numtests=161
INSTRUMENTATION_STATUS: stream=
INSTRUMENTATION_STATUS: id=AndroidJUnitRunner
INSTRUMENTATION_STATUS: test=oldTimerCannotEraseNewPendingRetryAndOldConnectionCannotDisconnectIt
INSTRUMENTATION_STATUS: class=io.github.mesteriis.rune.keyboard.intelligence.client.ModelDemandClientInstrumentedTest
INSTRUMENTATION_STATUS: current=17
INSTRUMENTATION_STATUS_CODE: 1
INSTRUMENTATION_STATUS: numtests=161
INSTRUMENTATION_STATUS: stream=.
INSTRUMENTATION_STATUS: id=AndroidJUnitRunner
INSTRUMENTATION_STATUS: test=oldTimerCannotEraseNewPendingRetryAndOldConnectionCannotDisconnectIt
INSTRUMENTATION_STATUS: class=io.github.mesteriis.rune.keyboard.intelligence.client.ModelDemandClientInstrumentedTest
INSTRUMENTATION_STATUS: current=17
INSTRUMENTATION_STATUS_CODE: 0
INSTRUMENTATION_STATUS: numtests=161
INSTRUMENTATION_STATUS: stream=
INSTRUMENTATION_STATUS: id=AndroidJUnitRunner
INSTRUMENTATION_STATUS: test=newSessionCancelsOldRequestAndGenerationRejectsRecycledTokenCallback
INSTRUMENTATION_STATUS: class=io.github.mesteriis.rune.keyboard.intelligence.client.ModelDemandClientInstrumentedTest
INSTRUMENTATION_STATUS: current=18
INSTRUMENTATION_STATUS_CODE: 1
INSTRUMENTATION_STATUS: numtests=161
INSTRUMENTATION_STATUS: stream=.
INSTRUMENTATION_STATUS: id=AndroidJUnitRunner
INSTRUMENTATION_STATUS: test=newSessionCancelsOldRequestAndGenerationRejectsRecycledTokenCallback
INSTRUMENTATION_STATUS: class=io.github.mesteriis.rune.keyboard.intelligence.client.ModelDemandClientInstrumentedTest
INSTRUMENTATION_STATUS: current=18
INSTRUMENTATION_STATUS_CODE: 0
INSTRUMENTATION_STATUS: numtests=161
INSTRUMENTATION_STATUS: stream=
INSTRUMENTATION_STATUS: id=AndroidJUnitRunner
INSTRUMENTATION_STATUS: test=sameAttachPreservesReplyAndRequestSequence
INSTRUMENTATION_STATUS: class=io.github.mesteriis.rune.keyboard.intelligence.client.ModelDemandClientInstrumentedTest
INSTRUMENTATION_STATUS: current=19
INSTRUMENTATION_STATUS_CODE: 1
INSTRUMENTATION_STATUS: numtests=161
INSTRUMENTATION_STATUS: stream=.
INSTRUMENTATION_STATUS: id=AndroidJUnitRunner
INSTRUMENTATION_STATUS: test=sameAttachPreservesReplyAndRequestSequence
INSTRUMENTATION_STATUS: class=io.github.mesteriis.rune.keyboard.intelligence.client.ModelDemandClientInstrumentedTest
INSTRUMENTATION_STATUS: current=19
INSTRUMENTATION_STATUS_CODE: 0
INSTRUMENTATION_STATUS: numtests=161
INSTRUMENTATION_STATUS: stream=
INSTRUMENTATION_STATUS: id=AndroidJUnitRunner
INSTRUMENTATION_STATUS: test=normalizedNoDemandNeverBindsAndConsumerDomainsAreIndependent
INSTRUMENTATION_STATUS: class=io.github.mesteriis.rune.keyboard.intelligence.client.ModelDemandClientInstrumentedTest
INSTRUMENTATION_STATUS: current=20
INSTRUMENTATION_STATUS_CODE: 1
INSTRUMENTATION_STATUS: numtests=161
INSTRUMENTATION_STATUS: stream=.
INSTRUMENTATION_STATUS: id=AndroidJUnitRunner
INSTRUMENTATION_STATUS: test=normalizedNoDemandNeverBindsAndConsumerDomainsAreIndependent
INSTRUMENTATION_STATUS: class=io.github.mesteriis.rune.keyboard.intelligence.client.ModelDemandClientInstrumentedTest
INSTRUMENTATION_STATUS: current=20
INSTRUMENTATION_STATUS_CODE: 0
INSTRUMENTATION_STATUS: numtests=161
INSTRUMENTATION_STATUS: stream=
INSTRUMENTATION_STATUS: id=AndroidJUnitRunner
INSTRUMENTATION_STATUS: test=remoteFailureClearsActiveTokenAndDoesNotReplayOnReconnect
INSTRUMENTATION_STATUS: class=io.github.mesteriis.rune.keyboard.intelligence.client.ModelDemandClientInstrumentedTest
INSTRUMENTATION_STATUS: current=21
INSTRUMENTATION_STATUS_CODE: 1
INSTRUMENTATION_STATUS: numtests=161
INSTRUMENTATION_STATUS: stream=.
INSTRUMENTATION_STATUS: id=AndroidJUnitRunner
INSTRUMENTATION_STATUS: test=remoteFailureClearsActiveTokenAndDoesNotReplayOnReconnect
INSTRUMENTATION_STATUS: class=io.github.mesteriis.rune.keyboard.intelligence.client.ModelDemandClientInstrumentedTest
INSTRUMENTATION_STATUS: current=21
INSTRUMENTATION_STATUS_CODE: 0
INSTRUMENTATION_STATUS: numtests=161
INSTRUMENTATION_STATUS: stream=
INSTRUMENTATION_STATUS: id=AndroidJUnitRunner
INSTRUMENTATION_STATUS: test=successfulReconnectsDoNotReplenishCreditOrReplayRequests
INSTRUMENTATION_STATUS: class=io.github.mesteriis.rune.keyboard.intelligence.client.ModelDemandClientInstrumentedTest
INSTRUMENTATION_STATUS: current=22
INSTRUMENTATION_STATUS_CODE: 1
INSTRUMENTATION_STATUS: numtests=161
INSTRUMENTATION_STATUS: stream=.
INSTRUMENTATION_STATUS: id=AndroidJUnitRunner
INSTRUMENTATION_STATUS: test=successfulReconnectsDoNotReplenishCreditOrReplayRequests
INSTRUMENTATION_STATUS: class=io.github.mesteriis.rune.keyboard.intelligence.client.ModelDemandClientInstrumentedTest
INSTRUMENTATION_STATUS: current=22
INSTRUMENTATION_STATUS_CODE: 0
INSTRUMENTATION_STATUS: numtests=161
INSTRUMENTATION_STATUS: stream=
INSTRUMENTATION_STATUS: id=AndroidJUnitRunner
INSTRUMENTATION_STATUS: test=securityFailuresExhaustExactlyTwoRetriesWhileDemandRemainsTrue
INSTRUMENTATION_STATUS: class=io.github.mesteriis.rune.keyboard.intelligence.client.ModelDemandClientInstrumentedTest
INSTRUMENTATION_STATUS: current=23
INSTRUMENTATION_STATUS_CODE: 1
INSTRUMENTATION_STATUS: numtests=161
INSTRUMENTATION_STATUS: stream=.
INSTRUMENTATION_STATUS: id=AndroidJUnitRunner
INSTRUMENTATION_STATUS: test=securityFailuresExhaustExactlyTwoRetriesWhileDemandRemainsTrue
INSTRUMENTATION_STATUS: class=io.github.mesteriis.rune.keyboard.intelligence.client.ModelDemandClientInstrumentedTest
INSTRUMENTATION_STATUS: current=23
INSTRUMENTATION_STATUS_CODE: 0
INSTRUMENTATION_STATUS: numtests=161
INSTRUMENTATION_STATUS: stream=
io.github.mesteriis.rune.keyboard.intelligence.delivery.DeliveryStateStoreInstrumentedTest:
INSTRUMENTATION_STATUS: id=AndroidJUnitRunner
INSTRUMENTATION_STATUS: test=atomicallyRoundTripsInDedicatedDirectory
INSTRUMENTATION_STATUS: class=io.github.mesteriis.rune.keyboard.intelligence.delivery.DeliveryStateStoreInstrumentedTest
INSTRUMENTATION_STATUS: current=24
INSTRUMENTATION_STATUS_CODE: 1
INSTRUMENTATION_STATUS: numtests=161
INSTRUMENTATION_STATUS: stream=.
INSTRUMENTATION_STATUS: id=AndroidJUnitRunner
INSTRUMENTATION_STATUS: test=atomicallyRoundTripsInDedicatedDirectory
INSTRUMENTATION_STATUS: class=io.github.mesteriis.rune.keyboard.intelligence.delivery.DeliveryStateStoreInstrumentedTest
INSTRUMENTATION_STATUS: current=24
INSTRUMENTATION_STATUS_CODE: 0
INSTRUMENTATION_STATUS: numtests=161
INSTRUMENTATION_STATUS: stream=
INSTRUMENTATION_STATUS: id=AndroidJUnitRunner
INSTRUMENTATION_STATUS: test=recoversCommittedBackupWhenBaseFileIsMissing
INSTRUMENTATION_STATUS: class=io.github.mesteriis.rune.keyboard.intelligence.delivery.DeliveryStateStoreInstrumentedTest
INSTRUMENTATION_STATUS: current=25
INSTRUMENTATION_STATUS_CODE: 1
INSTRUMENTATION_STATUS: numtests=161
INSTRUMENTATION_STATUS: stream=.
INSTRUMENTATION_STATUS: id=AndroidJUnitRunner
INSTRUMENTATION_STATUS: test=recoversCommittedBackupWhenBaseFileIsMissing
INSTRUMENTATION_STATUS: class=io.github.mesteriis.rune.keyboard.intelligence.delivery.DeliveryStateStoreInstrumentedTest
INSTRUMENTATION_STATUS: current=25
INSTRUMENTATION_STATUS_CODE: 0
INSTRUMENTATION_STATUS: numtests=161
INSTRUMENTATION_STATUS: stream=
INSTRUMENTATION_STATUS: id=AndroidJUnitRunner
INSTRUMENTATION_STATUS: test=concurrentInstancesSerializeWithinOneProcess
INSTRUMENTATION_STATUS: class=io.github.mesteriis.rune.keyboard.intelligence.delivery.DeliveryStateStoreInstrumentedTest
INSTRUMENTATION_STATUS: current=26
INSTRUMENTATION_STATUS_CODE: 1
INSTRUMENTATION_STATUS: numtests=161
INSTRUMENTATION_STATUS: stream=.
INSTRUMENTATION_STATUS: id=AndroidJUnitRunner
INSTRUMENTATION_STATUS: test=concurrentInstancesSerializeWithinOneProcess
INSTRUMENTATION_STATUS: class=io.github.mesteriis.rune.keyboard.intelligence.delivery.DeliveryStateStoreInstrumentedTest
INSTRUMENTATION_STATUS: current=26
INSTRUMENTATION_STATUS_CODE: 0
INSTRUMENTATION_STATUS: numtests=161
INSTRUMENTATION_STATUS: stream=
io.github.mesteriis.rune.keyboard.intelligence.delivery.ModelDeliveryManifestInstrumentedTest:
INSTRUMENTATION_STATUS: id=AndroidJUnitRunner
INSTRUMENTATION_STATUS: test=declaresOnlyInternetAndPrivateWorkerComponents
INSTRUMENTATION_STATUS: class=io.github.mesteriis.rune.keyboard.intelligence.delivery.ModelDeliveryManifestInstrumentedTest
INSTRUMENTATION_STATUS: current=27
INSTRUMENTATION_STATUS_CODE: 1
INSTRUMENTATION_STATUS: numtests=161
INSTRUMENTATION_STATUS: stream=.
INSTRUMENTATION_STATUS: id=AndroidJUnitRunner
INSTRUMENTATION_STATUS: test=declaresOnlyInternetAndPrivateWorkerComponents
INSTRUMENTATION_STATUS: class=io.github.mesteriis.rune.keyboard.intelligence.delivery.ModelDeliveryManifestInstrumentedTest
INSTRUMENTATION_STATUS: current=27
INSTRUMENTATION_STATUS_CODE: 0
INSTRUMENTATION_STATUS: numtests=161
INSTRUMENTATION_STATUS: stream=
io.github.mesteriis.rune.keyboard.intelligence.inference.ActiveModelLifecycleInstrumentedTest:
INSTRUMENTATION_STATUS: id=AndroidJUnitRunner
INSTRUMENTATION_STATUS: test=retiredWatchCallbacksAfterRestartCannotPoisonCurrentRegistration
INSTRUMENTATION_STATUS: class=io.github.mesteriis.rune.keyboard.intelligence.inference.ActiveModelLifecycleInstrumentedTest
INSTRUMENTATION_STATUS: current=28
INSTRUMENTATION_STATUS_CODE: 1
INSTRUMENTATION_STATUS: numtests=161
INSTRUMENTATION_STATUS: stream=.
INSTRUMENTATION_STATUS: id=AndroidJUnitRunner
INSTRUMENTATION_STATUS: test=retiredWatchCallbacksAfterRestartCannotPoisonCurrentRegistration
INSTRUMENTATION_STATUS: class=io.github.mesteriis.rune.keyboard.intelligence.inference.ActiveModelLifecycleInstrumentedTest
INSTRUMENTATION_STATUS: current=28
INSTRUMENTATION_STATUS_CODE: 0
INSTRUMENTATION_STATUS: numtests=161
INSTRUMENTATION_STATUS: stream=
INSTRUMENTATION_STATUS: id=AndroidJUnitRunner
INSTRUMENTATION_STATUS: test=ordinaryCancellationSuppressesLateSuccessAndReusesValidatedModel
INSTRUMENTATION_STATUS: class=io.github.mesteriis.rune.keyboard.intelligence.inference.ActiveModelLifecycleInstrumentedTest
INSTRUMENTATION_STATUS: current=29
INSTRUMENTATION_STATUS_CODE: 1
INSTRUMENTATION_STATUS: numtests=161
INSTRUMENTATION_STATUS: stream=.
INSTRUMENTATION_STATUS: id=AndroidJUnitRunner
INSTRUMENTATION_STATUS: test=ordinaryCancellationSuppressesLateSuccessAndReusesValidatedModel
INSTRUMENTATION_STATUS: class=io.github.mesteriis.rune.keyboard.intelligence.inference.ActiveModelLifecycleInstrumentedTest
INSTRUMENTATION_STATUS: current=29
INSTRUMENTATION_STATUS_CODE: 0
INSTRUMENTATION_STATUS: numtests=161
INSTRUMENTATION_STATUS: stream=
INSTRUMENTATION_STATUS: id=AndroidJUnitRunner
INSTRUMENTATION_STATUS: test=explicitInvalidationOfUnchangedIdentityStillUnloadsBeforeReload
INSTRUMENTATION_STATUS: class=io.github.mesteriis.rune.keyboard.intelligence.inference.ActiveModelLifecycleInstrumentedTest
INSTRUMENTATION_STATUS: current=30
INSTRUMENTATION_STATUS_CODE: 1
INSTRUMENTATION_STATUS: numtests=161
INSTRUMENTATION_STATUS: stream=.
INSTRUMENTATION_STATUS: id=AndroidJUnitRunner
INSTRUMENTATION_STATUS: test=explicitInvalidationOfUnchangedIdentityStillUnloadsBeforeReload
INSTRUMENTATION_STATUS: class=io.github.mesteriis.rune.keyboard.intelligence.inference.ActiveModelLifecycleInstrumentedTest
INSTRUMENTATION_STATUS: current=30
INSTRUMENTATION_STATUS_CODE: 0
INSTRUMENTATION_STATUS: numtests=161
INSTRUMENTATION_STATUS: stream=
INSTRUMENTATION_STATUS: id=AndroidJUnitRunner
INSTRUMENTATION_STATUS: test=retiredWatchCallbacksAfterCloseCannotInvalidate
INSTRUMENTATION_STATUS: class=io.github.mesteriis.rune.keyboard.intelligence.inference.ActiveModelLifecycleInstrumentedTest
INSTRUMENTATION_STATUS: current=31
INSTRUMENTATION_STATUS_CODE: 1
INSTRUMENTATION_STATUS: numtests=161
INSTRUMENTATION_STATUS: stream=.
INSTRUMENTATION_STATUS: id=AndroidJUnitRunner
INSTRUMENTATION_STATUS: test=retiredWatchCallbacksAfterCloseCannotInvalidate
INSTRUMENTATION_STATUS: class=io.github.mesteriis.rune.keyboard.intelligence.inference.ActiveModelLifecycleInstrumentedTest
INSTRUMENTATION_STATUS: current=31
INSTRUMENTATION_STATUS_CODE: 0
INSTRUMENTATION_STATUS: numtests=161
INSTRUMENTATION_STATUS: stream=
INSTRUMENTATION_STATUS: id=AndroidJUnitRunner
INSTRUMENTATION_STATUS: test=failedWatchRestartRetiresCallbacksAndLaterCurrentEventStillInvalidates
INSTRUMENTATION_STATUS: class=io.github.mesteriis.rune.keyboard.intelligence.inference.ActiveModelLifecycleInstrumentedTest
INSTRUMENTATION_STATUS: current=32
INSTRUMENTATION_STATUS_CODE: 1
INSTRUMENTATION_STATUS: numtests=161
INSTRUMENTATION_STATUS: stream=.
INSTRUMENTATION_STATUS: id=AndroidJUnitRunner
INSTRUMENTATION_STATUS: test=failedWatchRestartRetiresCallbacksAndLaterCurrentEventStillInvalidates
INSTRUMENTATION_STATUS: class=io.github.mesteriis.rune.keyboard.intelligence.inference.ActiveModelLifecycleInstrumentedTest
INSTRUMENTATION_STATUS: current=32
INSTRUMENTATION_STATUS_CODE: 0
INSTRUMENTATION_STATUS: numtests=161
INSTRUMENTATION_STATUS: stream=
INSTRUMENTATION_STATUS: id=AndroidJUnitRunner
INSTRUMENTATION_STATUS: test=committedBackupWinsWithoutReadSideRecovery
INSTRUMENTATION_STATUS: class=io.github.mesteriis.rune.keyboard.intelligence.inference.ActiveModelLifecycleInstrumentedTest
INSTRUMENTATION_STATUS: current=33
INSTRUMENTATION_STATUS_CODE: 1
INSTRUMENTATION_STATUS: numtests=161
INSTRUMENTATION_STATUS: stream=.
INSTRUMENTATION_STATUS: id=AndroidJUnitRunner
INSTRUMENTATION_STATUS: test=committedBackupWinsWithoutReadSideRecovery
INSTRUMENTATION_STATUS: class=io.github.mesteriis.rune.keyboard.intelligence.inference.ActiveModelLifecycleInstrumentedTest
INSTRUMENTATION_STATUS: current=33
INSTRUMENTATION_STATUS_CODE: 0
INSTRUMENTATION_STATUS: numtests=161
INSTRUMENTATION_STATUS: stream=
INSTRUMENTATION_STATUS: id=AndroidJUnitRunner
INSTRUMENTATION_STATUS: test=modelSizeAndSymlinkEscapeAreRejectedBeforeLoad
INSTRUMENTATION_STATUS: class=io.github.mesteriis.rune.keyboard.intelligence.inference.ActiveModelLifecycleInstrumentedTest
INSTRUMENTATION_STATUS: current=34
INSTRUMENTATION_STATUS_CODE: 1
INSTRUMENTATION_STATUS: numtests=161
INSTRUMENTATION_STATUS: stream=.
INSTRUMENTATION_STATUS: id=AndroidJUnitRunner
INSTRUMENTATION_STATUS: test=modelSizeAndSymlinkEscapeAreRejectedBeforeLoad
INSTRUMENTATION_STATUS: class=io.github.mesteriis.rune.keyboard.intelligence.inference.ActiveModelLifecycleInstrumentedTest
INSTRUMENTATION_STATUS: current=34
INSTRUMENTATION_STATUS_CODE: 0
INSTRUMENTATION_STATUS: numtests=161
INSTRUMENTATION_STATUS: stream=
INSTRUMENTATION_STATUS: id=AndroidJUnitRunner
INSTRUMENTATION_STATUS: test=pointerRotationCancelsBlockedScoreAndReloadsNextIdentity
INSTRUMENTATION_STATUS: class=io.github.mesteriis.rune.keyboard.intelligence.inference.ActiveModelLifecycleInstrumentedTest
INSTRUMENTATION_STATUS: current=35
INSTRUMENTATION_STATUS_CODE: 1
INSTRUMENTATION_STATUS: numtests=161
INSTRUMENTATION_STATUS: stream=.
INSTRUMENTATION_STATUS: id=AndroidJUnitRunner
INSTRUMENTATION_STATUS: test=pointerRotationCancelsBlockedScoreAndReloadsNextIdentity
INSTRUMENTATION_STATUS: class=io.github.mesteriis.rune.keyboard.intelligence.inference.ActiveModelLifecycleInstrumentedTest
INSTRUMENTATION_STATUS: current=35
INSTRUMENTATION_STATUS_CODE: 0
INSTRUMENTATION_STATUS: numtests=161
INSTRUMENTATION_STATUS: stream=
INSTRUMENTATION_STATUS: id=AndroidJUnitRunner
INSTRUMENTATION_STATUS: test=pointerDeletionCancelsBlockedScoreAndLeavesNoModel
INSTRUMENTATION_STATUS: class=io.github.mesteriis.rune.keyboard.intelligence.inference.ActiveModelLifecycleInstrumentedTest
INSTRUMENTATION_STATUS: current=36
INSTRUMENTATION_STATUS_CODE: 1
INSTRUMENTATION_STATUS: numtests=161
INSTRUMENTATION_STATUS: stream=.
INSTRUMENTATION_STATUS: id=AndroidJUnitRunner
INSTRUMENTATION_STATUS: test=pointerDeletionCancelsBlockedScoreAndLeavesNoModel
INSTRUMENTATION_STATUS: class=io.github.mesteriis.rune.keyboard.intelligence.inference.ActiveModelLifecycleInstrumentedTest
INSTRUMENTATION_STATUS: current=36
INSTRUMENTATION_STATUS_CODE: 0
INSTRUMENTATION_STATUS: numtests=161
INSTRUMENTATION_STATUS: stream=
INSTRUMENTATION_STATUS: id=AndroidJUnitRunner
INSTRUMENTATION_STATUS: test=cancelledWordDuringPreparationReleasesPayloadAndNextWordSharesTheLoad
INSTRUMENTATION_STATUS: class=io.github.mesteriis.rune.keyboard.intelligence.inference.ActiveModelLifecycleInstrumentedTest
INSTRUMENTATION_STATUS: current=37
INSTRUMENTATION_STATUS_CODE: 1
INSTRUMENTATION_STATUS: numtests=161
INSTRUMENTATION_STATUS: stream=.
INSTRUMENTATION_STATUS: id=AndroidJUnitRunner
INSTRUMENTATION_STATUS: test=cancelledWordDuringPreparationReleasesPayloadAndNextWordSharesTheLoad
INSTRUMENTATION_STATUS: class=io.github.mesteriis.rune.keyboard.intelligence.inference.ActiveModelLifecycleInstrumentedTest
INSTRUMENTATION_STATUS: current=37
INSTRUMENTATION_STATUS_CODE: 0
INSTRUMENTATION_STATUS: numtests=161
INSTRUMENTATION_STATUS: stream=
INSTRUMENTATION_STATUS: id=AndroidJUnitRunner
INSTRUMENTATION_STATUS: test=sessionUnbindDuringPreparationCancelsPartialLoadAndRebindStartsFresh
INSTRUMENTATION_STATUS: class=io.github.mesteriis.rune.keyboard.intelligence.inference.ActiveModelLifecycleInstrumentedTest
INSTRUMENTATION_STATUS: current=38
INSTRUMENTATION_STATUS_CODE: 1
INSTRUMENTATION_STATUS: numtests=161
INSTRUMENTATION_STATUS: stream=.
INSTRUMENTATION_STATUS: id=AndroidJUnitRunner
INSTRUMENTATION_STATUS: test=sessionUnbindDuringPreparationCancelsPartialLoadAndRebindStartsFresh
INSTRUMENTATION_STATUS: class=io.github.mesteriis.rune.keyboard.intelligence.inference.ActiveModelLifecycleInstrumentedTest
INSTRUMENTATION_STATUS: current=38
INSTRUMENTATION_STATUS_CODE: 0
INSTRUMENTATION_STATUS: numtests=161
INSTRUMENTATION_STATUS: stream=
INSTRUMENTATION_STATUS: id=AndroidJUnitRunner
INSTRUMENTATION_STATUS: test=missingWatchDirectoryFailsRegistrationAndRealWatchObservesVersionDeletion
INSTRUMENTATION_STATUS: class=io.github.mesteriis.rune.keyboard.intelligence.inference.ActiveModelLifecycleInstrumentedTest
INSTRUMENTATION_STATUS: current=39
INSTRUMENTATION_STATUS_CODE: 1
INSTRUMENTATION_STATUS: numtests=161
INSTRUMENTATION_STATUS: stream=.
INSTRUMENTATION_STATUS: id=AndroidJUnitRunner
INSTRUMENTATION_STATUS: test=missingWatchDirectoryFailsRegistrationAndRealWatchObservesVersionDeletion
INSTRUMENTATION_STATUS: class=io.github.mesteriis.rune.keyboard.intelligence.inference.ActiveModelLifecycleInstrumentedTest
INSTRUMENTATION_STATUS: current=39
INSTRUMENTATION_STATUS_CODE: 0
INSTRUMENTATION_STATUS: numtests=161
INSTRUMENTATION_STATUS: stream=
INSTRUMENTATION_STATUS: id=AndroidJUnitRunner
INSTRUMENTATION_STATUS: test=cancellationBeforeAdapterAdmissionDoesNotLoadScoreOrDiscardWarmModel
INSTRUMENTATION_STATUS: class=io.github.mesteriis.rune.keyboard.intelligence.inference.ActiveModelLifecycleInstrumentedTest
INSTRUMENTATION_STATUS: current=40
INSTRUMENTATION_STATUS_CODE: 1
INSTRUMENTATION_STATUS: numtests=161
INSTRUMENTATION_STATUS: stream=.
INSTRUMENTATION_STATUS: id=AndroidJUnitRunner
INSTRUMENTATION_STATUS: test=cancellationBeforeAdapterAdmissionDoesNotLoadScoreOrDiscardWarmModel
INSTRUMENTATION_STATUS: class=io.github.mesteriis.rune.keyboard.intelligence.inference.ActiveModelLifecycleInstrumentedTest
INSTRUMENTATION_STATUS: current=40
INSTRUMENTATION_STATUS_CODE: 0
INSTRUMENTATION_STATUS: numtests=161
INSTRUMENTATION_STATUS: stream=
INSTRUMENTATION_STATUS: id=AndroidJUnitRunner
INSTRUMENTATION_STATUS: test=closeStillReleasesAValidatedWarmModel
INSTRUMENTATION_STATUS: class=io.github.mesteriis.rune.keyboard.intelligence.inference.ActiveModelLifecycleInstrumentedTest
INSTRUMENTATION_STATUS: current=41
INSTRUMENTATION_STATUS_CODE: 1
INSTRUMENTATION_STATUS: numtests=161
INSTRUMENTATION_STATUS: stream=.
INSTRUMENTATION_STATUS: id=AndroidJUnitRunner
INSTRUMENTATION_STATUS: test=closeStillReleasesAValidatedWarmModel
INSTRUMENTATION_STATUS: class=io.github.mesteriis.rune.keyboard.intelligence.inference.ActiveModelLifecycleInstrumentedTest
INSTRUMENTATION_STATUS: current=41
INSTRUMENTATION_STATUS_CODE: 0
INSTRUMENTATION_STATUS: numtests=161
INSTRUMENTATION_STATUS: stream=
INSTRUMENTATION_STATUS: id=AndroidJUnitRunner
INSTRUMENTATION_STATUS: test=absentCorruptAndOversizedPointersFailClosedBeforeRuntimeLoad
INSTRUMENTATION_STATUS: class=io.github.mesteriis.rune.keyboard.intelligence.inference.ActiveModelLifecycleInstrumentedTest
INSTRUMENTATION_STATUS: current=42
INSTRUMENTATION_STATUS_CODE: 1
INSTRUMENTATION_STATUS: numtests=161
INSTRUMENTATION_STATUS: stream=.
INSTRUMENTATION_STATUS: id=AndroidJUnitRunner
INSTRUMENTATION_STATUS: test=absentCorruptAndOversizedPointersFailClosedBeforeRuntimeLoad
INSTRUMENTATION_STATUS: class=io.github.mesteriis.rune.keyboard.intelligence.inference.ActiveModelLifecycleInstrumentedTest
INSTRUMENTATION_STATUS: current=42
INSTRUMENTATION_STATUS_CODE: 0
INSTRUMENTATION_STATUS: numtests=161
INSTRUMENTATION_STATUS: stream=
INSTRUMENTATION_STATUS: id=AndroidJUnitRunner
INSTRUMENTATION_STATUS: test=nativeLoadKeepsSharedPhysicalLockUntilSourceIsConsumed
INSTRUMENTATION_STATUS: class=io.github.mesteriis.rune.keyboard.intelligence.inference.ActiveModelLifecycleInstrumentedTest
INSTRUMENTATION_STATUS: current=43
INSTRUMENTATION_STATUS_CODE: 1
INSTRUMENTATION_STATUS: numtests=161
INSTRUMENTATION_STATUS: stream=.
INSTRUMENTATION_STATUS: id=AndroidJUnitRunner
INSTRUMENTATION_STATUS: test=nativeLoadKeepsSharedPhysicalLockUntilSourceIsConsumed
INSTRUMENTATION_STATUS: class=io.github.mesteriis.rune.keyboard.intelligence.inference.ActiveModelLifecycleInstrumentedTest
INSTRUMENTATION_STATUS: current=43
INSTRUMENTATION_STATUS_CODE: 0
INSTRUMENTATION_STATUS: numtests=161
INSTRUMENTATION_STATUS: stream=
io.github.mesteriis.rune.keyboard.intelligence.inference.RealModelScoringInstrumentedTest:
INSTRUMENTATION_STATUS: id=AndroidJUnitRunner
INSTRUMENTATION_STATUS: test=installedRuneTextLoadsAndScoresBoundedCandidates
INSTRUMENTATION_STATUS: class=io.github.mesteriis.rune.keyboard.intelligence.inference.RealModelScoringInstrumentedTest
INSTRUMENTATION_STATUS: current=44
INSTRUMENTATION_STATUS_CODE: 1
INSTRUMENTATION_STATUS: numtests=161
INSTRUMENTATION_STATUS: stream=
io.github.mesteriis.rune.keyboard.intelligence.inference.RealModelScoringInstrumentedTest:
INSTRUMENTATION_STATUS: id=AndroidJUnitRunner
INSTRUMENTATION_STATUS: test=installedRuneTextLoadsAndScoresBoundedCandidates
INSTRUMENTATION_STATUS: class=io.github.mesteriis.rune.keyboard.intelligence.inference.RealModelScoringInstrumentedTest
INSTRUMENTATION_STATUS: stack=org.junit.AssumptionViolatedException: Exact Rune Text model is not installed
	at org.junit.Assume.assumeTrue(Assume.java:68)
	at io.github.mesteriis.rune.keyboard.intelligence.inference.RealModelScoringInstrumentedTest.installedRuneTextLoadsAndScoresBoundedCandidates(RealModelScoringInstrumentedTest.kt:44)

INSTRUMENTATION_STATUS: current=44
INSTRUMENTATION_STATUS_CODE: -4
INSTRUMENTATION_STATUS: numtests=161
INSTRUMENTATION_STATUS: stream=
io.github.mesteriis.rune.keyboard.intelligence.inference.RealModelServiceInstrumentedTest:
INSTRUMENTATION_STATUS: id=AndroidJUnitRunner
INSTRUMENTATION_STATUS: test=exactInstalledModelPreparesAndScoresThroughPrivateBinder
INSTRUMENTATION_STATUS: class=io.github.mesteriis.rune.keyboard.intelligence.inference.RealModelServiceInstrumentedTest
INSTRUMENTATION_STATUS: current=45
INSTRUMENTATION_STATUS_CODE: 1
INSTRUMENTATION_STATUS: numtests=161
INSTRUMENTATION_STATUS: stream=
io.github.mesteriis.rune.keyboard.intelligence.inference.RealModelServiceInstrumentedTest:
INSTRUMENTATION_STATUS: id=AndroidJUnitRunner
INSTRUMENTATION_STATUS: test=exactInstalledModelPreparesAndScoresThroughPrivateBinder
INSTRUMENTATION_STATUS: class=io.github.mesteriis.rune.keyboard.intelligence.inference.RealModelServiceInstrumentedTest
INSTRUMENTATION_STATUS: stack=org.junit.AssumptionViolatedException: Explicit installed-model service probe only
	at org.junit.Assume.assumeTrue(Assume.java:68)
	at io.github.mesteriis.rune.keyboard.intelligence.inference.RealModelServiceInstrumentedTest.exactInstalledModelPreparesAndScoresThroughPrivateBinder(RealModelServiceInstrumentedTest.kt:35)

INSTRUMENTATION_STATUS: current=45
INSTRUMENTATION_STATUS_CODE: -4
INSTRUMENTATION_STATUS: numtests=161
INSTRUMENTATION_STATUS: stream=
io.github.mesteriis.rune.keyboard.intelligence.inference.ScoringIpcInstrumentedTest:
INSTRUMENTATION_STATUS: id=AndroidJUnitRunner
INSTRUMENTATION_STATUS: test=privateManifestContract
INSTRUMENTATION_STATUS: class=io.github.mesteriis.rune.keyboard.intelligence.inference.ScoringIpcInstrumentedTest
INSTRUMENTATION_STATUS: current=46
INSTRUMENTATION_STATUS_CODE: 1
INSTRUMENTATION_STATUS: numtests=161
INSTRUMENTATION_STATUS: stream=.
INSTRUMENTATION_STATUS: id=AndroidJUnitRunner
INSTRUMENTATION_STATUS: test=privateManifestContract
INSTRUMENTATION_STATUS: class=io.github.mesteriis.rune.keyboard.intelligence.inference.ScoringIpcInstrumentedTest
INSTRUMENTATION_STATUS: current=46
INSTRUMENTATION_STATUS_CODE: 0
INSTRUMENTATION_STATUS: numtests=161
INSTRUMENTATION_STATUS: stream=
INSTRUMENTATION_STATUS: id=AndroidJUnitRunner
INSTRUMENTATION_STATUS: test=oversizedCountAndTextRejectBeforeAllocation
INSTRUMENTATION_STATUS: class=io.github.mesteriis.rune.keyboard.intelligence.inference.ScoringIpcInstrumentedTest
INSTRUMENTATION_STATUS: current=47
INSTRUMENTATION_STATUS_CODE: 1
INSTRUMENTATION_STATUS: numtests=161
INSTRUMENTATION_STATUS: stream=.
INSTRUMENTATION_STATUS: id=AndroidJUnitRunner
INSTRUMENTATION_STATUS: test=oversizedCountAndTextRejectBeforeAllocation
INSTRUMENTATION_STATUS: class=io.github.mesteriis.rune.keyboard.intelligence.inference.ScoringIpcInstrumentedTest
INSTRUMENTATION_STATUS: current=47
INSTRUMENTATION_STATUS_CODE: 0
INSTRUMENTATION_STATUS: numtests=161
INSTRUMENTATION_STATUS: stream=
INSTRUMENTATION_STATUS: id=AndroidJUnitRunner
INSTRUMENTATION_STATUS: test=observerConfirmsRegistrationThenInvalidatesOnPointerChange
INSTRUMENTATION_STATUS: class=io.github.mesteriis.rune.keyboard.intelligence.inference.ScoringIpcInstrumentedTest
INSTRUMENTATION_STATUS: current=48
INSTRUMENTATION_STATUS_CODE: 1
INSTRUMENTATION_STATUS: numtests=161
INSTRUMENTATION_STATUS: stream=.
INSTRUMENTATION_STATUS: id=AndroidJUnitRunner
INSTRUMENTATION_STATUS: test=observerConfirmsRegistrationThenInvalidatesOnPointerChange
INSTRUMENTATION_STATUS: class=io.github.mesteriis.rune.keyboard.intelligence.inference.ScoringIpcInstrumentedTest
INSTRUMENTATION_STATUS: current=48
INSTRUMENTATION_STATUS_CODE: 0
INSTRUMENTATION_STATUS: numtests=161
INSTRUMENTATION_STATUS: stream=
INSTRUMENTATION_STATUS: id=AndroidJUnitRunner
INSTRUMENTATION_STATUS: test=boundedRequestAndNumericReplyRoundTrip
INSTRUMENTATION_STATUS: class=io.github.mesteriis.rune.keyboard.intelligence.inference.ScoringIpcInstrumentedTest
INSTRUMENTATION_STATUS: current=49
INSTRUMENTATION_STATUS_CODE: 1
INSTRUMENTATION_STATUS: numtests=161
INSTRUMENTATION_STATUS: stream=.
INSTRUMENTATION_STATUS: id=AndroidJUnitRunner
INSTRUMENTATION_STATUS: test=boundedRequestAndNumericReplyRoundTrip
INSTRUMENTATION_STATUS: class=io.github.mesteriis.rune.keyboard.intelligence.inference.ScoringIpcInstrumentedTest
INSTRUMENTATION_STATUS: current=49
INSTRUMENTATION_STATUS_CODE: 0
INSTRUMENTATION_STATUS: numtests=161
INSTRUMENTATION_STATUS: stream=
io.github.mesteriis.rune.keyboard.intelligence.inference.ScoringLifecycleInstrumentedTest:
INSTRUMENTATION_STATUS: id=AndroidJUnitRunner
INSTRUMENTATION_STATUS: test=immediateCancelSuppressesCallbackAndDoesNotWaitForScore
INSTRUMENTATION_STATUS: class=io.github.mesteriis.rune.keyboard.intelligence.inference.ScoringLifecycleInstrumentedTest
INSTRUMENTATION_STATUS: current=50
INSTRUMENTATION_STATUS_CODE: 1
INSTRUMENTATION_STATUS: numtests=161
INSTRUMENTATION_STATUS: stream=.
INSTRUMENTATION_STATUS: id=AndroidJUnitRunner
INSTRUMENTATION_STATUS: test=immediateCancelSuppressesCallbackAndDoesNotWaitForScore
INSTRUMENTATION_STATUS: class=io.github.mesteriis.rune.keyboard.intelligence.inference.ScoringLifecycleInstrumentedTest
INSTRUMENTATION_STATUS: current=50
INSTRUMENTATION_STATUS_CODE: 0
INSTRUMENTATION_STATUS: numtests=161
INSTRUMENTATION_STATUS: stream=
INSTRUMENTATION_STATUS: id=AndroidJUnitRunner
INSTRUMENTATION_STATUS: test=onewayTransportKeepsOneActiveAndOnlyLatestPending
INSTRUMENTATION_STATUS: class=io.github.mesteriis.rune.keyboard.intelligence.inference.ScoringLifecycleInstrumentedTest
INSTRUMENTATION_STATUS: current=51
INSTRUMENTATION_STATUS_CODE: 1
INSTRUMENTATION_STATUS: numtests=161
INSTRUMENTATION_STATUS: stream=.
INSTRUMENTATION_STATUS: id=AndroidJUnitRunner
INSTRUMENTATION_STATUS: test=onewayTransportKeepsOneActiveAndOnlyLatestPending
INSTRUMENTATION_STATUS: class=io.github.mesteriis.rune.keyboard.intelligence.inference.ScoringLifecycleInstrumentedTest
INSTRUMENTATION_STATUS: current=51
INSTRUMENTATION_STATUS_CODE: 0
INSTRUMENTATION_STATUS: numtests=161
INSTRUMENTATION_STATUS: stream=
INSTRUMENTATION_STATUS: id=AndroidJUnitRunner
INSTRUMENTATION_STATUS: test=criticalBackgroundAndLowMemoryRemainSuspendedUntilActualUnbindBind
INSTRUMENTATION_STATUS: class=io.github.mesteriis.rune.keyboard.intelligence.inference.ScoringLifecycleInstrumentedTest
INSTRUMENTATION_STATUS: current=52
INSTRUMENTATION_STATUS_CODE: 1
INSTRUMENTATION_STATUS: numtests=161
INSTRUMENTATION_STATUS: stream=.
INSTRUMENTATION_STATUS: id=AndroidJUnitRunner
INSTRUMENTATION_STATUS: test=criticalBackgroundAndLowMemoryRemainSuspendedUntilActualUnbindBind
INSTRUMENTATION_STATUS: class=io.github.mesteriis.rune.keyboard.intelligence.inference.ScoringLifecycleInstrumentedTest
INSTRUMENTATION_STATUS: current=52
INSTRUMENTATION_STATUS_CODE: 0
INSTRUMENTATION_STATUS: numtests=161
INSTRUMENTATION_STATUS: stream=
INSTRUMENTATION_STATUS: id=AndroidJUnitRunner
INSTRUMENTATION_STATUS: test=obsoleteConnectionEventsCannotReviveAnEndedClient
INSTRUMENTATION_STATUS: class=io.github.mesteriis.rune.keyboard.intelligence.inference.ScoringLifecycleInstrumentedTest
INSTRUMENTATION_STATUS: current=53
INSTRUMENTATION_STATUS_CODE: 1
INSTRUMENTATION_STATUS: numtests=161
INSTRUMENTATION_STATUS: stream=.
INSTRUMENTATION_STATUS: id=AndroidJUnitRunner
INSTRUMENTATION_STATUS: test=obsoleteConnectionEventsCannotReviveAnEndedClient
INSTRUMENTATION_STATUS: class=io.github.mesteriis.rune.keyboard.intelligence.inference.ScoringLifecycleInstrumentedTest
INSTRUMENTATION_STATUS: current=53
INSTRUMENTATION_STATUS_CODE: 0
INSTRUMENTATION_STATUS: numtests=161
INSTRUMENTATION_STATUS: stream=
INSTRUMENTATION_STATUS: id=AndroidJUnitRunner
INSTRUMENTATION_STATUS: test=debugFixtureIsPrivateSameUidAndActuallyRemote
INSTRUMENTATION_STATUS: class=io.github.mesteriis.rune.keyboard.intelligence.inference.ScoringLifecycleInstrumentedTest
INSTRUMENTATION_STATUS: current=54
INSTRUMENTATION_STATUS_CODE: 1
INSTRUMENTATION_STATUS: numtests=161
INSTRUMENTATION_STATUS: stream=.
INSTRUMENTATION_STATUS: id=AndroidJUnitRunner
INSTRUMENTATION_STATUS: test=debugFixtureIsPrivateSameUidAndActuallyRemote
INSTRUMENTATION_STATUS: class=io.github.mesteriis.rune.keyboard.intelligence.inference.ScoringLifecycleInstrumentedTest
INSTRUMENTATION_STATUS: current=54
INSTRUMENTATION_STATUS_CODE: 0
INSTRUMENTATION_STATUS: numtests=161
INSTRUMENTATION_STATUS: stream=
INSTRUMENTATION_STATUS: id=AndroidJUnitRunner
INSTRUMENTATION_STATUS: test=aRealReplyEvaluatedAfterMainThreadCancellationIsIgnored
INSTRUMENTATION_STATUS: class=io.github.mesteriis.rune.keyboard.intelligence.inference.ScoringLifecycleInstrumentedTest
INSTRUMENTATION_STATUS: current=55
INSTRUMENTATION_STATUS_CODE: 1
INSTRUMENTATION_STATUS: numtests=161
INSTRUMENTATION_STATUS: stream=.
INSTRUMENTATION_STATUS: id=AndroidJUnitRunner
INSTRUMENTATION_STATUS: test=aRealReplyEvaluatedAfterMainThreadCancellationIsIgnored
INSTRUMENTATION_STATUS: class=io.github.mesteriis.rune.keyboard.intelligence.inference.ScoringLifecycleInstrumentedTest
INSTRUMENTATION_STATUS: current=55
INSTRUMENTATION_STATUS_CODE: 0
INSTRUMENTATION_STATUS: numtests=161
INSTRUMENTATION_STATUS: stream=
INSTRUMENTATION_STATUS: id=AndroidJUnitRunner
INSTRUMENTATION_STATUS: test=ineligibleEndedAndClosedSessionsCancelDeathRetryAndReleaseRegistrations
INSTRUMENTATION_STATUS: class=io.github.mesteriis.rune.keyboard.intelligence.inference.ScoringLifecycleInstrumentedTest
INSTRUMENTATION_STATUS: current=56
INSTRUMENTATION_STATUS_CODE: 1
INSTRUMENTATION_STATUS: numtests=161
INSTRUMENTATION_STATUS: stream=.
INSTRUMENTATION_STATUS: id=AndroidJUnitRunner
INSTRUMENTATION_STATUS: test=ineligibleEndedAndClosedSessionsCancelDeathRetryAndReleaseRegistrations
INSTRUMENTATION_STATUS: class=io.github.mesteriis.rune.keyboard.intelligence.inference.ScoringLifecycleInstrumentedTest
INSTRUMENTATION_STATUS: current=56
INSTRUMENTATION_STATUS_CODE: 0
INSTRUMENTATION_STATUS: numtests=161
INSTRUMENTATION_STATUS: stream=
INSTRUMENTATION_STATUS: id=AndroidJUnitRunner
INSTRUMENTATION_STATUS: test=realClientRebindsAfterProcessDeathWithoutReplayingPayload
INSTRUMENTATION_STATUS: class=io.github.mesteriis.rune.keyboard.intelligence.inference.ScoringLifecycleInstrumentedTest
INSTRUMENTATION_STATUS: current=57
INSTRUMENTATION_STATUS_CODE: 1
INSTRUMENTATION_STATUS: numtests=161
INSTRUMENTATION_STATUS: stream=.
INSTRUMENTATION_STATUS: id=AndroidJUnitRunner
INSTRUMENTATION_STATUS: test=realClientRebindsAfterProcessDeathWithoutReplayingPayload
INSTRUMENTATION_STATUS: class=io.github.mesteriis.rune.keyboard.intelligence.inference.ScoringLifecycleInstrumentedTest
INSTRUMENTATION_STATUS: current=57
INSTRUMENTATION_STATUS_CODE: 0
INSTRUMENTATION_STATUS: numtests=161
INSTRUMENTATION_STATUS: stream=
INSTRUMENTATION_STATUS: id=AndroidJUnitRunner
INSTRUMENTATION_STATUS: test=criticalTrimAndInvalidationDropPendingCancelActiveAndUnload
INSTRUMENTATION_STATUS: class=io.github.mesteriis.rune.keyboard.intelligence.inference.ScoringLifecycleInstrumentedTest
INSTRUMENTATION_STATUS: current=58
INSTRUMENTATION_STATUS_CODE: 1
INSTRUMENTATION_STATUS: numtests=161
INSTRUMENTATION_STATUS: stream=.
INSTRUMENTATION_STATUS: id=AndroidJUnitRunner
INSTRUMENTATION_STATUS: test=criticalTrimAndInvalidationDropPendingCancelActiveAndUnload
INSTRUMENTATION_STATUS: class=io.github.mesteriis.rune.keyboard.intelligence.inference.ScoringLifecycleInstrumentedTest
INSTRUMENTATION_STATUS: current=58
INSTRUMENTATION_STATUS_CODE: 0
INSTRUMENTATION_STATUS: numtests=161
INSTRUMENTATION_STATUS: stream=
INSTRUMENTATION_STATUS: id=AndroidJUnitRunner
INSTRUMENTATION_STATUS: test=ownerCanCertifyOnePostSpaceTokenWithoutAcceptingOtherOldRevisionReplies
INSTRUMENTATION_STATUS: class=io.github.mesteriis.rune.keyboard.intelligence.inference.ScoringLifecycleInstrumentedTest
INSTRUMENTATION_STATUS: current=59
INSTRUMENTATION_STATUS_CODE: 1
INSTRUMENTATION_STATUS: numtests=161
INSTRUMENTATION_STATUS: stream=.
INSTRUMENTATION_STATUS: id=AndroidJUnitRunner
INSTRUMENTATION_STATUS: test=ownerCanCertifyOnePostSpaceTokenWithoutAcceptingOtherOldRevisionReplies
INSTRUMENTATION_STATUS: class=io.github.mesteriis.rune.keyboard.intelligence.inference.ScoringLifecycleInstrumentedTest
INSTRUMENTATION_STATUS: current=59
INSTRUMENTATION_STATUS_CODE: 0
INSTRUMENTATION_STATUS: numtests=161
INSTRUMENTATION_STATUS: stream=
INSTRUMENTATION_STATUS: id=AndroidJUnitRunner
INSTRUMENTATION_STATUS: test=idleWorkerUnloadsAfterCompletionWithoutMoreInput
INSTRUMENTATION_STATUS: class=io.github.mesteriis.rune.keyboard.intelligence.inference.ScoringLifecycleInstrumentedTest
INSTRUMENTATION_STATUS: current=60
INSTRUMENTATION_STATUS_CODE: 1
INSTRUMENTATION_STATUS: numtests=161
INSTRUMENTATION_STATUS: stream=.
INSTRUMENTATION_STATUS: id=AndroidJUnitRunner
INSTRUMENTATION_STATUS: test=idleWorkerUnloadsAfterCompletionWithoutMoreInput
INSTRUMENTATION_STATUS: class=io.github.mesteriis.rune.keyboard.intelligence.inference.ScoringLifecycleInstrumentedTest
INSTRUMENTATION_STATUS: current=60
INSTRUMENTATION_STATUS_CODE: 0
INSTRUMENTATION_STATUS: numtests=161
INSTRUMENTATION_STATUS: stream=
io.github.mesteriis.rune.keyboard.intelligence.readiness.AndroidModelCandidatesInstrumentedTest:
INSTRUMENTATION_STATUS: id=AndroidJUnitRunner
INSTRUMENTATION_STATUS: test=endingSessionClearsReadyAndLaterSessionRechecksRemovedModel
INSTRUMENTATION_STATUS: class=io.github.mesteriis.rune.keyboard.intelligence.readiness.AndroidModelCandidatesInstrumentedTest
INSTRUMENTATION_STATUS: current=61
INSTRUMENTATION_STATUS_CODE: 1
INSTRUMENTATION_STATUS: numtests=161
INSTRUMENTATION_STATUS: stream=.
INSTRUMENTATION_STATUS: id=AndroidJUnitRunner
INSTRUMENTATION_STATUS: test=endingSessionClearsReadyAndLaterSessionRechecksRemovedModel
INSTRUMENTATION_STATUS: class=io.github.mesteriis.rune.keyboard.intelligence.readiness.AndroidModelCandidatesInstrumentedTest
INSTRUMENTATION_STATUS: current=61
INSTRUMENTATION_STATUS_CODE: 0
INSTRUMENTATION_STATUS: numtests=161
INSTRUMENTATION_STATUS: stream=
INSTRUMENTATION_STATUS: id=AndroidJUnitRunner
INSTRUMENTATION_STATUS: test=contextualCandidatesUseOneBoundedRemoteRequestAndEqualScoresKeepOriginal
INSTRUMENTATION_STATUS: class=io.github.mesteriis.rune.keyboard.intelligence.readiness.AndroidModelCandidatesInstrumentedTest
INSTRUMENTATION_STATUS: current=62
INSTRUMENTATION_STATUS_CODE: 1
INSTRUMENTATION_STATUS: numtests=161
INSTRUMENTATION_STATUS: stream=.
INSTRUMENTATION_STATUS: id=AndroidJUnitRunner
INSTRUMENTATION_STATUS: test=contextualCandidatesUseOneBoundedRemoteRequestAndEqualScoresKeepOriginal
INSTRUMENTATION_STATUS: class=io.github.mesteriis.rune.keyboard.intelligence.readiness.AndroidModelCandidatesInstrumentedTest
INSTRUMENTATION_STATUS: current=62
INSTRUMENTATION_STATUS_CODE: 0
INSTRUMENTATION_STATUS: numtests=161
INSTRUMENTATION_STATUS: stream=
INSTRUMENTATION_STATUS: id=AndroidJUnitRunner
INSTRUMENTATION_STATUS: test=inactiveOrSensitiveFactoryNeverReadsMetadataOrBinds
INSTRUMENTATION_STATUS: class=io.github.mesteriis.rune.keyboard.intelligence.readiness.AndroidModelCandidatesInstrumentedTest
INSTRUMENTATION_STATUS: current=63
INSTRUMENTATION_STATUS_CODE: 1
INSTRUMENTATION_STATUS: numtests=161
INSTRUMENTATION_STATUS: stream=.
INSTRUMENTATION_STATUS: id=AndroidJUnitRunner
INSTRUMENTATION_STATUS: test=inactiveOrSensitiveFactoryNeverReadsMetadataOrBinds
INSTRUMENTATION_STATUS: class=io.github.mesteriis.rune.keyboard.intelligence.readiness.AndroidModelCandidatesInstrumentedTest
INSTRUMENTATION_STATUS: current=63
INSTRUMENTATION_STATUS_CODE: 0
INSTRUMENTATION_STATUS: numtests=161
INSTRUMENTATION_STATUS: stream=
INSTRUMENTATION_STATUS: id=AndroidJUnitRunner
INSTRUMENTATION_STATUS: test=readyDoesNotReplayAndNextEditUsesRealRemoteClientWithoutEditorWrite
INSTRUMENTATION_STATUS: class=io.github.mesteriis.rune.keyboard.intelligence.readiness.AndroidModelCandidatesInstrumentedTest
INSTRUMENTATION_STATUS: current=64
INSTRUMENTATION_STATUS_CODE: 1
INSTRUMENTATION_STATUS: numtests=161
INSTRUMENTATION_STATUS: stream=.
INSTRUMENTATION_STATUS: id=AndroidJUnitRunner
INSTRUMENTATION_STATUS: test=readyDoesNotReplayAndNextEditUsesRealRemoteClientWithoutEditorWrite
INSTRUMENTATION_STATUS: class=io.github.mesteriis.rune.keyboard.intelligence.readiness.AndroidModelCandidatesInstrumentedTest
INSTRUMENTATION_STATUS: current=64
INSTRUMENTATION_STATUS_CODE: 0
INSTRUMENTATION_STATUS: numtests=161
INSTRUMENTATION_STATUS: stream=
INSTRUMENTATION_STATUS: id=AndroidJUnitRunner
INSTRUMENTATION_STATUS: test=current95ProfileAppliesRemoteModelCorrectionAndImmediateUndo
INSTRUMENTATION_STATUS: class=io.github.mesteriis.rune.keyboard.intelligence.readiness.AndroidModelCandidatesInstrumentedTest
INSTRUMENTATION_STATUS: current=65
INSTRUMENTATION_STATUS_CODE: 1
INSTRUMENTATION_STATUS: numtests=161
INSTRUMENTATION_STATUS: stream=.
INSTRUMENTATION_STATUS: id=AndroidJUnitRunner
INSTRUMENTATION_STATUS: test=current95ProfileAppliesRemoteModelCorrectionAndImmediateUndo
INSTRUMENTATION_STATUS: class=io.github.mesteriis.rune.keyboard.intelligence.readiness.AndroidModelCandidatesInstrumentedTest
INSTRUMENTATION_STATUS: current=65
INSTRUMENTATION_STATUS_CODE: 0
INSTRUMENTATION_STATUS: numtests=161
INSTRUMENTATION_STATUS: stream=
INSTRUMENTATION_STATUS: id=AndroidJUnitRunner
INSTRUMENTATION_STATUS: test=realBinderReplyAfterSpaceUsesOwnedSuffixAndImmediateUndo
INSTRUMENTATION_STATUS: class=io.github.mesteriis.rune.keyboard.intelligence.readiness.AndroidModelCandidatesInstrumentedTest
INSTRUMENTATION_STATUS: current=66
INSTRUMENTATION_STATUS_CODE: 1
INSTRUMENTATION_STATUS: numtests=161
INSTRUMENTATION_STATUS: stream=.
INSTRUMENTATION_STATUS: id=AndroidJUnitRunner
INSTRUMENTATION_STATUS: test=realBinderReplyAfterSpaceUsesOwnedSuffixAndImmediateUndo
INSTRUMENTATION_STATUS: class=io.github.mesteriis.rune.keyboard.intelligence.readiness.AndroidModelCandidatesInstrumentedTest
INSTRUMENTATION_STATUS: current=66
INSTRUMENTATION_STATUS_CODE: 0
INSTRUMENTATION_STATUS: numtests=161
INSTRUMENTATION_STATUS: stream=
io.github.mesteriis.rune.keyboard.intelligence.runtime.ModelActivationCoordinatorInstrumentedTest:
INSTRUMENTATION_STATUS: id=AndroidJUnitRunner
INSTRUMENTATION_STATUS: test=idleActiveModelDoesNotRequestRuntimeWork
INSTRUMENTATION_STATUS: class=io.github.mesteriis.rune.keyboard.intelligence.runtime.ModelActivationCoordinatorInstrumentedTest
INSTRUMENTATION_STATUS: current=67
INSTRUMENTATION_STATUS_CODE: 1
INSTRUMENTATION_STATUS: numtests=161
INSTRUMENTATION_STATUS: stream=.
INSTRUMENTATION_STATUS: id=AndroidJUnitRunner
INSTRUMENTATION_STATUS: test=idleActiveModelDoesNotRequestRuntimeWork
INSTRUMENTATION_STATUS: class=io.github.mesteriis.rune.keyboard.intelligence.runtime.ModelActivationCoordinatorInstrumentedTest
INSTRUMENTATION_STATUS: current=67
INSTRUMENTATION_STATUS_CODE: 0
INSTRUMENTATION_STATUS: numtests=161
INSTRUMENTATION_STATUS: stream=
INSTRUMENTATION_STATUS: id=AndroidJUnitRunner
INSTRUMENTATION_STATUS: test=failedPostCommitReloadPromotesPreviousActive
INSTRUMENTATION_STATUS: class=io.github.mesteriis.rune.keyboard.intelligence.runtime.ModelActivationCoordinatorInstrumentedTest
INSTRUMENTATION_STATUS: current=68
INSTRUMENTATION_STATUS_CODE: 1
INSTRUMENTATION_STATUS: numtests=161
INSTRUMENTATION_STATUS: stream=.
INSTRUMENTATION_STATUS: id=AndroidJUnitRunner
INSTRUMENTATION_STATUS: test=failedPostCommitReloadPromotesPreviousActive
INSTRUMENTATION_STATUS: class=io.github.mesteriis.rune.keyboard.intelligence.runtime.ModelActivationCoordinatorInstrumentedTest
INSTRUMENTATION_STATUS: current=68
INSTRUMENTATION_STATUS_CODE: 0
INSTRUMENTATION_STATUS: numtests=161
INSTRUMENTATION_STATUS: stream=
INSTRUMENTATION_STATUS: id=AndroidJUnitRunner
INSTRUMENTATION_STATUS: test=failedActiveAndRollbackClearPointerInsteadOfExposingBadModel
INSTRUMENTATION_STATUS: class=io.github.mesteriis.rune.keyboard.intelligence.runtime.ModelActivationCoordinatorInstrumentedTest
INSTRUMENTATION_STATUS: current=69
INSTRUMENTATION_STATUS_CODE: 1
INSTRUMENTATION_STATUS: numtests=161
INSTRUMENTATION_STATUS: stream=.
INSTRUMENTATION_STATUS: id=AndroidJUnitRunner
INSTRUMENTATION_STATUS: test=failedActiveAndRollbackClearPointerInsteadOfExposingBadModel
INSTRUMENTATION_STATUS: class=io.github.mesteriis.rune.keyboard.intelligence.runtime.ModelActivationCoordinatorInstrumentedTest
INSTRUMENTATION_STATUS: current=69
INSTRUMENTATION_STATUS_CODE: 0
INSTRUMENTATION_STATUS: numtests=161
INSTRUMENTATION_STATUS: stream=
INSTRUMENTATION_STATUS: id=AndroidJUnitRunner
INSTRUMENTATION_STATUS: test=concurrentPointerStoreInstancesSerializeWithinOneProcess
INSTRUMENTATION_STATUS: class=io.github.mesteriis.rune.keyboard.intelligence.runtime.ModelActivationCoordinatorInstrumentedTest
INSTRUMENTATION_STATUS: current=70
INSTRUMENTATION_STATUS_CODE: 1
INSTRUMENTATION_STATUS: numtests=161
INSTRUMENTATION_STATUS: stream=.
INSTRUMENTATION_STATUS: id=AndroidJUnitRunner
INSTRUMENTATION_STATUS: test=concurrentPointerStoreInstancesSerializeWithinOneProcess
INSTRUMENTATION_STATUS: class=io.github.mesteriis.rune.keyboard.intelligence.runtime.ModelActivationCoordinatorInstrumentedTest
INSTRUMENTATION_STATUS: current=70
INSTRUMENTATION_STATUS_CODE: 0
INSTRUMENTATION_STATUS: numtests=161
INSTRUMENTATION_STATUS: stream=
INSTRUMENTATION_STATUS: id=AndroidJUnitRunner
INSTRUMENTATION_STATUS: test=resumesSelfTestingJournalFromMovedVersion
INSTRUMENTATION_STATUS: class=io.github.mesteriis.rune.keyboard.intelligence.runtime.ModelActivationCoordinatorInstrumentedTest
INSTRUMENTATION_STATUS: current=71
INSTRUMENTATION_STATUS_CODE: 1
INSTRUMENTATION_STATUS: numtests=161
INSTRUMENTATION_STATUS: stream=.
INSTRUMENTATION_STATUS: id=AndroidJUnitRunner
INSTRUMENTATION_STATUS: test=resumesSelfTestingJournalFromMovedVersion
INSTRUMENTATION_STATUS: class=io.github.mesteriis.rune.keyboard.intelligence.runtime.ModelActivationCoordinatorInstrumentedTest
INSTRUMENTATION_STATUS: current=71
INSTRUMENTATION_STATUS_CODE: 0
INSTRUMENTATION_STATUS: numtests=161
INSTRUMENTATION_STATUS: stream=
INSTRUMENTATION_STATUS: id=AndroidJUnitRunner
INSTRUMENTATION_STATUS: test=recoveryUsesPersistedActivationDirectoryAfterDescriptorChanges
INSTRUMENTATION_STATUS: class=io.github.mesteriis.rune.keyboard.intelligence.runtime.ModelActivationCoordinatorInstrumentedTest
INSTRUMENTATION_STATUS: current=72
INSTRUMENTATION_STATUS_CODE: 1
INSTRUMENTATION_STATUS: numtests=161
INSTRUMENTATION_STATUS: stream=.
INSTRUMENTATION_STATUS: id=AndroidJUnitRunner
INSTRUMENTATION_STATUS: test=recoveryUsesPersistedActivationDirectoryAfterDescriptorChanges
INSTRUMENTATION_STATUS: class=io.github.mesteriis.rune.keyboard.intelligence.runtime.ModelActivationCoordinatorInstrumentedTest
INSTRUMENTATION_STATUS: current=72
INSTRUMENTATION_STATUS_CODE: 0
INSTRUMENTATION_STATUS: numtests=161
INSTRUMENTATION_STATUS: stream=
INSTRUMENTATION_STATUS: id=AndroidJUnitRunner
INSTRUMENTATION_STATUS: test=pointerStoreRecoversCommittedBackupWhenBaseFileIsMissing
INSTRUMENTATION_STATUS: class=io.github.mesteriis.rune.keyboard.intelligence.runtime.ModelActivationCoordinatorInstrumentedTest
INSTRUMENTATION_STATUS: current=73
INSTRUMENTATION_STATUS_CODE: 1
INSTRUMENTATION_STATUS: numtests=161
INSTRUMENTATION_STATUS: stream=.
INSTRUMENTATION_STATUS: id=AndroidJUnitRunner
INSTRUMENTATION_STATUS: test=pointerStoreRecoversCommittedBackupWhenBaseFileIsMissing
INSTRUMENTATION_STATUS: class=io.github.mesteriis.rune.keyboard.intelligence.runtime.ModelActivationCoordinatorInstrumentedTest
INSTRUMENTATION_STATUS: current=73
INSTRUMENTATION_STATUS_CODE: 0
INSTRUMENTATION_STATUS: numtests=161
INSTRUMENTATION_STATUS: stream=
INSTRUMENTATION_STATUS: id=AndroidJUnitRunner
INSTRUMENTATION_STATUS: test=committedSelfTestingJournalDoesNotRotateRollbackAgain
INSTRUMENTATION_STATUS: class=io.github.mesteriis.rune.keyboard.intelligence.runtime.ModelActivationCoordinatorInstrumentedTest
INSTRUMENTATION_STATUS: current=74
INSTRUMENTATION_STATUS_CODE: 1
INSTRUMENTATION_STATUS: numtests=161
INSTRUMENTATION_STATUS: stream=.
INSTRUMENTATION_STATUS: id=AndroidJUnitRunner
INSTRUMENTATION_STATUS: test=committedSelfTestingJournalDoesNotRotateRollbackAgain
INSTRUMENTATION_STATUS: class=io.github.mesteriis.rune.keyboard.intelligence.runtime.ModelActivationCoordinatorInstrumentedTest
INSTRUMENTATION_STATUS: current=74
INSTRUMENTATION_STATUS_CODE: 0
INSTRUMENTATION_STATUS: numtests=161
INSTRUMENTATION_STATUS: stream=
INSTRUMENTATION_STATUS: id=AndroidJUnitRunner
INSTRUMENTATION_STATUS: test=legacySameVersionCandidateCannotMaskCorruptRetainedActive
INSTRUMENTATION_STATUS: class=io.github.mesteriis.rune.keyboard.intelligence.runtime.ModelActivationCoordinatorInstrumentedTest
INSTRUMENTATION_STATUS: current=75
INSTRUMENTATION_STATUS_CODE: 1
INSTRUMENTATION_STATUS: numtests=161
INSTRUMENTATION_STATUS: stream=.
INSTRUMENTATION_STATUS: id=AndroidJUnitRunner
INSTRUMENTATION_STATUS: test=legacySameVersionCandidateCannotMaskCorruptRetainedActive
INSTRUMENTATION_STATUS: class=io.github.mesteriis.rune.keyboard.intelligence.runtime.ModelActivationCoordinatorInstrumentedTest
INSTRUMENTATION_STATUS: current=75
INSTRUMENTATION_STATUS_CODE: 0
INSTRUMENTATION_STATUS: numtests=161
INSTRUMENTATION_STATUS: stream=
INSTRUMENTATION_STATUS: id=AndroidJUnitRunner
INSTRUMENTATION_STATUS: test=legacyPhaseWithoutActivationDirectoryFailsClosed
INSTRUMENTATION_STATUS: class=io.github.mesteriis.rune.keyboard.intelligence.runtime.ModelActivationCoordinatorInstrumentedTest
INSTRUMENTATION_STATUS: current=76
INSTRUMENTATION_STATUS_CODE: 1
INSTRUMENTATION_STATUS: numtests=161
INSTRUMENTATION_STATUS: stream=.
INSTRUMENTATION_STATUS: id=AndroidJUnitRunner
INSTRUMENTATION_STATUS: test=legacyPhaseWithoutActivationDirectoryFailsClosed
INSTRUMENTATION_STATUS: class=io.github.mesteriis.rune.keyboard.intelligence.runtime.ModelActivationCoordinatorInstrumentedTest
INSTRUMENTATION_STATUS: current=76
INSTRUMENTATION_STATUS_CODE: 0
INSTRUMENTATION_STATUS: numtests=161
INSTRUMENTATION_STATUS: stream=
INSTRUMENTATION_STATUS: id=AndroidJUnitRunner
INSTRUMENTATION_STATUS: test=sameVersionImportReturnsToReadyWithoutRotatingOrStalling
INSTRUMENTATION_STATUS: class=io.github.mesteriis.rune.keyboard.intelligence.runtime.ModelActivationCoordinatorInstrumentedTest
INSTRUMENTATION_STATUS: current=77
INSTRUMENTATION_STATUS_CODE: 1
INSTRUMENTATION_STATUS: numtests=161
INSTRUMENTATION_STATUS: stream=.
INSTRUMENTATION_STATUS: id=AndroidJUnitRunner
INSTRUMENTATION_STATUS: test=sameVersionImportReturnsToReadyWithoutRotatingOrStalling
INSTRUMENTATION_STATUS: class=io.github.mesteriis.rune.keyboard.intelligence.runtime.ModelActivationCoordinatorInstrumentedTest
INSTRUMENTATION_STATUS: current=77
INSTRUMENTATION_STATUS_CODE: 0
INSTRUMENTATION_STATUS: numtests=161
INSTRUMENTATION_STATUS: stream=
INSTRUMENTATION_STATUS: id=AndroidJUnitRunner
INSTRUMENTATION_STATUS: test=rollbackCommitFailureKeepsDurablePhaseForRetry
INSTRUMENTATION_STATUS: class=io.github.mesteriis.rune.keyboard.intelligence.runtime.ModelActivationCoordinatorInstrumentedTest
INSTRUMENTATION_STATUS: current=78
INSTRUMENTATION_STATUS_CODE: 1
INSTRUMENTATION_STATUS: numtests=161
INSTRUMENTATION_STATUS: stream=.
INSTRUMENTATION_STATUS: id=AndroidJUnitRunner
INSTRUMENTATION_STATUS: test=rollbackCommitFailureKeepsDurablePhaseForRetry
INSTRUMENTATION_STATUS: class=io.github.mesteriis.rune.keyboard.intelligence.runtime.ModelActivationCoordinatorInstrumentedTest
INSTRUMENTATION_STATUS: current=78
INSTRUMENTATION_STATUS_CODE: 0
INSTRUMENTATION_STATUS: numtests=161
INSTRUMENTATION_STATUS: stream=
INSTRUMENTATION_STATUS: id=AndroidJUnitRunner
INSTRUMENTATION_STATUS: test=deletingPointerLeavesNoAtomicFileThatCanRestoreAnActiveModel
INSTRUMENTATION_STATUS: class=io.github.mesteriis.rune.keyboard.intelligence.runtime.ModelActivationCoordinatorInstrumentedTest
INSTRUMENTATION_STATUS: current=79
INSTRUMENTATION_STATUS_CODE: 1
INSTRUMENTATION_STATUS: numtests=161
INSTRUMENTATION_STATUS: stream=.
INSTRUMENTATION_STATUS: id=AndroidJUnitRunner
INSTRUMENTATION_STATUS: test=deletingPointerLeavesNoAtomicFileThatCanRestoreAnActiveModel
INSTRUMENTATION_STATUS: class=io.github.mesteriis.rune.keyboard.intelligence.runtime.ModelActivationCoordinatorInstrumentedTest
INSTRUMENTATION_STATUS: current=79
INSTRUMENTATION_STATUS_CODE: 0
INSTRUMENTATION_STATUS: numtests=161
INSTRUMENTATION_STATUS: stream=
INSTRUMENTATION_STATUS: id=AndroidJUnitRunner
INSTRUMENTATION_STATUS: test=rollbackPhaseAfterPointerCommitCannotReactivateFailedVersion
INSTRUMENTATION_STATUS: class=io.github.mesteriis.rune.keyboard.intelligence.runtime.ModelActivationCoordinatorInstrumentedTest
INSTRUMENTATION_STATUS: current=80
INSTRUMENTATION_STATUS_CODE: 1
INSTRUMENTATION_STATUS: numtests=161
INSTRUMENTATION_STATUS: stream=.
INSTRUMENTATION_STATUS: id=AndroidJUnitRunner
INSTRUMENTATION_STATUS: test=rollbackPhaseAfterPointerCommitCannotReactivateFailedVersion
INSTRUMENTATION_STATUS: class=io.github.mesteriis.rune.keyboard.intelligence.runtime.ModelActivationCoordinatorInstrumentedTest
INSTRUMENTATION_STATUS: current=80
INSTRUMENTATION_STATUS_CODE: 0
INSTRUMENTATION_STATUS: numtests=161
INSTRUMENTATION_STATUS: stream=
INSTRUMENTATION_STATUS: id=AndroidJUnitRunner
INSTRUMENTATION_STATUS: test=clearPointerPhaseFinishesCleanupAfterPointerCommitCrash
INSTRUMENTATION_STATUS: class=io.github.mesteriis.rune.keyboard.intelligence.runtime.ModelActivationCoordinatorInstrumentedTest
INSTRUMENTATION_STATUS: current=81
INSTRUMENTATION_STATUS_CODE: 1
INSTRUMENTATION_STATUS: numtests=161
INSTRUMENTATION_STATUS: stream=.
INSTRUMENTATION_STATUS: id=AndroidJUnitRunner
INSTRUMENTATION_STATUS: test=clearPointerPhaseFinishesCleanupAfterPointerCommitCrash
INSTRUMENTATION_STATUS: class=io.github.mesteriis.rune.keyboard.intelligence.runtime.ModelActivationCoordinatorInstrumentedTest
INSTRUMENTATION_STATUS: current=81
INSTRUMENTATION_STATUS_CODE: 0
INSTRUMENTATION_STATUS: numtests=161
INSTRUMENTATION_STATUS: stream=
io.github.mesteriis.rune.keyboard.intelligence.ui.ModelSettingsActivityInstrumentedTest:
INSTRUMENTATION_STATUS: id=AndroidJUnitRunner
INSTRUMENTATION_STATUS: test=opensWithoutModelAndSurvivesRotation
INSTRUMENTATION_STATUS: class=io.github.mesteriis.rune.keyboard.intelligence.ui.ModelSettingsActivityInstrumentedTest
INSTRUMENTATION_STATUS: current=82
INSTRUMENTATION_STATUS_CODE: 1
INSTRUMENTATION_STATUS: numtests=161
INSTRUMENTATION_STATUS: stream=.
INSTRUMENTATION_STATUS: id=AndroidJUnitRunner
INSTRUMENTATION_STATUS: test=opensWithoutModelAndSurvivesRotation
INSTRUMENTATION_STATUS: class=io.github.mesteriis.rune.keyboard.intelligence.ui.ModelSettingsActivityInstrumentedTest
INSTRUMENTATION_STATUS: current=82
INSTRUMENTATION_STATUS_CODE: 0
INSTRUMENTATION_STATUS: numtests=161
INSTRUMENTATION_STATUS: stream=
io.github.mesteriis.rune.keyboard.qa.ContextualPunctuationEditorInstrumentedTest:
INSTRUMENTATION_STATUS: id=AndroidJUnitRunner
INSTRUMENTATION_STATUS: test=remoteCursorMovementInvalidatesPendingReplyAndHeldPunctuationSelection
INSTRUMENTATION_STATUS: class=io.github.mesteriis.rune.keyboard.qa.ContextualPunctuationEditorInstrumentedTest
INSTRUMENTATION_STATUS: current=83
INSTRUMENTATION_STATUS_CODE: 1
INSTRUMENTATION_STATUS: numtests=161
INSTRUMENTATION_STATUS: stream=.
INSTRUMENTATION_STATUS: id=AndroidJUnitRunner
INSTRUMENTATION_STATUS: test=remoteCursorMovementInvalidatesPendingReplyAndHeldPunctuationSelection
INSTRUMENTATION_STATUS: class=io.github.mesteriis.rune.keyboard.qa.ContextualPunctuationEditorInstrumentedTest
INSTRUMENTATION_STATUS: current=83
INSTRUMENTATION_STATUS_CODE: 0
INSTRUMENTATION_STATUS: numtests=161
INSTRUMENTATION_STATUS: stream=
INSTRUMENTATION_STATUS: id=AndroidJUnitRunner
INSTRUMENTATION_STATUS: test=explicitSelectionChangesOnlyOwnedBoundaryAndOptionalFirstLetterAcrossBinder
INSTRUMENTATION_STATUS: class=io.github.mesteriis.rune.keyboard.qa.ContextualPunctuationEditorInstrumentedTest
INSTRUMENTATION_STATUS: current=84
INSTRUMENTATION_STATUS_CODE: 1
INSTRUMENTATION_STATUS: numtests=161
INSTRUMENTATION_STATUS: stream=.
INSTRUMENTATION_STATUS: id=AndroidJUnitRunner
INSTRUMENTATION_STATUS: test=explicitSelectionChangesOnlyOwnedBoundaryAndOptionalFirstLetterAcrossBinder
INSTRUMENTATION_STATUS: class=io.github.mesteriis.rune.keyboard.qa.ContextualPunctuationEditorInstrumentedTest
INSTRUMENTATION_STATUS: current=84
INSTRUMENTATION_STATUS_CODE: 0
INSTRUMENTATION_STATUS: numtests=161
INSTRUMENTATION_STATUS: stream=
INSTRUMENTATION_STATUS: id=AndroidJUnitRunner
INSTRUMENTATION_STATUS: test=obsoleteReplyAndCandidateCannotReplaceNewWordOrConsumeItsCurrentRequest
INSTRUMENTATION_STATUS: class=io.github.mesteriis.rune.keyboard.qa.ContextualPunctuationEditorInstrumentedTest
INSTRUMENTATION_STATUS: current=85
INSTRUMENTATION_STATUS_CODE: 1
INSTRUMENTATION_STATUS: numtests=161
INSTRUMENTATION_STATUS: stream=.
INSTRUMENTATION_STATUS: id=AndroidJUnitRunner
INSTRUMENTATION_STATUS: test=obsoleteReplyAndCandidateCannotReplaceNewWordOrConsumeItsCurrentRequest
INSTRUMENTATION_STATUS: class=io.github.mesteriis.rune.keyboard.qa.ContextualPunctuationEditorInstrumentedTest
INSTRUMENTATION_STATUS: current=85
INSTRUMENTATION_STATUS_CODE: 0
INSTRUMENTATION_STATUS: numtests=161
INSTRUMENTATION_STATUS: stream=
io.github.mesteriis.rune.keyboard.qa.EditorActionInstrumentedTest:
INSTRUMENTATION_STATUS: id=AndroidJUnitRunner
INSTRUMENTATION_STATUS: test=multilineEnterCommitsANewlineInsteadOfSending
INSTRUMENTATION_STATUS: class=io.github.mesteriis.rune.keyboard.qa.EditorActionInstrumentedTest
INSTRUMENTATION_STATUS: current=86
INSTRUMENTATION_STATUS_CODE: 1
INSTRUMENTATION_STATUS: numtests=161
INSTRUMENTATION_STATUS: stream=.
INSTRUMENTATION_STATUS: id=AndroidJUnitRunner
INSTRUMENTATION_STATUS: test=multilineEnterCommitsANewlineInsteadOfSending
INSTRUMENTATION_STATUS: class=io.github.mesteriis.rune.keyboard.qa.EditorActionInstrumentedTest
INSTRUMENTATION_STATUS: current=86
INSTRUMENTATION_STATUS_CODE: 0
INSTRUMENTATION_STATUS: numtests=161
INSTRUMENTATION_STATUS: stream=
INSTRUMENTATION_STATUS: id=AndroidJUnitRunner
INSTRUMENTATION_STATUS: test=standardAndCustomEditorActionsReachTheRemoteEditor
INSTRUMENTATION_STATUS: class=io.github.mesteriis.rune.keyboard.qa.EditorActionInstrumentedTest
INSTRUMENTATION_STATUS: current=87
INSTRUMENTATION_STATUS_CODE: 1
INSTRUMENTATION_STATUS: numtests=161
INSTRUMENTATION_STATUS: stream=.
INSTRUMENTATION_STATUS: id=AndroidJUnitRunner
INSTRUMENTATION_STATUS: test=standardAndCustomEditorActionsReachTheRemoteEditor
INSTRUMENTATION_STATUS: class=io.github.mesteriis.rune.keyboard.qa.EditorActionInstrumentedTest
INSTRUMENTATION_STATUS: current=87
INSTRUMENTATION_STATUS_CODE: 0
INSTRUMENTATION_STATUS: numtests=161
INSTRUMENTATION_STATUS: stream=
io.github.mesteriis.rune.keyboard.qa.EditorBoundaryInstrumentedTest:
INSTRUMENTATION_STATUS: id=AndroidJUnitRunner
INSTRUMENTATION_STATUS: test=cyrillicSurrogateAndComplexGraphemesAreAtomic
INSTRUMENTATION_STATUS: class=io.github.mesteriis.rune.keyboard.qa.EditorBoundaryInstrumentedTest
INSTRUMENTATION_STATUS: current=88
INSTRUMENTATION_STATUS_CODE: 1
INSTRUMENTATION_STATUS: numtests=161
INSTRUMENTATION_STATUS: stream=.
INSTRUMENTATION_STATUS: id=AndroidJUnitRunner
INSTRUMENTATION_STATUS: test=cyrillicSurrogateAndComplexGraphemesAreAtomic
INSTRUMENTATION_STATUS: class=io.github.mesteriis.rune.keyboard.qa.EditorBoundaryInstrumentedTest
INSTRUMENTATION_STATUS: current=88
INSTRUMENTATION_STATUS_CODE: 0
INSTRUMENTATION_STATUS: numtests=161
INSTRUMENTATION_STATUS: stream=
INSTRUMENTATION_STATUS: id=AndroidJUnitRunner
INSTRUMENTATION_STATUS: test=injectedDownAndUpCommitExactlyOneKey
INSTRUMENTATION_STATUS: class=io.github.mesteriis.rune.keyboard.qa.EditorBoundaryInstrumentedTest
INSTRUMENTATION_STATUS: current=89
INSTRUMENTATION_STATUS_CODE: 1
INSTRUMENTATION_STATUS: numtests=161
INSTRUMENTATION_STATUS: stream=.
INSTRUMENTATION_STATUS: id=AndroidJUnitRunner
INSTRUMENTATION_STATUS: test=injectedDownAndUpCommitExactlyOneKey
INSTRUMENTATION_STATUS: class=io.github.mesteriis.rune.keyboard.qa.EditorBoundaryInstrumentedTest
INSTRUMENTATION_STATUS: current=89
INSTRUMENTATION_STATUS_CODE: 0
INSTRUMENTATION_STATUS: numtests=161
INSTRUMENTATION_STATUS: stream=
INSTRUMENTATION_STATUS: id=AndroidJUnitRunner
INSTRUMENTATION_STATUS: test=commitReplaceDeleteAndCursorBoundariesCrossBinder
INSTRUMENTATION_STATUS: class=io.github.mesteriis.rune.keyboard.qa.EditorBoundaryInstrumentedTest
INSTRUMENTATION_STATUS: current=90
INSTRUMENTATION_STATUS_CODE: 1
INSTRUMENTATION_STATUS: numtests=161
INSTRUMENTATION_STATUS: stream=.
INSTRUMENTATION_STATUS: id=AndroidJUnitRunner
INSTRUMENTATION_STATUS: test=commitReplaceDeleteAndCursorBoundariesCrossBinder
INSTRUMENTATION_STATUS: class=io.github.mesteriis.rune.keyboard.qa.EditorBoundaryInstrumentedTest
INSTRUMENTATION_STATUS: current=90
INSTRUMENTATION_STATUS_CODE: 0
INSTRUMENTATION_STATUS: numtests=161
INSTRUMENTATION_STATUS: stream=
INSTRUMENTATION_STATUS: id=AndroidJUnitRunner
INSTRUMENTATION_STATUS: test=editorFieldTypesExposeTheirRequiredLayouts
INSTRUMENTATION_STATUS: class=io.github.mesteriis.rune.keyboard.qa.EditorBoundaryInstrumentedTest
INSTRUMENTATION_STATUS: current=91
INSTRUMENTATION_STATUS_CODE: 1
INSTRUMENTATION_STATUS: numtests=161
INSTRUMENTATION_STATUS: stream=.
INSTRUMENTATION_STATUS: id=AndroidJUnitRunner
INSTRUMENTATION_STATUS: test=editorFieldTypesExposeTheirRequiredLayouts
INSTRUMENTATION_STATUS: class=io.github.mesteriis.rune.keyboard.qa.EditorBoundaryInstrumentedTest
INSTRUMENTATION_STATUS: current=91
INSTRUMENTATION_STATUS_CODE: 0
INSTRUMENTATION_STATUS: numtests=161
INSTRUMENTATION_STATUS: stream=
io.github.mesteriis.rune.keyboard.qa.EditorFocusNavigationInstrumentedTest:
INSTRUMENTATION_STATUS: id=AndroidJUnitRunner
INSTRUMENTATION_STATUS: test=alreadyFocusedEditorRestoresKeyboardAfterExplicitHide
INSTRUMENTATION_STATUS: class=io.github.mesteriis.rune.keyboard.qa.EditorFocusNavigationInstrumentedTest
INSTRUMENTATION_STATUS: current=92
INSTRUMENTATION_STATUS_CODE: 1
INSTRUMENTATION_STATUS: numtests=161
INSTRUMENTATION_STATUS: stream=.
INSTRUMENTATION_STATUS: id=AndroidJUnitRunner
INSTRUMENTATION_STATUS: test=alreadyFocusedEditorRestoresKeyboardAfterExplicitHide
INSTRUMENTATION_STATUS: class=io.github.mesteriis.rune.keyboard.qa.EditorFocusNavigationInstrumentedTest
INSTRUMENTATION_STATUS: current=92
INSTRUMENTATION_STATUS_CODE: 0
INSTRUMENTATION_STATUS: numtests=161
INSTRUMENTATION_STATUS: stream=
INSTRUMENTATION_STATUS: id=AndroidJUnitRunner
INSTRUMENTATION_STATUS: test=offscreenCustomEditorReceivesOneFocusTapAndItsAction
INSTRUMENTATION_STATUS: class=io.github.mesteriis.rune.keyboard.qa.EditorFocusNavigationInstrumentedTest
INSTRUMENTATION_STATUS: current=93
INSTRUMENTATION_STATUS_CODE: 1
INSTRUMENTATION_STATUS: numtests=161
INSTRUMENTATION_STATUS: stream=.
INSTRUMENTATION_STATUS: id=AndroidJUnitRunner
INSTRUMENTATION_STATUS: test=offscreenCustomEditorReceivesOneFocusTapAndItsAction
INSTRUMENTATION_STATUS: class=io.github.mesteriis.rune.keyboard.qa.EditorFocusNavigationInstrumentedTest
INSTRUMENTATION_STATUS: current=93
INSTRUMENTATION_STATUS_CODE: 0
INSTRUMENTATION_STATUS: numtests=161
INSTRUMENTATION_STATUS: stream=
io.github.mesteriis.rune.keyboard.qa.ImeLifecycleInstrumentedTest:
INSTRUMENTATION_STATUS: id=AndroidJUnitRunner
INSTRUMENTATION_STATUS: test=ownedBackspaceRepeatsPreservePrefixAndStopOnReleaseOrCancel
INSTRUMENTATION_STATUS: class=io.github.mesteriis.rune.keyboard.qa.ImeLifecycleInstrumentedTest
INSTRUMENTATION_STATUS: current=94
INSTRUMENTATION_STATUS_CODE: 1
INSTRUMENTATION_STATUS: numtests=161
INSTRUMENTATION_STATUS: stream=.
INSTRUMENTATION_STATUS: id=AndroidJUnitRunner
INSTRUMENTATION_STATUS: test=ownedBackspaceRepeatsPreservePrefixAndStopOnReleaseOrCancel
INSTRUMENTATION_STATUS: class=io.github.mesteriis.rune.keyboard.qa.ImeLifecycleInstrumentedTest
INSTRUMENTATION_STATUS: current=94
INSTRUMENTATION_STATUS_CODE: 0
INSTRUMENTATION_STATUS: numtests=161
INSTRUMENTATION_STATUS: stream=
INSTRUMENTATION_STATUS: id=AndroidJUnitRunner
INSTRUMENTATION_STATUS: test=backspaceRepeatStopsAfterCancel
INSTRUMENTATION_STATUS: class=io.github.mesteriis.rune.keyboard.qa.ImeLifecycleInstrumentedTest
INSTRUMENTATION_STATUS: current=95
INSTRUMENTATION_STATUS_CODE: 1
INSTRUMENTATION_STATUS: numtests=161
INSTRUMENTATION_STATUS: stream=.
INSTRUMENTATION_STATUS: id=AndroidJUnitRunner
INSTRUMENTATION_STATUS: test=backspaceRepeatStopsAfterCancel
INSTRUMENTATION_STATUS: class=io.github.mesteriis.rune.keyboard.qa.ImeLifecycleInstrumentedTest
INSTRUMENTATION_STATUS: current=95
INSTRUMENTATION_STATUS_CODE: 0
INSTRUMENTATION_STATUS: numtests=161
INSTRUMENTATION_STATUS: stream=
INSTRUMENTATION_STATUS: id=AndroidJUnitRunner
INSTRUMENTATION_STATUS: test=settingsChangeAppliesToTheNextImeView
INSTRUMENTATION_STATUS: class=io.github.mesteriis.rune.keyboard.qa.ImeLifecycleInstrumentedTest
INSTRUMENTATION_STATUS: current=96
INSTRUMENTATION_STATUS_CODE: 1
INSTRUMENTATION_STATUS: numtests=161
INSTRUMENTATION_STATUS: stream=.
INSTRUMENTATION_STATUS: id=AndroidJUnitRunner
INSTRUMENTATION_STATUS: test=settingsChangeAppliesToTheNextImeView
INSTRUMENTATION_STATUS: class=io.github.mesteriis.rune.keyboard.qa.ImeLifecycleInstrumentedTest
INSTRUMENTATION_STATUS: current=96
INSTRUMENTATION_STATUS_CODE: 0
INSTRUMENTATION_STATUS: numtests=161
INSTRUMENTATION_STATUS: stream=
INSTRUMENTATION_STATUS: id=AndroidJUnitRunner
INSTRUMENTATION_STATUS: test=focusLossCancelsAnArmedCharacterGesture
INSTRUMENTATION_STATUS: class=io.github.mesteriis.rune.keyboard.qa.ImeLifecycleInstrumentedTest
INSTRUMENTATION_STATUS: current=97
INSTRUMENTATION_STATUS_CODE: 1
INSTRUMENTATION_STATUS: numtests=161
INSTRUMENTATION_STATUS: stream=.
INSTRUMENTATION_STATUS: id=AndroidJUnitRunner
INSTRUMENTATION_STATUS: test=focusLossCancelsAnArmedCharacterGesture
INSTRUMENTATION_STATUS: class=io.github.mesteriis.rune.keyboard.qa.ImeLifecycleInstrumentedTest
INSTRUMENTATION_STATUS: current=97
INSTRUMENTATION_STATUS_CODE: 0
INSTRUMENTATION_STATUS: numtests=161
INSTRUMENTATION_STATUS: stream=
INSTRUMENTATION_STATUS: id=AndroidJUnitRunner
INSTRUMENTATION_STATUS: test=backspaceRepeatStopsWhenImeViewDetaches
INSTRUMENTATION_STATUS: class=io.github.mesteriis.rune.keyboard.qa.ImeLifecycleInstrumentedTest
INSTRUMENTATION_STATUS: current=98
INSTRUMENTATION_STATUS_CODE: 1
INSTRUMENTATION_STATUS: numtests=161
INSTRUMENTATION_STATUS: stream=.
INSTRUMENTATION_STATUS: id=AndroidJUnitRunner
INSTRUMENTATION_STATUS: test=backspaceRepeatStopsWhenImeViewDetaches
INSTRUMENTATION_STATUS: class=io.github.mesteriis.rune.keyboard.qa.ImeLifecycleInstrumentedTest
INSTRUMENTATION_STATUS: current=98
INSTRUMENTATION_STATUS_CODE: 0
INSTRUMENTATION_STATUS: numtests=161
INSTRUMENTATION_STATUS: stream=
io.github.mesteriis.rune.keyboard.qa.ImePrivacyInstrumentedTest:
INSTRUMENTATION_STATUS: id=AndroidJUnitRunner
INSTRUMENTATION_STATUS: test=passwordFieldSuppressesPopupWithNormalFieldPositiveControl
INSTRUMENTATION_STATUS: class=io.github.mesteriis.rune.keyboard.qa.ImePrivacyInstrumentedTest
INSTRUMENTATION_STATUS: current=99
INSTRUMENTATION_STATUS_CODE: 1
INSTRUMENTATION_STATUS: preview_max_changed_pixels=4662
INSTRUMENTATION_STATUS: preview_samples=14
INSTRUMENTATION_STATUS: preview_observed_ms=1003
INSTRUMENTATION_STATUS: preview_phase=0
INSTRUMENTATION_STATUS: preview_first_visible_sample_ms=93
INSTRUMENTATION_STATUS_CODE: 0
INSTRUMENTATION_STATUS: preview_max_changed_pixels=0
INSTRUMENTATION_STATUS: preview_samples=14
INSTRUMENTATION_STATUS: preview_observed_ms=1003
INSTRUMENTATION_STATUS: preview_phase=1
INSTRUMENTATION_STATUS: preview_first_visible_sample_ms=-1
INSTRUMENTATION_STATUS_CODE: 0
INSTRUMENTATION_STATUS: preview_max_changed_pixels=0
INSTRUMENTATION_STATUS: preview_samples=15
INSTRUMENTATION_STATUS: preview_observed_ms=1015
INSTRUMENTATION_STATUS: preview_phase=2
INSTRUMENTATION_STATUS: preview_first_visible_sample_ms=-1
INSTRUMENTATION_STATUS_CODE: 0
INSTRUMENTATION_STATUS: numtests=161
INSTRUMENTATION_STATUS: stream=.
INSTRUMENTATION_STATUS: id=AndroidJUnitRunner
INSTRUMENTATION_STATUS: test=passwordFieldSuppressesPopupWithNormalFieldPositiveControl
INSTRUMENTATION_STATUS: class=io.github.mesteriis.rune.keyboard.qa.ImePrivacyInstrumentedTest
INSTRUMENTATION_STATUS: current=99
INSTRUMENTATION_STATUS_CODE: 0
INSTRUMENTATION_STATUS: numtests=161
INSTRUMENTATION_STATUS: stream=
INSTRUMENTATION_STATUS: id=AndroidJUnitRunner
INSTRUMENTATION_STATUS: test=syntheticCanaryIsAbsentFromRuneProcessLogcat
INSTRUMENTATION_STATUS: class=io.github.mesteriis.rune.keyboard.qa.ImePrivacyInstrumentedTest
INSTRUMENTATION_STATUS: current=100
INSTRUMENTATION_STATUS_CODE: 1
INSTRUMENTATION_STATUS: numtests=161
INSTRUMENTATION_STATUS: stream=.
INSTRUMENTATION_STATUS: id=AndroidJUnitRunner
INSTRUMENTATION_STATUS: test=syntheticCanaryIsAbsentFromRuneProcessLogcat
INSTRUMENTATION_STATUS: class=io.github.mesteriis.rune.keyboard.qa.ImePrivacyInstrumentedTest
INSTRUMENTATION_STATUS: current=100
INSTRUMENTATION_STATUS_CODE: 0
INSTRUMENTATION_STATUS: numtests=161
INSTRUMENTATION_STATUS: stream=
io.github.mesteriis.rune.keyboard.qa.LiveCandidatesInstrumentedTest:
INSTRUMENTATION_STATUS: id=AndroidJUnitRunner
INSTRUMENTATION_STATUS: test=canonicalCaseAutoReplacesOnBoundaryAndBackspaceRestoresOriginal
INSTRUMENTATION_STATUS: class=io.github.mesteriis.rune.keyboard.qa.LiveCandidatesInstrumentedTest
INSTRUMENTATION_STATUS: current=101
INSTRUMENTATION_STATUS_CODE: 1
INSTRUMENTATION_STATUS: numtests=161
INSTRUMENTATION_STATUS: stream=.
INSTRUMENTATION_STATUS: id=AndroidJUnitRunner
INSTRUMENTATION_STATUS: test=canonicalCaseAutoReplacesOnBoundaryAndBackspaceRestoresOriginal
INSTRUMENTATION_STATUS: class=io.github.mesteriis.rune.keyboard.qa.LiveCandidatesInstrumentedTest
INSTRUMENTATION_STATUS: current=101
INSTRUMENTATION_STATUS_CODE: 0
INSTRUMENTATION_STATUS: numtests=161
INSTRUMENTATION_STATUS: stream=
INSTRUMENTATION_STATUS: id=AndroidJUnitRunner
INSTRUMENTATION_STATUS: test=boundaryKeepsTypedOriginalAndDropsPreviousSuggestions
INSTRUMENTATION_STATUS: class=io.github.mesteriis.rune.keyboard.qa.LiveCandidatesInstrumentedTest
INSTRUMENTATION_STATUS: current=102
INSTRUMENTATION_STATUS_CODE: 1
INSTRUMENTATION_STATUS: numtests=161
INSTRUMENTATION_STATUS: stream=.
INSTRUMENTATION_STATUS: id=AndroidJUnitRunner
INSTRUMENTATION_STATUS: test=boundaryKeepsTypedOriginalAndDropsPreviousSuggestions
INSTRUMENTATION_STATUS: class=io.github.mesteriis.rune.keyboard.qa.LiveCandidatesInstrumentedTest
INSTRUMENTATION_STATUS: current=102
INSTRUMENTATION_STATUS_CODE: 0
INSTRUMENTATION_STATUS: numtests=161
INSTRUMENTATION_STATUS: stream=
INSTRUMENTATION_STATUS: id=AndroidJUnitRunner
INSTRUMENTATION_STATUS: test=correctionAndOriginalTapsReplaceOnlyOwnedWordWithNoReadback
INSTRUMENTATION_STATUS: class=io.github.mesteriis.rune.keyboard.qa.LiveCandidatesInstrumentedTest
INSTRUMENTATION_STATUS: current=103
INSTRUMENTATION_STATUS_CODE: 1
INSTRUMENTATION_STATUS: numtests=161
INSTRUMENTATION_STATUS: stream=.
INSTRUMENTATION_STATUS: id=AndroidJUnitRunner
INSTRUMENTATION_STATUS: test=correctionAndOriginalTapsReplaceOnlyOwnedWordWithNoReadback
INSTRUMENTATION_STATUS: class=io.github.mesteriis.rune.keyboard.qa.LiveCandidatesInstrumentedTest
INSTRUMENTATION_STATUS: current=103
INSTRUMENTATION_STATUS_CODE: 0
INSTRUMENTATION_STATUS: numtests=161
INSTRUMENTATION_STATUS: stream=
INSTRUMENTATION_STATUS: id=AndroidJUnitRunner
INSTRUMENTATION_STATUS: test=sensitiveEditorTransitionClearsLoadedSuggestionsAndPreservesPlainTyping
INSTRUMENTATION_STATUS: class=io.github.mesteriis.rune.keyboard.qa.LiveCandidatesInstrumentedTest
INSTRUMENTATION_STATUS: current=104
INSTRUMENTATION_STATUS_CODE: 1
INSTRUMENTATION_STATUS: numtests=161
INSTRUMENTATION_STATUS: stream=.
INSTRUMENTATION_STATUS: id=AndroidJUnitRunner
INSTRUMENTATION_STATUS: test=sensitiveEditorTransitionClearsLoadedSuggestionsAndPreservesPlainTyping
INSTRUMENTATION_STATUS: class=io.github.mesteriis.rune.keyboard.qa.LiveCandidatesInstrumentedTest
INSTRUMENTATION_STATUS: current=104
INSTRUMENTATION_STATUS_CODE: 0
INSTRUMENTATION_STATUS: numtests=161
INSTRUMENTATION_STATUS: stream=
io.github.mesteriis.rune.keyboard.qa.LiveFakeModelBinderInstrumentedTest:
INSTRUMENTATION_STATUS: id=AndroidJUnitRunner
INSTRUMENTATION_STATUS: test=contextualPeriodStripTapAlsoCapitalizesOnlyFirstLetter
INSTRUMENTATION_STATUS: class=io.github.mesteriis.rune.keyboard.qa.LiveFakeModelBinderInstrumentedTest
INSTRUMENTATION_STATUS: current=105
INSTRUMENTATION_STATUS_CODE: 1
INSTRUMENTATION_STATUS: numtests=161
INSTRUMENTATION_STATUS: stream=.
INSTRUMENTATION_STATUS: id=AndroidJUnitRunner
INSTRUMENTATION_STATUS: test=contextualPeriodStripTapAlsoCapitalizesOnlyFirstLetter
INSTRUMENTATION_STATUS: class=io.github.mesteriis.rune.keyboard.qa.LiveFakeModelBinderInstrumentedTest
INSTRUMENTATION_STATUS: current=105
INSTRUMENTATION_STATUS_CODE: 0
INSTRUMENTATION_STATUS: numtests=161
INSTRUMENTATION_STATUS: stream=
INSTRUMENTATION_STATUS: id=AndroidJUnitRunner
INSTRUMENTATION_STATUS: test=heldBackspaceUndoesModelCorrectionThenRepeatsOrdinaryDeletion
INSTRUMENTATION_STATUS: class=io.github.mesteriis.rune.keyboard.qa.LiveFakeModelBinderInstrumentedTest
INSTRUMENTATION_STATUS: current=106
INSTRUMENTATION_STATUS_CODE: 1
INSTRUMENTATION_STATUS: numtests=161
INSTRUMENTATION_STATUS: stream=.
INSTRUMENTATION_STATUS: id=AndroidJUnitRunner
INSTRUMENTATION_STATUS: test=heldBackspaceUndoesModelCorrectionThenRepeatsOrdinaryDeletion
INSTRUMENTATION_STATUS: class=io.github.mesteriis.rune.keyboard.qa.LiveFakeModelBinderInstrumentedTest
INSTRUMENTATION_STATUS: current=106
INSTRUMENTATION_STATUS_CODE: 0
INSTRUMENTATION_STATUS: numtests=161
INSTRUMENTATION_STATUS: stream=
INSTRUMENTATION_STATUS: id=AndroidJUnitRunner
INSTRUMENTATION_STATUS: test=originalControlThenModelCorrectionOnSpaceAndOwnedUndo
INSTRUMENTATION_STATUS: class=io.github.mesteriis.rune.keyboard.qa.LiveFakeModelBinderInstrumentedTest
INSTRUMENTATION_STATUS: current=107
INSTRUMENTATION_STATUS_CODE: 1
INSTRUMENTATION_STATUS: numtests=161
INSTRUMENTATION_STATUS: stream=.
INSTRUMENTATION_STATUS: id=AndroidJUnitRunner
INSTRUMENTATION_STATUS: test=originalControlThenModelCorrectionOnSpaceAndOwnedUndo
INSTRUMENTATION_STATUS: class=io.github.mesteriis.rune.keyboard.qa.LiveFakeModelBinderInstrumentedTest
INSTRUMENTATION_STATUS: current=107
INSTRUMENTATION_STATUS_CODE: 0
INSTRUMENTATION_STATUS: numtests=161
INSTRUMENTATION_STATUS: stream=
INSTRUMENTATION_STATUS: id=AndroidJUnitRunner
INSTRUMENTATION_STATUS: test=releasedReplyWithinSpaceGraceCorrectsAndCanUndo
INSTRUMENTATION_STATUS: class=io.github.mesteriis.rune.keyboard.qa.LiveFakeModelBinderInstrumentedTest
INSTRUMENTATION_STATUS: current=108
INSTRUMENTATION_STATUS_CODE: 1
INSTRUMENTATION_STATUS: numtests=161
INSTRUMENTATION_STATUS: stream=.
INSTRUMENTATION_STATUS: id=AndroidJUnitRunner
INSTRUMENTATION_STATUS: test=releasedReplyWithinSpaceGraceCorrectsAndCanUndo
INSTRUMENTATION_STATUS: class=io.github.mesteriis.rune.keyboard.qa.LiveFakeModelBinderInstrumentedTest
INSTRUMENTATION_STATUS: current=108
INSTRUMENTATION_STATUS_CODE: 0
INSTRUMENTATION_STATUS: numtests=161
INSTRUMENTATION_STATUS: stream=
INSTRUMENTATION_STATUS: id=AndroidJUnitRunner
INSTRUMENTATION_STATUS: test=blockedReplyAfterRealOriginalTapCannotReviveCorrection
INSTRUMENTATION_STATUS: class=io.github.mesteriis.rune.keyboard.qa.LiveFakeModelBinderInstrumentedTest
INSTRUMENTATION_STATUS: current=109
INSTRUMENTATION_STATUS_CODE: 1
INSTRUMENTATION_STATUS: numtests=161
INSTRUMENTATION_STATUS: stream=.
INSTRUMENTATION_STATUS: id=AndroidJUnitRunner
INSTRUMENTATION_STATUS: test=blockedReplyAfterRealOriginalTapCannotReviveCorrection
INSTRUMENTATION_STATUS: class=io.github.mesteriis.rune.keyboard.qa.LiveFakeModelBinderInstrumentedTest
INSTRUMENTATION_STATUS: current=109
INSTRUMENTATION_STATUS_CODE: 0
INSTRUMENTATION_STATUS: numtests=161
INSTRUMENTATION_STATUS: stream=
INSTRUMENTATION_STATUS: id=AndroidJUnitRunner
INSTRUMENTATION_STATUS: test=releasedReplyAfterSpaceGracePreservesOriginalAndStrip
INSTRUMENTATION_STATUS: class=io.github.mesteriis.rune.keyboard.qa.LiveFakeModelBinderInstrumentedTest
INSTRUMENTATION_STATUS: current=110
INSTRUMENTATION_STATUS_CODE: 1
INSTRUMENTATION_STATUS: numtests=161
INSTRUMENTATION_STATUS: stream=.
INSTRUMENTATION_STATUS: id=AndroidJUnitRunner
INSTRUMENTATION_STATUS: test=releasedReplyAfterSpaceGracePreservesOriginalAndStrip
INSTRUMENTATION_STATUS: class=io.github.mesteriis.rune.keyboard.qa.LiveFakeModelBinderInstrumentedTest
INSTRUMENTATION_STATUS: current=110
INSTRUMENTATION_STATUS_CODE: 0
INSTRUMENTATION_STATUS: numtests=161
INSTRUMENTATION_STATUS: stream=
INSTRUMENTATION_STATUS: id=AndroidJUnitRunner
INSTRUMENTATION_STATUS: test=releasedReplyAfterEditorSwitchPreservesBothFields
INSTRUMENTATION_STATUS: class=io.github.mesteriis.rune.keyboard.qa.LiveFakeModelBinderInstrumentedTest
INSTRUMENTATION_STATUS: current=111
INSTRUMENTATION_STATUS_CODE: 1
INSTRUMENTATION_STATUS: numtests=161
INSTRUMENTATION_STATUS: stream=.
INSTRUMENTATION_STATUS: id=AndroidJUnitRunner
INSTRUMENTATION_STATUS: test=releasedReplyAfterEditorSwitchPreservesBothFields
INSTRUMENTATION_STATUS: class=io.github.mesteriis.rune.keyboard.qa.LiveFakeModelBinderInstrumentedTest
INSTRUMENTATION_STATUS: current=111
INSTRUMENTATION_STATUS_CODE: 0
INSTRUMENTATION_STATUS: numtests=161
INSTRUMENTATION_STATUS: stream=
INSTRUMENTATION_STATUS: id=AndroidJUnitRunner
INSTRUMENTATION_STATUS: test=remoteProcessDeathPreservesEditorAndRetryDoesNotReplay
INSTRUMENTATION_STATUS: class=io.github.mesteriis.rune.keyboard.qa.LiveFakeModelBinderInstrumentedTest
INSTRUMENTATION_STATUS: current=112
INSTRUMENTATION_STATUS_CODE: 1
INSTRUMENTATION_STATUS: numtests=161
INSTRUMENTATION_STATUS: stream=.
INSTRUMENTATION_STATUS: id=AndroidJUnitRunner
INSTRUMENTATION_STATUS: test=remoteProcessDeathPreservesEditorAndRetryDoesNotReplay
INSTRUMENTATION_STATUS: class=io.github.mesteriis.rune.keyboard.qa.LiveFakeModelBinderInstrumentedTest
INSTRUMENTATION_STATUS: current=112
INSTRUMENTATION_STATUS_CODE: 0
INSTRUMENTATION_STATUS: numtests=161
INSTRUMENTATION_STATUS: stream=
INSTRUMENTATION_STATUS: id=AndroidJUnitRunner
INSTRUMENTATION_STATUS: test=nextTextWithinSpaceGraceRejectsOldReplyAndKeepsCurrentOriginal
INSTRUMENTATION_STATUS: class=io.github.mesteriis.rune.keyboard.qa.LiveFakeModelBinderInstrumentedTest
INSTRUMENTATION_STATUS: current=113
INSTRUMENTATION_STATUS_CODE: 1
INSTRUMENTATION_STATUS: numtests=161
INSTRUMENTATION_STATUS: stream=.
INSTRUMENTATION_STATUS: id=AndroidJUnitRunner
INSTRUMENTATION_STATUS: test=nextTextWithinSpaceGraceRejectsOldReplyAndKeepsCurrentOriginal
INSTRUMENTATION_STATUS: class=io.github.mesteriis.rune.keyboard.qa.LiveFakeModelBinderInstrumentedTest
INSTRUMENTATION_STATUS: current=113
INSTRUMENTATION_STATUS_CODE: 0
INSTRUMENTATION_STATUS: numtests=161
INSTRUMENTATION_STATUS: stream=
INSTRUMENTATION_STATUS: id=AndroidJUnitRunner
INSTRUMENTATION_STATUS: test=releasedReplyAfterLanguageSwipePreservesTextAndStrip
INSTRUMENTATION_STATUS: class=io.github.mesteriis.rune.keyboard.qa.LiveFakeModelBinderInstrumentedTest
INSTRUMENTATION_STATUS: current=114
INSTRUMENTATION_STATUS_CODE: 1
INSTRUMENTATION_STATUS: numtests=161
INSTRUMENTATION_STATUS: stream=.
INSTRUMENTATION_STATUS: id=AndroidJUnitRunner
INSTRUMENTATION_STATUS: test=releasedReplyAfterLanguageSwipePreservesTextAndStrip
INSTRUMENTATION_STATUS: class=io.github.mesteriis.rune.keyboard.qa.LiveFakeModelBinderInstrumentedTest
INSTRUMENTATION_STATUS: current=114
INSTRUMENTATION_STATUS_CODE: 0
INSTRUMENTATION_STATUS: numtests=161
INSTRUMENTATION_STATUS: stream=
INSTRUMENTATION_STATUS: id=AndroidJUnitRunner
INSTRUMENTATION_STATUS: test=contextualCommaStripTapChangesOnlyOwnedBoundary
INSTRUMENTATION_STATUS: class=io.github.mesteriis.rune.keyboard.qa.LiveFakeModelBinderInstrumentedTest
INSTRUMENTATION_STATUS: current=115
INSTRUMENTATION_STATUS_CODE: 1
INSTRUMENTATION_STATUS: numtests=161
INSTRUMENTATION_STATUS: stream=.
INSTRUMENTATION_STATUS: id=AndroidJUnitRunner
INSTRUMENTATION_STATUS: test=contextualCommaStripTapChangesOnlyOwnedBoundary
INSTRUMENTATION_STATUS: class=io.github.mesteriis.rune.keyboard.qa.LiveFakeModelBinderInstrumentedTest
INSTRUMENTATION_STATUS: current=115
INSTRUMENTATION_STATUS_CODE: 0
INSTRUMENTATION_STATUS: numtests=161
INSTRUMENTATION_STATUS: stream=
io.github.mesteriis.rune.keyboard.qa.MechanicalProtectedFormsInstrumentedTest:
INSTRUMENTATION_STATUS: id=AndroidJUnitRunner
INSTRUMENTATION_STATUS: test=urlEmailAndTimeKeepPunctuationAndOrdinaryDeleteAcrossBinder
INSTRUMENTATION_STATUS: class=io.github.mesteriis.rune.keyboard.qa.MechanicalProtectedFormsInstrumentedTest
INSTRUMENTATION_STATUS: current=116
INSTRUMENTATION_STATUS_CODE: 1
INSTRUMENTATION_STATUS: numtests=161
INSTRUMENTATION_STATUS: stream=.
INSTRUMENTATION_STATUS: id=AndroidJUnitRunner
INSTRUMENTATION_STATUS: test=urlEmailAndTimeKeepPunctuationAndOrdinaryDeleteAcrossBinder
INSTRUMENTATION_STATUS: class=io.github.mesteriis.rune.keyboard.qa.MechanicalProtectedFormsInstrumentedTest
INSTRUMENTATION_STATUS: current=116
INSTRUMENTATION_STATUS_CODE: 0
INSTRUMENTATION_STATUS: numtests=161
INSTRUMENTATION_STATUS: stream=
io.github.mesteriis.rune.keyboard.qa.MechanicalPunctuationInstrumentedTest:
INSTRUMENTATION_STATUS: id=AndroidJUnitRunner
INSTRUMENTATION_STATUS: test=pairOfDotsWaitsForWhitespaceAndNewWordThenUndoesCapsTogether
INSTRUMENTATION_STATUS: class=io.github.mesteriis.rune.keyboard.qa.MechanicalPunctuationInstrumentedTest
INSTRUMENTATION_STATUS: current=117
INSTRUMENTATION_STATUS_CODE: 1
INSTRUMENTATION_STATUS: numtests=161
INSTRUMENTATION_STATUS: stream=.
INSTRUMENTATION_STATUS: id=AndroidJUnitRunner
INSTRUMENTATION_STATUS: test=pairOfDotsWaitsForWhitespaceAndNewWordThenUndoesCapsTogether
INSTRUMENTATION_STATUS: class=io.github.mesteriis.rune.keyboard.qa.MechanicalPunctuationInstrumentedTest
INSTRUMENTATION_STATUS: current=117
INSTRUMENTATION_STATUS_CODE: 0
INSTRUMENTATION_STATUS: numtests=161
INSTRUMENTATION_STATUS: stream=
INSTRUMENTATION_STATUS: id=AndroidJUnitRunner
INSTRUMENTATION_STATUS: test=decimalVersionAndHostnameKeepOwnedBoundariesWithoutLayerChanges
INSTRUMENTATION_STATUS: class=io.github.mesteriis.rune.keyboard.qa.MechanicalPunctuationInstrumentedTest
INSTRUMENTATION_STATUS: current=118
INSTRUMENTATION_STATUS_CODE: 1
INSTRUMENTATION_STATUS: numtests=161
INSTRUMENTATION_STATUS: stream=.
INSTRUMENTATION_STATUS: id=AndroidJUnitRunner
INSTRUMENTATION_STATUS: test=decimalVersionAndHostnameKeepOwnedBoundariesWithoutLayerChanges
INSTRUMENTATION_STATUS: class=io.github.mesteriis.rune.keyboard.qa.MechanicalPunctuationInstrumentedTest
INSTRUMENTATION_STATUS: current=118
INSTRUMENTATION_STATUS_CODE: 0
INSTRUMENTATION_STATUS: numtests=161
INSTRUMENTATION_STATUS: stream=
INSTRUMENTATION_STATUS: id=AndroidJUnitRunner
INSTRUMENTATION_STATUS: test=cachedMechanicalTogglePreservesHeldKeyInstancesAndNextInputUndo
INSTRUMENTATION_STATUS: class=io.github.mesteriis.rune.keyboard.qa.MechanicalPunctuationInstrumentedTest
INSTRUMENTATION_STATUS: current=119
INSTRUMENTATION_STATUS_CODE: 1
INSTRUMENTATION_STATUS: numtests=161
INSTRUMENTATION_STATUS: stream=.
INSTRUMENTATION_STATUS: id=AndroidJUnitRunner
INSTRUMENTATION_STATUS: test=cachedMechanicalTogglePreservesHeldKeyInstancesAndNextInputUndo
INSTRUMENTATION_STATUS: class=io.github.mesteriis.rune.keyboard.qa.MechanicalPunctuationInstrumentedTest
INSTRUMENTATION_STATUS: current=119
INSTRUMENTATION_STATUS_CODE: 0
INSTRUMENTATION_STATUS: numtests=161
INSTRUMENTATION_STATUS: stream=
INSTRUMENTATION_STATUS: id=AndroidJUnitRunner
INSTRUMENTATION_STATUS: test=commaPopupPunctuationCapsAndImmediateUndoNeverReplayOldWord
INSTRUMENTATION_STATUS: class=io.github.mesteriis.rune.keyboard.qa.MechanicalPunctuationInstrumentedTest
INSTRUMENTATION_STATUS: current=120
INSTRUMENTATION_STATUS_CODE: 1
INSTRUMENTATION_STATUS: numtests=161
INSTRUMENTATION_STATUS: stream=.
INSTRUMENTATION_STATUS: id=AndroidJUnitRunner
INSTRUMENTATION_STATUS: test=commaPopupPunctuationCapsAndImmediateUndoNeverReplayOldWord
INSTRUMENTATION_STATUS: class=io.github.mesteriis.rune.keyboard.qa.MechanicalPunctuationInstrumentedTest
INSTRUMENTATION_STATUS: current=120
INSTRUMENTATION_STATUS_CODE: 0
INSTRUMENTATION_STATUS: numtests=161
INSTRUMENTATION_STATUS: stream=
INSTRUMENTATION_STATUS: id=AndroidJUnitRunner
INSTRUMENTATION_STATUS: test=commandDotKeepsItsSeparatorAcrossBoundaryAndOrdinaryBackspace
INSTRUMENTATION_STATUS: class=io.github.mesteriis.rune.keyboard.qa.MechanicalPunctuationInstrumentedTest
INSTRUMENTATION_STATUS: current=121
INSTRUMENTATION_STATUS_CODE: 1
INSTRUMENTATION_STATUS: numtests=161
INSTRUMENTATION_STATUS: stream=.
INSTRUMENTATION_STATUS: id=AndroidJUnitRunner
INSTRUMENTATION_STATUS: test=commandDotKeepsItsSeparatorAcrossBoundaryAndOrdinaryBackspace
INSTRUMENTATION_STATUS: class=io.github.mesteriis.rune.keyboard.qa.MechanicalPunctuationInstrumentedTest
INSTRUMENTATION_STATUS: current=121
INSTRUMENTATION_STATUS_CODE: 0
INSTRUMENTATION_STATUS: numtests=161
INSTRUMENTATION_STATUS: stream=
io.github.mesteriis.rune.keyboard.qa.NonNormalEditorInstrumentedTest:
INSTRUMENTATION_STATUS: id=AndroidJUnitRunner
INSTRUMENTATION_STATUS: test=urlKeepsOriginalWithoutSmartTypingOrReads
INSTRUMENTATION_STATUS: class=io.github.mesteriis.rune.keyboard.qa.NonNormalEditorInstrumentedTest
INSTRUMENTATION_STATUS: current=122
INSTRUMENTATION_STATUS_CODE: 1
INSTRUMENTATION_STATUS: numtests=161
INSTRUMENTATION_STATUS: stream=.
INSTRUMENTATION_STATUS: id=AndroidJUnitRunner
INSTRUMENTATION_STATUS: test=urlKeepsOriginalWithoutSmartTypingOrReads
INSTRUMENTATION_STATUS: class=io.github.mesteriis.rune.keyboard.qa.NonNormalEditorInstrumentedTest
INSTRUMENTATION_STATUS: current=122
INSTRUMENTATION_STATUS_CODE: 0
INSTRUMENTATION_STATUS: numtests=161
INSTRUMENTATION_STATUS: stream=
INSTRUMENTATION_STATUS: id=AndroidJUnitRunner
INSTRUMENTATION_STATUS: test=passwordKeepsOriginalWithoutSmartTypingOrReads
INSTRUMENTATION_STATUS: class=io.github.mesteriis.rune.keyboard.qa.NonNormalEditorInstrumentedTest
INSTRUMENTATION_STATUS: current=123
INSTRUMENTATION_STATUS_CODE: 1
INSTRUMENTATION_STATUS: numtests=161
INSTRUMENTATION_STATUS: stream=.
INSTRUMENTATION_STATUS: id=AndroidJUnitRunner
INSTRUMENTATION_STATUS: test=passwordKeepsOriginalWithoutSmartTypingOrReads
INSTRUMENTATION_STATUS: class=io.github.mesteriis.rune.keyboard.qa.NonNormalEditorInstrumentedTest
INSTRUMENTATION_STATUS: current=123
INSTRUMENTATION_STATUS_CODE: 0
INSTRUMENTATION_STATUS: numtests=161
INSTRUMENTATION_STATUS: stream=
INSTRUMENTATION_STATUS: id=AndroidJUnitRunner
INSTRUMENTATION_STATUS: test=phoneKeepsOriginalWithoutSmartTypingOrReads
INSTRUMENTATION_STATUS: class=io.github.mesteriis.rune.keyboard.qa.NonNormalEditorInstrumentedTest
INSTRUMENTATION_STATUS: current=124
INSTRUMENTATION_STATUS_CODE: 1
INSTRUMENTATION_STATUS: numtests=161
INSTRUMENTATION_STATUS: stream=.
INSTRUMENTATION_STATUS: id=AndroidJUnitRunner
INSTRUMENTATION_STATUS: test=phoneKeepsOriginalWithoutSmartTypingOrReads
INSTRUMENTATION_STATUS: class=io.github.mesteriis.rune.keyboard.qa.NonNormalEditorInstrumentedTest
INSTRUMENTATION_STATUS: current=124
INSTRUMENTATION_STATUS_CODE: 0
INSTRUMENTATION_STATUS: numtests=161
INSTRUMENTATION_STATUS: stream=
INSTRUMENTATION_STATUS: id=AndroidJUnitRunner
INSTRUMENTATION_STATUS: test=dateTimeKeepsOriginalWithoutSmartTypingOrReads
INSTRUMENTATION_STATUS: class=io.github.mesteriis.rune.keyboard.qa.NonNormalEditorInstrumentedTest
INSTRUMENTATION_STATUS: current=125
INSTRUMENTATION_STATUS_CODE: 1
INSTRUMENTATION_STATUS: numtests=161
INSTRUMENTATION_STATUS: stream=.
INSTRUMENTATION_STATUS: id=AndroidJUnitRunner
INSTRUMENTATION_STATUS: test=dateTimeKeepsOriginalWithoutSmartTypingOrReads
INSTRUMENTATION_STATUS: class=io.github.mesteriis.rune.keyboard.qa.NonNormalEditorInstrumentedTest
INSTRUMENTATION_STATUS: current=125
INSTRUMENTATION_STATUS_CODE: 0
INSTRUMENTATION_STATUS: numtests=161
INSTRUMENTATION_STATUS: stream=
INSTRUMENTATION_STATUS: id=AndroidJUnitRunner
INSTRUMENTATION_STATUS: test=numberKeepsOriginalWithoutSmartTypingOrReads
INSTRUMENTATION_STATUS: class=io.github.mesteriis.rune.keyboard.qa.NonNormalEditorInstrumentedTest
INSTRUMENTATION_STATUS: current=126
INSTRUMENTATION_STATUS_CODE: 1
INSTRUMENTATION_STATUS: numtests=161
INSTRUMENTATION_STATUS: stream=.
INSTRUMENTATION_STATUS: id=AndroidJUnitRunner
INSTRUMENTATION_STATUS: test=numberKeepsOriginalWithoutSmartTypingOrReads
INSTRUMENTATION_STATUS: class=io.github.mesteriis.rune.keyboard.qa.NonNormalEditorInstrumentedTest
INSTRUMENTATION_STATUS: current=126
INSTRUMENTATION_STATUS_CODE: 0
INSTRUMENTATION_STATUS: numtests=161
INSTRUMENTATION_STATUS: stream=
INSTRUMENTATION_STATUS: id=AndroidJUnitRunner
INSTRUMENTATION_STATUS: test=emailKeepsOriginalWithoutSmartTypingOrReads
INSTRUMENTATION_STATUS: class=io.github.mesteriis.rune.keyboard.qa.NonNormalEditorInstrumentedTest
INSTRUMENTATION_STATUS: current=127
INSTRUMENTATION_STATUS_CODE: 1
INSTRUMENTATION_STATUS: numtests=161
INSTRUMENTATION_STATUS: stream=.
INSTRUMENTATION_STATUS: id=AndroidJUnitRunner
INSTRUMENTATION_STATUS: test=emailKeepsOriginalWithoutSmartTypingOrReads
INSTRUMENTATION_STATUS: class=io.github.mesteriis.rune.keyboard.qa.NonNormalEditorInstrumentedTest
INSTRUMENTATION_STATUS: current=127
INSTRUMENTATION_STATUS_CODE: 0
INSTRUMENTATION_STATUS: numtests=161
INSTRUMENTATION_STATUS: stream=
INSTRUMENTATION_STATUS: id=AndroidJUnitRunner
INSTRUMENTATION_STATUS: test=noPersonalizedLearningKeepsOriginalWithoutSmartTypingOrReads
INSTRUMENTATION_STATUS: class=io.github.mesteriis.rune.keyboard.qa.NonNormalEditorInstrumentedTest
INSTRUMENTATION_STATUS: current=128
INSTRUMENTATION_STATUS_CODE: 1
INSTRUMENTATION_STATUS: numtests=161
INSTRUMENTATION_STATUS: stream=.
INSTRUMENTATION_STATUS: id=AndroidJUnitRunner
INSTRUMENTATION_STATUS: test=noPersonalizedLearningKeepsOriginalWithoutSmartTypingOrReads
INSTRUMENTATION_STATUS: class=io.github.mesteriis.rune.keyboard.qa.NonNormalEditorInstrumentedTest
INSTRUMENTATION_STATUS: current=128
INSTRUMENTATION_STATUS_CODE: 0
INSTRUMENTATION_STATUS: numtests=161
INSTRUMENTATION_STATUS: stream=
io.github.mesteriis.rune.keyboard.qa.OwnedBatchInstrumentedTest:
INSTRUMENTATION_STATUS: id=AndroidJUnitRunner
INSTRUMENTATION_STATUS: test=commitBoundaryAndRestoreOwnedRegionPreserveTextAndDoNotReadEditor
INSTRUMENTATION_STATUS: class=io.github.mesteriis.rune.keyboard.qa.OwnedBatchInstrumentedTest
INSTRUMENTATION_STATUS: current=129
INSTRUMENTATION_STATUS_CODE: 1
INSTRUMENTATION_STATUS: numtests=161
INSTRUMENTATION_STATUS: stream=.
INSTRUMENTATION_STATUS: id=AndroidJUnitRunner
INSTRUMENTATION_STATUS: test=commitBoundaryAndRestoreOwnedRegionPreserveTextAndDoNotReadEditor
INSTRUMENTATION_STATUS: class=io.github.mesteriis.rune.keyboard.qa.OwnedBatchInstrumentedTest
INSTRUMENTATION_STATUS: current=129
INSTRUMENTATION_STATUS_CODE: 0
INSTRUMENTATION_STATUS: numtests=161
INSTRUMENTATION_STATUS: stream=
io.github.mesteriis.rune.keyboard.qa.RapidTypingInstrumentedTest:
INSTRUMENTATION_STATUS: id=AndroidJUnitRunner
INSTRUMENTATION_STATUS: test=rapidTouchBurstKeepsEveryCharacterAcrossWordBoundaries
INSTRUMENTATION_STATUS: class=io.github.mesteriis.rune.keyboard.qa.RapidTypingInstrumentedTest
INSTRUMENTATION_STATUS: current=130
INSTRUMENTATION_STATUS_CODE: 1
INSTRUMENTATION_STATUS: rapid_touch_releases=75
INSTRUMENTATION_STATUS: rapid_touch_burst_ms=1975
INSTRUMENTATION_STATUS_CODE: 0
INSTRUMENTATION_STATUS: numtests=161
INSTRUMENTATION_STATUS: stream=.
INSTRUMENTATION_STATUS: id=AndroidJUnitRunner
INSTRUMENTATION_STATUS: test=rapidTouchBurstKeepsEveryCharacterAcrossWordBoundaries
INSTRUMENTATION_STATUS: class=io.github.mesteriis.rune.keyboard.qa.RapidTypingInstrumentedTest
INSTRUMENTATION_STATUS: current=130
INSTRUMENTATION_STATUS_CODE: 0
INSTRUMENTATION_STATUS: numtests=161
INSTRUMENTATION_STATUS: stream=
io.github.mesteriis.rune.keyboard.qa.RawEditorInstrumentedTest:
INSTRUMENTATION_STATUS: id=AndroidJUnitRunner
INSTRUMENTATION_STATUS: test=typeNullUsesRawKeysWithoutCompositionCorrectionsStripOrReadback
INSTRUMENTATION_STATUS: class=io.github.mesteriis.rune.keyboard.qa.RawEditorInstrumentedTest
INSTRUMENTATION_STATUS: current=131
INSTRUMENTATION_STATUS_CODE: 1
INSTRUMENTATION_STATUS: numtests=161
INSTRUMENTATION_STATUS: stream=.
INSTRUMENTATION_STATUS: id=AndroidJUnitRunner
INSTRUMENTATION_STATUS: test=typeNullUsesRawKeysWithoutCompositionCorrectionsStripOrReadback
INSTRUMENTATION_STATUS: class=io.github.mesteriis.rune.keyboard.qa.RawEditorInstrumentedTest
INSTRUMENTATION_STATUS: current=131
INSTRUMENTATION_STATUS_CODE: 0
INSTRUMENTATION_STATUS: numtests=161
INSTRUMENTATION_STATUS: stream=
io.github.mesteriis.rune.keyboard.qa.RealModelTypingInstrumentedTest:
INSTRUMENTATION_STATUS: id=AndroidJUnitRunner
INSTRUMENTATION_STATUS: test=installedModelCorrectsOnSpaceWithoutTapAndBackspaceRestoresOriginal
INSTRUMENTATION_STATUS: class=io.github.mesteriis.rune.keyboard.qa.RealModelTypingInstrumentedTest
INSTRUMENTATION_STATUS: current=132
INSTRUMENTATION_STATUS_CODE: 1
INSTRUMENTATION_STATUS: numtests=161
INSTRUMENTATION_STATUS: stream=
io.github.mesteriis.rune.keyboard.qa.RealModelTypingInstrumentedTest:
INSTRUMENTATION_STATUS: id=AndroidJUnitRunner
INSTRUMENTATION_STATUS: test=installedModelCorrectsOnSpaceWithoutTapAndBackspaceRestoresOriginal
INSTRUMENTATION_STATUS: class=io.github.mesteriis.rune.keyboard.qa.RealModelTypingInstrumentedTest
INSTRUMENTATION_STATUS: stack=org.junit.AssumptionViolatedException: Explicit installed-model typing probe only
	at org.junit.Assume.assumeTrue(Assume.java:68)
	at io.github.mesteriis.rune.keyboard.qa.RealModelTypingInstrumentedTest.installedModelCorrectsOnSpaceWithoutTapAndBackspaceRestoresOriginal(RealModelTypingInstrumentedTest.kt:25)

INSTRUMENTATION_STATUS: current=132
INSTRUMENTATION_STATUS_CODE: -4
INSTRUMENTATION_STATUS: numtests=161
INSTRUMENTATION_STATUS: stream=
io.github.mesteriis.rune.keyboard.qa.SmartTypingComposingInstrumentedTest:
INSTRUMENTATION_STATUS: id=AndroidJUnitRunner
INSTRUMENTATION_STATUS: test=droppedSpanWithExplicitCallbackContinuesAsPlainText
INSTRUMENTATION_STATUS: class=io.github.mesteriis.rune.keyboard.qa.SmartTypingComposingInstrumentedTest
INSTRUMENTATION_STATUS: current=133
INSTRUMENTATION_STATUS_CODE: 1
INSTRUMENTATION_STATUS: numtests=161
INSTRUMENTATION_STATUS: stream=.
INSTRUMENTATION_STATUS: id=AndroidJUnitRunner
INSTRUMENTATION_STATUS: test=droppedSpanWithExplicitCallbackContinuesAsPlainText
INSTRUMENTATION_STATUS: class=io.github.mesteriis.rune.keyboard.qa.SmartTypingComposingInstrumentedTest
INSTRUMENTATION_STATUS: current=133
INSTRUMENTATION_STATUS_CODE: 0
INSTRUMENTATION_STATUS: numtests=161
INSTRUMENTATION_STATUS: stream=
INSTRUMENTATION_STATUS: id=AndroidJUnitRunner
INSTRUMENTATION_STATUS: test=rejectedSpanWithExplicitCallbackContinuesAsPlainText
INSTRUMENTATION_STATUS: class=io.github.mesteriis.rune.keyboard.qa.SmartTypingComposingInstrumentedTest
INSTRUMENTATION_STATUS: current=134
INSTRUMENTATION_STATUS_CODE: 1
INSTRUMENTATION_STATUS: numtests=161
INSTRUMENTATION_STATUS: stream=.
INSTRUMENTATION_STATUS: id=AndroidJUnitRunner
INSTRUMENTATION_STATUS: test=rejectedSpanWithExplicitCallbackContinuesAsPlainText
INSTRUMENTATION_STATUS: class=io.github.mesteriis.rune.keyboard.qa.SmartTypingComposingInstrumentedTest
INSTRUMENTATION_STATUS: current=134
INSTRUMENTATION_STATUS_CODE: 0
INSTRUMENTATION_STATUS: numtests=161
INSTRUMENTATION_STATUS: stream=
INSTRUMENTATION_STATUS: id=AndroidJUnitRunner
INSTRUMENTATION_STATUS: test=changingToSensitiveEditorRemovesThePreviousOriginalFromTheStrip
INSTRUMENTATION_STATUS: class=io.github.mesteriis.rune.keyboard.qa.SmartTypingComposingInstrumentedTest
INSTRUMENTATION_STATUS: current=135
INSTRUMENTATION_STATUS_CODE: 1
INSTRUMENTATION_STATUS: numtests=161
INSTRUMENTATION_STATUS: stream=.
INSTRUMENTATION_STATUS: id=AndroidJUnitRunner
INSTRUMENTATION_STATUS: test=changingToSensitiveEditorRemovesThePreviousOriginalFromTheStrip
INSTRUMENTATION_STATUS: class=io.github.mesteriis.rune.keyboard.qa.SmartTypingComposingInstrumentedTest
INSTRUMENTATION_STATUS: current=135
INSTRUMENTATION_STATUS_CODE: 0
INSTRUMENTATION_STATUS: numtests=161
INSTRUMENTATION_STATUS: stream=
INSTRUMENTATION_STATUS: id=AndroidJUnitRunner
INSTRUMENTATION_STATUS: test=noPersonalizedLearningNeverReadsEditorTextOrSetsComposition
INSTRUMENTATION_STATUS: class=io.github.mesteriis.rune.keyboard.qa.SmartTypingComposingInstrumentedTest
INSTRUMENTATION_STATUS: current=136
INSTRUMENTATION_STATUS_CODE: 1
INSTRUMENTATION_STATUS: numtests=161
INSTRUMENTATION_STATUS: stream=.
INSTRUMENTATION_STATUS: id=AndroidJUnitRunner
INSTRUMENTATION_STATUS: test=noPersonalizedLearningNeverReadsEditorTextOrSetsComposition
INSTRUMENTATION_STATUS: class=io.github.mesteriis.rune.keyboard.qa.SmartTypingComposingInstrumentedTest
INSTRUMENTATION_STATUS: current=136
INSTRUMENTATION_STATUS_CODE: 0
INSTRUMENTATION_STATUS: numtests=161
INSTRUMENTATION_STATUS: stream=
INSTRUMENTATION_STATUS: id=AndroidJUnitRunner
INSTRUMENTATION_STATUS: test=droppedOwnedSpanWithCallbackDisablesCompositionForTheSession
INSTRUMENTATION_STATUS: class=io.github.mesteriis.rune.keyboard.qa.SmartTypingComposingInstrumentedTest
INSTRUMENTATION_STATUS: current=137
INSTRUMENTATION_STATUS_CODE: 1
INSTRUMENTATION_STATUS: numtests=161
INSTRUMENTATION_STATUS: stream=.
INSTRUMENTATION_STATUS: id=AndroidJUnitRunner
INSTRUMENTATION_STATUS: test=droppedOwnedSpanWithCallbackDisablesCompositionForTheSession
INSTRUMENTATION_STATUS: class=io.github.mesteriis.rune.keyboard.qa.SmartTypingComposingInstrumentedTest
INSTRUMENTATION_STATUS: current=137
INSTRUMENTATION_STATUS_CODE: 0
INSTRUMENTATION_STATUS: numtests=161
INSTRUMENTATION_STATUS: stream=
INSTRUMENTATION_STATUS: id=AndroidJUnitRunner
INSTRUMENTATION_STATUS: test=cursorMovementAndSelectionFinishTheOldSpan
INSTRUMENTATION_STATUS: class=io.github.mesteriis.rune.keyboard.qa.SmartTypingComposingInstrumentedTest
INSTRUMENTATION_STATUS: current=138
INSTRUMENTATION_STATUS_CODE: 1
INSTRUMENTATION_STATUS: numtests=161
INSTRUMENTATION_STATUS: stream=.
INSTRUMENTATION_STATUS: id=AndroidJUnitRunner
INSTRUMENTATION_STATUS: test=cursorMovementAndSelectionFinishTheOldSpan
INSTRUMENTATION_STATUS: class=io.github.mesteriis.rune.keyboard.qa.SmartTypingComposingInstrumentedTest
INSTRUMENTATION_STATUS: current=138
INSTRUMENTATION_STATUS_CODE: 0
INSTRUMENTATION_STATUS: numtests=161
INSTRUMENTATION_STATUS: stream=
INSTRUMENTATION_STATUS: id=AndroidJUnitRunner
INSTRUMENTATION_STATUS: test=restartInputDoesNotReplaceOrDuplicateThePriorComposition
INSTRUMENTATION_STATUS: class=io.github.mesteriis.rune.keyboard.qa.SmartTypingComposingInstrumentedTest
INSTRUMENTATION_STATUS: current=139
INSTRUMENTATION_STATUS_CODE: 1
INSTRUMENTATION_STATUS: numtests=161
INSTRUMENTATION_STATUS: stream=.
INSTRUMENTATION_STATUS: id=AndroidJUnitRunner
INSTRUMENTATION_STATUS: test=restartInputDoesNotReplaceOrDuplicateThePriorComposition
INSTRUMENTATION_STATUS: class=io.github.mesteriis.rune.keyboard.qa.SmartTypingComposingInstrumentedTest
INSTRUMENTATION_STATUS: current=139
INSTRUMENTATION_STATUS_CODE: 0
INSTRUMENTATION_STATUS: numtests=161
INSTRUMENTATION_STATUS: stream=
INSTRUMENTATION_STATUS: id=AndroidJUnitRunner
INSTRUMENTATION_STATUS: test=languageSwitchPreservesTextAndFinishesComposition
INSTRUMENTATION_STATUS: class=io.github.mesteriis.rune.keyboard.qa.SmartTypingComposingInstrumentedTest
INSTRUMENTATION_STATUS: current=140
INSTRUMENTATION_STATUS_CODE: 1
INSTRUMENTATION_STATUS: numtests=161
INSTRUMENTATION_STATUS: stream=.
INSTRUMENTATION_STATUS: id=AndroidJUnitRunner
INSTRUMENTATION_STATUS: test=languageSwitchPreservesTextAndFinishesComposition
INSTRUMENTATION_STATUS: class=io.github.mesteriis.rune.keyboard.qa.SmartTypingComposingInstrumentedTest
INSTRUMENTATION_STATUS: current=140
INSTRUMENTATION_STATUS_CODE: 0
INSTRUMENTATION_STATUS: numtests=161
INSTRUMENTATION_STATUS: stream=
INSTRUMENTATION_STATUS: id=AndroidJUnitRunner
INSTRUMENTATION_STATUS: test=doubleSpaceWithoutOwnedWordKeepsBothSpacesAndDoesNotReadEditor
INSTRUMENTATION_STATUS: class=io.github.mesteriis.rune.keyboard.qa.SmartTypingComposingInstrumentedTest
INSTRUMENTATION_STATUS: current=141
INSTRUMENTATION_STATUS_CODE: 1
INSTRUMENTATION_STATUS: numtests=161
INSTRUMENTATION_STATUS: stream=.
INSTRUMENTATION_STATUS: id=AndroidJUnitRunner
INSTRUMENTATION_STATUS: test=doubleSpaceWithoutOwnedWordKeepsBothSpacesAndDoesNotReadEditor
INSTRUMENTATION_STATUS: class=io.github.mesteriis.rune.keyboard.qa.SmartTypingComposingInstrumentedTest
INSTRUMENTATION_STATUS: current=141
INSTRUMENTATION_STATUS_CODE: 0
INSTRUMENTATION_STATUS: numtests=161
INSTRUMENTATION_STATUS: stream=
INSTRUMENTATION_STATUS: id=AndroidJUnitRunner
INSTRUMENTATION_STATUS: test=editorRewriteInvalidatesOwnedTextWithoutReplay
INSTRUMENTATION_STATUS: class=io.github.mesteriis.rune.keyboard.qa.SmartTypingComposingInstrumentedTest
INSTRUMENTATION_STATUS: current=142
INSTRUMENTATION_STATUS_CODE: 1
INSTRUMENTATION_STATUS: numtests=161
INSTRUMENTATION_STATUS: stream=.
INSTRUMENTATION_STATUS: id=AndroidJUnitRunner
INSTRUMENTATION_STATUS: test=editorRewriteInvalidatesOwnedTextWithoutReplay
INSTRUMENTATION_STATUS: class=io.github.mesteriis.rune.keyboard.qa.SmartTypingComposingInstrumentedTest
INSTRUMENTATION_STATUS: current=142
INSTRUMENTATION_STATUS_CODE: 0
INSTRUMENTATION_STATUS: numtests=161
INSTRUMENTATION_STATUS: stream=
INSTRUMENTATION_STATUS: id=AndroidJUnitRunner
INSTRUMENTATION_STATUS: test=currentOriginalStripTapDoesNotWriteEditorAndUpdatesWithTheWord
INSTRUMENTATION_STATUS: class=io.github.mesteriis.rune.keyboard.qa.SmartTypingComposingInstrumentedTest
INSTRUMENTATION_STATUS: current=143
INSTRUMENTATION_STATUS_CODE: 1
INSTRUMENTATION_STATUS: numtests=161
INSTRUMENTATION_STATUS: stream=.
INSTRUMENTATION_STATUS: id=AndroidJUnitRunner
INSTRUMENTATION_STATUS: test=currentOriginalStripTapDoesNotWriteEditorAndUpdatesWithTheWord
INSTRUMENTATION_STATUS: class=io.github.mesteriis.rune.keyboard.qa.SmartTypingComposingInstrumentedTest
INSTRUMENTATION_STATUS: current=143
INSTRUMENTATION_STATUS_CODE: 0
INSTRUMENTATION_STATUS: numtests=161
INSTRUMENTATION_STATUS: stream=
INSTRUMENTATION_STATUS: id=AndroidJUnitRunner
INSTRUMENTATION_STATUS: test=inputViewDetachDoesNotReplayThePriorComposition
INSTRUMENTATION_STATUS: class=io.github.mesteriis.rune.keyboard.qa.SmartTypingComposingInstrumentedTest
INSTRUMENTATION_STATUS: current=144
INSTRUMENTATION_STATUS_CODE: 1
INSTRUMENTATION_STATUS: numtests=161
INSTRUMENTATION_STATUS: stream=.
INSTRUMENTATION_STATUS: id=AndroidJUnitRunner
INSTRUMENTATION_STATUS: test=inputViewDetachDoesNotReplayThePriorComposition
INSTRUMENTATION_STATUS: class=io.github.mesteriis.rune.keyboard.qa.SmartTypingComposingInstrumentedTest
INSTRUMENTATION_STATUS: current=144
INSTRUMENTATION_STATUS_CODE: 0
INSTRUMENTATION_STATUS: numtests=161
INSTRUMENTATION_STATUS: stream=
INSTRUMENTATION_STATUS: id=AndroidJUnitRunner
INSTRUMENTATION_STATUS: test=stationarySpaceHoldFinishesCompositionBeforeAnyCursorStep
INSTRUMENTATION_STATUS: class=io.github.mesteriis.rune.keyboard.qa.SmartTypingComposingInstrumentedTest
INSTRUMENTATION_STATUS: current=145
INSTRUMENTATION_STATUS_CODE: 1
INSTRUMENTATION_STATUS: numtests=161
INSTRUMENTATION_STATUS: stream=.
INSTRUMENTATION_STATUS: id=AndroidJUnitRunner
INSTRUMENTATION_STATUS: test=stationarySpaceHoldFinishesCompositionBeforeAnyCursorStep
INSTRUMENTATION_STATUS: class=io.github.mesteriis.rune.keyboard.qa.SmartTypingComposingInstrumentedTest
INSTRUMENTATION_STATUS: current=145
INSTRUMENTATION_STATUS_CODE: 0
INSTRUMENTATION_STATUS: numtests=161
INSTRUMENTATION_STATUS: stream=
INSTRUMENTATION_STATUS: id=AndroidJUnitRunner
INSTRUMENTATION_STATUS: test=doubleSpaceUndoSurvivesBinderSelectionAcknowledgement
INSTRUMENTATION_STATUS: class=io.github.mesteriis.rune.keyboard.qa.SmartTypingComposingInstrumentedTest
INSTRUMENTATION_STATUS: current=146
INSTRUMENTATION_STATUS_CODE: 1
INSTRUMENTATION_STATUS: numtests=161
INSTRUMENTATION_STATUS: stream=.
INSTRUMENTATION_STATUS: id=AndroidJUnitRunner
INSTRUMENTATION_STATUS: test=doubleSpaceUndoSurvivesBinderSelectionAcknowledgement
INSTRUMENTATION_STATUS: class=io.github.mesteriis.rune.keyboard.qa.SmartTypingComposingInstrumentedTest
INSTRUMENTATION_STATUS: current=146
INSTRUMENTATION_STATUS_CODE: 0
INSTRUMENTATION_STATUS: numtests=161
INSTRUMENTATION_STATUS: stream=
INSTRUMENTATION_STATUS: id=AndroidJUnitRunner
INSTRUMENTATION_STATUS: test=wordAndLeadingBoundaryComposeAndDeleteWithoutReplayingCommittedText
INSTRUMENTATION_STATUS: class=io.github.mesteriis.rune.keyboard.qa.SmartTypingComposingInstrumentedTest
INSTRUMENTATION_STATUS: current=147
INSTRUMENTATION_STATUS_CODE: 1
INSTRUMENTATION_STATUS: numtests=161
INSTRUMENTATION_STATUS: stream=.
INSTRUMENTATION_STATUS: id=AndroidJUnitRunner
INSTRUMENTATION_STATUS: test=wordAndLeadingBoundaryComposeAndDeleteWithoutReplayingCommittedText
INSTRUMENTATION_STATUS: class=io.github.mesteriis.rune.keyboard.qa.SmartTypingComposingInstrumentedTest
INSTRUMENTATION_STATUS: current=147
INSTRUMENTATION_STATUS_CODE: 0
INSTRUMENTATION_STATUS: numtests=161
INSTRUMENTATION_STATUS: stream=
io.github.mesteriis.rune.keyboard.qa.SmartTypingSettingsInstrumentedTest:
INSTRUMENTATION_STATUS: id=AndroidJUnitRunner
INSTRUMENTATION_STATUS: test=spellingAndStripChangesPreserveMechanicalUndoAndIndependentDoubleSpace
INSTRUMENTATION_STATUS: class=io.github.mesteriis.rune.keyboard.qa.SmartTypingSettingsInstrumentedTest
INSTRUMENTATION_STATUS: current=148
INSTRUMENTATION_STATUS_CODE: 1
INSTRUMENTATION_STATUS: numtests=161
INSTRUMENTATION_STATUS: stream=.
INSTRUMENTATION_STATUS: id=AndroidJUnitRunner
INSTRUMENTATION_STATUS: test=spellingAndStripChangesPreserveMechanicalUndoAndIndependentDoubleSpace
INSTRUMENTATION_STATUS: class=io.github.mesteriis.rune.keyboard.qa.SmartTypingSettingsInstrumentedTest
INSTRUMENTATION_STATUS: current=148
INSTRUMENTATION_STATUS_CODE: 0
INSTRUMENTATION_STATUS: numtests=161
INSTRUMENTATION_STATUS: stream=
INSTRUMENTATION_STATUS: id=AndroidJUnitRunner
INSTRUMENTATION_STATUS: test=stripToggleCancelAndPrivateTransitionCannotResurrectOldCandidateContent
INSTRUMENTATION_STATUS: class=io.github.mesteriis.rune.keyboard.qa.SmartTypingSettingsInstrumentedTest
INSTRUMENTATION_STATUS: current=149
INSTRUMENTATION_STATUS_CODE: 1
INSTRUMENTATION_STATUS: numtests=161
INSTRUMENTATION_STATUS: stream=.
INSTRUMENTATION_STATUS: id=AndroidJUnitRunner
INSTRUMENTATION_STATUS: test=stripToggleCancelAndPrivateTransitionCannotResurrectOldCandidateContent
INSTRUMENTATION_STATUS: class=io.github.mesteriis.rune.keyboard.qa.SmartTypingSettingsInstrumentedTest
INSTRUMENTATION_STATUS: current=149
INSTRUMENTATION_STATUS_CODE: 0
INSTRUMENTATION_STATUS: numtests=161
INSTRUMENTATION_STATUS: stream=
INSTRUMENTATION_STATUS: id=AndroidJUnitRunner
INSTRUMENTATION_STATUS: test=disablingSpellingCancelsHeldCorrectionWithoutEditorMutation
INSTRUMENTATION_STATUS: class=io.github.mesteriis.rune.keyboard.qa.SmartTypingSettingsInstrumentedTest
INSTRUMENTATION_STATUS: current=150
INSTRUMENTATION_STATUS_CODE: 1
INSTRUMENTATION_STATUS: numtests=161
INSTRUMENTATION_STATUS: stream=.
INSTRUMENTATION_STATUS: id=AndroidJUnitRunner
INSTRUMENTATION_STATUS: test=disablingSpellingCancelsHeldCorrectionWithoutEditorMutation
INSTRUMENTATION_STATUS: class=io.github.mesteriis.rune.keyboard.qa.SmartTypingSettingsInstrumentedTest
INSTRUMENTATION_STATUS: current=150
INSTRUMENTATION_STATUS_CODE: 0
INSTRUMENTATION_STATUS: numtests=161
INSTRUMENTATION_STATUS: stream=
INSTRUMENTATION_STATUS: id=AndroidJUnitRunner
INSTRUMENTATION_STATUS: test=liveOffDropsCorrectionsAndEnableWaitsForExplicitEdit
INSTRUMENTATION_STATUS: class=io.github.mesteriis.rune.keyboard.qa.SmartTypingSettingsInstrumentedTest
INSTRUMENTATION_STATUS: current=151
INSTRUMENTATION_STATUS_CODE: 1
INSTRUMENTATION_STATUS: numtests=161
INSTRUMENTATION_STATUS: stream=.
INSTRUMENTATION_STATUS: id=AndroidJUnitRunner
INSTRUMENTATION_STATUS: test=liveOffDropsCorrectionsAndEnableWaitsForExplicitEdit
INSTRUMENTATION_STATUS: class=io.github.mesteriis.rune.keyboard.qa.SmartTypingSettingsInstrumentedTest
INSTRUMENTATION_STATUS: current=151
INSTRUMENTATION_STATUS_CODE: 0
INSTRUMENTATION_STATUS: numtests=161
INSTRUMENTATION_STATUS: stream=
INSTRUMENTATION_STATUS: id=AndroidJUnitRunner
INSTRUMENTATION_STATUS: test=stripBothDirectionsAndRepeatedTogglesPreserveHeldKeyAndSingleRelease
INSTRUMENTATION_STATUS: class=io.github.mesteriis.rune.keyboard.qa.SmartTypingSettingsInstrumentedTest
INSTRUMENTATION_STATUS: current=152
INSTRUMENTATION_STATUS_CODE: 1
INSTRUMENTATION_STATUS: numtests=161
INSTRUMENTATION_STATUS: stream=.
INSTRUMENTATION_STATUS: id=AndroidJUnitRunner
INSTRUMENTATION_STATUS: test=stripBothDirectionsAndRepeatedTogglesPreserveHeldKeyAndSingleRelease
INSTRUMENTATION_STATUS: class=io.github.mesteriis.rune.keyboard.qa.SmartTypingSettingsInstrumentedTest
INSTRUMENTATION_STATUS: current=152
INSTRUMENTATION_STATUS_CODE: 0
INSTRUMENTATION_STATUS: numtests=161
INSTRUMENTATION_STATUS: stream=
INSTRUMENTATION_STATUS: id=AndroidJUnitRunner
INSTRUMENTATION_STATUS: test=controlsPersistIndependentlyAndExplainCurrentCapabilities
INSTRUMENTATION_STATUS: class=io.github.mesteriis.rune.keyboard.qa.SmartTypingSettingsInstrumentedTest
INSTRUMENTATION_STATUS: current=153
INSTRUMENTATION_STATUS_CODE: 1
INSTRUMENTATION_STATUS: numtests=161
INSTRUMENTATION_STATUS: stream=.
INSTRUMENTATION_STATUS: id=AndroidJUnitRunner
INSTRUMENTATION_STATUS: test=controlsPersistIndependentlyAndExplainCurrentCapabilities
INSTRUMENTATION_STATUS: class=io.github.mesteriis.rune.keyboard.qa.SmartTypingSettingsInstrumentedTest
INSTRUMENTATION_STATUS: current=153
INSTRUMENTATION_STATUS_CODE: 0
INSTRUMENTATION_STATUS: numtests=161
INSTRUMENTATION_STATUS: stream=
io.github.mesteriis.rune.keyboard.qa.TypingDiagnosticsInstrumentedTest:
INSTRUMENTATION_STATUS: id=AndroidJUnitRunner
INSTRUMENTATION_STATUS: test=recreationDuringSecondConfirmationLeavesTextOff
INSTRUMENTATION_STATUS: class=io.github.mesteriis.rune.keyboard.qa.TypingDiagnosticsInstrumentedTest
INSTRUMENTATION_STATUS: current=154
INSTRUMENTATION_STATUS_CODE: 1
INSTRUMENTATION_STATUS: numtests=161
INSTRUMENTATION_STATUS: stream=.
INSTRUMENTATION_STATUS: id=AndroidJUnitRunner
INSTRUMENTATION_STATUS: test=recreationDuringSecondConfirmationLeavesTextOff
INSTRUMENTATION_STATUS: class=io.github.mesteriis.rune.keyboard.qa.TypingDiagnosticsInstrumentedTest
INSTRUMENTATION_STATUS: current=154
INSTRUMENTATION_STATUS_CODE: 0
INSTRUMENTATION_STATUS: numtests=161
INSTRUMENTATION_STATUS: stream=
INSTRUMENTATION_STATUS: id=AndroidJUnitRunner
INSTRUMENTATION_STATUS: test=consentStartsWithFreshRuneInputAndDisableStopsTextOnly
INSTRUMENTATION_STATUS: class=io.github.mesteriis.rune.keyboard.qa.TypingDiagnosticsInstrumentedTest
INSTRUMENTATION_STATUS: current=155
INSTRUMENTATION_STATUS_CODE: 1
INSTRUMENTATION_STATUS: numtests=161
INSTRUMENTATION_STATUS: stream=.
INSTRUMENTATION_STATUS: id=AndroidJUnitRunner
INSTRUMENTATION_STATUS: test=consentStartsWithFreshRuneInputAndDisableStopsTextOnly
INSTRUMENTATION_STATUS: class=io.github.mesteriis.rune.keyboard.qa.TypingDiagnosticsInstrumentedTest
INSTRUMENTATION_STATUS: current=155
INSTRUMENTATION_STATUS_CODE: 0
INSTRUMENTATION_STATUS: numtests=161
INSTRUMENTATION_STATUS: stream=
INSTRUMENTATION_STATUS: id=AndroidJUnitRunner
INSTRUMENTATION_STATUS: test=managementDeleteDisablesBothAndRemovesManagedLogs
INSTRUMENTATION_STATUS: class=io.github.mesteriis.rune.keyboard.qa.TypingDiagnosticsInstrumentedTest
INSTRUMENTATION_STATUS: current=156
INSTRUMENTATION_STATUS_CODE: 1
INSTRUMENTATION_STATUS: numtests=161
INSTRUMENTATION_STATUS: stream=.
INSTRUMENTATION_STATUS: id=AndroidJUnitRunner
INSTRUMENTATION_STATUS: test=managementDeleteDisablesBothAndRemovesManagedLogs
INSTRUMENTATION_STATUS: class=io.github.mesteriis.rune.keyboard.qa.TypingDiagnosticsInstrumentedTest
INSTRUMENTATION_STATUS: current=156
INSTRUMENTATION_STATUS_CODE: 0
INSTRUMENTATION_STATUS: numtests=161
INSTRUMENTATION_STATUS: stream=
INSTRUMENTATION_STATUS: id=AndroidJUnitRunner
INSTRUMENTATION_STATUS: test=actualCandidateDecisionUndoAndSensitiveExclusionsReachSeparateStreams
INSTRUMENTATION_STATUS: class=io.github.mesteriis.rune.keyboard.qa.TypingDiagnosticsInstrumentedTest
INSTRUMENTATION_STATUS: current=157
INSTRUMENTATION_STATUS_CODE: 1
INSTRUMENTATION_STATUS: numtests=161
INSTRUMENTATION_STATUS: stream=.
INSTRUMENTATION_STATUS: id=AndroidJUnitRunner
INSTRUMENTATION_STATUS: test=actualCandidateDecisionUndoAndSensitiveExclusionsReachSeparateStreams
INSTRUMENTATION_STATUS: class=io.github.mesteriis.rune.keyboard.qa.TypingDiagnosticsInstrumentedTest
INSTRUMENTATION_STATUS: current=157
INSTRUMENTATION_STATUS_CODE: 0
INSTRUMENTATION_STATUS: numtests=161
INSTRUMENTATION_STATUS: stream=
INSTRUMENTATION_STATUS: id=AndroidJUnitRunner
INSTRUMENTATION_STATUS: test=twoConfirmationsCancelIndependentlyAndSwitchesRemainIndependent
INSTRUMENTATION_STATUS: class=io.github.mesteriis.rune.keyboard.qa.TypingDiagnosticsInstrumentedTest
INSTRUMENTATION_STATUS: current=158
INSTRUMENTATION_STATUS_CODE: 1
INSTRUMENTATION_STATUS: numtests=161
INSTRUMENTATION_STATUS: stream=.
INSTRUMENTATION_STATUS: id=AndroidJUnitRunner
INSTRUMENTATION_STATUS: test=twoConfirmationsCancelIndependentlyAndSwitchesRemainIndependent
INSTRUMENTATION_STATUS: class=io.github.mesteriis.rune.keyboard.qa.TypingDiagnosticsInstrumentedTest
INSTRUMENTATION_STATUS: current=158
INSTRUMENTATION_STATUS_CODE: 0
INSTRUMENTATION_STATUS: numtests=161
INSTRUMENTATION_STATUS: stream=
io.github.mesteriis.rune.keyboard.smarttyping.lexicon.PackedLexiconAssetsInstrumentedTest:
INSTRUMENTATION_STATUS: id=AndroidJUnitRunner
INSTRUMENTATION_STATUS: test=packagedMappingsNoticesAndExactReferencesAreAvailableOffMainThread
INSTRUMENTATION_STATUS: class=io.github.mesteriis.rune.keyboard.smarttyping.lexicon.PackedLexiconAssetsInstrumentedTest
INSTRUMENTATION_STATUS: current=159
INSTRUMENTATION_STATUS_CODE: 1
INSTRUMENTATION_STATUS: canonical_case_contract=v1 language=0 wall_ns=212961917 cpu_ns=199929535
INSTRUMENTATION_STATUS_CODE: 0
INSTRUMENTATION_STATUS: canonical_case_contract=v1 language=1 wall_ns=11567958 cpu_ns=11525417
INSTRUMENTATION_STATUS_CODE: 0
INSTRUMENTATION_STATUS: canonical_case_contract=v1 language=2 wall_ns=164264042 cpu_ns=162013209
INSTRUMENTATION_STATUS_CODE: 0
INSTRUMENTATION_STATUS: packed_reader_contract=v1 language=0 open_ns=110417 load_ns=322440917 cpu_ns=320503745 mapped_bytes=5388002 words=121255 nodes=272385 references=8 java_before=5893184 java_after=5425312 pss_kib_before=51326 pss_kib_after=56122
INSTRUMENTATION_STATUS_CODE: 0
INSTRUMENTATION_STATUS: packed_reader_contract=v1 language=1 open_ns=49457 load_ns=2036264668 cpu_ns=2032277872 mapped_bytes=25190742 words=668267 nodes=1250979 references=8 java_before=5425312 java_after=4619312 pss_kib_before=56030 pss_kib_after=75446
INSTRUMENTATION_STATUS_CODE: 0
INSTRUMENTATION_STATUS: packed_reader_contract=v1 language=2 open_ns=57042 load_ns=4992554128 cpu_ns=4984599154 mapped_bytes=46351852 words=1436553 nodes=2255866 references=8 java_before=4619312 java_after=4758544 pss_kib_before=75454 pss_kib_after=115582
INSTRUMENTATION_STATUS_CODE: 0
INSTRUMENTATION_STATUS: numtests=161
INSTRUMENTATION_STATUS: stream=.
INSTRUMENTATION_STATUS: id=AndroidJUnitRunner
INSTRUMENTATION_STATUS: test=packagedMappingsNoticesAndExactReferencesAreAvailableOffMainThread
INSTRUMENTATION_STATUS: class=io.github.mesteriis.rune.keyboard.smarttyping.lexicon.PackedLexiconAssetsInstrumentedTest
INSTRUMENTATION_STATUS: current=159
INSTRUMENTATION_STATUS_CODE: 0
INSTRUMENTATION_STATUS: numtests=161
INSTRUMENTATION_STATUS: stream=
io.github.mesteriis.rune.keyboard.smarttyping.lexicon.TopSevenInstrumentedTest:
INSTRUMENTATION_STATUS: id=AndroidJUnitRunner
INSTRUMENTATION_STATUS: test=requestedWidthsPreserveCertifiedPrefixes
INSTRUMENTATION_STATUS: class=io.github.mesteriis.rune.keyboard.smarttyping.lexicon.TopSevenInstrumentedTest
INSTRUMENTATION_STATUS: current=160
INSTRUMENTATION_STATUS_CODE: 1
INSTRUMENTATION_STATUS: candidate_width_measurement=v1 id=0 maximum=1 round=0 wall_ns=939083 cpu_ns=939625 states=1475 verified=13 completion=0 alternatives=1
INSTRUMENTATION_STATUS_CODE: 0
INSTRUMENTATION_STATUS: candidate_width_measurement=v1 id=0 maximum=3 round=0 wall_ns=2950958 cpu_ns=2890000 states=4713 verified=13 completion=0 alternatives=3
INSTRUMENTATION_STATUS_CODE: 0
INSTRUMENTATION_STATUS: candidate_width_measurement=v1 id=0 maximum=7 round=0 wall_ns=4878250 cpu_ns=4823001 states=8192 verified=13 completion=3 alternatives=7
INSTRUMENTATION_STATUS_CODE: 0
INSTRUMENTATION_STATUS: candidate_width_measurement=v1 id=1 maximum=7 round=0 wall_ns=648125 cpu_ns=611125 states=1438 verified=13 completion=0 alternatives=7
INSTRUMENTATION_STATUS_CODE: 0
INSTRUMENTATION_STATUS: candidate_width_measurement=v1 id=1 maximum=3 round=0 wall_ns=280958 cpu_ns=246291 states=444 verified=9 completion=0 alternatives=3
INSTRUMENTATION_STATUS_CODE: 0
INSTRUMENTATION_STATUS: candidate_width_measurement=v1 id=1 maximum=1 round=0 wall_ns=313084 cpu_ns=243750 states=444 verified=9 completion=0 alternatives=1
INSTRUMENTATION_STATUS_CODE: 0
INSTRUMENTATION_STATUS: candidate_width_measurement=v1 id=2 maximum=1 round=0 wall_ns=900209 cpu_ns=901542 states=1689 verified=2 completion=0 alternatives=1
INSTRUMENTATION_STATUS_CODE: 0
INSTRUMENTATION_STATUS: candidate_width_measurement=v1 id=2 maximum=3 round=0 wall_ns=3916250 cpu_ns=3864459 states=6379 verified=5 completion=0 alternatives=3
INSTRUMENTATION_STATUS_CODE: 0
INSTRUMENTATION_STATUS: candidate_width_measurement=v1 id=2 maximum=7 round=0 wall_ns=4682458 cpu_ns=4615875 states=8192 verified=5 completion=3 alternatives=5
INSTRUMENTATION_STATUS_CODE: 0
INSTRUMENTATION_STATUS: candidate_width_measurement=v1 id=3 maximum=7 round=0 wall_ns=3906125 cpu_ns=3848667 states=6441 verified=57 completion=0 alternatives=7
INSTRUMENTATION_STATUS_CODE: 0
INSTRUMENTATION_STATUS: candidate_width_measurement=v1 id=3 maximum=3 round=0 wall_ns=1818542 cpu_ns=1769209 states=2646 verified=46 completion=0 alternatives=3
INSTRUMENTATION_STATUS_CODE: 0
INSTRUMENTATION_STATUS: candidate_width_measurement=v1 id=3 maximum=1 round=0 wall_ns=1046042 cpu_ns=1009251 states=1775 verified=17 completion=0 alternatives=1
INSTRUMENTATION_STATUS_CODE: 0
INSTRUMENTATION_STATUS: candidate_width_measurement=v1 id=4 maximum=1 round=0 wall_ns=1006041 cpu_ns=968875 states=1562 verified=7 completion=0 alternatives=1
INSTRUMENTATION_STATUS_CODE: 0
INSTRUMENTATION_STATUS: candidate_width_measurement=v1 id=4 maximum=3 round=0 wall_ns=2771042 cpu_ns=2734875 states=4569 verified=7 completion=0 alternatives=3
INSTRUMENTATION_STATUS_CODE: 0
INSTRUMENTATION_STATUS: candidate_width_measurement=v1 id=4 maximum=7 round=0 wall_ns=4872000 cpu_ns=4832375 states=8192 verified=7 completion=3 alternatives=7
INSTRUMENTATION_STATUS_CODE: 0
INSTRUMENTATION_STATUS: candidate_width_measurement=v1 id=5 maximum=7 round=0 wall_ns=1613500 cpu_ns=1569875 states=2139 verified=59 completion=0 alternatives=7
INSTRUMENTATION_STATUS_CODE: 0
INSTRUMENTATION_STATUS: candidate_width_measurement=v1 id=5 maximum=3 round=0 wall_ns=1596917 cpu_ns=1546917 states=2139 verified=59 completion=0 alternatives=3
INSTRUMENTATION_STATUS_CODE: 0
INSTRUMENTATION_STATUS: candidate_width_measurement=v1 id=5 maximum=1 round=0 wall_ns=391459 cpu_ns=339583 states=514 verified=11 completion=0 alternatives=1
INSTRUMENTATION_STATUS_CODE: 0
INSTRUMENTATION_STATUS: candidate_width_measurement=v1 id=6 maximum=1 round=0 wall_ns=869125 cpu_ns=819291 states=1463 verified=6 completion=0 alternatives=1
INSTRUMENTATION_STATUS_CODE: 0
INSTRUMENTATION_STATUS: candidate_width_measurement=v1 id=6 maximum=3 round=0 wall_ns=3039459 cpu_ns=2964543 states=5398 verified=16 completion=0 alternatives=3
INSTRUMENTATION_STATUS_CODE: 0
INSTRUMENTATION_STATUS: candidate_width_measurement=v1 id=6 maximum=7 round=0 wall_ns=3022833 cpu_ns=2961500 states=5398 verified=16 completion=0 alternatives=7
INSTRUMENTATION_STATUS_CODE: 0
INSTRUMENTATION_STATUS: candidate_width_measurement=v1 id=7 maximum=7 round=0 wall_ns=3938417 cpu_ns=3939625 states=5678 verified=45 completion=0 alternatives=7
INSTRUMENTATION_STATUS_CODE: 0
INSTRUMENTATION_STATUS: candidate_width_measurement=v1 id=7 maximum=3 round=0 wall_ns=1165375 cpu_ns=1126874 states=1851 verified=8 completion=0 alternatives=3
INSTRUMENTATION_STATUS_CODE: 0
INSTRUMENTATION_STATUS: candidate_width_measurement=v1 id=7 maximum=1 round=0 wall_ns=1142583 cpu_ns=1093001 states=1851 verified=8 completion=0 alternatives=1
INSTRUMENTATION_STATUS_CODE: 0
INSTRUMENTATION_STATUS: candidate_width_measurement=v1 id=8 maximum=1 round=0 wall_ns=419875 cpu_ns=383583 states=327 verified=18 completion=0 alternatives=1
INSTRUMENTATION_STATUS_CODE: 0
INSTRUMENTATION_STATUS: candidate_width_measurement=v1 id=8 maximum=3 round=0 wall_ns=1480250 cpu_ns=1433333 states=1503 verified=64 completion=4 alternatives=3
INSTRUMENTATION_STATUS_CODE: 0
INSTRUMENTATION_STATUS: candidate_width_measurement=v1 id=8 maximum=7 round=0 wall_ns=1449500 cpu_ns=1404166 states=1503 verified=64 completion=4 alternatives=7
INSTRUMENTATION_STATUS_CODE: 0
INSTRUMENTATION_STATUS: candidate_width_measurement=v1 id=9 maximum=7 round=0 wall_ns=2515459 cpu_ns=2516625 states=4662 verified=13 completion=0 alternatives=7
INSTRUMENTATION_STATUS_CODE: 0
INSTRUMENTATION_STATUS: candidate_width_measurement=v1 id=9 maximum=3 round=0 wall_ns=809541 cpu_ns=767708 states=1282 verified=10 completion=0 alternatives=3
INSTRUMENTATION_STATUS_CODE: 0
INSTRUMENTATION_STATUS: candidate_width_measurement=v1 id=9 maximum=1 round=0 wall_ns=216125 cpu_ns=217209 states=358 verified=4 completion=0 alternatives=1
INSTRUMENTATION_STATUS_CODE: 0
INSTRUMENTATION_STATUS: candidate_width_measurement=v1 id=10 maximum=1 round=0 wall_ns=367500 cpu_ns=330667 states=422 verified=20 completion=0 alternatives=1
INSTRUMENTATION_STATUS_CODE: 0
INSTRUMENTATION_STATUS: candidate_width_measurement=v1 id=10 maximum=3 round=0 wall_ns=328542 cpu_ns=281208 states=422 verified=20 completion=0 alternatives=3
INSTRUMENTATION_STATUS_CODE: 0
INSTRUMENTATION_STATUS: candidate_width_measurement=v1 id=10 maximum=7 round=0 wall_ns=826250 cpu_ns=827750 states=1917 verified=42 completion=0 alternatives=7
INSTRUMENTATION_STATUS_CODE: 0
INSTRUMENTATION_STATUS: candidate_width_measurement=v1 id=11 maximum=7 round=0 wall_ns=5391167 cpu_ns=5353500 states=8192 verified=49 completion=3 alternatives=7
INSTRUMENTATION_STATUS_CODE: 0
INSTRUMENTATION_STATUS: candidate_width_measurement=v1 id=11 maximum=3 round=0 wall_ns=1442750 cpu_ns=1404250 states=2058 verified=28 completion=0 alternatives=3
INSTRUMENTATION_STATUS_CODE: 0
INSTRUMENTATION_STATUS: candidate_width_measurement=v1 id=11 maximum=1 round=0 wall_ns=1411500 cpu_ns=1369833 states=2058 verified=28 completion=0 alternatives=1
INSTRUMENTATION_STATUS_CODE: 0
INSTRUMENTATION_STATUS: candidate_width_measurement=v1 id=12 maximum=1 round=0 wall_ns=237375 cpu_ns=194918 states=324 verified=4 completion=0 alternatives=1
INSTRUMENTATION_STATUS_CODE: 0
INSTRUMENTATION_STATUS: candidate_width_measurement=v1 id=12 maximum=3 round=0 wall_ns=341375 cpu_ns=274833 states=420 verified=5 completion=0 alternatives=3
INSTRUMENTATION_STATUS_CODE: 0
INSTRUMENTATION_STATUS: candidate_width_measurement=v1 id=12 maximum=7 round=0 wall_ns=930875 cpu_ns=881292 states=1986 verified=15 completion=0 alternatives=7
INSTRUMENTATION_STATUS_CODE: 0
INSTRUMENTATION_STATUS: candidate_width_measurement=v1 id=13 maximum=7 round=0 wall_ns=2147875 cpu_ns=2149250 states=2999 verified=64 completion=4 alternatives=7
INSTRUMENTATION_STATUS_CODE: 0
INSTRUMENTATION_STATUS: candidate_width_measurement=v1 id=13 maximum=3 round=0 wall_ns=1258208 cpu_ns=1259250 states=1861 verified=44 completion=0 alternatives=3
INSTRUMENTATION_STATUS_CODE: 0
INSTRUMENTATION_STATUS: candidate_width_measurement=v1 id=13 maximum=1 round=0 wall_ns=560333 cpu_ns=561458 states=599 verified=26 completion=0 alternatives=1
INSTRUMENTATION_STATUS_CODE: 0
INSTRUMENTATION_STATUS: candidate_width_measurement=v1 id=14 maximum=1 round=0 wall_ns=1198208 cpu_ns=1199250 states=1930 verified=1 completion=0 alternatives=1
INSTRUMENTATION_STATUS_CODE: 0
INSTRUMENTATION_STATUS: candidate_width_measurement=v1 id=14 maximum=3 round=0 wall_ns=5180208 cpu_ns=5181583 states=8192 verified=1 completion=3 alternatives=1
INSTRUMENTATION_STATUS_CODE: 0
INSTRUMENTATION_STATUS: candidate_width_measurement=v1 id=14 maximum=7 round=0 wall_ns=4995667 cpu_ns=4997000 states=8192 verified=1 completion=3 alternatives=1
INSTRUMENTATION_STATUS_CODE: 0
INSTRUMENTATION_STATUS: candidate_width_measurement=v1 id=15 maximum=7 round=0 wall_ns=612958 cpu_ns=614292 states=1324 verified=9 completion=0 alternatives=7
INSTRUMENTATION_STATUS_CODE: 0
INSTRUMENTATION_STATUS: candidate_width_measurement=v1 id=15 maximum=3 round=0 wall_ns=571417 cpu_ns=572791 states=1324 verified=9 completion=0 alternatives=3
INSTRUMENTATION_STATUS_CODE: 0
INSTRUMENTATION_STATUS: candidate_width_measurement=v1 id=15 maximum=1 round=0 wall_ns=172250 cpu_ns=173084 states=250 verified=3 completion=0 alternatives=1
INSTRUMENTATION_STATUS_CODE: 0
INSTRUMENTATION_STATUS: candidate_width_measurement=v1 id=16 maximum=1 round=0 wall_ns=1027708 cpu_ns=1029083 states=1607 verified=13 completion=0 alternatives=1
INSTRUMENTATION_STATUS_CODE: 0
INSTRUMENTATION_STATUS: candidate_width_measurement=v1 id=16 maximum=3 round=0 wall_ns=1040375 cpu_ns=1041417 states=1607 verified=13 completion=0 alternatives=3
INSTRUMENTATION_STATUS_CODE: 0
INSTRUMENTATION_STATUS: candidate_width_measurement=v1 id=16 maximum=7 round=0 wall_ns=5656375 cpu_ns=5372543 states=8192 verified=14 completion=3 alternatives=7
INSTRUMENTATION_STATUS_CODE: 0
INSTRUMENTATION_STATUS: candidate_width_measurement=v1 id=17 maximum=7 round=0 wall_ns=4620291 cpu_ns=4621584 states=8192 verified=2 completion=3 alternatives=2
INSTRUMENTATION_STATUS_CODE: 0
INSTRUMENTATION_STATUS: candidate_width_measurement=v1 id=17 maximum=3 round=0 wall_ns=4644209 cpu_ns=4645208 states=8192 verified=2 completion=3 alternatives=2
INSTRUMENTATION_STATUS_CODE: 0
INSTRUMENTATION_STATUS: candidate_width_measurement=v1 id=17 maximum=1 round=0 wall_ns=855417 cpu_ns=856625 states=1517 verified=1 completion=0 alternatives=1
INSTRUMENTATION_STATUS_CODE: 0
INSTRUMENTATION_STATUS: candidate_width_measurement=v1 id=18 maximum=1 round=0 wall_ns=267584 cpu_ns=268792 states=411 verified=4 completion=0 alternatives=1
INSTRUMENTATION_STATUS_CODE: 0
INSTRUMENTATION_STATUS: candidate_width_measurement=v1 id=18 maximum=3 round=0 wall_ns=842250 cpu_ns=843333 states=2064 verified=5 completion=0 alternatives=3
INSTRUMENTATION_STATUS_CODE: 0
INSTRUMENTATION_STATUS: candidate_width_measurement=v1 id=18 maximum=7 round=0 wall_ns=1276542 cpu_ns=1277667 states=3409 verified=5 completion=0 alternatives=5
INSTRUMENTATION_STATUS_CODE: 0
INSTRUMENTATION_STATUS: candidate_width_measurement=v1 id=19 maximum=7 round=0 wall_ns=580000 cpu_ns=581042 states=1121 verified=50 completion=0 alternatives=7
INSTRUMENTATION_STATUS_CODE: 0
INSTRUMENTATION_STATUS: candidate_width_measurement=v1 id=19 maximum=3 round=0 wall_ns=252458 cpu_ns=253209 states=292 verified=29 completion=0 alternatives=3
INSTRUMENTATION_STATUS_CODE: 0
INSTRUMENTATION_STATUS: candidate_width_measurement=v1 id=19 maximum=1 round=0 wall_ns=262083 cpu_ns=263208 states=292 verified=29 completion=0 alternatives=1
INSTRUMENTATION_STATUS_CODE: 0
INSTRUMENTATION_STATUS: candidate_width_measurement=v1 id=20 maximum=1 round=0 wall_ns=2443875 cpu_ns=2444875 states=2619 verified=64 completion=4 alternatives=1
INSTRUMENTATION_STATUS_CODE: 0
INSTRUMENTATION_STATUS: candidate_width_measurement=v1 id=20 maximum=3 round=0 wall_ns=2186791 cpu_ns=2187916 states=2619 verified=64 completion=4 alternatives=3
INSTRUMENTATION_STATUS_CODE: 0
INSTRUMENTATION_STATUS: candidate_width_measurement=v1 id=20 maximum=7 round=0 wall_ns=2219250 cpu_ns=2220167 states=2619 verified=64 completion=4 alternatives=7
INSTRUMENTATION_STATUS_CODE: 0
INSTRUMENTATION_STATUS: candidate_width_measurement=v1 id=21 maximum=7 round=0 wall_ns=4286458 cpu_ns=4287625 states=5806 verified=21 completion=0 alternatives=7
INSTRUMENTATION_STATUS_CODE: 0
INSTRUMENTATION_STATUS: candidate_width_measurement=v1 id=21 maximum=3 round=0 wall_ns=1474083 cpu_ns=1475208 states=2111 verified=12 completion=0 alternatives=3
INSTRUMENTATION_STATUS_CODE: 0
INSTRUMENTATION_STATUS: candidate_width_measurement=v1 id=21 maximum=1 round=0 wall_ns=1447542 cpu_ns=1448584 states=2111 verified=12 completion=0 alternatives=1
INSTRUMENTATION_STATUS_CODE: 0
INSTRUMENTATION_STATUS: candidate_width_measurement=v1 id=22 maximum=1 round=0 wall_ns=210292 cpu_ns=211208 states=293 verified=2 completion=0 alternatives=1
INSTRUMENTATION_STATUS_CODE: 0
INSTRUMENTATION_STATUS: candidate_width_measurement=v1 id=22 maximum=3 round=0 wall_ns=878083 cpu_ns=878875 states=1928 verified=10 completion=0 alternatives=3
INSTRUMENTATION_STATUS_CODE: 0
INSTRUMENTATION_STATUS: candidate_width_measurement=v1 id=22 maximum=7 round=0 wall_ns=828625 cpu_ns=829500 states=1928 verified=10 completion=0 alternatives=7
INSTRUMENTATION_STATUS_CODE: 0
INSTRUMENTATION_STATUS: candidate_width_measurement=v1 id=23 maximum=7 round=0 wall_ns=844834 cpu_ns=846166 states=1455 verified=24 completion=0 alternatives=7
INSTRUMENTATION_STATUS_CODE: 0
INSTRUMENTATION_STATUS: candidate_width_measurement=v1 id=23 maximum=3 round=0 wall_ns=186084 cpu_ns=187125 states=253 verified=3 completion=0 alternatives=3
INSTRUMENTATION_STATUS_CODE: 0
INSTRUMENTATION_STATUS: candidate_width_measurement=v1 id=23 maximum=1 round=0 wall_ns=200208 cpu_ns=201292 states=253 verified=3 completion=0 alternatives=1
INSTRUMENTATION_STATUS_CODE: 0
INSTRUMENTATION_STATUS: candidate_width_measurement=v1 id=24 maximum=1 round=0 wall_ns=174792 cpu_ns=175709 states=192 verified=11 completion=0 alternatives=1
INSTRUMENTATION_STATUS_CODE: 0
INSTRUMENTATION_STATUS: candidate_width_measurement=v1 id=24 maximum=3 round=0 wall_ns=167917 cpu_ns=168917 states=192 verified=11 completion=0 alternatives=3
INSTRUMENTATION_STATUS_CODE: 0
INSTRUMENTATION_STATUS: candidate_width_measurement=v1 id=24 maximum=7 round=0 wall_ns=554458 cpu_ns=555584 states=1273 verified=29 completion=0 alternatives=7
INSTRUMENTATION_STATUS_CODE: 0
INSTRUMENTATION_STATUS: candidate_width_measurement=v1 id=25 maximum=7 round=0 wall_ns=3851167 cpu_ns=3852209 states=6796 verified=11 completion=0 alternatives=7
INSTRUMENTATION_STATUS_CODE: 0
INSTRUMENTATION_STATUS: candidate_width_measurement=v1 id=25 maximum=3 round=0 wall_ns=3529875 cpu_ns=3530916 states=6796 verified=11 completion=0 alternatives=3
INSTRUMENTATION_STATUS_CODE: 0
INSTRUMENTATION_STATUS: candidate_width_measurement=v1 id=25 maximum=1 round=0 wall_ns=919417 cpu_ns=920291 states=1614 verified=6 completion=0 alternatives=1
INSTRUMENTATION_STATUS_CODE: 0
INSTRUMENTATION_STATUS: candidate_width_measurement=v1 id=26 maximum=1 round=0 wall_ns=1347667 cpu_ns=1340916 states=1814 verified=31 completion=0 alternatives=1
INSTRUMENTATION_STATUS_CODE: 0
INSTRUMENTATION_STATUS: candidate_width_measurement=v1 id=26 maximum=3 round=0 wall_ns=3168208 cpu_ns=3169625 states=4889 verified=39 completion=0 alternatives=3
INSTRUMENTATION_STATUS_CODE: 0
INSTRUMENTATION_STATUS: candidate_width_measurement=v1 id=26 maximum=7 round=0 wall_ns=3014292 cpu_ns=3015292 states=4889 verified=39 completion=0 alternatives=7
INSTRUMENTATION_STATUS_CODE: 0
INSTRUMENTATION_STATUS: candidate_width_measurement=v1 id=27 maximum=7 round=0 wall_ns=671917 cpu_ns=672791 states=1508 verified=8 completion=0 alternatives=7
INSTRUMENTATION_STATUS_CODE: 0
INSTRUMENTATION_STATUS: candidate_width_measurement=v1 id=27 maximum=3 round=0 wall_ns=231000 cpu_ns=232083 states=280 verified=6 completion=0 alternatives=3
INSTRUMENTATION_STATUS_CODE: 0
INSTRUMENTATION_STATUS: candidate_width_measurement=v1 id=27 maximum=1 round=0 wall_ns=219958 cpu_ns=221000 states=280 verified=6 completion=0 alternatives=1
INSTRUMENTATION_STATUS_CODE: 0
INSTRUMENTATION_STATUS: candidate_width_measurement=v1 id=28 maximum=1 round=0 wall_ns=350084 cpu_ns=351417 states=336 verified=13 completion=0 alternatives=1
INSTRUMENTATION_STATUS_CODE: 0
INSTRUMENTATION_STATUS: candidate_width_measurement=v1 id=28 maximum=3 round=0 wall_ns=1335458 cpu_ns=1336250 states=1466 verified=53 completion=0 alternatives=3
INSTRUMENTATION_STATUS_CODE: 0
INSTRUMENTATION_STATUS: candidate_width_measurement=v1 id=28 maximum=7 round=0 wall_ns=2953375 cpu_ns=2954375 states=4469 verified=63 completion=0 alternatives=7
INSTRUMENTATION_STATUS_CODE: 0
INSTRUMENTATION_STATUS: candidate_width_measurement=v1 id=29 maximum=7 round=0 wall_ns=4549042 cpu_ns=4550458 states=7060 verified=55 completion=0 alternatives=7
INSTRUMENTATION_STATUS_CODE: 0
INSTRUMENTATION_STATUS: candidate_width_measurement=v1 id=29 maximum=3 round=0 wall_ns=1292958 cpu_ns=1294042 states=1750 verified=28 completion=0 alternatives=3
INSTRUMENTATION_STATUS_CODE: 0
INSTRUMENTATION_STATUS: candidate_width_measurement=v1 id=29 maximum=1 round=0 wall_ns=1253084 cpu_ns=1254125 states=1750 verified=28 completion=0 alternatives=1
INSTRUMENTATION_STATUS_CODE: 0
INSTRUMENTATION_STATUS: candidate_width_measurement=v1 id=30 maximum=1 round=0 wall_ns=1795709 cpu_ns=1796917 states=2206 verified=64 completion=4 alternatives=1
INSTRUMENTATION_STATUS_CODE: 0
INSTRUMENTATION_STATUS: candidate_width_measurement=v1 id=30 maximum=3 round=0 wall_ns=1844750 cpu_ns=1845833 states=2206 verified=64 completion=4 alternatives=3
INSTRUMENTATION_STATUS_CODE: 0
INSTRUMENTATION_STATUS: candidate_width_measurement=v1 id=30 maximum=7 round=0 wall_ns=1764292 cpu_ns=1765208 states=2206 verified=64 completion=4 alternatives=7
INSTRUMENTATION_STATUS_CODE: 0
INSTRUMENTATION_STATUS: candidate_width_measurement=v1 id=31 maximum=7 round=0 wall_ns=4324667 cpu_ns=4325666 states=6727 verified=12 completion=0 alternatives=7
INSTRUMENTATION_STATUS_CODE: 0
INSTRUMENTATION_STATUS: candidate_width_measurement=v1 id=31 maximum=3 round=0 wall_ns=1484292 cpu_ns=1485208 states=2464 verified=5 completion=0 alternatives=3
INSTRUMENTATION_STATUS_CODE: 0
INSTRUMENTATION_STATUS: candidate_width_measurement=v1 id=31 maximum=1 round=0 wall_ns=1225458 cpu_ns=1226292 states=2079 verified=2 completion=0 alternatives=1
INSTRUMENTATION_STATUS_CODE: 0
INSTRUMENTATION_STATUS: candidate_width_measurement=v1 id=32 maximum=1 round=0 wall_ns=1563333 cpu_ns=1564458 states=1787 verified=39 completion=0 alternatives=1
INSTRUMENTATION_STATUS_CODE: 0
INSTRUMENTATION_STATUS: candidate_width_measurement=v1 id=32 maximum=3 round=0 wall_ns=1458209 cpu_ns=1459000 states=1787 verified=39 completion=0 alternatives=3
INSTRUMENTATION_STATUS_CODE: 0
INSTRUMENTATION_STATUS: candidate_width_measurement=v1 id=32 maximum=7 round=0 wall_ns=3289958 cpu_ns=3291000 states=5006 verified=47 completion=0 alternatives=7
INSTRUMENTATION_STATUS_CODE: 0
INSTRUMENTATION_STATUS: candidate_width_measurement=v1 id=33 maximum=7 round=0 wall_ns=1926959 cpu_ns=1928000 states=3501 verified=18 completion=0 alternatives=7
INSTRUMENTATION_STATUS_CODE: 0
INSTRUMENTATION_STATUS: candidate_width_measurement=v1 id=33 maximum=3 round=0 wall_ns=1877166 cpu_ns=1878250 states=3501 verified=18 completion=0 alternatives=3
INSTRUMENTATION_STATUS_CODE: 0
INSTRUMENTATION_STATUS: candidate_width_measurement=v1 id=33 maximum=1 round=0 wall_ns=801625 cpu_ns=802458 states=1398 verified=12 completion=0 alternatives=1
INSTRUMENTATION_STATUS_CODE: 0
INSTRUMENTATION_STATUS: candidate_width_measurement=v1 id=34 maximum=1 round=0 wall_ns=1882208 cpu_ns=1883084 states=2542 verified=22 completion=0 alternatives=1
INSTRUMENTATION_STATUS_CODE: 0
INSTRUMENTATION_STATUS: candidate_width_measurement=v1 id=34 maximum=3 round=0 wall_ns=1853042 cpu_ns=1853833 states=2542 verified=22 completion=0 alternatives=3
INSTRUMENTATION_STATUS_CODE: 0
INSTRUMENTATION_STATUS: candidate_width_measurement=v1 id=34 maximum=7 round=0 wall_ns=5135208 cpu_ns=5136250 states=8192 verified=26 completion=3 alternatives=7
INSTRUMENTATION_STATUS_CODE: 0
INSTRUMENTATION_STATUS: candidate_width_measurement=v1 id=35 maximum=7 round=0 wall_ns=5592833 cpu_ns=5298458 states=8192 verified=25 completion=3 alternatives=7
INSTRUMENTATION_STATUS_CODE: 0
INSTRUMENTATION_STATUS: candidate_width_measurement=v1 id=35 maximum=3 round=0 wall_ns=1253042 cpu_ns=1254041 states=1844 verified=23 completion=0 alternatives=3
INSTRUMENTATION_STATUS_CODE: 0
INSTRUMENTATION_STATUS: candidate_width_measurement=v1 id=35 maximum=1 round=0 wall_ns=1240208 cpu_ns=1241250 states=1844 verified=23 completion=0 alternatives=1
INSTRUMENTATION_STATUS_CODE: 0
INSTRUMENTATION_STATUS: candidate_width_measurement=v1 id=36 maximum=1 round=0 wall_ns=327084 cpu_ns=327750 states=367 verified=9 completion=0 alternatives=1
INSTRUMENTATION_STATUS_CODE: 0
INSTRUMENTATION_STATUS: candidate_width_measurement=v1 id=36 maximum=3 round=0 wall_ns=1752458 cpu_ns=1753375 states=2213 verified=48 completion=0 alternatives=3
INSTRUMENTATION_STATUS_CODE: 0
INSTRUMENTATION_STATUS: candidate_width_measurement=v1 id=36 maximum=7 round=0 wall_ns=1735500 cpu_ns=1736459 states=2213 verified=48 completion=0 alternatives=7
INSTRUMENTATION_STATUS_CODE: 0
INSTRUMENTATION_STATUS: candidate_width_measurement=v1 id=37 maximum=7 round=0 wall_ns=5296083 cpu_ns=5297167 states=8192 verified=5 completion=3 alternatives=5
INSTRUMENTATION_STATUS_CODE: 0
INSTRUMENTATION_STATUS: candidate_width_measurement=v1 id=37 maximum=3 round=0 wall_ns=5153708 cpu_ns=5154917 states=8192 verified=5 completion=3 alternatives=3
INSTRUMENTATION_STATUS_CODE: 0
INSTRUMENTATION_STATUS: candidate_width_measurement=v1 id=37 maximum=1 round=0 wall_ns=914291 cpu_ns=915292 states=1093 verified=5 completion=0 alternatives=1
INSTRUMENTATION_STATUS_CODE: 0
INSTRUMENTATION_STATUS: candidate_width_measurement=v1 id=38 maximum=1 round=0 wall_ns=449292 cpu_ns=449959 states=537 verified=6 completion=0 alternatives=1
INSTRUMENTATION_STATUS_CODE: 0
INSTRUMENTATION_STATUS: candidate_width_measurement=v1 id=38 maximum=3 round=0 wall_ns=2035292 cpu_ns=2036250 states=2434 verified=28 completion=0 alternatives=3
INSTRUMENTATION_STATUS_CODE: 0
INSTRUMENTATION_STATUS: candidate_width_measurement=v1 id=38 maximum=7 round=0 wall_ns=5661084 cpu_ns=5662125 states=8192 verified=29 completion=3 alternatives=7
INSTRUMENTATION_STATUS_CODE: 0
INSTRUMENTATION_STATUS: candidate_width_measurement=v1 id=39 maximum=7 round=0 wall_ns=1580291 cpu_ns=1581125 states=1873 verified=64 completion=4 alternatives=7
INSTRUMENTATION_STATUS_CODE: 0
INSTRUMENTATION_STATUS: candidate_width_measurement=v1 id=39 maximum=3 round=0 wall_ns=1578458 cpu_ns=1579375 states=1873 verified=64 completion=4 alternatives=3
INSTRUMENTATION_STATUS_CODE: 0
INSTRUMENTATION_STATUS: candidate_width_measurement=v1 id=39 maximum=1 round=0 wall_ns=466500 cpu_ns=467416 states=412 verified=23 completion=0 alternatives=1
INSTRUMENTATION_STATUS_CODE: 0
INSTRUMENTATION_STATUS: candidate_width_measurement=v1 id=40 maximum=1 round=0 wall_ns=304333 cpu_ns=305042 states=310 verified=33 completion=0 alternatives=1
INSTRUMENTATION_STATUS_CODE: 0
INSTRUMENTATION_STATUS: candidate_width_measurement=v1 id=40 maximum=3 round=0 wall_ns=264542 cpu_ns=265458 states=310 verified=33 completion=0 alternatives=3
INSTRUMENTATION_STATUS_CODE: 0
INSTRUMENTATION_STATUS: candidate_width_measurement=v1 id=40 maximum=7 round=0 wall_ns=554209 cpu_ns=555042 states=1119 verified=42 completion=0 alternatives=7
INSTRUMENTATION_STATUS_CODE: 0
INSTRUMENTATION_STATUS: candidate_width_measurement=v1 id=41 maximum=7 round=0 wall_ns=1330709 cpu_ns=1331666 states=3007 verified=13 completion=0 alternatives=7
INSTRUMENTATION_STATUS_CODE: 0
INSTRUMENTATION_STATUS: candidate_width_measurement=v1 id=41 maximum=3 round=0 wall_ns=709458 cpu_ns=710625 states=1616 verified=9 completion=0 alternatives=3
INSTRUMENTATION_STATUS_CODE: 0
INSTRUMENTATION_STATUS: candidate_width_measurement=v1 id=41 maximum=1 round=0 wall_ns=234208 cpu_ns=235250 states=353 verified=5 completion=0 alternatives=1
INSTRUMENTATION_STATUS_CODE: 0
INSTRUMENTATION_STATUS: candidate_width_measurement=v1 id=42 maximum=1 round=0 wall_ns=168208 cpu_ns=169292 states=236 verified=23 completion=0 alternatives=1
INSTRUMENTATION_STATUS_CODE: 0
INSTRUMENTATION_STATUS: candidate_width_measurement=v1 id=42 maximum=3 round=0 wall_ns=253416 cpu_ns=254292 states=401 verified=27 completion=0 alternatives=3
INSTRUMENTATION_STATUS_CODE: 0
INSTRUMENTATION_STATUS: candidate_width_measurement=v1 id=42 maximum=7 round=0 wall_ns=546875 cpu_ns=548042 states=1399 verified=41 completion=0 alternatives=7
INSTRUMENTATION_STATUS_CODE: 0
INSTRUMENTATION_STATUS: candidate_width_measurement=v1 id=43 maximum=7 round=0 wall_ns=3014750 cpu_ns=3015792 states=4904 verified=13 completion=0 alternatives=7
INSTRUMENTATION_STATUS_CODE: 0
INSTRUMENTATION_STATUS: candidate_width_measurement=v1 id=43 maximum=3 round=0 wall_ns=961417 cpu_ns=962500 states=1640 verified=7 completion=0 alternatives=3
INSTRUMENTATION_STATUS_CODE: 0
INSTRUMENTATION_STATUS: candidate_width_measurement=v1 id=43 maximum=1 round=0 wall_ns=960791 cpu_ns=961833 states=1640 verified=7 completion=0 alternatives=1
INSTRUMENTATION_STATUS_CODE: 0
INSTRUMENTATION_STATUS: candidate_width_measurement=v1 id=44 maximum=1 round=0 wall_ns=272667 cpu_ns=306167 states=612 verified=5 completion=0 alternatives=1
INSTRUMENTATION_STATUS_CODE: 0
INSTRUMENTATION_STATUS: candidate_width_measurement=v1 id=44 maximum=3 round=0 wall_ns=711875 cpu_ns=712875 states=1492 verified=7 completion=0 alternatives=3
INSTRUMENTATION_STATUS_CODE: 0
INSTRUMENTATION_STATUS: candidate_width_measurement=v1 id=44 maximum=7 round=0 wall_ns=1084917 cpu_ns=1086250 states=2455 verified=10 completion=0 alternatives=4
INSTRUMENTATION_STATUS_CODE: 0
INSTRUMENTATION_STATUS: candidate_width_measurement=v1 id=45 maximum=7 round=0 wall_ns=25166 cpu_ns=26041 states=28 verified=0 completion=2 alternatives=0
INSTRUMENTATION_STATUS_CODE: 0
INSTRUMENTATION_STATUS: candidate_width_measurement=v1 id=45 maximum=3 round=0 wall_ns=58875 cpu_ns=59875 states=28 verified=0 completion=2 alternatives=0
INSTRUMENTATION_STATUS_CODE: 0
INSTRUMENTATION_STATUS: candidate_width_measurement=v1 id=45 maximum=1 round=0 wall_ns=22166 cpu_ns=23125 states=28 verified=0 completion=2 alternatives=0
INSTRUMENTATION_STATUS_CODE: 0
INSTRUMENTATION_STATUS: candidate_width_measurement=v1 id=46 maximum=1 round=0 wall_ns=624042 cpu_ns=625291 states=724 verified=11 completion=0 alternatives=1
INSTRUMENTATION_STATUS_CODE: 0
INSTRUMENTATION_STATUS: candidate_width_measurement=v1 id=46 maximum=3 round=0 wall_ns=552792 cpu_ns=553625 states=724 verified=11 completion=0 alternatives=3
INSTRUMENTATION_STATUS_CODE: 0
INSTRUMENTATION_STATUS: candidate_width_measurement=v1 id=46 maximum=7 round=0 wall_ns=1539125 cpu_ns=1540625 states=2202 verified=27 completion=0 alternatives=7
INSTRUMENTATION_STATUS_CODE: 0
INSTRUMENTATION_STATUS: candidate_width_measurement=v1 id=47 maximum=7 round=0 wall_ns=5643708 cpu_ns=5644709 states=8192 verified=16 completion=3 alternatives=7
INSTRUMENTATION_STATUS_CODE: 0
INSTRUMENTATION_STATUS: candidate_width_measurement=v1 id=47 maximum=3 round=0 wall_ns=1723667 cpu_ns=1724625 states=2580 verified=16 completion=0 alternatives=3
INSTRUMENTATION_STATUS_CODE: 0
INSTRUMENTATION_STATUS: candidate_width_measurement=v1 id=47 maximum=1 round=0 wall_ns=1238125 cpu_ns=1239125 states=1621 verified=16 completion=0 alternatives=1
INSTRUMENTATION_STATUS_CODE: 0
INSTRUMENTATION_STATUS: candidate_width_measurement=v1 id=48 maximum=1 round=0 wall_ns=1183875 cpu_ns=1184917 states=1680 verified=21 completion=0 alternatives=1
INSTRUMENTATION_STATUS_CODE: 0
INSTRUMENTATION_STATUS: candidate_width_measurement=v1 id=48 maximum=3 round=0 wall_ns=1139250 cpu_ns=1139958 states=1680 verified=21 completion=0 alternatives=3
INSTRUMENTATION_STATUS_CODE: 0
INSTRUMENTATION_STATUS: candidate_width_measurement=v1 id=48 maximum=7 round=0 wall_ns=1155375 cpu_ns=1156333 states=1680 verified=21 completion=0 alternatives=7
INSTRUMENTATION_STATUS_CODE: 0
INSTRUMENTATION_STATUS: candidate_width_measurement=v1 id=49 maximum=7 round=0 wall_ns=802375 cpu_ns=803250 states=1514 verified=18 completion=0 alternatives=7
INSTRUMENTATION_STATUS_CODE: 0
INSTRUMENTATION_STATUS: candidate_width_measurement=v1 id=49 maximum=3 round=0 wall_ns=778042 cpu_ns=779292 states=1514 verified=18 completion=0 alternatives=3
INSTRUMENTATION_STATUS_CODE: 0
INSTRUMENTATION_STATUS: candidate_width_measurement=v1 id=49 maximum=1 round=0 wall_ns=221917 cpu_ns=222750 states=296 verified=5 completion=0 alternatives=1
INSTRUMENTATION_STATUS_CODE: 0
INSTRUMENTATION_STATUS: candidate_width_measurement=v1 id=50 maximum=1 round=0 wall_ns=294000 cpu_ns=295083 states=322 verified=8 completion=0 alternatives=1
INSTRUMENTATION_STATUS_CODE: 0
INSTRUMENTATION_STATUS: candidate_width_measurement=v1 id=50 maximum=3 round=0 wall_ns=1600583 cpu_ns=1601667 states=1892 verified=64 completion=4 alternatives=3
INSTRUMENTATION_STATUS_CODE: 0
INSTRUMENTATION_STATUS: candidate_width_measurement=v1 id=50 maximum=7 round=0 wall_ns=1585917 cpu_ns=1586875 states=1892 verified=64 completion=4 alternatives=7
INSTRUMENTATION_STATUS_CODE: 0
INSTRUMENTATION_STATUS: candidate_width_measurement=v1 id=51 maximum=7 round=0 wall_ns=429083 cpu_ns=430042 states=740 verified=11 completion=0 alternatives=7
INSTRUMENTATION_STATUS_CODE: 0
INSTRUMENTATION_STATUS: candidate_width_measurement=v1 id=51 maximum=3 round=0 wall_ns=303875 cpu_ns=304750 states=448 verified=11 completion=0 alternatives=3
INSTRUMENTATION_STATUS_CODE: 0
INSTRUMENTATION_STATUS: candidate_width_measurement=v1 id=51 maximum=1 round=0 wall_ns=309542 cpu_ns=310667 states=448 verified=11 completion=0 alternatives=1
INSTRUMENTATION_STATUS_CODE: 0
INSTRUMENTATION_STATUS: candidate_width_measurement=v1 id=52 maximum=1 round=0 wall_ns=1279250 cpu_ns=1280583 states=2008 verified=3 completion=0 alternatives=1
INSTRUMENTATION_STATUS_CODE: 0
INSTRUMENTATION_STATUS: candidate_width_measurement=v1 id=52 maximum=3 round=0 wall_ns=5429208 cpu_ns=5423667 states=8192 verified=4 completion=3 alternatives=3
INSTRUMENTATION_STATUS_CODE: 0
INSTRUMENTATION_STATUS: candidate_width_measurement=v1 id=52 maximum=7 round=0 wall_ns=5296500 cpu_ns=5297500 states=8192 verified=4 completion=3 alternatives=4
INSTRUMENTATION_STATUS_CODE: 0
INSTRUMENTATION_STATUS: candidate_width_measurement=v1 id=53 maximum=7 round=0 wall_ns=761208 cpu_ns=762125 states=1667 verified=10 completion=0 alternatives=7
INSTRUMENTATION_STATUS_CODE: 0
INSTRUMENTATION_STATUS: candidate_width_measurement=v1 id=53 maximum=3 round=0 wall_ns=307916 cpu_ns=308750 states=455 verified=6 completion=0 alternatives=3
INSTRUMENTATION_STATUS_CODE: 0
INSTRUMENTATION_STATUS: candidate_width_measurement=v1 id=53 maximum=1 round=0 wall_ns=198334 cpu_ns=199250 states=312 verified=4 completion=0 alternatives=1
INSTRUMENTATION_STATUS_CODE: 0
INSTRUMENTATION_STATUS: candidate_width_measurement=v1 id=54 maximum=1 round=0 wall_ns=982167 cpu_ns=983166 states=1412 verified=12 completion=0 alternatives=1
INSTRUMENTATION_STATUS_CODE: 0
INSTRUMENTATION_STATUS: candidate_width_measurement=v1 id=54 maximum=3 round=0 wall_ns=2739708 cpu_ns=2740625 states=4405 verified=14 completion=0 alternatives=3
INSTRUMENTATION_STATUS_CODE: 0
INSTRUMENTATION_STATUS: candidate_width_measurement=v1 id=54 maximum=7 round=0 wall_ns=4898334 cpu_ns=4899417 states=8192 verified=14 completion=3 alternatives=7
INSTRUMENTATION_STATUS_CODE: 0
INSTRUMENTATION_STATUS: candidate_width_measurement=v1 id=55 maximum=7 round=0 wall_ns=4661500 cpu_ns=4662500 states=6979 verified=13 completion=0 alternatives=7
INSTRUMENTATION_STATUS_CODE: 0
INSTRUMENTATION_STATUS: candidate_width_measurement=v1 id=55 maximum=3 round=0 wall_ns=4533833 cpu_ns=4534916 states=6979 verified=13 completion=0 alternatives=3
INSTRUMENTATION_STATUS_CODE: 0
INSTRUMENTATION_STATUS: candidate_width_measurement=v1 id=55 maximum=1 round=0 wall_ns=1461167 cpu_ns=1462250 states=2276 verified=10 completion=0 alternatives=1
INSTRUMENTATION_STATUS_CODE: 0
INSTRUMENTATION_STATUS: candidate_width_measurement=v1 id=56 maximum=1 round=0 wall_ns=568083 cpu_ns=569375 states=1277 verified=8 completion=0 alternatives=1
INSTRUMENTATION_STATUS_CODE: 0
INSTRUMENTATION_STATUS: candidate_width_measurement=v1 id=56 maximum=3 round=0 wall_ns=556208 cpu_ns=557125 states=1277 verified=8 completion=0 alternatives=3
INSTRUMENTATION_STATUS_CODE: 0
INSTRUMENTATION_STATUS: candidate_width_measurement=v1 id=56 maximum=7 round=0 wall_ns=556500 cpu_ns=557334 states=1277 verified=8 completion=0 alternatives=7
INSTRUMENTATION_STATUS_CODE: 0
INSTRUMENTATION_STATUS: candidate_width_measurement=v1 id=57 maximum=7 round=0 wall_ns=5174375 cpu_ns=5175375 states=8192 verified=3 completion=3 alternatives=3
INSTRUMENTATION_STATUS_CODE: 0
INSTRUMENTATION_STATUS: candidate_width_measurement=v1 id=57 maximum=3 round=0 wall_ns=4997458 cpu_ns=4998375 states=8192 verified=3 completion=3 alternatives=3
INSTRUMENTATION_STATUS_CODE: 0
INSTRUMENTATION_STATUS: candidate_width_measurement=v1 id=57 maximum=1 round=0 wall_ns=1004250 cpu_ns=1005291 states=1609 verified=3 completion=0 alternatives=1
INSTRUMENTATION_STATUS_CODE: 0
INSTRUMENTATION_STATUS: candidate_width_measurement=v1 id=58 maximum=1 round=0 wall_ns=291791 cpu_ns=292667 states=349 verified=5 completion=0 alternatives=1
INSTRUMENTATION_STATUS_CODE: 0
INSTRUMENTATION_STATUS: candidate_width_measurement=v1 id=58 maximum=3 round=0 wall_ns=2604292 cpu_ns=2375085 states=2200 verified=48 completion=0 alternatives=3
INSTRUMENTATION_STATUS_CODE: 0
INSTRUMENTATION_STATUS: candidate_width_measurement=v1 id=58 maximum=7 round=0 wall_ns=1703000 cpu_ns=1704167 states=2200 verified=48 completion=0 alternatives=7
INSTRUMENTATION_STATUS_CODE: 0
INSTRUMENTATION_STATUS: candidate_width_measurement=v1 id=59 maximum=7 round=0 wall_ns=3307500 cpu_ns=3308417 states=5151 verified=15 completion=0 alternatives=7
INSTRUMENTATION_STATUS_CODE: 0
INSTRUMENTATION_STATUS: candidate_width_measurement=v1 id=59 maximum=3 round=0 wall_ns=1654167 cpu_ns=1655167 states=2741 verified=13 completion=0 alternatives=3
INSTRUMENTATION_STATUS_CODE: 0
INSTRUMENTATION_STATUS: candidate_width_measurement=v1 id=59 maximum=1 round=0 wall_ns=917500 cpu_ns=918625 states=1483 verified=9 completion=0 alternatives=1
INSTRUMENTATION_STATUS_CODE: 0
INSTRUMENTATION_STATUS: candidate_width_measurement=v1 id=0 maximum=7 round=1 wall_ns=4900541 cpu_ns=4901625 states=8192 verified=13 completion=3 alternatives=7
INSTRUMENTATION_STATUS_CODE: 0
INSTRUMENTATION_STATUS: candidate_width_measurement=v1 id=0 maximum=3 round=1 wall_ns=2814292 cpu_ns=2815250 states=4713 verified=13 completion=0 alternatives=3
INSTRUMENTATION_STATUS_CODE: 0
INSTRUMENTATION_STATUS: candidate_width_measurement=v1 id=0 maximum=1 round=1 wall_ns=946750 cpu_ns=947709 states=1475 verified=13 completion=0 alternatives=1
INSTRUMENTATION_STATUS_CODE: 0
INSTRUMENTATION_STATUS: candidate_width_measurement=v1 id=1 maximum=1 round=1 wall_ns=243792 cpu_ns=244750 states=444 verified=9 completion=0 alternatives=1
INSTRUMENTATION_STATUS_CODE: 0
INSTRUMENTATION_STATUS: candidate_width_measurement=v1 id=1 maximum=3 round=1 wall_ns=246750 cpu_ns=247625 states=444 verified=9 completion=0 alternatives=3
INSTRUMENTATION_STATUS_CODE: 0
INSTRUMENTATION_STATUS: candidate_width_measurement=v1 id=1 maximum=7 round=1 wall_ns=624584 cpu_ns=625500 states=1438 verified=13 completion=0 alternatives=7
INSTRUMENTATION_STATUS_CODE: 0
INSTRUMENTATION_STATUS: candidate_width_measurement=v1 id=2 maximum=7 round=1 wall_ns=4694500 cpu_ns=4687291 states=8192 verified=5 completion=3 alternatives=5
INSTRUMENTATION_STATUS_CODE: 0
INSTRUMENTATION_STATUS: candidate_width_measurement=v1 id=2 maximum=3 round=1 wall_ns=3684500 cpu_ns=3685583 states=6379 verified=5 completion=0 alternatives=3
INSTRUMENTATION_STATUS_CODE: 0
INSTRUMENTATION_STATUS: candidate_width_measurement=v1 id=2 maximum=1 round=1 wall_ns=1002333 cpu_ns=962250 states=1689 verified=2 completion=0 alternatives=1
INSTRUMENTATION_STATUS_CODE: 0
INSTRUMENTATION_STATUS: candidate_width_measurement=v1 id=3 maximum=1 round=1 wall_ns=1028708 cpu_ns=1029583 states=1775 verified=17 completion=0 alternatives=1
INSTRUMENTATION_STATUS_CODE: 0
INSTRUMENTATION_STATUS: candidate_width_measurement=v1 id=3 maximum=3 round=1 wall_ns=1728500 cpu_ns=1729458 states=2646 verified=46 completion=0 alternatives=3
INSTRUMENTATION_STATUS_CODE: 0
INSTRUMENTATION_STATUS: candidate_width_measurement=v1 id=3 maximum=7 round=1 wall_ns=3776667 cpu_ns=3777916 states=6441 verified=57 completion=0 alternatives=7
INSTRUMENTATION_STATUS_CODE: 0
INSTRUMENTATION_STATUS: candidate_width_measurement=v1 id=4 maximum=7 round=1 wall_ns=4713292 cpu_ns=4714292 states=8192 verified=7 completion=3 alternatives=7
INSTRUMENTATION_STATUS_CODE: 0
INSTRUMENTATION_STATUS: candidate_width_measurement=v1 id=4 maximum=3 round=1 wall_ns=2790542 cpu_ns=2791542 states=4569 verified=7 completion=0 alternatives=3
INSTRUMENTATION_STATUS_CODE: 0
INSTRUMENTATION_STATUS: candidate_width_measurement=v1 id=4 maximum=1 round=1 wall_ns=961250 cpu_ns=962208 states=1562 verified=7 completion=0 alternatives=1
INSTRUMENTATION_STATUS_CODE: 0
INSTRUMENTATION_STATUS: candidate_width_measurement=v1 id=5 maximum=1 round=1 wall_ns=336958 cpu_ns=337792 states=514 verified=11 completion=0 alternatives=1
INSTRUMENTATION_STATUS_CODE: 0
INSTRUMENTATION_STATUS: candidate_width_measurement=v1 id=5 maximum=3 round=1 wall_ns=1505833 cpu_ns=1506750 states=2139 verified=59 completion=0 alternatives=3
INSTRUMENTATION_STATUS_CODE: 0
INSTRUMENTATION_STATUS: candidate_width_measurement=v1 id=5 maximum=7 round=1 wall_ns=1500834 cpu_ns=1501583 states=2139 verified=59 completion=0 alternatives=7
INSTRUMENTATION_STATUS_CODE: 0
INSTRUMENTATION_STATUS: candidate_width_measurement=v1 id=6 maximum=7 round=1 wall_ns=2937583 cpu_ns=2938584 states=5398 verified=16 completion=0 alternatives=7
INSTRUMENTATION_STATUS_CODE: 0
INSTRUMENTATION_STATUS: candidate_width_measurement=v1 id=6 maximum=3 round=1 wall_ns=2912833 cpu_ns=2913875 states=5398 verified=16 completion=0 alternatives=3
INSTRUMENTATION_STATUS_CODE: 0
INSTRUMENTATION_STATUS: candidate_width_measurement=v1 id=6 maximum=1 round=1 wall_ns=773375 cpu_ns=774250 states=1463 verified=6 completion=0 alternatives=1
INSTRUMENTATION_STATUS_CODE: 0
INSTRUMENTATION_STATUS: candidate_width_measurement=v1 id=7 maximum=1 round=1 wall_ns=1100500 cpu_ns=1101542 states=1851 verified=8 completion=0 alternatives=1
INSTRUMENTATION_STATUS_CODE: 0
INSTRUMENTATION_STATUS: candidate_width_measurement=v1 id=7 maximum=3 round=1 wall_ns=1069250 cpu_ns=1070333 states=1851 verified=8 completion=0 alternatives=3
INSTRUMENTATION_STATUS_CODE: 0
INSTRUMENTATION_STATUS: candidate_width_measurement=v1 id=7 maximum=7 round=1 wall_ns=3919417 cpu_ns=3920416 states=5678 verified=45 completion=0 alternatives=7
INSTRUMENTATION_STATUS_CODE: 0
INSTRUMENTATION_STATUS: candidate_width_measurement=v1 id=8 maximum=7 round=1 wall_ns=1400458 cpu_ns=1401416 states=1503 verified=64 completion=4 alternatives=7
INSTRUMENTATION_STATUS_CODE: 0
INSTRUMENTATION_STATUS: candidate_width_measurement=v1 id=8 maximum=3 round=1 wall_ns=1330000 cpu_ns=1331083 states=1503 verified=64 completion=4 alternatives=3
INSTRUMENTATION_STATUS_CODE: 0
INSTRUMENTATION_STATUS: candidate_width_measurement=v1 id=8 maximum=1 round=1 wall_ns=355208 cpu_ns=356167 states=327 verified=18 completion=0 alternatives=1
INSTRUMENTATION_STATUS_CODE: 0
INSTRUMENTATION_STATUS: candidate_width_measurement=v1 id=9 maximum=1 round=1 wall_ns=267625 cpu_ns=268750 states=358 verified=4 completion=0 alternatives=1
INSTRUMENTATION_STATUS_CODE: 0
INSTRUMENTATION_STATUS: candidate_width_measurement=v1 id=9 maximum=3 round=1 wall_ns=763167 cpu_ns=764375 states=1282 verified=10 completion=0 alternatives=3
INSTRUMENTATION_STATUS_CODE: 0
INSTRUMENTATION_STATUS: candidate_width_measurement=v1 id=9 maximum=7 round=1 wall_ns=2540500 cpu_ns=2541541 states=4662 verified=13 completion=0 alternatives=7
INSTRUMENTATION_STATUS_CODE: 0
INSTRUMENTATION_STATUS: candidate_width_measurement=v1 id=10 maximum=7 round=1 wall_ns=863875 cpu_ns=864792 states=1917 verified=42 completion=0 alternatives=7
INSTRUMENTATION_STATUS_CODE: 0
INSTRUMENTATION_STATUS: candidate_width_measurement=v1 id=10 maximum=3 round=1 wall_ns=289791 cpu_ns=290834 states=422 verified=20 completion=0 alternatives=3
INSTRUMENTATION_STATUS_CODE: 0
INSTRUMENTATION_STATUS: candidate_width_measurement=v1 id=10 maximum=1 round=1 wall_ns=297375 cpu_ns=298042 states=422 verified=20 completion=0 alternatives=1
INSTRUMENTATION_STATUS_CODE: 0
INSTRUMENTATION_STATUS: candidate_width_measurement=v1 id=11 maximum=1 round=1 wall_ns=1434750 cpu_ns=1435834 states=2058 verified=28 completion=0 alternatives=1
INSTRUMENTATION_STATUS_CODE: 0
INSTRUMENTATION_STATUS: candidate_width_measurement=v1 id=11 maximum=3 round=1 wall_ns=1368917 cpu_ns=1369791 states=2058 verified=28 completion=0 alternatives=3
INSTRUMENTATION_STATUS_CODE: 0
INSTRUMENTATION_STATUS: candidate_width_measurement=v1 id=11 maximum=7 round=1 wall_ns=5183166 cpu_ns=5184250 states=8192 verified=49 completion=3 alternatives=7
INSTRUMENTATION_STATUS_CODE: 0
INSTRUMENTATION_STATUS: candidate_width_measurement=v1 id=12 maximum=7 round=1 wall_ns=877375 cpu_ns=878292 states=1986 verified=15 completion=0 alternatives=7
INSTRUMENTATION_STATUS_CODE: 0
INSTRUMENTATION_STATUS: candidate_width_measurement=v1 id=12 maximum=3 round=1 wall_ns=256250 cpu_ns=257334 states=420 verified=5 completion=0 alternatives=3
INSTRUMENTATION_STATUS_CODE: 0
INSTRUMENTATION_STATUS: candidate_width_measurement=v1 id=12 maximum=1 round=1 wall_ns=206000 cpu_ns=206791 states=324 verified=4 completion=0 alternatives=1
INSTRUMENTATION_STATUS_CODE: 0
INSTRUMENTATION_STATUS: candidate_width_measurement=v1 id=13 maximum=1 round=1 wall_ns=591792 cpu_ns=593208 states=599 verified=26 completion=0 alternatives=1
INSTRUMENTATION_STATUS_CODE: 0
INSTRUMENTATION_STATUS: candidate_width_measurement=v1 id=13 maximum=3 round=1 wall_ns=1262375 cpu_ns=1263250 states=1861 verified=44 completion=0 alternatives=3
INSTRUMENTATION_STATUS_CODE: 0
INSTRUMENTATION_STATUS: candidate_width_measurement=v1 id=13 maximum=7 round=1 wall_ns=2103917 cpu_ns=2104875 states=2999 verified=64 completion=4 alternatives=7
INSTRUMENTATION_STATUS_CODE: 0
INSTRUMENTATION_STATUS: candidate_width_measurement=v1 id=14 maximum=7 round=1 wall_ns=5011459 cpu_ns=5012500 states=8192 verified=1 completion=3 alternatives=1
INSTRUMENTATION_STATUS_CODE: 0
INSTRUMENTATION_STATUS: candidate_width_measurement=v1 id=14 maximum=3 round=1 wall_ns=5027000 cpu_ns=5028041 states=8192 verified=1 completion=3 alternatives=1
INSTRUMENTATION_STATUS_CODE: 0
INSTRUMENTATION_STATUS: candidate_width_measurement=v1 id=14 maximum=1 round=1 wall_ns=1137417 cpu_ns=1138292 states=1930 verified=1 completion=0 alternatives=1
INSTRUMENTATION_STATUS_CODE: 0
INSTRUMENTATION_STATUS: candidate_width_measurement=v1 id=15 maximum=1 round=1 wall_ns=156167 cpu_ns=157209 states=250 verified=3 completion=0 alternatives=1
INSTRUMENTATION_STATUS_CODE: 0
INSTRUMENTATION_STATUS: candidate_width_measurement=v1 id=15 maximum=3 round=1 wall_ns=532458 cpu_ns=533500 states=1324 verified=9 completion=0 alternatives=3
INSTRUMENTATION_STATUS_CODE: 0
INSTRUMENTATION_STATUS: candidate_width_measurement=v1 id=15 maximum=7 round=1 wall_ns=527042 cpu_ns=527959 states=1324 verified=9 completion=0 alternatives=7
INSTRUMENTATION_STATUS_CODE: 0
INSTRUMENTATION_STATUS: candidate_width_measurement=v1 id=16 maximum=7 round=1 wall_ns=4618584 cpu_ns=4619625 states=8192 verified=14 completion=3 alternatives=7
INSTRUMENTATION_STATUS_CODE: 0
INSTRUMENTATION_STATUS: candidate_width_measurement=v1 id=16 maximum=3 round=1 wall_ns=977166 cpu_ns=977958 states=1607 verified=13 completion=0 alternatives=3
INSTRUMENTATION_STATUS_CODE: 0
INSTRUMENTATION_STATUS: candidate_width_measurement=v1 id=16 maximum=1 round=1 wall_ns=1855084 cpu_ns=1533292 states=1607 verified=13 completion=0 alternatives=1
INSTRUMENTATION_STATUS_CODE: 0
INSTRUMENTATION_STATUS: candidate_width_measurement=v1 id=17 maximum=1 round=1 wall_ns=1208667 cpu_ns=1039375 states=1517 verified=1 completion=0 alternatives=1
INSTRUMENTATION_STATUS_CODE: 0
INSTRUMENTATION_STATUS: candidate_width_measurement=v1 id=17 maximum=3 round=1 wall_ns=4657125 cpu_ns=4658125 states=8192 verified=2 completion=3 alternatives=2
INSTRUMENTATION_STATUS_CODE: 0
INSTRUMENTATION_STATUS: candidate_width_measurement=v1 id=17 maximum=7 round=1 wall_ns=4581125 cpu_ns=4582375 states=8192 verified=2 completion=3 alternatives=2
INSTRUMENTATION_STATUS_CODE: 0
INSTRUMENTATION_STATUS: candidate_width_measurement=v1 id=18 maximum=7 round=1 wall_ns=1283667 cpu_ns=1284584 states=3409 verified=5 completion=0 alternatives=5
INSTRUMENTATION_STATUS_CODE: 0
INSTRUMENTATION_STATUS: candidate_width_measurement=v1 id=18 maximum=3 round=1 wall_ns=788583 cpu_ns=789625 states=2064 verified=5 completion=0 alternatives=3
INSTRUMENTATION_STATUS_CODE: 0
INSTRUMENTATION_STATUS: candidate_width_measurement=v1 id=18 maximum=1 round=1 wall_ns=232917 cpu_ns=233875 states=411 verified=4 completion=0 alternatives=1
INSTRUMENTATION_STATUS_CODE: 0
INSTRUMENTATION_STATUS: candidate_width_measurement=v1 id=19 maximum=1 round=1 wall_ns=272708 cpu_ns=273750 states=292 verified=29 completion=0 alternatives=1
INSTRUMENTATION_STATUS_CODE: 0
INSTRUMENTATION_STATUS: candidate_width_measurement=v1 id=19 maximum=3 round=1 wall_ns=270833 cpu_ns=272000 states=292 verified=29 completion=0 alternatives=3
INSTRUMENTATION_STATUS_CODE: 0
INSTRUMENTATION_STATUS: candidate_width_measurement=v1 id=19 maximum=7 round=1 wall_ns=610709 cpu_ns=605500 states=1121 verified=50 completion=0 alternatives=7
INSTRUMENTATION_STATUS_CODE: 0
INSTRUMENTATION_STATUS: candidate_width_measurement=v1 id=20 maximum=7 round=1 wall_ns=2522917 cpu_ns=2516416 states=2619 verified=64 completion=4 alternatives=7
INSTRUMENTATION_STATUS_CODE: 0
INSTRUMENTATION_STATUS: candidate_width_measurement=v1 id=20 maximum=3 round=1 wall_ns=2244833 cpu_ns=2246000 states=2619 verified=64 completion=4 alternatives=3
INSTRUMENTATION_STATUS_CODE: 0
INSTRUMENTATION_STATUS: candidate_width_measurement=v1 id=20 maximum=1 round=1 wall_ns=2216083 cpu_ns=2217042 states=2619 verified=64 completion=4 alternatives=1
INSTRUMENTATION_STATUS_CODE: 0
INSTRUMENTATION_STATUS: candidate_width_measurement=v1 id=21 maximum=1 round=1 wall_ns=1516459 cpu_ns=1517375 states=2111 verified=12 completion=0 alternatives=1
INSTRUMENTATION_STATUS_CODE: 0
INSTRUMENTATION_STATUS: candidate_width_measurement=v1 id=21 maximum=3 round=1 wall_ns=1476750 cpu_ns=1477959 states=2111 verified=12 completion=0 alternatives=3
INSTRUMENTATION_STATUS_CODE: 0
INSTRUMENTATION_STATUS: candidate_width_measurement=v1 id=21 maximum=7 round=1 wall_ns=4121917 cpu_ns=4123083 states=5806 verified=21 completion=0 alternatives=7
INSTRUMENTATION_STATUS_CODE: 0
INSTRUMENTATION_STATUS: candidate_width_measurement=v1 id=22 maximum=7 round=1 wall_ns=871500 cpu_ns=872583 states=1928 verified=10 completion=0 alternatives=7
INSTRUMENTATION_STATUS_CODE: 0
INSTRUMENTATION_STATUS: candidate_width_measurement=v1 id=22 maximum=3 round=1 wall_ns=848791 cpu_ns=849750 states=1928 verified=10 completion=0 alternatives=3
INSTRUMENTATION_STATUS_CODE: 0
INSTRUMENTATION_STATUS: candidate_width_measurement=v1 id=22 maximum=1 round=1 wall_ns=183708 cpu_ns=184625 states=293 verified=2 completion=0 alternatives=1
INSTRUMENTATION_STATUS_CODE: 0
INSTRUMENTATION_STATUS: candidate_width_measurement=v1 id=23 maximum=1 round=1 wall_ns=188834 cpu_ns=189750 states=253 verified=3 completion=0 alternatives=1
INSTRUMENTATION_STATUS_CODE: 0
INSTRUMENTATION_STATUS: candidate_width_measurement=v1 id=23 maximum=3 round=1 wall_ns=194750 cpu_ns=195667 states=253 verified=3 completion=0 alternatives=3
INSTRUMENTATION_STATUS_CODE: 0
INSTRUMENTATION_STATUS: candidate_width_measurement=v1 id=23 maximum=7 round=1 wall_ns=813291 cpu_ns=814375 states=1455 verified=24 completion=0 alternatives=7
INSTRUMENTATION_STATUS_CODE: 0
INSTRUMENTATION_STATUS: candidate_width_measurement=v1 id=24 maximum=7 round=1 wall_ns=562833 cpu_ns=563875 states=1273 verified=29 completion=0 alternatives=7
INSTRUMENTATION_STATUS_CODE: 0
INSTRUMENTATION_STATUS: candidate_width_measurement=v1 id=24 maximum=3 round=1 wall_ns=173417 cpu_ns=174791 states=192 verified=11 completion=0 alternatives=3
INSTRUMENTATION_STATUS_CODE: 0
INSTRUMENTATION_STATUS: candidate_width_measurement=v1 id=24 maximum=1 round=1 wall_ns=183208 cpu_ns=184208 states=192 verified=11 completion=0 alternatives=1
INSTRUMENTATION_STATUS_CODE: 0
INSTRUMENTATION_STATUS: candidate_width_measurement=v1 id=25 maximum=1 round=1 wall_ns=924167 cpu_ns=925500 states=1614 verified=6 completion=0 alternatives=1
INSTRUMENTATION_STATUS_CODE: 0
INSTRUMENTATION_STATUS: candidate_width_measurement=v1 id=25 maximum=3 round=1 wall_ns=3776500 cpu_ns=3777583 states=6796 verified=11 completion=0 alternatives=3
INSTRUMENTATION_STATUS_CODE: 0
INSTRUMENTATION_STATUS: candidate_width_measurement=v1 id=25 maximum=7 round=1 wall_ns=3564500 cpu_ns=3565584 states=6796 verified=11 completion=0 alternatives=7
INSTRUMENTATION_STATUS_CODE: 0
INSTRUMENTATION_STATUS: candidate_width_measurement=v1 id=26 maximum=7 round=1 wall_ns=3172500 cpu_ns=3173584 states=4889 verified=39 completion=0 alternatives=7
INSTRUMENTATION_STATUS_CODE: 0
INSTRUMENTATION_STATUS: candidate_width_measurement=v1 id=26 maximum=3 round=1 wall_ns=3054875 cpu_ns=3056000 states=4889 verified=39 completion=0 alternatives=3
INSTRUMENTATION_STATUS_CODE: 0
INSTRUMENTATION_STATUS: candidate_width_measurement=v1 id=26 maximum=1 round=1 wall_ns=1334125 cpu_ns=1335125 states=1814 verified=31 completion=0 alternatives=1
INSTRUMENTATION_STATUS_CODE: 0
INSTRUMENTATION_STATUS: candidate_width_measurement=v1 id=27 maximum=1 round=1 wall_ns=221375 cpu_ns=222333 states=280 verified=6 completion=0 alternatives=1
INSTRUMENTATION_STATUS_CODE: 0
INSTRUMENTATION_STATUS: candidate_width_measurement=v1 id=27 maximum=3 round=1 wall_ns=218334 cpu_ns=219417 states=280 verified=6 completion=0 alternatives=3
INSTRUMENTATION_STATUS_CODE: 0
INSTRUMENTATION_STATUS: candidate_width_measurement=v1 id=27 maximum=7 round=1 wall_ns=693583 cpu_ns=694542 states=1508 verified=8 completion=0 alternatives=7
INSTRUMENTATION_STATUS_CODE: 0
INSTRUMENTATION_STATUS: candidate_width_measurement=v1 id=28 maximum=7 round=1 wall_ns=2937458 cpu_ns=2938458 states=4469 verified=63 completion=0 alternatives=7
INSTRUMENTATION_STATUS_CODE: 0
INSTRUMENTATION_STATUS: candidate_width_measurement=v1 id=28 maximum=3 round=1 wall_ns=1275625 cpu_ns=1276500 states=1466 verified=53 completion=0 alternatives=3
INSTRUMENTATION_STATUS_CODE: 0
INSTRUMENTATION_STATUS: candidate_width_measurement=v1 id=28 maximum=1 round=1 wall_ns=342083 cpu_ns=343291 states=336 verified=13 completion=0 alternatives=1
INSTRUMENTATION_STATUS_CODE: 0
INSTRUMENTATION_STATUS: candidate_width_measurement=v1 id=29 maximum=1 round=1 wall_ns=1347125 cpu_ns=1348000 states=1750 verified=28 completion=0 alternatives=1
INSTRUMENTATION_STATUS_CODE: 0
INSTRUMENTATION_STATUS: candidate_width_measurement=v1 id=29 maximum=3 round=1 wall_ns=1273792 cpu_ns=1274750 states=1750 verified=28 completion=0 alternatives=3
INSTRUMENTATION_STATUS_CODE: 0
INSTRUMENTATION_STATUS: candidate_width_measurement=v1 id=29 maximum=7 round=1 wall_ns=4552833 cpu_ns=4554000 states=7060 verified=55 completion=0 alternatives=7
INSTRUMENTATION_STATUS_CODE: 0
INSTRUMENTATION_STATUS: candidate_width_measurement=v1 id=30 maximum=7 round=1 wall_ns=1779250 cpu_ns=1780833 states=2206 verified=64 completion=4 alternatives=7
INSTRUMENTATION_STATUS_CODE: 0
INSTRUMENTATION_STATUS: candidate_width_measurement=v1 id=30 maximum=3 round=1 wall_ns=1843834 cpu_ns=1844875 states=2206 verified=64 completion=4 alternatives=3
INSTRUMENTATION_STATUS_CODE: 0
INSTRUMENTATION_STATUS: candidate_width_measurement=v1 id=30 maximum=1 round=1 wall_ns=1744417 cpu_ns=1745416 states=2206 verified=64 completion=4 alternatives=1
INSTRUMENTATION_STATUS_CODE: 0
INSTRUMENTATION_STATUS: candidate_width_measurement=v1 id=31 maximum=1 round=1 wall_ns=1230333 cpu_ns=1231291 states=2079 verified=2 completion=0 alternatives=1
INSTRUMENTATION_STATUS_CODE: 0
INSTRUMENTATION_STATUS: candidate_width_measurement=v1 id=31 maximum=3 round=1 wall_ns=1513584 cpu_ns=1514542 states=2464 verified=5 completion=0 alternatives=3
INSTRUMENTATION_STATUS_CODE: 0
INSTRUMENTATION_STATUS: candidate_width_measurement=v1 id=31 maximum=7 round=1 wall_ns=4290125 cpu_ns=4291084 states=6727 verified=12 completion=0 alternatives=7
INSTRUMENTATION_STATUS_CODE: 0
INSTRUMENTATION_STATUS: candidate_width_measurement=v1 id=32 maximum=7 round=1 wall_ns=3323417 cpu_ns=3324416 states=5006 verified=47 completion=0 alternatives=7
INSTRUMENTATION_STATUS_CODE: 0
INSTRUMENTATION_STATUS: candidate_width_measurement=v1 id=32 maximum=3 round=1 wall_ns=1483458 cpu_ns=1484417 states=1787 verified=39 completion=0 alternatives=3
INSTRUMENTATION_STATUS_CODE: 0
INSTRUMENTATION_STATUS: candidate_width_measurement=v1 id=32 maximum=1 round=1 wall_ns=1477500 cpu_ns=1478583 states=1787 verified=39 completion=0 alternatives=1
INSTRUMENTATION_STATUS_CODE: 0
INSTRUMENTATION_STATUS: candidate_width_measurement=v1 id=33 maximum=1 round=1 wall_ns=801000 cpu_ns=801916 states=1398 verified=12 completion=0 alternatives=1
INSTRUMENTATION_STATUS_CODE: 0
INSTRUMENTATION_STATUS: candidate_width_measurement=v1 id=33 maximum=3 round=1 wall_ns=1853917 cpu_ns=1854666 states=3501 verified=18 completion=0 alternatives=3
INSTRUMENTATION_STATUS_CODE: 0
INSTRUMENTATION_STATUS: candidate_width_measurement=v1 id=33 maximum=7 round=1 wall_ns=1867542 cpu_ns=1868542 states=3501 verified=18 completion=0 alternatives=7
INSTRUMENTATION_STATUS_CODE: 0
INSTRUMENTATION_STATUS: candidate_width_measurement=v1 id=34 maximum=7 round=1 wall_ns=5277792 cpu_ns=5278958 states=8192 verified=26 completion=3 alternatives=7
INSTRUMENTATION_STATUS_CODE: 0
INSTRUMENTATION_STATUS: candidate_width_measurement=v1 id=34 maximum=3 round=1 wall_ns=1765958 cpu_ns=1766917 states=2542 verified=22 completion=0 alternatives=3
INSTRUMENTATION_STATUS_CODE: 0
INSTRUMENTATION_STATUS: candidate_width_measurement=v1 id=34 maximum=1 round=1 wall_ns=1788417 cpu_ns=1789417 states=2542 verified=22 completion=0 alternatives=1
INSTRUMENTATION_STATUS_CODE: 0
INSTRUMENTATION_STATUS: candidate_width_measurement=v1 id=35 maximum=1 round=1 wall_ns=1270250 cpu_ns=1271125 states=1844 verified=23 completion=0 alternatives=1
INSTRUMENTATION_STATUS_CODE: 0
INSTRUMENTATION_STATUS: candidate_width_measurement=v1 id=35 maximum=3 round=1 wall_ns=1282875 cpu_ns=1283667 states=1844 verified=23 completion=0 alternatives=3
INSTRUMENTATION_STATUS_CODE: 0
INSTRUMENTATION_STATUS: candidate_width_measurement=v1 id=35 maximum=7 round=1 wall_ns=5223208 cpu_ns=5080291 states=8192 verified=25 completion=3 alternatives=7
INSTRUMENTATION_STATUS_CODE: 0
INSTRUMENTATION_STATUS: candidate_width_measurement=v1 id=36 maximum=7 round=1 wall_ns=2221166 cpu_ns=2050334 states=2213 verified=48 completion=0 alternatives=7
INSTRUMENTATION_STATUS_CODE: 0
INSTRUMENTATION_STATUS: candidate_width_measurement=v1 id=36 maximum=3 round=1 wall_ns=1753083 cpu_ns=1754125 states=2213 verified=48 completion=0 alternatives=3
INSTRUMENTATION_STATUS_CODE: 0
INSTRUMENTATION_STATUS: candidate_width_measurement=v1 id=36 maximum=1 round=1 wall_ns=330834 cpu_ns=332000 states=367 verified=9 completion=0 alternatives=1
INSTRUMENTATION_STATUS_CODE: 0
INSTRUMENTATION_STATUS: candidate_width_measurement=v1 id=37 maximum=1 round=1 wall_ns=916666 cpu_ns=917875 states=1093 verified=5 completion=0 alternatives=1
INSTRUMENTATION_STATUS_CODE: 0
INSTRUMENTATION_STATUS: candidate_width_measurement=v1 id=37 maximum=3 round=1 wall_ns=5384958 cpu_ns=5378375 states=8192 verified=5 completion=3 alternatives=3
INSTRUMENTATION_STATUS_CODE: 0
INSTRUMENTATION_STATUS: candidate_width_measurement=v1 id=37 maximum=7 round=1 wall_ns=5021958 cpu_ns=5022958 states=8192 verified=5 completion=3 alternatives=5
INSTRUMENTATION_STATUS_CODE: 0
INSTRUMENTATION_STATUS: candidate_width_measurement=v1 id=38 maximum=7 round=1 wall_ns=5679584 cpu_ns=5680750 states=8192 verified=29 completion=3 alternatives=7
INSTRUMENTATION_STATUS_CODE: 0
INSTRUMENTATION_STATUS: candidate_width_measurement=v1 id=38 maximum=3 round=1 wall_ns=2045542 cpu_ns=2046833 states=2434 verified=28 completion=0 alternatives=3
INSTRUMENTATION_STATUS_CODE: 0
INSTRUMENTATION_STATUS: candidate_width_measurement=v1 id=38 maximum=1 round=1 wall_ns=458667 cpu_ns=459583 states=537 verified=6 completion=0 alternatives=1
INSTRUMENTATION_STATUS_CODE: 0
INSTRUMENTATION_STATUS: candidate_width_measurement=v1 id=39 maximum=1 round=1 wall_ns=504208 cpu_ns=505125 states=412 verified=23 completion=0 alternatives=1
INSTRUMENTATION_STATUS_CODE: 0
INSTRUMENTATION_STATUS: candidate_width_measurement=v1 id=39 maximum=3 round=1 wall_ns=1629208 cpu_ns=1630250 states=1873 verified=64 completion=4 alternatives=3
INSTRUMENTATION_STATUS_CODE: 0
INSTRUMENTATION_STATUS: candidate_width_measurement=v1 id=39 maximum=7 round=1 wall_ns=1570416 cpu_ns=1571375 states=1873 verified=64 completion=4 alternatives=7
INSTRUMENTATION_STATUS_CODE: 0
INSTRUMENTATION_STATUS: candidate_width_measurement=v1 id=40 maximum=7 round=1 wall_ns=595291 cpu_ns=596291 states=1119 verified=42 completion=0 alternatives=7
INSTRUMENTATION_STATUS_CODE: 0
INSTRUMENTATION_STATUS: candidate_width_measurement=v1 id=40 maximum=3 round=1 wall_ns=270875 cpu_ns=272042 states=310 verified=33 completion=0 alternatives=3
INSTRUMENTATION_STATUS_CODE: 0
INSTRUMENTATION_STATUS: candidate_width_measurement=v1 id=40 maximum=1 round=1 wall_ns=270833 cpu_ns=271916 states=310 verified=33 completion=0 alternatives=1
INSTRUMENTATION_STATUS_CODE: 0
INSTRUMENTATION_STATUS: candidate_width_measurement=v1 id=41 maximum=1 round=1 wall_ns=250875 cpu_ns=252125 states=353 verified=5 completion=0 alternatives=1
INSTRUMENTATION_STATUS_CODE: 0
INSTRUMENTATION_STATUS: candidate_width_measurement=v1 id=41 maximum=3 round=1 wall_ns=742875 cpu_ns=743750 states=1616 verified=9 completion=0 alternatives=3
INSTRUMENTATION_STATUS_CODE: 0
INSTRUMENTATION_STATUS: candidate_width_measurement=v1 id=41 maximum=7 round=1 wall_ns=1244083 cpu_ns=1245041 states=3007 verified=13 completion=0 alternatives=7
INSTRUMENTATION_STATUS_CODE: 0
INSTRUMENTATION_STATUS: candidate_width_measurement=v1 id=42 maximum=7 round=1 wall_ns=567166 cpu_ns=568000 states=1399 verified=41 completion=0 alternatives=7
INSTRUMENTATION_STATUS_CODE: 0
INSTRUMENTATION_STATUS: candidate_width_measurement=v1 id=42 maximum=3 round=1 wall_ns=257208 cpu_ns=258250 states=401 verified=27 completion=0 alternatives=3
INSTRUMENTATION_STATUS_CODE: 0
INSTRUMENTATION_STATUS: candidate_width_measurement=v1 id=42 maximum=1 round=1 wall_ns=204834 cpu_ns=205625 states=236 verified=23 completion=0 alternatives=1
INSTRUMENTATION_STATUS_CODE: 0
INSTRUMENTATION_STATUS: candidate_width_measurement=v1 id=43 maximum=1 round=1 wall_ns=1069083 cpu_ns=1070083 states=1640 verified=7 completion=0 alternatives=1
INSTRUMENTATION_STATUS_CODE: 0
INSTRUMENTATION_STATUS: candidate_width_measurement=v1 id=43 maximum=3 round=1 wall_ns=979375 cpu_ns=980167 states=1640 verified=7 completion=0 alternatives=3
INSTRUMENTATION_STATUS_CODE: 0
INSTRUMENTATION_STATUS: candidate_width_measurement=v1 id=43 maximum=7 round=1 wall_ns=2913125 cpu_ns=2914125 states=4904 verified=13 completion=0 alternatives=7
INSTRUMENTATION_STATUS_CODE: 0
INSTRUMENTATION_STATUS: candidate_width_measurement=v1 id=44 maximum=7 round=1 wall_ns=1057792 cpu_ns=1058625 states=2455 verified=10 completion=0 alternatives=4
INSTRUMENTATION_STATUS_CODE: 0
INSTRUMENTATION_STATUS: candidate_width_measurement=v1 id=44 maximum=3 round=1 wall_ns=647917 cpu_ns=648792 states=1492 verified=7 completion=0 alternatives=3
INSTRUMENTATION_STATUS_CODE: 0
INSTRUMENTATION_STATUS: candidate_width_measurement=v1 id=44 maximum=1 round=1 wall_ns=311125 cpu_ns=312125 states=612 verified=5 completion=0 alternatives=1
INSTRUMENTATION_STATUS_CODE: 0
INSTRUMENTATION_STATUS: candidate_width_measurement=v1 id=45 maximum=1 round=1 wall_ns=55250 cpu_ns=56083 states=28 verified=0 completion=2 alternatives=0
INSTRUMENTATION_STATUS_CODE: 0
INSTRUMENTATION_STATUS: candidate_width_measurement=v1 id=45 maximum=3 round=1 wall_ns=23875 cpu_ns=24833 states=28 verified=0 completion=2 alternatives=0
INSTRUMENTATION_STATUS_CODE: 0
INSTRUMENTATION_STATUS: candidate_width_measurement=v1 id=45 maximum=7 round=1 wall_ns=19458 cpu_ns=20208 states=28 verified=0 completion=2 alternatives=0
INSTRUMENTATION_STATUS_CODE: 0
INSTRUMENTATION_STATUS: candidate_width_measurement=v1 id=46 maximum=7 round=1 wall_ns=1550875 cpu_ns=1551917 states=2202 verified=27 completion=0 alternatives=7
INSTRUMENTATION_STATUS_CODE: 0
INSTRUMENTATION_STATUS: candidate_width_measurement=v1 id=46 maximum=3 round=1 wall_ns=520625 cpu_ns=521458 states=724 verified=11 completion=0 alternatives=3
INSTRUMENTATION_STATUS_CODE: 0
INSTRUMENTATION_STATUS: candidate_width_measurement=v1 id=46 maximum=1 round=1 wall_ns=503041 cpu_ns=504084 states=724 verified=11 completion=0 alternatives=1
INSTRUMENTATION_STATUS_CODE: 0
INSTRUMENTATION_STATUS: candidate_width_measurement=v1 id=47 maximum=1 round=1 wall_ns=1209041 cpu_ns=1209875 states=1621 verified=16 completion=0 alternatives=1
INSTRUMENTATION_STATUS_CODE: 0
INSTRUMENTATION_STATUS: candidate_width_measurement=v1 id=47 maximum=3 round=1 wall_ns=1727125 cpu_ns=1728000 states=2580 verified=16 completion=0 alternatives=3
INSTRUMENTATION_STATUS_CODE: 0
INSTRUMENTATION_STATUS: candidate_width_measurement=v1 id=47 maximum=7 round=1 wall_ns=5328250 cpu_ns=5329374 states=8192 verified=16 completion=3 alternatives=7
INSTRUMENTATION_STATUS_CODE: 0
INSTRUMENTATION_STATUS: candidate_width_measurement=v1 id=48 maximum=7 round=1 wall_ns=1171750 cpu_ns=1172584 states=1680 verified=21 completion=0 alternatives=7
INSTRUMENTATION_STATUS_CODE: 0
INSTRUMENTATION_STATUS: candidate_width_measurement=v1 id=48 maximum=3 round=1 wall_ns=1154292 cpu_ns=1155250 states=1680 verified=21 completion=0 alternatives=3
INSTRUMENTATION_STATUS_CODE: 0
INSTRUMENTATION_STATUS: candidate_width_measurement=v1 id=48 maximum=1 round=1 wall_ns=1177542 cpu_ns=1178416 states=1680 verified=21 completion=0 alternatives=1
INSTRUMENTATION_STATUS_CODE: 0
INSTRUMENTATION_STATUS: candidate_width_measurement=v1 id=49 maximum=1 round=1 wall_ns=202208 cpu_ns=203084 states=296 verified=5 completion=0 alternatives=1
INSTRUMENTATION_STATUS_CODE: 0
INSTRUMENTATION_STATUS: candidate_width_measurement=v1 id=49 maximum=3 round=1 wall_ns=781083 cpu_ns=781917 states=1514 verified=18 completion=0 alternatives=3
INSTRUMENTATION_STATUS_CODE: 0
INSTRUMENTATION_STATUS: candidate_width_measurement=v1 id=49 maximum=7 round=1 wall_ns=748083 cpu_ns=749166 states=1514 verified=18 completion=0 alternatives=7
INSTRUMENTATION_STATUS_CODE: 0
INSTRUMENTATION_STATUS: candidate_width_measurement=v1 id=50 maximum=7 round=1 wall_ns=1603042 cpu_ns=1604125 states=1892 verified=64 completion=4 alternatives=7
INSTRUMENTATION_STATUS_CODE: 0
INSTRUMENTATION_STATUS: candidate_width_measurement=v1 id=50 maximum=3 round=1 wall_ns=1566416 cpu_ns=1567375 states=1892 verified=64 completion=4 alternatives=3
INSTRUMENTATION_STATUS_CODE: 0
INSTRUMENTATION_STATUS: candidate_width_measurement=v1 id=50 maximum=1 round=1 wall_ns=334750 cpu_ns=335917 states=322 verified=8 completion=0 alternatives=1
INSTRUMENTATION_STATUS_CODE: 0
INSTRUMENTATION_STATUS: candidate_width_measurement=v1 id=51 maximum=1 round=1 wall_ns=309041 cpu_ns=309834 states=448 verified=11 completion=0 alternatives=1
INSTRUMENTATION_STATUS_CODE: 0
INSTRUMENTATION_STATUS: candidate_width_measurement=v1 id=51 maximum=3 round=1 wall_ns=308042 cpu_ns=308833 states=448 verified=11 completion=0 alternatives=3
INSTRUMENTATION_STATUS_CODE: 0
INSTRUMENTATION_STATUS: candidate_width_measurement=v1 id=51 maximum=7 round=1 wall_ns=428542 cpu_ns=429292 states=740 verified=11 completion=0 alternatives=7
INSTRUMENTATION_STATUS_CODE: 0
INSTRUMENTATION_STATUS: candidate_width_measurement=v1 id=52 maximum=7 round=1 wall_ns=5515041 cpu_ns=5515958 states=8192 verified=4 completion=3 alternatives=4
INSTRUMENTATION_STATUS_CODE: 0
INSTRUMENTATION_STATUS: candidate_width_measurement=v1 id=52 maximum=3 round=1 wall_ns=5361834 cpu_ns=5358084 states=8192 verified=4 completion=3 alternatives=3
INSTRUMENTATION_STATUS_CODE: 0
INSTRUMENTATION_STATUS: candidate_width_measurement=v1 id=52 maximum=1 round=1 wall_ns=1280375 cpu_ns=1281166 states=2008 verified=3 completion=0 alternatives=1
INSTRUMENTATION_STATUS_CODE: 0
INSTRUMENTATION_STATUS: candidate_width_measurement=v1 id=53 maximum=1 round=1 wall_ns=217875 cpu_ns=218667 states=312 verified=4 completion=0 alternatives=1
INSTRUMENTATION_STATUS_CODE: 0
INSTRUMENTATION_STATUS: candidate_width_measurement=v1 id=53 maximum=3 round=1 wall_ns=273833 cpu_ns=274584 states=455 verified=6 completion=0 alternatives=3
INSTRUMENTATION_STATUS_CODE: 0
INSTRUMENTATION_STATUS: candidate_width_measurement=v1 id=53 maximum=7 round=1 wall_ns=756458 cpu_ns=757459 states=1667 verified=10 completion=0 alternatives=7
INSTRUMENTATION_STATUS_CODE: 0
INSTRUMENTATION_STATUS: candidate_width_measurement=v1 id=54 maximum=7 round=1 wall_ns=4791583 cpu_ns=4787209 states=8192 verified=14 completion=3 alternatives=7
INSTRUMENTATION_STATUS_CODE: 0
INSTRUMENTATION_STATUS: candidate_width_measurement=v1 id=54 maximum=3 round=1 wall_ns=2684666 cpu_ns=2685583 states=4405 verified=14 completion=0 alternatives=3
INSTRUMENTATION_STATUS_CODE: 0
INSTRUMENTATION_STATUS: candidate_width_measurement=v1 id=54 maximum=1 round=1 wall_ns=971166 cpu_ns=972250 states=1412 verified=12 completion=0 alternatives=1
INSTRUMENTATION_STATUS_CODE: 0
INSTRUMENTATION_STATUS: candidate_width_measurement=v1 id=55 maximum=1 round=1 wall_ns=1512083 cpu_ns=1512833 states=2276 verified=10 completion=0 alternatives=1
INSTRUMENTATION_STATUS_CODE: 0
INSTRUMENTATION_STATUS: candidate_width_measurement=v1 id=55 maximum=3 round=1 wall_ns=4600750 cpu_ns=4601666 states=6979 verified=13 completion=0 alternatives=3
INSTRUMENTATION_STATUS_CODE: 0
INSTRUMENTATION_STATUS: candidate_width_measurement=v1 id=55 maximum=7 round=1 wall_ns=4582792 cpu_ns=4583708 states=6979 verified=13 completion=0 alternatives=7
INSTRUMENTATION_STATUS_CODE: 0
INSTRUMENTATION_STATUS: candidate_width_measurement=v1 id=56 maximum=7 round=1 wall_ns=592792 cpu_ns=593875 states=1277 verified=8 completion=0 alternatives=7
INSTRUMENTATION_STATUS_CODE: 0
INSTRUMENTATION_STATUS: candidate_width_measurement=v1 id=56 maximum=3 round=1 wall_ns=567000 cpu_ns=567958 states=1277 verified=8 completion=0 alternatives=3
INSTRUMENTATION_STATUS_CODE: 0
INSTRUMENTATION_STATUS: candidate_width_measurement=v1 id=56 maximum=1 round=1 wall_ns=541792 cpu_ns=542584 states=1277 verified=8 completion=0 alternatives=1
INSTRUMENTATION_STATUS_CODE: 0
INSTRUMENTATION_STATUS: candidate_width_measurement=v1 id=57 maximum=1 round=1 wall_ns=1064416 cpu_ns=1065333 states=1609 verified=3 completion=0 alternatives=1
INSTRUMENTATION_STATUS_CODE: 0
INSTRUMENTATION_STATUS: candidate_width_measurement=v1 id=57 maximum=3 round=1 wall_ns=5200709 cpu_ns=5201625 states=8192 verified=3 completion=3 alternatives=3
INSTRUMENTATION_STATUS_CODE: 0
INSTRUMENTATION_STATUS: candidate_width_measurement=v1 id=57 maximum=7 round=1 wall_ns=5088459 cpu_ns=5081626 states=8192 verified=3 completion=3 alternatives=3
INSTRUMENTATION_STATUS_CODE: 0
INSTRUMENTATION_STATUS: candidate_width_measurement=v1 id=58 maximum=7 round=1 wall_ns=1715417 cpu_ns=1716417 states=2200 verified=48 completion=0 alternatives=7
INSTRUMENTATION_STATUS_CODE: 0
INSTRUMENTATION_STATUS: candidate_width_measurement=v1 id=58 maximum=3 round=1 wall_ns=1641167 cpu_ns=1642167 states=2200 verified=48 completion=0 alternatives=3
INSTRUMENTATION_STATUS_CODE: 0
INSTRUMENTATION_STATUS: candidate_width_measurement=v1 id=58 maximum=1 round=1 wall_ns=283083 cpu_ns=283583 states=349 verified=5 completion=0 alternatives=1
INSTRUMENTATION_STATUS_CODE: 0
INSTRUMENTATION_STATUS: candidate_width_measurement=v1 id=59 maximum=1 round=1 wall_ns=953083 cpu_ns=953958 states=1483 verified=9 completion=0 alternatives=1
INSTRUMENTATION_STATUS_CODE: 0
INSTRUMENTATION_STATUS: candidate_width_measurement=v1 id=59 maximum=3 round=1 wall_ns=2816209 cpu_ns=2521375 states=2741 verified=13 completion=0 alternatives=3
INSTRUMENTATION_STATUS_CODE: 0
INSTRUMENTATION_STATUS: candidate_width_measurement=v1 id=59 maximum=7 round=1 wall_ns=3284500 cpu_ns=3285458 states=5151 verified=15 completion=0 alternatives=7
INSTRUMENTATION_STATUS_CODE: 0
INSTRUMENTATION_STATUS: candidate_width_measurement=v1 id=0 maximum=1 round=2 wall_ns=992542 cpu_ns=993291 states=1475 verified=13 completion=0 alternatives=1
INSTRUMENTATION_STATUS_CODE: 0
INSTRUMENTATION_STATUS: candidate_width_measurement=v1 id=0 maximum=3 round=2 wall_ns=2836917 cpu_ns=2838000 states=4713 verified=13 completion=0 alternatives=3
INSTRUMENTATION_STATUS_CODE: 0
INSTRUMENTATION_STATUS: candidate_width_measurement=v1 id=0 maximum=7 round=2 wall_ns=4667458 cpu_ns=4668208 states=8192 verified=13 completion=3 alternatives=7
INSTRUMENTATION_STATUS_CODE: 0
INSTRUMENTATION_STATUS: candidate_width_measurement=v1 id=1 maximum=7 round=2 wall_ns=591333 cpu_ns=592292 states=1438 verified=13 completion=0 alternatives=7
INSTRUMENTATION_STATUS_CODE: 0
INSTRUMENTATION_STATUS: candidate_width_measurement=v1 id=1 maximum=3 round=2 wall_ns=258375 cpu_ns=259334 states=444 verified=9 completion=0 alternatives=3
INSTRUMENTATION_STATUS_CODE: 0
INSTRUMENTATION_STATUS: candidate_width_measurement=v1 id=1 maximum=1 round=2 wall_ns=249125 cpu_ns=250208 states=444 verified=9 completion=0 alternatives=1
INSTRUMENTATION_STATUS_CODE: 0
INSTRUMENTATION_STATUS: candidate_width_measurement=v1 id=2 maximum=1 round=2 wall_ns=936375 cpu_ns=937250 states=1689 verified=2 completion=0 alternatives=1
INSTRUMENTATION_STATUS_CODE: 0
INSTRUMENTATION_STATUS: candidate_width_measurement=v1 id=2 maximum=3 round=2 wall_ns=3648084 cpu_ns=3648874 states=6379 verified=5 completion=0 alternatives=3
INSTRUMENTATION_STATUS_CODE: 0
INSTRUMENTATION_STATUS: candidate_width_measurement=v1 id=2 maximum=7 round=2 wall_ns=4595334 cpu_ns=4596333 states=8192 verified=5 completion=3 alternatives=5
INSTRUMENTATION_STATUS_CODE: 0
INSTRUMENTATION_STATUS: candidate_width_measurement=v1 id=3 maximum=7 round=2 wall_ns=3819459 cpu_ns=3820375 states=6441 verified=57 completion=0 alternatives=7
INSTRUMENTATION_STATUS_CODE: 0
INSTRUMENTATION_STATUS: candidate_width_measurement=v1 id=3 maximum=3 round=2 wall_ns=1714167 cpu_ns=1719000 states=2646 verified=46 completion=0 alternatives=3
INSTRUMENTATION_STATUS_CODE: 0
INSTRUMENTATION_STATUS: candidate_width_measurement=v1 id=3 maximum=1 round=2 wall_ns=998375 cpu_ns=999083 states=1775 verified=17 completion=0 alternatives=1
INSTRUMENTATION_STATUS_CODE: 0
INSTRUMENTATION_STATUS: candidate_width_measurement=v1 id=4 maximum=1 round=2 wall_ns=906375 cpu_ns=907250 states=1562 verified=7 completion=0 alternatives=1
INSTRUMENTATION_STATUS_CODE: 0
INSTRUMENTATION_STATUS: candidate_width_measurement=v1 id=4 maximum=3 round=2 wall_ns=2703167 cpu_ns=2704250 states=4569 verified=7 completion=0 alternatives=3
INSTRUMENTATION_STATUS_CODE: 0
INSTRUMENTATION_STATUS: candidate_width_measurement=v1 id=4 maximum=7 round=2 wall_ns=4687542 cpu_ns=4688625 states=8192 verified=7 completion=3 alternatives=7
INSTRUMENTATION_STATUS_CODE: 0
INSTRUMENTATION_STATUS: candidate_width_measurement=v1 id=5 maximum=7 round=2 wall_ns=1507500 cpu_ns=1508500 states=2139 verified=59 completion=0 alternatives=7
INSTRUMENTATION_STATUS_CODE: 0
INSTRUMENTATION_STATUS: candidate_width_measurement=v1 id=5 maximum=3 round=2 wall_ns=1539208 cpu_ns=1540041 states=2139 verified=59 completion=0 alternatives=3
INSTRUMENTATION_STATUS_CODE: 0
INSTRUMENTATION_STATUS: candidate_width_measurement=v1 id=5 maximum=1 round=2 wall_ns=340791 cpu_ns=341750 states=514 verified=11 completion=0 alternatives=1
INSTRUMENTATION_STATUS_CODE: 0
INSTRUMENTATION_STATUS: candidate_width_measurement=v1 id=6 maximum=1 round=2 wall_ns=788041 cpu_ns=788875 states=1463 verified=6 completion=0 alternatives=1
INSTRUMENTATION_STATUS_CODE: 0
INSTRUMENTATION_STATUS: candidate_width_measurement=v1 id=6 maximum=3 round=2 wall_ns=2904958 cpu_ns=2905791 states=5398 verified=16 completion=0 alternatives=3
INSTRUMENTATION_STATUS_CODE: 0
INSTRUMENTATION_STATUS: candidate_width_measurement=v1 id=6 maximum=7 round=2 wall_ns=2906500 cpu_ns=2907292 states=5398 verified=16 completion=0 alternatives=7
INSTRUMENTATION_STATUS_CODE: 0
INSTRUMENTATION_STATUS: candidate_width_measurement=v1 id=7 maximum=7 round=2 wall_ns=3953125 cpu_ns=3954042 states=5678 verified=45 completion=0 alternatives=7
INSTRUMENTATION_STATUS_CODE: 0
INSTRUMENTATION_STATUS: candidate_width_measurement=v1 id=7 maximum=3 round=2 wall_ns=1075667 cpu_ns=1076625 states=1851 verified=8 completion=0 alternatives=3
INSTRUMENTATION_STATUS_CODE: 0
INSTRUMENTATION_STATUS: candidate_width_measurement=v1 id=7 maximum=1 round=2 wall_ns=1092917 cpu_ns=1093792 states=1851 verified=8 completion=0 alternatives=1
INSTRUMENTATION_STATUS_CODE: 0
INSTRUMENTATION_STATUS: candidate_width_measurement=v1 id=8 maximum=1 round=2 wall_ns=364958 cpu_ns=365917 states=327 verified=18 completion=0 alternatives=1
INSTRUMENTATION_STATUS_CODE: 0
INSTRUMENTATION_STATUS: candidate_width_measurement=v1 id=8 maximum=3 round=2 wall_ns=1380000 cpu_ns=1380792 states=1503 verified=64 completion=4 alternatives=3
INSTRUMENTATION_STATUS_CODE: 0
INSTRUMENTATION_STATUS: candidate_width_measurement=v1 id=8 maximum=7 round=2 wall_ns=1336333 cpu_ns=1337375 states=1503 verified=64 completion=4 alternatives=7
INSTRUMENTATION_STATUS_CODE: 0
INSTRUMENTATION_STATUS: candidate_width_measurement=v1 id=9 maximum=7 round=2 wall_ns=2502667 cpu_ns=2503709 states=4662 verified=13 completion=0 alternatives=7
INSTRUMENTATION_STATUS_CODE: 0
INSTRUMENTATION_STATUS: candidate_width_measurement=v1 id=9 maximum=3 round=2 wall_ns=737834 cpu_ns=738791 states=1282 verified=10 completion=0 alternatives=3
INSTRUMENTATION_STATUS_CODE: 0
INSTRUMENTATION_STATUS: candidate_width_measurement=v1 id=9 maximum=1 round=2 wall_ns=242417 cpu_ns=243375 states=358 verified=4 completion=0 alternatives=1
INSTRUMENTATION_STATUS_CODE: 0
INSTRUMENTATION_STATUS: candidate_width_measurement=v1 id=10 maximum=1 round=2 wall_ns=308625 cpu_ns=309500 states=422 verified=20 completion=0 alternatives=1
INSTRUMENTATION_STATUS_CODE: 0
INSTRUMENTATION_STATUS: candidate_width_measurement=v1 id=10 maximum=3 round=2 wall_ns=282000 cpu_ns=283000 states=422 verified=20 completion=0 alternatives=3
INSTRUMENTATION_STATUS_CODE: 0
INSTRUMENTATION_STATUS: candidate_width_measurement=v1 id=10 maximum=7 round=2 wall_ns=867166 cpu_ns=868000 states=1917 verified=42 completion=0 alternatives=7
INSTRUMENTATION_STATUS_CODE: 0
INSTRUMENTATION_STATUS: candidate_width_measurement=v1 id=11 maximum=7 round=2 wall_ns=5269250 cpu_ns=5270000 states=8192 verified=49 completion=3 alternatives=7
INSTRUMENTATION_STATUS_CODE: 0
INSTRUMENTATION_STATUS: candidate_width_measurement=v1 id=11 maximum=3 round=2 wall_ns=1392000 cpu_ns=1392833 states=2058 verified=28 completion=0 alternatives=3
INSTRUMENTATION_STATUS_CODE: 0
INSTRUMENTATION_STATUS: candidate_width_measurement=v1 id=11 maximum=1 round=2 wall_ns=1361792 cpu_ns=1362625 states=2058 verified=28 completion=0 alternatives=1
INSTRUMENTATION_STATUS_CODE: 0
INSTRUMENTATION_STATUS: candidate_width_measurement=v1 id=12 maximum=1 round=2 wall_ns=224333 cpu_ns=225208 states=324 verified=4 completion=0 alternatives=1
INSTRUMENTATION_STATUS_CODE: 0
INSTRUMENTATION_STATUS: candidate_width_measurement=v1 id=12 maximum=3 round=2 wall_ns=250291 cpu_ns=251042 states=420 verified=5 completion=0 alternatives=3
INSTRUMENTATION_STATUS_CODE: 0
INSTRUMENTATION_STATUS: candidate_width_measurement=v1 id=12 maximum=7 round=2 wall_ns=889833 cpu_ns=890916 states=1986 verified=15 completion=0 alternatives=7
INSTRUMENTATION_STATUS_CODE: 0
INSTRUMENTATION_STATUS: candidate_width_measurement=v1 id=13 maximum=7 round=2 wall_ns=2078958 cpu_ns=2079875 states=2999 verified=64 completion=4 alternatives=7
INSTRUMENTATION_STATUS_CODE: 0
INSTRUMENTATION_STATUS: candidate_width_measurement=v1 id=13 maximum=3 round=2 wall_ns=1342584 cpu_ns=1344291 states=1861 verified=44 completion=0 alternatives=3
INSTRUMENTATION_STATUS_CODE: 0
INSTRUMENTATION_STATUS: candidate_width_measurement=v1 id=13 maximum=1 round=2 wall_ns=542917 cpu_ns=543917 states=599 verified=26 completion=0 alternatives=1
INSTRUMENTATION_STATUS_CODE: 0
INSTRUMENTATION_STATUS: candidate_width_measurement=v1 id=14 maximum=1 round=2 wall_ns=1140708 cpu_ns=1141541 states=1930 verified=1 completion=0 alternatives=1
INSTRUMENTATION_STATUS_CODE: 0
INSTRUMENTATION_STATUS: candidate_width_measurement=v1 id=14 maximum=3 round=2 wall_ns=4982542 cpu_ns=4983584 states=8192 verified=1 completion=3 alternatives=1
INSTRUMENTATION_STATUS_CODE: 0
INSTRUMENTATION_STATUS: candidate_width_measurement=v1 id=14 maximum=7 round=2 wall_ns=4969583 cpu_ns=4962333 states=8192 verified=1 completion=3 alternatives=1
INSTRUMENTATION_STATUS_CODE: 0
INSTRUMENTATION_STATUS: candidate_width_measurement=v1 id=15 maximum=7 round=2 wall_ns=546458 cpu_ns=547250 states=1324 verified=9 completion=0 alternatives=7
INSTRUMENTATION_STATUS_CODE: 0
INSTRUMENTATION_STATUS: candidate_width_measurement=v1 id=15 maximum=3 round=2 wall_ns=544167 cpu_ns=544958 states=1324 verified=9 completion=0 alternatives=3
INSTRUMENTATION_STATUS_CODE: 0
INSTRUMENTATION_STATUS: candidate_width_measurement=v1 id=15 maximum=1 round=2 wall_ns=172542 cpu_ns=173459 states=250 verified=3 completion=0 alternatives=1
INSTRUMENTATION_STATUS_CODE: 0
INSTRUMENTATION_STATUS: candidate_width_measurement=v1 id=16 maximum=1 round=2 wall_ns=1004875 cpu_ns=1005750 states=1607 verified=13 completion=0 alternatives=1
INSTRUMENTATION_STATUS_CODE: 0
INSTRUMENTATION_STATUS: candidate_width_measurement=v1 id=16 maximum=3 round=2 wall_ns=986167 cpu_ns=987083 states=1607 verified=13 completion=0 alternatives=3
INSTRUMENTATION_STATUS_CODE: 0
INSTRUMENTATION_STATUS: candidate_width_measurement=v1 id=16 maximum=7 round=2 wall_ns=4618250 cpu_ns=4619209 states=8192 verified=14 completion=3 alternatives=7
INSTRUMENTATION_STATUS_CODE: 0
INSTRUMENTATION_STATUS: candidate_width_measurement=v1 id=17 maximum=7 round=2 wall_ns=5532667 cpu_ns=5296709 states=8192 verified=2 completion=3 alternatives=2
INSTRUMENTATION_STATUS_CODE: 0
INSTRUMENTATION_STATUS: candidate_width_measurement=v1 id=17 maximum=3 round=2 wall_ns=4839000 cpu_ns=4772000 states=8192 verified=2 completion=3 alternatives=2
INSTRUMENTATION_STATUS_CODE: 0
INSTRUMENTATION_STATUS: candidate_width_measurement=v1 id=17 maximum=1 round=2 wall_ns=823792 cpu_ns=824708 states=1517 verified=1 completion=0 alternatives=1
INSTRUMENTATION_STATUS_CODE: 0
INSTRUMENTATION_STATUS: candidate_width_measurement=v1 id=18 maximum=1 round=2 wall_ns=224250 cpu_ns=225125 states=411 verified=4 completion=0 alternatives=1
INSTRUMENTATION_STATUS_CODE: 0
INSTRUMENTATION_STATUS: candidate_width_measurement=v1 id=18 maximum=3 round=2 wall_ns=805458 cpu_ns=806416 states=2064 verified=5 completion=0 alternatives=3
INSTRUMENTATION_STATUS_CODE: 0
INSTRUMENTATION_STATUS: candidate_width_measurement=v1 id=18 maximum=7 round=2 wall_ns=1264750 cpu_ns=1265833 states=3409 verified=5 completion=0 alternatives=5
INSTRUMENTATION_STATUS_CODE: 0
INSTRUMENTATION_STATUS: candidate_width_measurement=v1 id=19 maximum=7 round=2 wall_ns=580958 cpu_ns=581834 states=1121 verified=50 completion=0 alternatives=7
INSTRUMENTATION_STATUS_CODE: 0
INSTRUMENTATION_STATUS: candidate_width_measurement=v1 id=19 maximum=3 round=2 wall_ns=259209 cpu_ns=260042 states=292 verified=29 completion=0 alternatives=3
INSTRUMENTATION_STATUS_CODE: 0
INSTRUMENTATION_STATUS: candidate_width_measurement=v1 id=19 maximum=1 round=2 wall_ns=264500 cpu_ns=265375 states=292 verified=29 completion=0 alternatives=1
INSTRUMENTATION_STATUS_CODE: 0
INSTRUMENTATION_STATUS: candidate_width_measurement=v1 id=20 maximum=1 round=2 wall_ns=2406084 cpu_ns=2407083 states=2619 verified=64 completion=4 alternatives=1
INSTRUMENTATION_STATUS_CODE: 0
INSTRUMENTATION_STATUS: candidate_width_measurement=v1 id=20 maximum=3 round=2 wall_ns=2182542 cpu_ns=2183625 states=2619 verified=64 completion=4 alternatives=3
INSTRUMENTATION_STATUS_CODE: 0
INSTRUMENTATION_STATUS: candidate_width_measurement=v1 id=20 maximum=7 round=2 wall_ns=2191959 cpu_ns=2192584 states=2619 verified=64 completion=4 alternatives=7
INSTRUMENTATION_STATUS_CODE: 0
INSTRUMENTATION_STATUS: candidate_width_measurement=v1 id=21 maximum=7 round=2 wall_ns=4144208 cpu_ns=4145125 states=5806 verified=21 completion=0 alternatives=7
INSTRUMENTATION_STATUS_CODE: 0
INSTRUMENTATION_STATUS: candidate_width_measurement=v1 id=21 maximum=3 round=2 wall_ns=1429334 cpu_ns=1430417 states=2111 verified=12 completion=0 alternatives=3
INSTRUMENTATION_STATUS_CODE: 0
INSTRUMENTATION_STATUS: candidate_width_measurement=v1 id=21 maximum=1 round=2 wall_ns=1412750 cpu_ns=1413708 states=2111 verified=12 completion=0 alternatives=1
INSTRUMENTATION_STATUS_CODE: 0
INSTRUMENTATION_STATUS: candidate_width_measurement=v1 id=22 maximum=1 round=2 wall_ns=188333 cpu_ns=189125 states=293 verified=2 completion=0 alternatives=1
INSTRUMENTATION_STATUS_CODE: 0
INSTRUMENTATION_STATUS: candidate_width_measurement=v1 id=22 maximum=3 round=2 wall_ns=883542 cpu_ns=884333 states=1928 verified=10 completion=0 alternatives=3
INSTRUMENTATION_STATUS_CODE: 0
INSTRUMENTATION_STATUS: candidate_width_measurement=v1 id=22 maximum=7 round=2 wall_ns=841292 cpu_ns=842417 states=1928 verified=10 completion=0 alternatives=7
INSTRUMENTATION_STATUS_CODE: 0
INSTRUMENTATION_STATUS: candidate_width_measurement=v1 id=23 maximum=7 round=2 wall_ns=837334 cpu_ns=838458 states=1455 verified=24 completion=0 alternatives=7
INSTRUMENTATION_STATUS_CODE: 0
INSTRUMENTATION_STATUS: candidate_width_measurement=v1 id=23 maximum=3 round=2 wall_ns=167917 cpu_ns=168667 states=253 verified=3 completion=0 alternatives=3
INSTRUMENTATION_STATUS_CODE: 0
INSTRUMENTATION_STATUS: candidate_width_measurement=v1 id=23 maximum=1 round=2 wall_ns=186750 cpu_ns=187709 states=253 verified=3 completion=0 alternatives=1
INSTRUMENTATION_STATUS_CODE: 0
INSTRUMENTATION_STATUS: candidate_width_measurement=v1 id=24 maximum=1 round=2 wall_ns=162500 cpu_ns=163333 states=192 verified=11 completion=0 alternatives=1
INSTRUMENTATION_STATUS_CODE: 0
INSTRUMENTATION_STATUS: candidate_width_measurement=v1 id=24 maximum=3 round=2 wall_ns=159416 cpu_ns=159958 states=192 verified=11 completion=0 alternatives=3
INSTRUMENTATION_STATUS_CODE: 0
INSTRUMENTATION_STATUS: candidate_width_measurement=v1 id=24 maximum=7 round=2 wall_ns=551583 cpu_ns=552334 states=1273 verified=29 completion=0 alternatives=7
INSTRUMENTATION_STATUS_CODE: 0
INSTRUMENTATION_STATUS: candidate_width_measurement=v1 id=25 maximum=7 round=2 wall_ns=3845833 cpu_ns=3846625 states=6796 verified=11 completion=0 alternatives=7
INSTRUMENTATION_STATUS_CODE: 0
INSTRUMENTATION_STATUS: candidate_width_measurement=v1 id=25 maximum=3 round=2 wall_ns=3591375 cpu_ns=3592459 states=6796 verified=11 completion=0 alternatives=3
INSTRUMENTATION_STATUS_CODE: 0
INSTRUMENTATION_STATUS: candidate_width_measurement=v1 id=25 maximum=1 round=2 wall_ns=928375 cpu_ns=929375 states=1614 verified=6 completion=0 alternatives=1
INSTRUMENTATION_STATUS_CODE: 0
INSTRUMENTATION_STATUS: candidate_width_measurement=v1 id=26 maximum=1 round=2 wall_ns=1355792 cpu_ns=1356584 states=1814 verified=31 completion=0 alternatives=1
INSTRUMENTATION_STATUS_CODE: 0
INSTRUMENTATION_STATUS: candidate_width_measurement=v1 id=26 maximum=3 round=2 wall_ns=3164583 cpu_ns=3165583 states=4889 verified=39 completion=0 alternatives=3
INSTRUMENTATION_STATUS_CODE: 0
INSTRUMENTATION_STATUS: candidate_width_measurement=v1 id=26 maximum=7 round=2 wall_ns=3103958 cpu_ns=3098833 states=4889 verified=39 completion=0 alternatives=7
INSTRUMENTATION_STATUS_CODE: 0
INSTRUMENTATION_STATUS: candidate_width_measurement=v1 id=27 maximum=7 round=2 wall_ns=759083 cpu_ns=759916 states=1508 verified=8 completion=0 alternatives=7
INSTRUMENTATION_STATUS_CODE: 0
INSTRUMENTATION_STATUS: candidate_width_measurement=v1 id=27 maximum=3 round=2 wall_ns=227083 cpu_ns=228167 states=280 verified=6 completion=0 alternatives=3
INSTRUMENTATION_STATUS_CODE: 0
INSTRUMENTATION_STATUS: candidate_width_measurement=v1 id=27 maximum=1 round=2 wall_ns=227250 cpu_ns=228250 states=280 verified=6 completion=0 alternatives=1
INSTRUMENTATION_STATUS_CODE: 0
INSTRUMENTATION_STATUS: candidate_width_measurement=v1 id=28 maximum=1 round=2 wall_ns=340292 cpu_ns=341042 states=336 verified=13 completion=0 alternatives=1
INSTRUMENTATION_STATUS_CODE: 0
INSTRUMENTATION_STATUS: candidate_width_measurement=v1 id=28 maximum=3 round=2 wall_ns=1318333 cpu_ns=1319333 states=1466 verified=53 completion=0 alternatives=3
INSTRUMENTATION_STATUS_CODE: 0
INSTRUMENTATION_STATUS: candidate_width_measurement=v1 id=28 maximum=7 round=2 wall_ns=2915041 cpu_ns=2916125 states=4469 verified=63 completion=0 alternatives=7
INSTRUMENTATION_STATUS_CODE: 0
INSTRUMENTATION_STATUS: candidate_width_measurement=v1 id=29 maximum=7 round=2 wall_ns=4672792 cpu_ns=4673791 states=7060 verified=55 completion=0 alternatives=7
INSTRUMENTATION_STATUS_CODE: 0
INSTRUMENTATION_STATUS: candidate_width_measurement=v1 id=29 maximum=3 round=2 wall_ns=1297000 cpu_ns=1297958 states=1750 verified=28 completion=0 alternatives=3
INSTRUMENTATION_STATUS_CODE: 0
INSTRUMENTATION_STATUS: candidate_width_measurement=v1 id=29 maximum=1 round=2 wall_ns=1264584 cpu_ns=1265584 states=1750 verified=28 completion=0 alternatives=1
INSTRUMENTATION_STATUS_CODE: 0
INSTRUMENTATION_STATUS: candidate_width_measurement=v1 id=30 maximum=1 round=2 wall_ns=1826292 cpu_ns=1827041 states=2206 verified=64 completion=4 alternatives=1
INSTRUMENTATION_STATUS_CODE: 0
INSTRUMENTATION_STATUS: candidate_width_measurement=v1 id=30 maximum=3 round=2 wall_ns=1822208 cpu_ns=1823417 states=2206 verified=64 completion=4 alternatives=3
INSTRUMENTATION_STATUS_CODE: 0
INSTRUMENTATION_STATUS: candidate_width_measurement=v1 id=30 maximum=7 round=2 wall_ns=1808000 cpu_ns=1808958 states=2206 verified=64 completion=4 alternatives=7
INSTRUMENTATION_STATUS_CODE: 0
INSTRUMENTATION_STATUS: candidate_width_measurement=v1 id=31 maximum=7 round=2 wall_ns=4394042 cpu_ns=4394958 states=6727 verified=12 completion=0 alternatives=7
INSTRUMENTATION_STATUS_CODE: 0
INSTRUMENTATION_STATUS: candidate_width_measurement=v1 id=31 maximum=3 round=2 wall_ns=1494208 cpu_ns=1495250 states=2464 verified=5 completion=0 alternatives=3
INSTRUMENTATION_STATUS_CODE: 0
INSTRUMENTATION_STATUS: candidate_width_measurement=v1 id=31 maximum=1 round=2 wall_ns=1240500 cpu_ns=1241417 states=2079 verified=2 completion=0 alternatives=1
INSTRUMENTATION_STATUS_CODE: 0
INSTRUMENTATION_STATUS: candidate_width_measurement=v1 id=32 maximum=1 round=2 wall_ns=1500333 cpu_ns=1501416 states=1787 verified=39 completion=0 alternatives=1
INSTRUMENTATION_STATUS_CODE: 0
INSTRUMENTATION_STATUS: candidate_width_measurement=v1 id=32 maximum=3 round=2 wall_ns=1434167 cpu_ns=1435167 states=1787 verified=39 completion=0 alternatives=3
INSTRUMENTATION_STATUS_CODE: 0
INSTRUMENTATION_STATUS: candidate_width_measurement=v1 id=32 maximum=7 round=2 wall_ns=3381500 cpu_ns=3382541 states=5006 verified=47 completion=0 alternatives=7
INSTRUMENTATION_STATUS_CODE: 0
INSTRUMENTATION_STATUS: candidate_width_measurement=v1 id=33 maximum=7 round=2 wall_ns=1887375 cpu_ns=1888458 states=3501 verified=18 completion=0 alternatives=7
INSTRUMENTATION_STATUS_CODE: 0
INSTRUMENTATION_STATUS: candidate_width_measurement=v1 id=33 maximum=3 round=2 wall_ns=1901584 cpu_ns=1902874 states=3501 verified=18 completion=0 alternatives=3
INSTRUMENTATION_STATUS_CODE: 0
INSTRUMENTATION_STATUS: candidate_width_measurement=v1 id=33 maximum=1 round=2 wall_ns=894458 cpu_ns=887543 states=1398 verified=12 completion=0 alternatives=1
INSTRUMENTATION_STATUS_CODE: 0
INSTRUMENTATION_STATUS: candidate_width_measurement=v1 id=34 maximum=1 round=2 wall_ns=1895542 cpu_ns=1896500 states=2542 verified=22 completion=0 alternatives=1
INSTRUMENTATION_STATUS_CODE: 0
INSTRUMENTATION_STATUS: candidate_width_measurement=v1 id=34 maximum=3 round=2 wall_ns=1877542 cpu_ns=1878250 states=2542 verified=22 completion=0 alternatives=3
INSTRUMENTATION_STATUS_CODE: 0
INSTRUMENTATION_STATUS: candidate_width_measurement=v1 id=34 maximum=7 round=2 wall_ns=5330084 cpu_ns=5331166 states=8192 verified=26 completion=3 alternatives=7
INSTRUMENTATION_STATUS_CODE: 0
INSTRUMENTATION_STATUS: candidate_width_measurement=v1 id=35 maximum=7 round=2 wall_ns=4515959 cpu_ns=4516958 states=8192 verified=25 completion=3 alternatives=7
INSTRUMENTATION_STATUS_CODE: 0
INSTRUMENTATION_STATUS: candidate_width_measurement=v1 id=35 maximum=3 round=2 wall_ns=1249125 cpu_ns=1250333 states=1844 verified=23 completion=0 alternatives=3
INSTRUMENTATION_STATUS_CODE: 0
INSTRUMENTATION_STATUS: candidate_width_measurement=v1 id=35 maximum=1 round=2 wall_ns=1250041 cpu_ns=1251167 states=1844 verified=23 completion=0 alternatives=1
INSTRUMENTATION_STATUS_CODE: 0
INSTRUMENTATION_STATUS: candidate_width_measurement=v1 id=36 maximum=1 round=2 wall_ns=347083 cpu_ns=347958 states=367 verified=9 completion=0 alternatives=1
INSTRUMENTATION_STATUS_CODE: 0
INSTRUMENTATION_STATUS: candidate_width_measurement=v1 id=36 maximum=3 round=2 wall_ns=1736250 cpu_ns=1737125 states=2213 verified=48 completion=0 alternatives=3
INSTRUMENTATION_STATUS_CODE: 0
INSTRUMENTATION_STATUS: candidate_width_measurement=v1 id=36 maximum=7 round=2 wall_ns=1724791 cpu_ns=1725667 states=2213 verified=48 completion=0 alternatives=7
INSTRUMENTATION_STATUS_CODE: 0
INSTRUMENTATION_STATUS: candidate_width_measurement=v1 id=37 maximum=7 round=2 wall_ns=6299125 cpu_ns=6077084 states=8192 verified=5 completion=3 alternatives=5
INSTRUMENTATION_STATUS_CODE: 0
INSTRUMENTATION_STATUS: candidate_width_measurement=v1 id=37 maximum=3 round=2 wall_ns=5144125 cpu_ns=5140084 states=8192 verified=5 completion=3 alternatives=3
INSTRUMENTATION_STATUS_CODE: 0
INSTRUMENTATION_STATUS: candidate_width_measurement=v1 id=37 maximum=1 round=2 wall_ns=872709 cpu_ns=873834 states=1093 verified=5 completion=0 alternatives=1
INSTRUMENTATION_STATUS_CODE: 0
INSTRUMENTATION_STATUS: candidate_width_measurement=v1 id=38 maximum=1 round=2 wall_ns=490334 cpu_ns=491417 states=537 verified=6 completion=0 alternatives=1
INSTRUMENTATION_STATUS_CODE: 0
INSTRUMENTATION_STATUS: candidate_width_measurement=v1 id=38 maximum=3 round=2 wall_ns=2044625 cpu_ns=2045667 states=2434 verified=28 completion=0 alternatives=3
INSTRUMENTATION_STATUS_CODE: 0
INSTRUMENTATION_STATUS: candidate_width_measurement=v1 id=38 maximum=7 round=2 wall_ns=5656416 cpu_ns=5652708 states=8192 verified=29 completion=3 alternatives=7
INSTRUMENTATION_STATUS_CODE: 0
INSTRUMENTATION_STATUS: candidate_width_measurement=v1 id=39 maximum=7 round=2 wall_ns=1589334 cpu_ns=1590583 states=1873 verified=64 completion=4 alternatives=7
INSTRUMENTATION_STATUS_CODE: 0
INSTRUMENTATION_STATUS: candidate_width_measurement=v1 id=39 maximum=3 round=2 wall_ns=1560666 cpu_ns=1561458 states=1873 verified=64 completion=4 alternatives=3
INSTRUMENTATION_STATUS_CODE: 0
INSTRUMENTATION_STATUS: candidate_width_measurement=v1 id=39 maximum=1 round=2 wall_ns=471583 cpu_ns=472750 states=412 verified=23 completion=0 alternatives=1
INSTRUMENTATION_STATUS_CODE: 0
INSTRUMENTATION_STATUS: candidate_width_measurement=v1 id=40 maximum=1 round=2 wall_ns=320000 cpu_ns=321000 states=310 verified=33 completion=0 alternatives=1
INSTRUMENTATION_STATUS_CODE: 0
INSTRUMENTATION_STATUS: candidate_width_measurement=v1 id=40 maximum=3 round=2 wall_ns=270334 cpu_ns=271334 states=310 verified=33 completion=0 alternatives=3
INSTRUMENTATION_STATUS_CODE: 0
INSTRUMENTATION_STATUS: candidate_width_measurement=v1 id=40 maximum=7 round=2 wall_ns=548917 cpu_ns=549917 states=1119 verified=42 completion=0 alternatives=7
INSTRUMENTATION_STATUS_CODE: 0
INSTRUMENTATION_STATUS: candidate_width_measurement=v1 id=41 maximum=7 round=2 wall_ns=1343334 cpu_ns=1344167 states=3007 verified=13 completion=0 alternatives=7
INSTRUMENTATION_STATUS_CODE: 0
INSTRUMENTATION_STATUS: candidate_width_measurement=v1 id=41 maximum=3 round=2 wall_ns=669459 cpu_ns=670459 states=1616 verified=9 completion=0 alternatives=3
INSTRUMENTATION_STATUS_CODE: 0
INSTRUMENTATION_STATUS: candidate_width_measurement=v1 id=41 maximum=1 round=2 wall_ns=233375 cpu_ns=234375 states=353 verified=5 completion=0 alternatives=1
INSTRUMENTATION_STATUS_CODE: 0
INSTRUMENTATION_STATUS: candidate_width_measurement=v1 id=42 maximum=1 round=2 wall_ns=202750 cpu_ns=203750 states=236 verified=23 completion=0 alternatives=1
INSTRUMENTATION_STATUS_CODE: 0
INSTRUMENTATION_STATUS: candidate_width_measurement=v1 id=42 maximum=3 round=2 wall_ns=258083 cpu_ns=259000 states=401 verified=27 completion=0 alternatives=3
INSTRUMENTATION_STATUS_CODE: 0
INSTRUMENTATION_STATUS: candidate_width_measurement=v1 id=42 maximum=7 round=2 wall_ns=572959 cpu_ns=573958 states=1399 verified=41 completion=0 alternatives=7
INSTRUMENTATION_STATUS_CODE: 0
INSTRUMENTATION_STATUS: candidate_width_measurement=v1 id=43 maximum=7 round=2 wall_ns=2973958 cpu_ns=2974750 states=4904 verified=13 completion=0 alternatives=7
INSTRUMENTATION_STATUS_CODE: 0
INSTRUMENTATION_STATUS: candidate_width_measurement=v1 id=43 maximum=3 round=2 wall_ns=947125 cpu_ns=948166 states=1640 verified=7 completion=0 alternatives=3
INSTRUMENTATION_STATUS_CODE: 0
INSTRUMENTATION_STATUS: candidate_width_measurement=v1 id=43 maximum=1 round=2 wall_ns=973875 cpu_ns=974667 states=1640 verified=7 completion=0 alternatives=1
INSTRUMENTATION_STATUS_CODE: 0
INSTRUMENTATION_STATUS: candidate_width_measurement=v1 id=44 maximum=1 round=2 wall_ns=367291 cpu_ns=368209 states=612 verified=5 completion=0 alternatives=1
INSTRUMENTATION_STATUS_CODE: 0
INSTRUMENTATION_STATUS: candidate_width_measurement=v1 id=44 maximum=3 round=2 wall_ns=647250 cpu_ns=648250 states=1492 verified=7 completion=0 alternatives=3
INSTRUMENTATION_STATUS_CODE: 0
INSTRUMENTATION_STATUS: candidate_width_measurement=v1 id=44 maximum=7 round=2 wall_ns=1062292 cpu_ns=1063334 states=2455 verified=10 completion=0 alternatives=4
INSTRUMENTATION_STATUS_CODE: 0
INSTRUMENTATION_STATUS: candidate_width_measurement=v1 id=45 maximum=7 round=2 wall_ns=19583 cpu_ns=20250 states=28 verified=0 completion=2 alternatives=0
INSTRUMENTATION_STATUS_CODE: 0
INSTRUMENTATION_STATUS: candidate_width_measurement=v1 id=45 maximum=3 round=2 wall_ns=19209 cpu_ns=20291 states=28 verified=0 completion=2 alternatives=0
INSTRUMENTATION_STATUS_CODE: 0
INSTRUMENTATION_STATUS: candidate_width_measurement=v1 id=45 maximum=1 round=2 wall_ns=16000 cpu_ns=16792 states=28 verified=0 completion=2 alternatives=0
INSTRUMENTATION_STATUS_CODE: 0
INSTRUMENTATION_STATUS: candidate_width_measurement=v1 id=46 maximum=1 round=2 wall_ns=553667 cpu_ns=554667 states=724 verified=11 completion=0 alternatives=1
INSTRUMENTATION_STATUS_CODE: 0
INSTRUMENTATION_STATUS: candidate_width_measurement=v1 id=46 maximum=3 round=2 wall_ns=506833 cpu_ns=507666 states=724 verified=11 completion=0 alternatives=3
INSTRUMENTATION_STATUS_CODE: 0
INSTRUMENTATION_STATUS: candidate_width_measurement=v1 id=46 maximum=7 round=2 wall_ns=1493750 cpu_ns=1494542 states=2202 verified=27 completion=0 alternatives=7
INSTRUMENTATION_STATUS_CODE: 0
INSTRUMENTATION_STATUS: candidate_width_measurement=v1 id=47 maximum=7 round=2 wall_ns=5490708 cpu_ns=5491625 states=8192 verified=16 completion=3 alternatives=7
INSTRUMENTATION_STATUS_CODE: 0
INSTRUMENTATION_STATUS: candidate_width_measurement=v1 id=47 maximum=3 round=2 wall_ns=1683500 cpu_ns=1684375 states=2580 verified=16 completion=0 alternatives=3
INSTRUMENTATION_STATUS_CODE: 0
INSTRUMENTATION_STATUS: candidate_width_measurement=v1 id=47 maximum=1 round=2 wall_ns=1186750 cpu_ns=1187625 states=1621 verified=16 completion=0 alternatives=1
INSTRUMENTATION_STATUS_CODE: 0
INSTRUMENTATION_STATUS: candidate_width_measurement=v1 id=48 maximum=1 round=2 wall_ns=1191333 cpu_ns=1192250 states=1680 verified=21 completion=0 alternatives=1
INSTRUMENTATION_STATUS_CODE: 0
INSTRUMENTATION_STATUS: candidate_width_measurement=v1 id=48 maximum=3 round=2 wall_ns=1223500 cpu_ns=1224250 states=1680 verified=21 completion=0 alternatives=3
INSTRUMENTATION_STATUS_CODE: 0
INSTRUMENTATION_STATUS: candidate_width_measurement=v1 id=48 maximum=7 round=2 wall_ns=1194875 cpu_ns=1195833 states=1680 verified=21 completion=0 alternatives=7
INSTRUMENTATION_STATUS_CODE: 0
INSTRUMENTATION_STATUS: candidate_width_measurement=v1 id=49 maximum=7 round=2 wall_ns=800125 cpu_ns=801042 states=1514 verified=18 completion=0 alternatives=7
INSTRUMENTATION_STATUS_CODE: 0
INSTRUMENTATION_STATUS: candidate_width_measurement=v1 id=49 maximum=3 round=2 wall_ns=819500 cpu_ns=820375 states=1514 verified=18 completion=0 alternatives=3
INSTRUMENTATION_STATUS_CODE: 0
INSTRUMENTATION_STATUS: candidate_width_measurement=v1 id=49 maximum=1 round=2 wall_ns=200084 cpu_ns=200833 states=296 verified=5 completion=0 alternatives=1
INSTRUMENTATION_STATUS_CODE: 0
INSTRUMENTATION_STATUS: candidate_width_measurement=v1 id=50 maximum=1 round=2 wall_ns=379667 cpu_ns=308833 states=322 verified=8 completion=0 alternatives=1
INSTRUMENTATION_STATUS_CODE: 0
INSTRUMENTATION_STATUS: candidate_width_measurement=v1 id=50 maximum=3 round=2 wall_ns=1758250 cpu_ns=1642417 states=1892 verified=64 completion=4 alternatives=3
INSTRUMENTATION_STATUS_CODE: 0
INSTRUMENTATION_STATUS: candidate_width_measurement=v1 id=50 maximum=7 round=2 wall_ns=1733416 cpu_ns=1696083 states=1892 verified=64 completion=4 alternatives=7
INSTRUMENTATION_STATUS_CODE: 0
INSTRUMENTATION_STATUS: candidate_width_measurement=v1 id=51 maximum=7 round=2 wall_ns=423084 cpu_ns=423875 states=740 verified=11 completion=0 alternatives=7
INSTRUMENTATION_STATUS_CODE: 0
INSTRUMENTATION_STATUS: candidate_width_measurement=v1 id=51 maximum=3 round=2 wall_ns=287250 cpu_ns=287833 states=448 verified=11 completion=0 alternatives=3
INSTRUMENTATION_STATUS_CODE: 0
INSTRUMENTATION_STATUS: candidate_width_measurement=v1 id=51 maximum=1 round=2 wall_ns=352417 cpu_ns=353542 states=448 verified=11 completion=0 alternatives=1
INSTRUMENTATION_STATUS_CODE: 0
INSTRUMENTATION_STATUS: candidate_width_measurement=v1 id=52 maximum=1 round=2 wall_ns=1337250 cpu_ns=1338291 states=2008 verified=3 completion=0 alternatives=1
INSTRUMENTATION_STATUS_CODE: 0
INSTRUMENTATION_STATUS: candidate_width_measurement=v1 id=52 maximum=3 round=2 wall_ns=5402791 cpu_ns=5393542 states=8192 verified=4 completion=3 alternatives=3
INSTRUMENTATION_STATUS_CODE: 0
INSTRUMENTATION_STATUS: candidate_width_measurement=v1 id=52 maximum=7 round=2 wall_ns=5244833 cpu_ns=5246041 states=8192 verified=4 completion=3 alternatives=4
INSTRUMENTATION_STATUS_CODE: 0
INSTRUMENTATION_STATUS: candidate_width_measurement=v1 id=53 maximum=7 round=2 wall_ns=809917 cpu_ns=805000 states=1667 verified=10 completion=0 alternatives=7
INSTRUMENTATION_STATUS_CODE: 0
INSTRUMENTATION_STATUS: candidate_width_measurement=v1 id=53 maximum=3 round=2 wall_ns=237459 cpu_ns=238250 states=455 verified=6 completion=0 alternatives=3
INSTRUMENTATION_STATUS_CODE: 0
INSTRUMENTATION_STATUS: candidate_width_measurement=v1 id=53 maximum=1 round=2 wall_ns=223959 cpu_ns=224958 states=312 verified=4 completion=0 alternatives=1
INSTRUMENTATION_STATUS_CODE: 0
INSTRUMENTATION_STATUS: candidate_width_measurement=v1 id=54 maximum=1 round=2 wall_ns=941792 cpu_ns=992375 states=1412 verified=12 completion=0 alternatives=1
INSTRUMENTATION_STATUS_CODE: 0
INSTRUMENTATION_STATUS: candidate_width_measurement=v1 id=54 maximum=3 round=2 wall_ns=2740875 cpu_ns=2734499 states=4405 verified=14 completion=0 alternatives=3
INSTRUMENTATION_STATUS_CODE: 0
INSTRUMENTATION_STATUS: candidate_width_measurement=v1 id=54 maximum=7 round=2 wall_ns=4964417 cpu_ns=4961250 states=8192 verified=14 completion=3 alternatives=7
INSTRUMENTATION_STATUS_CODE: 0
INSTRUMENTATION_STATUS: candidate_width_measurement=v1 id=55 maximum=7 round=2 wall_ns=4641750 cpu_ns=4642834 states=6979 verified=13 completion=0 alternatives=7
INSTRUMENTATION_STATUS_CODE: 0
INSTRUMENTATION_STATUS: candidate_width_measurement=v1 id=55 maximum=3 round=2 wall_ns=4600291 cpu_ns=4596875 states=6979 verified=13 completion=0 alternatives=3
INSTRUMENTATION_STATUS_CODE: 0
INSTRUMENTATION_STATUS: candidate_width_measurement=v1 id=55 maximum=1 round=2 wall_ns=1489708 cpu_ns=1490667 states=2276 verified=10 completion=0 alternatives=1
INSTRUMENTATION_STATUS_CODE: 0
INSTRUMENTATION_STATUS: candidate_width_measurement=v1 id=56 maximum=1 round=2 wall_ns=589542 cpu_ns=590334 states=1277 verified=8 completion=0 alternatives=1
INSTRUMENTATION_STATUS_CODE: 0
INSTRUMENTATION_STATUS: candidate_width_measurement=v1 id=56 maximum=3 round=2 wall_ns=617167 cpu_ns=618250 states=1277 verified=8 completion=0 alternatives=3
INSTRUMENTATION_STATUS_CODE: 0
INSTRUMENTATION_STATUS: candidate_width_measurement=v1 id=56 maximum=7 round=2 wall_ns=517708 cpu_ns=518458 states=1277 verified=8 completion=0 alternatives=7
INSTRUMENTATION_STATUS_CODE: 0
INSTRUMENTATION_STATUS: candidate_width_measurement=v1 id=57 maximum=7 round=2 wall_ns=5232250 cpu_ns=5233042 states=8192 verified=3 completion=3 alternatives=3
INSTRUMENTATION_STATUS_CODE: 0
INSTRUMENTATION_STATUS: candidate_width_measurement=v1 id=57 maximum=3 round=2 wall_ns=5165500 cpu_ns=5166666 states=8192 verified=3 completion=3 alternatives=3
INSTRUMENTATION_STATUS_CODE: 0
INSTRUMENTATION_STATUS: candidate_width_measurement=v1 id=57 maximum=1 round=2 wall_ns=1058416 cpu_ns=1059375 states=1609 verified=3 completion=0 alternatives=1
INSTRUMENTATION_STATUS_CODE: 0
INSTRUMENTATION_STATUS: candidate_width_measurement=v1 id=58 maximum=1 round=2 wall_ns=293583 cpu_ns=294458 states=349 verified=5 completion=0 alternatives=1
INSTRUMENTATION_STATUS_CODE: 0
INSTRUMENTATION_STATUS: candidate_width_measurement=v1 id=58 maximum=3 round=2 wall_ns=1815042 cpu_ns=1816000 states=2200 verified=48 completion=0 alternatives=3
INSTRUMENTATION_STATUS_CODE: 0
INSTRUMENTATION_STATUS: candidate_width_measurement=v1 id=58 maximum=7 round=2 wall_ns=1740708 cpu_ns=1741583 states=2200 verified=48 completion=0 alternatives=7
INSTRUMENTATION_STATUS_CODE: 0
INSTRUMENTATION_STATUS: candidate_width_measurement=v1 id=59 maximum=7 round=2 wall_ns=3319000 cpu_ns=3320083 states=5151 verified=15 completion=0 alternatives=7
INSTRUMENTATION_STATUS_CODE: 0
INSTRUMENTATION_STATUS: candidate_width_measurement=v1 id=59 maximum=3 round=2 wall_ns=1698709 cpu_ns=1699709 states=2741 verified=13 completion=0 alternatives=3
INSTRUMENTATION_STATUS_CODE: 0
INSTRUMENTATION_STATUS: candidate_width_measurement=v1 id=59 maximum=1 round=2 wall_ns=1610542 cpu_ns=1459125 states=1483 verified=9 completion=0 alternatives=1
INSTRUMENTATION_STATUS_CODE: 0
INSTRUMENTATION_STATUS: candidate_width_measurement=v1 id=0 maximum=7 round=3 wall_ns=5132584 cpu_ns=5033375 states=8192 verified=13 completion=3 alternatives=7
INSTRUMENTATION_STATUS_CODE: 0
INSTRUMENTATION_STATUS: candidate_width_measurement=v1 id=0 maximum=3 round=3 wall_ns=2798834 cpu_ns=2799750 states=4713 verified=13 completion=0 alternatives=3
INSTRUMENTATION_STATUS_CODE: 0
INSTRUMENTATION_STATUS: candidate_width_measurement=v1 id=0 maximum=1 round=3 wall_ns=997542 cpu_ns=998708 states=1475 verified=13 completion=0 alternatives=1
INSTRUMENTATION_STATUS_CODE: 0
INSTRUMENTATION_STATUS: candidate_width_measurement=v1 id=1 maximum=1 round=3 wall_ns=256250 cpu_ns=257083 states=444 verified=9 completion=0 alternatives=1
INSTRUMENTATION_STATUS_CODE: 0
INSTRUMENTATION_STATUS: candidate_width_measurement=v1 id=1 maximum=3 round=3 wall_ns=309125 cpu_ns=310250 states=444 verified=9 completion=0 alternatives=3
INSTRUMENTATION_STATUS_CODE: 0
INSTRUMENTATION_STATUS: candidate_width_measurement=v1 id=1 maximum=7 round=3 wall_ns=627167 cpu_ns=628083 states=1438 verified=13 completion=0 alternatives=7
INSTRUMENTATION_STATUS_CODE: 0
INSTRUMENTATION_STATUS: candidate_width_measurement=v1 id=2 maximum=7 round=3 wall_ns=4758208 cpu_ns=4759000 states=8192 verified=5 completion=3 alternatives=5
INSTRUMENTATION_STATUS_CODE: 0
INSTRUMENTATION_STATUS: candidate_width_measurement=v1 id=2 maximum=3 round=3 wall_ns=3692084 cpu_ns=3693000 states=6379 verified=5 completion=0 alternatives=3
INSTRUMENTATION_STATUS_CODE: 0
INSTRUMENTATION_STATUS: candidate_width_measurement=v1 id=2 maximum=1 round=3 wall_ns=928667 cpu_ns=929500 states=1689 verified=2 completion=0 alternatives=1
INSTRUMENTATION_STATUS_CODE: 0
INSTRUMENTATION_STATUS: candidate_width_measurement=v1 id=3 maximum=1 round=3 wall_ns=1058584 cpu_ns=1059667 states=1775 verified=17 completion=0 alternatives=1
INSTRUMENTATION_STATUS_CODE: 0
INSTRUMENTATION_STATUS: candidate_width_measurement=v1 id=3 maximum=3 round=3 wall_ns=1827083 cpu_ns=1828209 states=2646 verified=46 completion=0 alternatives=3
INSTRUMENTATION_STATUS_CODE: 0
INSTRUMENTATION_STATUS: candidate_width_measurement=v1 id=3 maximum=7 round=3 wall_ns=3810583 cpu_ns=3811833 states=6441 verified=57 completion=0 alternatives=7
INSTRUMENTATION_STATUS_CODE: 0
INSTRUMENTATION_STATUS: candidate_width_measurement=v1 id=4 maximum=7 round=3 wall_ns=4825083 cpu_ns=4826041 states=8192 verified=7 completion=3 alternatives=7
INSTRUMENTATION_STATUS_CODE: 0
INSTRUMENTATION_STATUS: candidate_width_measurement=v1 id=4 maximum=3 round=3 wall_ns=2737125 cpu_ns=2738167 states=4569 verified=7 completion=0 alternatives=3
INSTRUMENTATION_STATUS_CODE: 0
INSTRUMENTATION_STATUS: candidate_width_measurement=v1 id=4 maximum=1 round=3 wall_ns=961708 cpu_ns=962583 states=1562 verified=7 completion=0 alternatives=1
INSTRUMENTATION_STATUS_CODE: 0
INSTRUMENTATION_STATUS: candidate_width_measurement=v1 id=5 maximum=1 round=3 wall_ns=350250 cpu_ns=351209 states=514 verified=11 completion=0 alternatives=1
INSTRUMENTATION_STATUS_CODE: 0
INSTRUMENTATION_STATUS: candidate_width_measurement=v1 id=5 maximum=3 round=3 wall_ns=1512458 cpu_ns=1513291 states=2139 verified=59 completion=0 alternatives=3
INSTRUMENTATION_STATUS_CODE: 0
INSTRUMENTATION_STATUS: candidate_width_measurement=v1 id=5 maximum=7 round=3 wall_ns=1512250 cpu_ns=1512875 states=2139 verified=59 completion=0 alternatives=7
INSTRUMENTATION_STATUS_CODE: 0
INSTRUMENTATION_STATUS: candidate_width_measurement=v1 id=6 maximum=7 round=3 wall_ns=2969291 cpu_ns=2970250 states=5398 verified=16 completion=0 alternatives=7
INSTRUMENTATION_STATUS_CODE: 0
INSTRUMENTATION_STATUS: candidate_width_measurement=v1 id=6 maximum=3 round=3 wall_ns=2949125 cpu_ns=2950083 states=5398 verified=16 completion=0 alternatives=3
INSTRUMENTATION_STATUS_CODE: 0
INSTRUMENTATION_STATUS: candidate_width_measurement=v1 id=6 maximum=1 round=3 wall_ns=774250 cpu_ns=775334 states=1463 verified=6 completion=0 alternatives=1
INSTRUMENTATION_STATUS_CODE: 0
INSTRUMENTATION_STATUS: candidate_width_measurement=v1 id=7 maximum=1 round=3 wall_ns=1116833 cpu_ns=1117833 states=1851 verified=8 completion=0 alternatives=1
INSTRUMENTATION_STATUS_CODE: 0
INSTRUMENTATION_STATUS: candidate_width_measurement=v1 id=7 maximum=3 round=3 wall_ns=1098125 cpu_ns=1099084 states=1851 verified=8 completion=0 alternatives=3
INSTRUMENTATION_STATUS_CODE: 0
INSTRUMENTATION_STATUS: candidate_width_measurement=v1 id=7 maximum=7 round=3 wall_ns=3978375 cpu_ns=3979375 states=5678 verified=45 completion=0 alternatives=7
INSTRUMENTATION_STATUS_CODE: 0
INSTRUMENTATION_STATUS: candidate_width_measurement=v1 id=8 maximum=7 round=3 wall_ns=1408333 cpu_ns=1409333 states=1503 verified=64 completion=4 alternatives=7
INSTRUMENTATION_STATUS_CODE: 0
INSTRUMENTATION_STATUS: candidate_width_measurement=v1 id=8 maximum=3 round=3 wall_ns=1363458 cpu_ns=1364542 states=1503 verified=64 completion=4 alternatives=3
INSTRUMENTATION_STATUS_CODE: 0
INSTRUMENTATION_STATUS: candidate_width_measurement=v1 id=8 maximum=1 round=3 wall_ns=420958 cpu_ns=413833 states=327 verified=18 completion=0 alternatives=1
INSTRUMENTATION_STATUS_CODE: 0
INSTRUMENTATION_STATUS: candidate_width_measurement=v1 id=9 maximum=1 round=3 wall_ns=266959 cpu_ns=268000 states=358 verified=4 completion=0 alternatives=1
INSTRUMENTATION_STATUS_CODE: 0
INSTRUMENTATION_STATUS: candidate_width_measurement=v1 id=9 maximum=3 round=3 wall_ns=784041 cpu_ns=784834 states=1282 verified=10 completion=0 alternatives=3
INSTRUMENTATION_STATUS_CODE: 0
INSTRUMENTATION_STATUS: candidate_width_measurement=v1 id=9 maximum=7 round=3 wall_ns=2592417 cpu_ns=2593583 states=4662 verified=13 completion=0 alternatives=7
INSTRUMENTATION_STATUS_CODE: 0
INSTRUMENTATION_STATUS: candidate_width_measurement=v1 id=10 maximum=7 round=3 wall_ns=873208 cpu_ns=874125 states=1917 verified=42 completion=0 alternatives=7
INSTRUMENTATION_STATUS_CODE: 0
INSTRUMENTATION_STATUS: candidate_width_measurement=v1 id=10 maximum=3 round=3 wall_ns=309208 cpu_ns=310291 states=422 verified=20 completion=0 alternatives=3
INSTRUMENTATION_STATUS_CODE: 0
INSTRUMENTATION_STATUS: candidate_width_measurement=v1 id=10 maximum=1 round=3 wall_ns=312000 cpu_ns=313000 states=422 verified=20 completion=0 alternatives=1
INSTRUMENTATION_STATUS_CODE: 0
INSTRUMENTATION_STATUS: candidate_width_measurement=v1 id=11 maximum=1 round=3 wall_ns=1422250 cpu_ns=1423208 states=2058 verified=28 completion=0 alternatives=1
INSTRUMENTATION_STATUS_CODE: 0
INSTRUMENTATION_STATUS: candidate_width_measurement=v1 id=11 maximum=3 round=3 wall_ns=1383625 cpu_ns=1384792 states=2058 verified=28 completion=0 alternatives=3
INSTRUMENTATION_STATUS_CODE: 0
INSTRUMENTATION_STATUS: candidate_width_measurement=v1 id=11 maximum=7 round=3 wall_ns=5286833 cpu_ns=5287833 states=8192 verified=49 completion=3 alternatives=7
INSTRUMENTATION_STATUS_CODE: 0
INSTRUMENTATION_STATUS: candidate_width_measurement=v1 id=12 maximum=7 round=3 wall_ns=919292 cpu_ns=920208 states=1986 verified=15 completion=0 alternatives=7
INSTRUMENTATION_STATUS_CODE: 0
INSTRUMENTATION_STATUS: candidate_width_measurement=v1 id=12 maximum=3 round=3 wall_ns=275500 cpu_ns=276459 states=420 verified=5 completion=0 alternatives=3
INSTRUMENTATION_STATUS_CODE: 0
INSTRUMENTATION_STATUS: candidate_width_measurement=v1 id=12 maximum=1 round=3 wall_ns=237166 cpu_ns=238417 states=324 verified=4 completion=0 alternatives=1
INSTRUMENTATION_STATUS_CODE: 0
INSTRUMENTATION_STATUS: candidate_width_measurement=v1 id=13 maximum=1 round=3 wall_ns=568417 cpu_ns=569334 states=599 verified=26 completion=0 alternatives=1
INSTRUMENTATION_STATUS_CODE: 0
INSTRUMENTATION_STATUS: candidate_width_measurement=v1 id=13 maximum=3 round=3 wall_ns=1292958 cpu_ns=1293875 states=1861 verified=44 completion=0 alternatives=3
INSTRUMENTATION_STATUS_CODE: 0
INSTRUMENTATION_STATUS: candidate_width_measurement=v1 id=13 maximum=7 round=3 wall_ns=2030917 cpu_ns=2032083 states=2999 verified=64 completion=4 alternatives=7
INSTRUMENTATION_STATUS_CODE: 0
INSTRUMENTATION_STATUS: candidate_width_measurement=v1 id=14 maximum=7 round=3 wall_ns=5078625 cpu_ns=5079541 states=8192 verified=1 completion=3 alternatives=1
INSTRUMENTATION_STATUS_CODE: 0
INSTRUMENTATION_STATUS: candidate_width_measurement=v1 id=14 maximum=3 round=3 wall_ns=4971416 cpu_ns=4972333 states=8192 verified=1 completion=3 alternatives=1
INSTRUMENTATION_STATUS_CODE: 0
INSTRUMENTATION_STATUS: candidate_width_measurement=v1 id=14 maximum=1 round=3 wall_ns=1177042 cpu_ns=1178000 states=1930 verified=1 completion=0 alternatives=1
INSTRUMENTATION_STATUS_CODE: 0
INSTRUMENTATION_STATUS: candidate_width_measurement=v1 id=15 maximum=1 round=3 wall_ns=175750 cpu_ns=176666 states=250 verified=3 completion=0 alternatives=1
INSTRUMENTATION_STATUS_CODE: 0
INSTRUMENTATION_STATUS: candidate_width_measurement=v1 id=15 maximum=3 round=3 wall_ns=562209 cpu_ns=563125 states=1324 verified=9 completion=0 alternatives=3
INSTRUMENTATION_STATUS_CODE: 0
INSTRUMENTATION_STATUS: candidate_width_measurement=v1 id=15 maximum=7 round=3 wall_ns=549667 cpu_ns=550583 states=1324 verified=9 completion=0 alternatives=7
INSTRUMENTATION_STATUS_CODE: 0
INSTRUMENTATION_STATUS: candidate_width_measurement=v1 id=16 maximum=7 round=3 wall_ns=4601291 cpu_ns=4602500 states=8192 verified=14 completion=3 alternatives=7
INSTRUMENTATION_STATUS_CODE: 0
INSTRUMENTATION_STATUS: candidate_width_measurement=v1 id=16 maximum=3 round=3 wall_ns=1043250 cpu_ns=1044333 states=1607 verified=13 completion=0 alternatives=3
INSTRUMENTATION_STATUS_CODE: 0
INSTRUMENTATION_STATUS: candidate_width_measurement=v1 id=16 maximum=1 round=3 wall_ns=1001125 cpu_ns=1001958 states=1607 verified=13 completion=0 alternatives=1
INSTRUMENTATION_STATUS_CODE: 0
INSTRUMENTATION_STATUS: candidate_width_measurement=v1 id=17 maximum=1 round=3 wall_ns=813042 cpu_ns=813833 states=1517 verified=1 completion=0 alternatives=1
INSTRUMENTATION_STATUS_CODE: 0
INSTRUMENTATION_STATUS: candidate_width_measurement=v1 id=17 maximum=3 round=3 wall_ns=4680875 cpu_ns=4682042 states=8192 verified=2 completion=3 alternatives=2
INSTRUMENTATION_STATUS_CODE: 0
INSTRUMENTATION_STATUS: candidate_width_measurement=v1 id=17 maximum=7 round=3 wall_ns=5739250 cpu_ns=5415667 states=8192 verified=2 completion=3 alternatives=2
INSTRUMENTATION_STATUS_CODE: 0
INSTRUMENTATION_STATUS: candidate_width_measurement=v1 id=18 maximum=7 round=3 wall_ns=1345833 cpu_ns=1346750 states=3409 verified=5 completion=0 alternatives=5
INSTRUMENTATION_STATUS_CODE: 0
INSTRUMENTATION_STATUS: candidate_width_measurement=v1 id=18 maximum=3 round=3 wall_ns=772083 cpu_ns=773000 states=2064 verified=5 completion=0 alternatives=3
INSTRUMENTATION_STATUS_CODE: 0
INSTRUMENTATION_STATUS: candidate_width_measurement=v1 id=18 maximum=1 round=3 wall_ns=232167 cpu_ns=233166 states=411 verified=4 completion=0 alternatives=1
INSTRUMENTATION_STATUS_CODE: 0
INSTRUMENTATION_STATUS: candidate_width_measurement=v1 id=19 maximum=1 round=3 wall_ns=281458 cpu_ns=282375 states=292 verified=29 completion=0 alternatives=1
INSTRUMENTATION_STATUS_CODE: 0
INSTRUMENTATION_STATUS: candidate_width_measurement=v1 id=19 maximum=3 round=3 wall_ns=261750 cpu_ns=262625 states=292 verified=29 completion=0 alternatives=3
INSTRUMENTATION_STATUS_CODE: 0
INSTRUMENTATION_STATUS: candidate_width_measurement=v1 id=19 maximum=7 round=3 wall_ns=576166 cpu_ns=577166 states=1121 verified=50 completion=0 alternatives=7
INSTRUMENTATION_STATUS_CODE: 0
INSTRUMENTATION_STATUS: candidate_width_measurement=v1 id=20 maximum=7 round=3 wall_ns=2441542 cpu_ns=2442500 states=2619 verified=64 completion=4 alternatives=7
INSTRUMENTATION_STATUS_CODE: 0
INSTRUMENTATION_STATUS: candidate_width_measurement=v1 id=20 maximum=3 round=3 wall_ns=2243250 cpu_ns=2244292 states=2619 verified=64 completion=4 alternatives=3
INSTRUMENTATION_STATUS_CODE: 0
INSTRUMENTATION_STATUS: candidate_width_measurement=v1 id=20 maximum=1 round=3 wall_ns=2204708 cpu_ns=2205666 states=2619 verified=64 completion=4 alternatives=1
INSTRUMENTATION_STATUS_CODE: 0
INSTRUMENTATION_STATUS: candidate_width_measurement=v1 id=21 maximum=1 round=3 wall_ns=1623833 cpu_ns=1624792 states=2111 verified=12 completion=0 alternatives=1
INSTRUMENTATION_STATUS_CODE: 0
INSTRUMENTATION_STATUS: candidate_width_measurement=v1 id=21 maximum=3 round=3 wall_ns=1501625 cpu_ns=1502666 states=2111 verified=12 completion=0 alternatives=3
INSTRUMENTATION_STATUS_CODE: 0
INSTRUMENTATION_STATUS: candidate_width_measurement=v1 id=21 maximum=7 round=3 wall_ns=4224166 cpu_ns=4225000 states=5806 verified=21 completion=0 alternatives=7
INSTRUMENTATION_STATUS_CODE: 0
INSTRUMENTATION_STATUS: candidate_width_measurement=v1 id=22 maximum=7 round=3 wall_ns=927958 cpu_ns=928875 states=1928 verified=10 completion=0 alternatives=7
INSTRUMENTATION_STATUS_CODE: 0
INSTRUMENTATION_STATUS: candidate_width_measurement=v1 id=22 maximum=3 round=3 wall_ns=839250 cpu_ns=840250 states=1928 verified=10 completion=0 alternatives=3
INSTRUMENTATION_STATUS_CODE: 0
INSTRUMENTATION_STATUS: candidate_width_measurement=v1 id=22 maximum=1 round=3 wall_ns=198541 cpu_ns=199625 states=293 verified=2 completion=0 alternatives=1
INSTRUMENTATION_STATUS_CODE: 0
INSTRUMENTATION_STATUS: candidate_width_measurement=v1 id=23 maximum=1 round=3 wall_ns=235875 cpu_ns=236916 states=253 verified=3 completion=0 alternatives=1
INSTRUMENTATION_STATUS_CODE: 0
INSTRUMENTATION_STATUS: candidate_width_measurement=v1 id=23 maximum=3 round=3 wall_ns=194958 cpu_ns=196125 states=253 verified=3 completion=0 alternatives=3
INSTRUMENTATION_STATUS_CODE: 0
INSTRUMENTATION_STATUS: candidate_width_measurement=v1 id=23 maximum=7 round=3 wall_ns=840583 cpu_ns=841750 states=1455 verified=24 completion=0 alternatives=7
INSTRUMENTATION_STATUS_CODE: 0
INSTRUMENTATION_STATUS: candidate_width_measurement=v1 id=24 maximum=7 round=3 wall_ns=515625 cpu_ns=516583 states=1273 verified=29 completion=0 alternatives=7
INSTRUMENTATION_STATUS_CODE: 0
INSTRUMENTATION_STATUS: candidate_width_measurement=v1 id=24 maximum=3 round=3 wall_ns=137208 cpu_ns=138041 states=192 verified=11 completion=0 alternatives=3
INSTRUMENTATION_STATUS_CODE: 0
INSTRUMENTATION_STATUS: candidate_width_measurement=v1 id=24 maximum=1 round=3 wall_ns=179958 cpu_ns=181250 states=192 verified=11 completion=0 alternatives=1
INSTRUMENTATION_STATUS_CODE: 0
INSTRUMENTATION_STATUS: candidate_width_measurement=v1 id=25 maximum=1 round=3 wall_ns=931333 cpu_ns=932458 states=1614 verified=6 completion=0 alternatives=1
INSTRUMENTATION_STATUS_CODE: 0
INSTRUMENTATION_STATUS: candidate_width_measurement=v1 id=25 maximum=3 round=3 wall_ns=3896500 cpu_ns=3897667 states=6796 verified=11 completion=0 alternatives=3
INSTRUMENTATION_STATUS_CODE: 0
INSTRUMENTATION_STATUS: candidate_width_measurement=v1 id=25 maximum=7 round=3 wall_ns=3526250 cpu_ns=3527250 states=6796 verified=11 completion=0 alternatives=7
INSTRUMENTATION_STATUS_CODE: 0
INSTRUMENTATION_STATUS: candidate_width_measurement=v1 id=26 maximum=7 round=3 wall_ns=3134791 cpu_ns=3135875 states=4889 verified=39 completion=0 alternatives=7
INSTRUMENTATION_STATUS_CODE: 0
INSTRUMENTATION_STATUS: candidate_width_measurement=v1 id=26 maximum=3 round=3 wall_ns=3040208 cpu_ns=3041333 states=4889 verified=39 completion=0 alternatives=3
INSTRUMENTATION_STATUS_CODE: 0
INSTRUMENTATION_STATUS: candidate_width_measurement=v1 id=26 maximum=1 round=3 wall_ns=1350458 cpu_ns=1351458 states=1814 verified=31 completion=0 alternatives=1
INSTRUMENTATION_STATUS_CODE: 0
INSTRUMENTATION_STATUS: candidate_width_measurement=v1 id=27 maximum=1 round=3 wall_ns=248792 cpu_ns=250000 states=280 verified=6 completion=0 alternatives=1
INSTRUMENTATION_STATUS_CODE: 0
INSTRUMENTATION_STATUS: candidate_width_measurement=v1 id=27 maximum=3 round=3 wall_ns=240667 cpu_ns=241375 states=280 verified=6 completion=0 alternatives=3
INSTRUMENTATION_STATUS_CODE: 0
INSTRUMENTATION_STATUS: candidate_width_measurement=v1 id=27 maximum=7 round=3 wall_ns=809625 cpu_ns=810625 states=1508 verified=8 completion=0 alternatives=7
INSTRUMENTATION_STATUS_CODE: 0
INSTRUMENTATION_STATUS: candidate_width_measurement=v1 id=28 maximum=7 round=3 wall_ns=2999542 cpu_ns=3000500 states=4469 verified=63 completion=0 alternatives=7
INSTRUMENTATION_STATUS_CODE: 0
INSTRUMENTATION_STATUS: candidate_width_measurement=v1 id=28 maximum=3 round=3 wall_ns=1280375 cpu_ns=1281417 states=1466 verified=53 completion=0 alternatives=3
INSTRUMENTATION_STATUS_CODE: 0
INSTRUMENTATION_STATUS: candidate_width_measurement=v1 id=28 maximum=1 round=3 wall_ns=416542 cpu_ns=409916 states=336 verified=13 completion=0 alternatives=1
INSTRUMENTATION_STATUS_CODE: 0
INSTRUMENTATION_STATUS: candidate_width_measurement=v1 id=29 maximum=1 round=3 wall_ns=1304542 cpu_ns=1305416 states=1750 verified=28 completion=0 alternatives=1
INSTRUMENTATION_STATUS_CODE: 0
INSTRUMENTATION_STATUS: candidate_width_measurement=v1 id=29 maximum=3 round=3 wall_ns=1326709 cpu_ns=1327583 states=1750 verified=28 completion=0 alternatives=3
INSTRUMENTATION_STATUS_CODE: 0
INSTRUMENTATION_STATUS: candidate_width_measurement=v1 id=29 maximum=7 round=3 wall_ns=4573875 cpu_ns=4574875 states=7060 verified=55 completion=0 alternatives=7
INSTRUMENTATION_STATUS_CODE: 0
INSTRUMENTATION_STATUS: candidate_width_measurement=v1 id=30 maximum=7 round=3 wall_ns=1826500 cpu_ns=1827500 states=2206 verified=64 completion=4 alternatives=7
INSTRUMENTATION_STATUS_CODE: 0
INSTRUMENTATION_STATUS: candidate_width_measurement=v1 id=30 maximum=3 round=3 wall_ns=1809041 cpu_ns=1810167 states=2206 verified=64 completion=4 alternatives=3
INSTRUMENTATION_STATUS_CODE: 0
INSTRUMENTATION_STATUS: candidate_width_measurement=v1 id=30 maximum=1 round=3 wall_ns=1832542 cpu_ns=1833583 states=2206 verified=64 completion=4 alternatives=1
INSTRUMENTATION_STATUS_CODE: 0
INSTRUMENTATION_STATUS: candidate_width_measurement=v1 id=31 maximum=1 round=3 wall_ns=1233666 cpu_ns=1234583 states=2079 verified=2 completion=0 alternatives=1
INSTRUMENTATION_STATUS_CODE: 0
INSTRUMENTATION_STATUS: candidate_width_measurement=v1 id=31 maximum=3 round=3 wall_ns=1514333 cpu_ns=1515334 states=2464 verified=5 completion=0 alternatives=3
INSTRUMENTATION_STATUS_CODE: 0
INSTRUMENTATION_STATUS: candidate_width_measurement=v1 id=31 maximum=7 round=3 wall_ns=4262958 cpu_ns=4263959 states=6727 verified=12 completion=0 alternatives=7
INSTRUMENTATION_STATUS_CODE: 0
INSTRUMENTATION_STATUS: candidate_width_measurement=v1 id=32 maximum=7 round=3 wall_ns=3350417 cpu_ns=3351417 states=5006 verified=47 completion=0 alternatives=7
INSTRUMENTATION_STATUS_CODE: 0
INSTRUMENTATION_STATUS: candidate_width_measurement=v1 id=32 maximum=3 round=3 wall_ns=1478917 cpu_ns=1480000 states=1787 verified=39 completion=0 alternatives=3
INSTRUMENTATION_STATUS_CODE: 0
INSTRUMENTATION_STATUS: candidate_width_measurement=v1 id=32 maximum=1 round=3 wall_ns=1448958 cpu_ns=1450125 states=1787 verified=39 completion=0 alternatives=1
INSTRUMENTATION_STATUS_CODE: 0
INSTRUMENTATION_STATUS: candidate_width_measurement=v1 id=33 maximum=1 round=3 wall_ns=861458 cpu_ns=862625 states=1398 verified=12 completion=0 alternatives=1
INSTRUMENTATION_STATUS_CODE: 0
INSTRUMENTATION_STATUS: candidate_width_measurement=v1 id=33 maximum=3 round=3 wall_ns=1899501 cpu_ns=1900375 states=3501 verified=18 completion=0 alternatives=3
INSTRUMENTATION_STATUS_CODE: 0
INSTRUMENTATION_STATUS: candidate_width_measurement=v1 id=33 maximum=7 round=3 wall_ns=1880833 cpu_ns=1882083 states=3501 verified=18 completion=0 alternatives=7
INSTRUMENTATION_STATUS_CODE: 0
INSTRUMENTATION_STATUS: candidate_width_measurement=v1 id=34 maximum=7 round=3 wall_ns=5209292 cpu_ns=5210209 states=8192 verified=26 completion=3 alternatives=7
INSTRUMENTATION_STATUS_CODE: 0
INSTRUMENTATION_STATUS: candidate_width_measurement=v1 id=34 maximum=3 round=3 wall_ns=1862834 cpu_ns=1863833 states=2542 verified=22 completion=0 alternatives=3
INSTRUMENTATION_STATUS_CODE: 0
INSTRUMENTATION_STATUS: candidate_width_measurement=v1 id=34 maximum=1 round=3 wall_ns=1867709 cpu_ns=1868791 states=2542 verified=22 completion=0 alternatives=1
INSTRUMENTATION_STATUS_CODE: 0
INSTRUMENTATION_STATUS: candidate_width_measurement=v1 id=35 maximum=1 round=3 wall_ns=1351459 cpu_ns=1352375 states=1844 verified=23 completion=0 alternatives=1
INSTRUMENTATION_STATUS_CODE: 0
INSTRUMENTATION_STATUS: candidate_width_measurement=v1 id=35 maximum=3 round=3 wall_ns=1268042 cpu_ns=1269042 states=1844 verified=23 completion=0 alternatives=3
INSTRUMENTATION_STATUS_CODE: 0
INSTRUMENTATION_STATUS: candidate_width_measurement=v1 id=35 maximum=7 round=3 wall_ns=4624292 cpu_ns=4625500 states=8192 verified=25 completion=3 alternatives=7
INSTRUMENTATION_STATUS_CODE: 0
INSTRUMENTATION_STATUS: candidate_width_measurement=v1 id=36 maximum=7 round=3 wall_ns=1785416 cpu_ns=1786458 states=2213 verified=48 completion=0 alternatives=7
INSTRUMENTATION_STATUS_CODE: 0
INSTRUMENTATION_STATUS: candidate_width_measurement=v1 id=36 maximum=3 round=3 wall_ns=1764875 cpu_ns=1765875 states=2213 verified=48 completion=0 alternatives=3
INSTRUMENTATION_STATUS_CODE: 0
INSTRUMENTATION_STATUS: candidate_width_measurement=v1 id=36 maximum=1 round=3 wall_ns=318417 cpu_ns=319333 states=367 verified=9 completion=0 alternatives=1
INSTRUMENTATION_STATUS_CODE: 0
INSTRUMENTATION_STATUS: candidate_width_measurement=v1 id=37 maximum=1 round=3 wall_ns=906458 cpu_ns=907375 states=1093 verified=5 completion=0 alternatives=1
INSTRUMENTATION_STATUS_CODE: 0
INSTRUMENTATION_STATUS: candidate_width_measurement=v1 id=37 maximum=3 round=3 wall_ns=5349666 cpu_ns=5350708 states=8192 verified=5 completion=3 alternatives=3
INSTRUMENTATION_STATUS_CODE: 0
INSTRUMENTATION_STATUS: candidate_width_measurement=v1 id=37 maximum=7 round=3 wall_ns=6440375 cpu_ns=6205624 states=8192 verified=5 completion=3 alternatives=5
INSTRUMENTATION_STATUS_CODE: 0
INSTRUMENTATION_STATUS: candidate_width_measurement=v1 id=38 maximum=7 round=3 wall_ns=5724708 cpu_ns=5684833 states=8192 verified=29 completion=3 alternatives=7
INSTRUMENTATION_STATUS_CODE: 0
INSTRUMENTATION_STATUS: candidate_width_measurement=v1 id=38 maximum=3 round=3 wall_ns=2032208 cpu_ns=2032792 states=2434 verified=28 completion=0 alternatives=3
INSTRUMENTATION_STATUS_CODE: 0
INSTRUMENTATION_STATUS: candidate_width_measurement=v1 id=38 maximum=1 round=3 wall_ns=508375 cpu_ns=509333 states=537 verified=6 completion=0 alternatives=1
INSTRUMENTATION_STATUS_CODE: 0
INSTRUMENTATION_STATUS: candidate_width_measurement=v1 id=39 maximum=1 round=3 wall_ns=513750 cpu_ns=514584 states=412 verified=23 completion=0 alternatives=1
INSTRUMENTATION_STATUS_CODE: 0
INSTRUMENTATION_STATUS: candidate_width_measurement=v1 id=39 maximum=3 round=3 wall_ns=1558417 cpu_ns=1559750 states=1873 verified=64 completion=4 alternatives=3
INSTRUMENTATION_STATUS_CODE: 0
INSTRUMENTATION_STATUS: candidate_width_measurement=v1 id=39 maximum=7 round=3 wall_ns=1471041 cpu_ns=1543750 states=1873 verified=64 completion=4 alternatives=7
INSTRUMENTATION_STATUS_CODE: 0
INSTRUMENTATION_STATUS: candidate_width_measurement=v1 id=40 maximum=7 round=3 wall_ns=549667 cpu_ns=550500 states=1119 verified=42 completion=0 alternatives=7
INSTRUMENTATION_STATUS_CODE: 0
INSTRUMENTATION_STATUS: candidate_width_measurement=v1 id=40 maximum=3 round=3 wall_ns=264791 cpu_ns=265750 states=310 verified=33 completion=0 alternatives=3
INSTRUMENTATION_STATUS_CODE: 0
INSTRUMENTATION_STATUS: candidate_width_measurement=v1 id=40 maximum=1 round=3 wall_ns=298042 cpu_ns=298958 states=310 verified=33 completion=0 alternatives=1
INSTRUMENTATION_STATUS_CODE: 0
INSTRUMENTATION_STATUS: candidate_width_measurement=v1 id=41 maximum=1 round=3 wall_ns=266000 cpu_ns=267000 states=353 verified=5 completion=0 alternatives=1
INSTRUMENTATION_STATUS_CODE: 0
INSTRUMENTATION_STATUS: candidate_width_measurement=v1 id=41 maximum=3 round=3 wall_ns=758375 cpu_ns=759416 states=1616 verified=9 completion=0 alternatives=3
INSTRUMENTATION_STATUS_CODE: 0
INSTRUMENTATION_STATUS: candidate_width_measurement=v1 id=41 maximum=7 round=3 wall_ns=1300875 cpu_ns=1301750 states=3007 verified=13 completion=0 alternatives=7
INSTRUMENTATION_STATUS_CODE: 0
INSTRUMENTATION_STATUS: candidate_width_measurement=v1 id=42 maximum=7 round=3 wall_ns=523583 cpu_ns=524417 states=1399 verified=41 completion=0 alternatives=7
INSTRUMENTATION_STATUS_CODE: 0
INSTRUMENTATION_STATUS: candidate_width_measurement=v1 id=42 maximum=3 round=3 wall_ns=256166 cpu_ns=256958 states=401 verified=27 completion=0 alternatives=3
INSTRUMENTATION_STATUS_CODE: 0
INSTRUMENTATION_STATUS: candidate_width_measurement=v1 id=42 maximum=1 round=3 wall_ns=214708 cpu_ns=215708 states=236 verified=23 completion=0 alternatives=1
INSTRUMENTATION_STATUS_CODE: 0
INSTRUMENTATION_STATUS: candidate_width_measurement=v1 id=43 maximum=1 round=3 wall_ns=999625 cpu_ns=1000416 states=1640 verified=7 completion=0 alternatives=1
INSTRUMENTATION_STATUS_CODE: 0
INSTRUMENTATION_STATUS: candidate_width_measurement=v1 id=43 maximum=3 round=3 wall_ns=932000 cpu_ns=932792 states=1640 verified=7 completion=0 alternatives=3
INSTRUMENTATION_STATUS_CODE: 0
INSTRUMENTATION_STATUS: candidate_width_measurement=v1 id=43 maximum=7 round=3 wall_ns=3024125 cpu_ns=3024959 states=4904 verified=13 completion=0 alternatives=7
INSTRUMENTATION_STATUS_CODE: 0
INSTRUMENTATION_STATUS: candidate_width_measurement=v1 id=44 maximum=7 round=3 wall_ns=1031541 cpu_ns=1032292 states=2455 verified=10 completion=0 alternatives=4
INSTRUMENTATION_STATUS_CODE: 0
INSTRUMENTATION_STATUS: candidate_width_measurement=v1 id=44 maximum=3 round=3 wall_ns=670584 cpu_ns=671667 states=1492 verified=7 completion=0 alternatives=3
INSTRUMENTATION_STATUS_CODE: 0
INSTRUMENTATION_STATUS: candidate_width_measurement=v1 id=44 maximum=1 round=3 wall_ns=348917 cpu_ns=350041 states=612 verified=5 completion=0 alternatives=1
INSTRUMENTATION_STATUS_CODE: 0
INSTRUMENTATION_STATUS: candidate_width_measurement=v1 id=45 maximum=1 round=3 wall_ns=21334 cpu_ns=22291 states=28 verified=0 completion=2 alternatives=0
INSTRUMENTATION_STATUS_CODE: 0
INSTRUMENTATION_STATUS: candidate_width_measurement=v1 id=45 maximum=3 round=3 wall_ns=22500 cpu_ns=23417 states=28 verified=0 completion=2 alternatives=0
INSTRUMENTATION_STATUS_CODE: 0
INSTRUMENTATION_STATUS: candidate_width_measurement=v1 id=45 maximum=7 round=3 wall_ns=19333 cpu_ns=20083 states=28 verified=0 completion=2 alternatives=0
INSTRUMENTATION_STATUS_CODE: 0
INSTRUMENTATION_STATUS: candidate_width_measurement=v1 id=46 maximum=7 round=3 wall_ns=1514000 cpu_ns=1486209 states=2202 verified=27 completion=0 alternatives=7
INSTRUMENTATION_STATUS_CODE: 0
INSTRUMENTATION_STATUS: candidate_width_measurement=v1 id=46 maximum=3 round=3 wall_ns=551291 cpu_ns=516167 states=724 verified=11 completion=0 alternatives=3
INSTRUMENTATION_STATUS_CODE: 0
INSTRUMENTATION_STATUS: candidate_width_measurement=v1 id=46 maximum=1 round=3 wall_ns=546916 cpu_ns=512292 states=724 verified=11 completion=0 alternatives=1
INSTRUMENTATION_STATUS_CODE: 0
INSTRUMENTATION_STATUS: candidate_width_measurement=v1 id=47 maximum=1 round=3 wall_ns=1285875 cpu_ns=1253208 states=1621 verified=16 completion=0 alternatives=1
INSTRUMENTATION_STATUS_CODE: 0
INSTRUMENTATION_STATUS: candidate_width_measurement=v1 id=47 maximum=3 round=3 wall_ns=1777209 cpu_ns=1739875 states=2580 verified=16 completion=0 alternatives=3
INSTRUMENTATION_STATUS_CODE: 0
INSTRUMENTATION_STATUS: candidate_width_measurement=v1 id=47 maximum=7 round=3 wall_ns=5570583 cpu_ns=5533584 states=8192 verified=16 completion=3 alternatives=7
INSTRUMENTATION_STATUS_CODE: 0
INSTRUMENTATION_STATUS: candidate_width_measurement=v1 id=48 maximum=7 round=3 wall_ns=1258708 cpu_ns=1214625 states=1680 verified=21 completion=0 alternatives=7
INSTRUMENTATION_STATUS_CODE: 0
INSTRUMENTATION_STATUS: candidate_width_measurement=v1 id=48 maximum=3 round=3 wall_ns=1190000 cpu_ns=1149583 states=1680 verified=21 completion=0 alternatives=3
INSTRUMENTATION_STATUS_CODE: 0
INSTRUMENTATION_STATUS: candidate_width_measurement=v1 id=48 maximum=1 round=3 wall_ns=1206000 cpu_ns=1161250 states=1680 verified=21 completion=0 alternatives=1
INSTRUMENTATION_STATUS_CODE: 0
INSTRUMENTATION_STATUS: candidate_width_measurement=v1 id=49 maximum=1 round=3 wall_ns=220000 cpu_ns=221375 states=296 verified=5 completion=0 alternatives=1
INSTRUMENTATION_STATUS_CODE: 0
INSTRUMENTATION_STATUS: candidate_width_measurement=v1 id=49 maximum=3 round=3 wall_ns=788333 cpu_ns=789250 states=1514 verified=18 completion=0 alternatives=3
INSTRUMENTATION_STATUS_CODE: 0
INSTRUMENTATION_STATUS: candidate_width_measurement=v1 id=49 maximum=7 round=3 wall_ns=751375 cpu_ns=752458 states=1514 verified=18 completion=0 alternatives=7
INSTRUMENTATION_STATUS_CODE: 0
INSTRUMENTATION_STATUS: candidate_width_measurement=v1 id=50 maximum=7 round=3 wall_ns=1596042 cpu_ns=1597125 states=1892 verified=64 completion=4 alternatives=7
INSTRUMENTATION_STATUS_CODE: 0
INSTRUMENTATION_STATUS: candidate_width_measurement=v1 id=50 maximum=3 round=3 wall_ns=1547125 cpu_ns=1548125 states=1892 verified=64 completion=4 alternatives=3
INSTRUMENTATION_STATUS_CODE: 0
INSTRUMENTATION_STATUS: candidate_width_measurement=v1 id=50 maximum=1 round=3 wall_ns=274583 cpu_ns=275500 states=322 verified=8 completion=0 alternatives=1
INSTRUMENTATION_STATUS_CODE: 0
INSTRUMENTATION_STATUS: candidate_width_measurement=v1 id=51 maximum=1 round=3 wall_ns=301500 cpu_ns=302125 states=448 verified=11 completion=0 alternatives=1
INSTRUMENTATION_STATUS_CODE: 0
INSTRUMENTATION_STATUS: candidate_width_measurement=v1 id=51 maximum=3 round=3 wall_ns=351875 cpu_ns=353042 states=448 verified=11 completion=0 alternatives=3
INSTRUMENTATION_STATUS_CODE: 0
INSTRUMENTATION_STATUS: candidate_width_measurement=v1 id=51 maximum=7 round=3 wall_ns=353500 cpu_ns=354541 states=740 verified=11 completion=0 alternatives=7
INSTRUMENTATION_STATUS_CODE: 0
INSTRUMENTATION_STATUS: candidate_width_measurement=v1 id=52 maximum=7 round=3 wall_ns=5401583 cpu_ns=5402750 states=8192 verified=4 completion=3 alternatives=4
INSTRUMENTATION_STATUS_CODE: 0
INSTRUMENTATION_STATUS: candidate_width_measurement=v1 id=52 maximum=3 round=3 wall_ns=5407459 cpu_ns=5408375 states=8192 verified=4 completion=3 alternatives=3
INSTRUMENTATION_STATUS_CODE: 0
INSTRUMENTATION_STATUS: candidate_width_measurement=v1 id=52 maximum=1 round=3 wall_ns=1333917 cpu_ns=1335125 states=2008 verified=3 completion=0 alternatives=1
INSTRUMENTATION_STATUS_CODE: 0
INSTRUMENTATION_STATUS: candidate_width_measurement=v1 id=53 maximum=1 round=3 wall_ns=165375 cpu_ns=166333 states=312 verified=4 completion=0 alternatives=1
INSTRUMENTATION_STATUS_CODE: 0
INSTRUMENTATION_STATUS: candidate_width_measurement=v1 id=53 maximum=3 round=3 wall_ns=299875 cpu_ns=300875 states=455 verified=6 completion=0 alternatives=3
INSTRUMENTATION_STATUS_CODE: 0
INSTRUMENTATION_STATUS: candidate_width_measurement=v1 id=53 maximum=7 round=3 wall_ns=766917 cpu_ns=767750 states=1667 verified=10 completion=0 alternatives=7
INSTRUMENTATION_STATUS_CODE: 0
INSTRUMENTATION_STATUS: candidate_width_measurement=v1 id=54 maximum=7 round=3 wall_ns=4889459 cpu_ns=4890458 states=8192 verified=14 completion=3 alternatives=7
INSTRUMENTATION_STATUS_CODE: 0
INSTRUMENTATION_STATUS: candidate_width_measurement=v1 id=54 maximum=3 round=3 wall_ns=2688250 cpu_ns=2689125 states=4405 verified=14 completion=0 alternatives=3
INSTRUMENTATION_STATUS_CODE: 0
INSTRUMENTATION_STATUS: candidate_width_measurement=v1 id=54 maximum=1 round=3 wall_ns=985666 cpu_ns=986708 states=1412 verified=12 completion=0 alternatives=1
INSTRUMENTATION_STATUS_CODE: 0
INSTRUMENTATION_STATUS: candidate_width_measurement=v1 id=55 maximum=1 round=3 wall_ns=1495542 cpu_ns=1496416 states=2276 verified=10 completion=0 alternatives=1
INSTRUMENTATION_STATUS_CODE: 0
INSTRUMENTATION_STATUS: candidate_width_measurement=v1 id=55 maximum=3 round=3 wall_ns=4547875 cpu_ns=4548875 states=6979 verified=13 completion=0 alternatives=3
INSTRUMENTATION_STATUS_CODE: 0
INSTRUMENTATION_STATUS: candidate_width_measurement=v1 id=55 maximum=7 round=3 wall_ns=4549500 cpu_ns=4550458 states=6979 verified=13 completion=0 alternatives=7
INSTRUMENTATION_STATUS_CODE: 0
INSTRUMENTATION_STATUS: candidate_width_measurement=v1 id=56 maximum=7 round=3 wall_ns=563875 cpu_ns=564917 states=1277 verified=8 completion=0 alternatives=7
INSTRUMENTATION_STATUS_CODE: 0
INSTRUMENTATION_STATUS: candidate_width_measurement=v1 id=56 maximum=3 round=3 wall_ns=584209 cpu_ns=585125 states=1277 verified=8 completion=0 alternatives=3
INSTRUMENTATION_STATUS_CODE: 0
INSTRUMENTATION_STATUS: candidate_width_measurement=v1 id=56 maximum=1 round=3 wall_ns=598500 cpu_ns=599458 states=1277 verified=8 completion=0 alternatives=1
INSTRUMENTATION_STATUS_CODE: 0
INSTRUMENTATION_STATUS: candidate_width_measurement=v1 id=57 maximum=1 round=3 wall_ns=1007125 cpu_ns=1008125 states=1609 verified=3 completion=0 alternatives=1
INSTRUMENTATION_STATUS_CODE: 0
INSTRUMENTATION_STATUS: candidate_width_measurement=v1 id=57 maximum=3 round=3 wall_ns=5251000 cpu_ns=5252041 states=8192 verified=3 completion=3 alternatives=3
INSTRUMENTATION_STATUS_CODE: 0
INSTRUMENTATION_STATUS: candidate_width_measurement=v1 id=57 maximum=7 round=3 wall_ns=5118041 cpu_ns=5119666 states=8192 verified=3 completion=3 alternatives=3
INSTRUMENTATION_STATUS_CODE: 0
INSTRUMENTATION_STATUS: candidate_width_measurement=v1 id=58 maximum=7 round=3 wall_ns=1722167 cpu_ns=1723084 states=2200 verified=48 completion=0 alternatives=7
INSTRUMENTATION_STATUS_CODE: 0
INSTRUMENTATION_STATUS: candidate_width_measurement=v1 id=58 maximum=3 round=3 wall_ns=1719625 cpu_ns=1720542 states=2200 verified=48 completion=0 alternatives=3
INSTRUMENTATION_STATUS_CODE: 0
INSTRUMENTATION_STATUS: candidate_width_measurement=v1 id=58 maximum=1 round=3 wall_ns=264000 cpu_ns=264791 states=349 verified=5 completion=0 alternatives=1
INSTRUMENTATION_STATUS_CODE: 0
INSTRUMENTATION_STATUS: candidate_width_measurement=v1 id=59 maximum=1 round=3 wall_ns=950792 cpu_ns=951875 states=1483 verified=9 completion=0 alternatives=1
INSTRUMENTATION_STATUS_CODE: 0
INSTRUMENTATION_STATUS: candidate_width_measurement=v1 id=59 maximum=3 round=3 wall_ns=1707917 cpu_ns=1708833 states=2741 verified=13 completion=0 alternatives=3
INSTRUMENTATION_STATUS_CODE: 0
INSTRUMENTATION_STATUS: candidate_width_measurement=v1 id=59 maximum=7 round=3 wall_ns=3148709 cpu_ns=3149708 states=5151 verified=15 completion=0 alternatives=7
INSTRUMENTATION_STATUS_CODE: 0
INSTRUMENTATION_STATUS: candidate_width_measurement=v1 id=0 maximum=1 round=4 wall_ns=1007500 cpu_ns=1008542 states=1475 verified=13 completion=0 alternatives=1
INSTRUMENTATION_STATUS_CODE: 0
INSTRUMENTATION_STATUS: candidate_width_measurement=v1 id=0 maximum=3 round=4 wall_ns=3393542 cpu_ns=3282042 states=4713 verified=13 completion=0 alternatives=3
INSTRUMENTATION_STATUS_CODE: 0
INSTRUMENTATION_STATUS: candidate_width_measurement=v1 id=0 maximum=7 round=4 wall_ns=5280083 cpu_ns=5108958 states=8192 verified=13 completion=3 alternatives=7
INSTRUMENTATION_STATUS_CODE: 0
INSTRUMENTATION_STATUS: candidate_width_measurement=v1 id=1 maximum=7 round=4 wall_ns=617250 cpu_ns=618667 states=1438 verified=13 completion=0 alternatives=7
INSTRUMENTATION_STATUS_CODE: 0
INSTRUMENTATION_STATUS: candidate_width_measurement=v1 id=1 maximum=3 round=4 wall_ns=253459 cpu_ns=254208 states=444 verified=9 completion=0 alternatives=3
INSTRUMENTATION_STATUS_CODE: 0
INSTRUMENTATION_STATUS: candidate_width_measurement=v1 id=1 maximum=1 round=4 wall_ns=255250 cpu_ns=256417 states=444 verified=9 completion=0 alternatives=1
INSTRUMENTATION_STATUS_CODE: 0
INSTRUMENTATION_STATUS: candidate_width_measurement=v1 id=2 maximum=1 round=4 wall_ns=942208 cpu_ns=943541 states=1689 verified=2 completion=0 alternatives=1
INSTRUMENTATION_STATUS_CODE: 0
INSTRUMENTATION_STATUS: candidate_width_measurement=v1 id=2 maximum=3 round=4 wall_ns=3771833 cpu_ns=3772875 states=6379 verified=5 completion=0 alternatives=3
INSTRUMENTATION_STATUS_CODE: 0
INSTRUMENTATION_STATUS: candidate_width_measurement=v1 id=2 maximum=7 round=4 wall_ns=4665834 cpu_ns=4666959 states=8192 verified=5 completion=3 alternatives=5
INSTRUMENTATION_STATUS_CODE: 0
INSTRUMENTATION_STATUS: candidate_width_measurement=v1 id=3 maximum=7 round=4 wall_ns=3854042 cpu_ns=3855209 states=6441 verified=57 completion=0 alternatives=7
INSTRUMENTATION_STATUS_CODE: 0
INSTRUMENTATION_STATUS: candidate_width_measurement=v1 id=3 maximum=3 round=4 wall_ns=1765125 cpu_ns=1757958 states=2646 verified=46 completion=0 alternatives=3
INSTRUMENTATION_STATUS_CODE: 0
INSTRUMENTATION_STATUS: candidate_width_measurement=v1 id=3 maximum=1 round=4 wall_ns=1053833 cpu_ns=1054792 states=1775 verified=17 completion=0 alternatives=1
INSTRUMENTATION_STATUS_CODE: 0
INSTRUMENTATION_STATUS: candidate_width_measurement=v1 id=4 maximum=1 round=4 wall_ns=950875 cpu_ns=951834 states=1562 verified=7 completion=0 alternatives=1
INSTRUMENTATION_STATUS_CODE: 0
INSTRUMENTATION_STATUS: candidate_width_measurement=v1 id=4 maximum=3 round=4 wall_ns=2656709 cpu_ns=2657667 states=4569 verified=7 completion=0 alternatives=3
INSTRUMENTATION_STATUS_CODE: 0
INSTRUMENTATION_STATUS: candidate_width_measurement=v1 id=4 maximum=7 round=4 wall_ns=4793417 cpu_ns=4794458 states=8192 verified=7 completion=3 alternatives=7
INSTRUMENTATION_STATUS_CODE: 0
INSTRUMENTATION_STATUS: candidate_width_measurement=v1 id=5 maximum=7 round=4 wall_ns=1527583 cpu_ns=1528624 states=2139 verified=59 completion=0 alternatives=7
INSTRUMENTATION_STATUS_CODE: 0
INSTRUMENTATION_STATUS: candidate_width_measurement=v1 id=5 maximum=3 round=4 wall_ns=1477209 cpu_ns=1478125 states=2139 verified=59 completion=0 alternatives=3
INSTRUMENTATION_STATUS_CODE: 0
INSTRUMENTATION_STATUS: candidate_width_measurement=v1 id=5 maximum=1 round=4 wall_ns=317458 cpu_ns=318291 states=514 verified=11 completion=0 alternatives=1
INSTRUMENTATION_STATUS_CODE: 0
INSTRUMENTATION_STATUS: candidate_width_measurement=v1 id=6 maximum=1 round=4 wall_ns=788042 cpu_ns=789250 states=1463 verified=6 completion=0 alternatives=1
INSTRUMENTATION_STATUS_CODE: 0
INSTRUMENTATION_STATUS: candidate_width_measurement=v1 id=6 maximum=3 round=4 wall_ns=2968000 cpu_ns=2968834 states=5398 verified=16 completion=0 alternatives=3
INSTRUMENTATION_STATUS_CODE: 0
INSTRUMENTATION_STATUS: candidate_width_measurement=v1 id=6 maximum=7 round=4 wall_ns=2912750 cpu_ns=2913833 states=5398 verified=16 completion=0 alternatives=7
INSTRUMENTATION_STATUS_CODE: 0
INSTRUMENTATION_STATUS: candidate_width_measurement=v1 id=7 maximum=7 round=4 wall_ns=3953792 cpu_ns=3954666 states=5678 verified=45 completion=0 alternatives=7
INSTRUMENTATION_STATUS_CODE: 0
INSTRUMENTATION_STATUS: candidate_width_measurement=v1 id=7 maximum=3 round=4 wall_ns=1101833 cpu_ns=1102917 states=1851 verified=8 completion=0 alternatives=3
INSTRUMENTATION_STATUS_CODE: 0
INSTRUMENTATION_STATUS: candidate_width_measurement=v1 id=7 maximum=1 round=4 wall_ns=1088667 cpu_ns=1089583 states=1851 verified=8 completion=0 alternatives=1
INSTRUMENTATION_STATUS_CODE: 0
INSTRUMENTATION_STATUS: candidate_width_measurement=v1 id=8 maximum=1 round=4 wall_ns=379917 cpu_ns=380875 states=327 verified=18 completion=0 alternatives=1
INSTRUMENTATION_STATUS_CODE: 0
INSTRUMENTATION_STATUS: candidate_width_measurement=v1 id=8 maximum=3 round=4 wall_ns=1413542 cpu_ns=1414458 states=1503 verified=64 completion=4 alternatives=3
INSTRUMENTATION_STATUS_CODE: 0
INSTRUMENTATION_STATUS: candidate_width_measurement=v1 id=8 maximum=7 round=4 wall_ns=1320959 cpu_ns=1321792 states=1503 verified=64 completion=4 alternatives=7
INSTRUMENTATION_STATUS_CODE: 0
INSTRUMENTATION_STATUS: candidate_width_measurement=v1 id=9 maximum=7 round=4 wall_ns=2541167 cpu_ns=2542291 states=4662 verified=13 completion=0 alternatives=7
INSTRUMENTATION_STATUS_CODE: 0
INSTRUMENTATION_STATUS: candidate_width_measurement=v1 id=9 maximum=3 round=4 wall_ns=734583 cpu_ns=735417 states=1282 verified=10 completion=0 alternatives=3
INSTRUMENTATION_STATUS_CODE: 0
INSTRUMENTATION_STATUS: candidate_width_measurement=v1 id=9 maximum=1 round=4 wall_ns=227209 cpu_ns=227959 states=358 verified=4 completion=0 alternatives=1
INSTRUMENTATION_STATUS_CODE: 0
INSTRUMENTATION_STATUS: candidate_width_measurement=v1 id=10 maximum=1 round=4 wall_ns=310625 cpu_ns=311417 states=422 verified=20 completion=0 alternatives=1
INSTRUMENTATION_STATUS_CODE: 0
INSTRUMENTATION_STATUS: candidate_width_measurement=v1 id=10 maximum=3 round=4 wall_ns=287750 cpu_ns=288458 states=422 verified=20 completion=0 alternatives=3
INSTRUMENTATION_STATUS_CODE: 0
INSTRUMENTATION_STATUS: candidate_width_measurement=v1 id=10 maximum=7 round=4 wall_ns=879542 cpu_ns=880292 states=1917 verified=42 completion=0 alternatives=7
INSTRUMENTATION_STATUS_CODE: 0
INSTRUMENTATION_STATUS: candidate_width_measurement=v1 id=11 maximum=7 round=4 wall_ns=5332958 cpu_ns=5334000 states=8192 verified=49 completion=3 alternatives=7
INSTRUMENTATION_STATUS_CODE: 0
INSTRUMENTATION_STATUS: candidate_width_measurement=v1 id=11 maximum=3 round=4 wall_ns=1389375 cpu_ns=1390250 states=2058 verified=28 completion=0 alternatives=3
INSTRUMENTATION_STATUS_CODE: 0
INSTRUMENTATION_STATUS: candidate_width_measurement=v1 id=11 maximum=1 round=4 wall_ns=1385000 cpu_ns=1386000 states=2058 verified=28 completion=0 alternatives=1
INSTRUMENTATION_STATUS_CODE: 0
INSTRUMENTATION_STATUS: candidate_width_measurement=v1 id=12 maximum=1 round=4 wall_ns=206500 cpu_ns=207375 states=324 verified=4 completion=0 alternatives=1
INSTRUMENTATION_STATUS_CODE: 0
INSTRUMENTATION_STATUS: candidate_width_measurement=v1 id=12 maximum=3 round=4 wall_ns=262500 cpu_ns=263417 states=420 verified=5 completion=0 alternatives=3
INSTRUMENTATION_STATUS_CODE: 0
INSTRUMENTATION_STATUS: candidate_width_measurement=v1 id=12 maximum=7 round=4 wall_ns=874875 cpu_ns=875458 states=1986 verified=15 completion=0 alternatives=7
INSTRUMENTATION_STATUS_CODE: 0
INSTRUMENTATION_STATUS: candidate_width_measurement=v1 id=13 maximum=7 round=4 wall_ns=2114458 cpu_ns=2115458 states=2999 verified=64 completion=4 alternatives=7
INSTRUMENTATION_STATUS_CODE: 0
INSTRUMENTATION_STATUS: candidate_width_measurement=v1 id=13 maximum=3 round=4 wall_ns=1323666 cpu_ns=1324584 states=1861 verified=44 completion=0 alternatives=3
INSTRUMENTATION_STATUS_CODE: 0
INSTRUMENTATION_STATUS: candidate_width_measurement=v1 id=13 maximum=1 round=4 wall_ns=555708 cpu_ns=556667 states=599 verified=26 completion=0 alternatives=1
INSTRUMENTATION_STATUS_CODE: 0
INSTRUMENTATION_STATUS: candidate_width_measurement=v1 id=14 maximum=1 round=4 wall_ns=1167000 cpu_ns=1167833 states=1930 verified=1 completion=0 alternatives=1
INSTRUMENTATION_STATUS_CODE: 0
INSTRUMENTATION_STATUS: candidate_width_measurement=v1 id=14 maximum=3 round=4 wall_ns=5129125 cpu_ns=5129875 states=8192 verified=1 completion=3 alternatives=1
INSTRUMENTATION_STATUS_CODE: 0
INSTRUMENTATION_STATUS: candidate_width_measurement=v1 id=14 maximum=7 round=4 wall_ns=4896791 cpu_ns=4897833 states=8192 verified=1 completion=3 alternatives=1
INSTRUMENTATION_STATUS_CODE: 0
INSTRUMENTATION_STATUS: candidate_width_measurement=v1 id=15 maximum=7 round=4 wall_ns=554500 cpu_ns=555333 states=1324 verified=9 completion=0 alternatives=7
INSTRUMENTATION_STATUS_CODE: 0
INSTRUMENTATION_STATUS: candidate_width_measurement=v1 id=15 maximum=3 round=4 wall_ns=553833 cpu_ns=554792 states=1324 verified=9 completion=0 alternatives=3
INSTRUMENTATION_STATUS_CODE: 0
INSTRUMENTATION_STATUS: candidate_width_measurement=v1 id=15 maximum=1 round=4 wall_ns=166791 cpu_ns=167916 states=250 verified=3 completion=0 alternatives=1
INSTRUMENTATION_STATUS_CODE: 0
INSTRUMENTATION_STATUS: candidate_width_measurement=v1 id=16 maximum=1 round=4 wall_ns=1006000 cpu_ns=1006958 states=1607 verified=13 completion=0 alternatives=1
INSTRUMENTATION_STATUS_CODE: 0
INSTRUMENTATION_STATUS: candidate_width_measurement=v1 id=16 maximum=3 round=4 wall_ns=989334 cpu_ns=990583 states=1607 verified=13 completion=0 alternatives=3
INSTRUMENTATION_STATUS_CODE: 0
INSTRUMENTATION_STATUS: candidate_width_measurement=v1 id=16 maximum=7 round=4 wall_ns=4630250 cpu_ns=4631250 states=8192 verified=14 completion=3 alternatives=7
INSTRUMENTATION_STATUS_CODE: 0
INSTRUMENTATION_STATUS: candidate_width_measurement=v1 id=17 maximum=7 round=4 wall_ns=4604917 cpu_ns=4605875 states=8192 verified=2 completion=3 alternatives=2
INSTRUMENTATION_STATUS_CODE: 0
INSTRUMENTATION_STATUS: candidate_width_measurement=v1 id=17 maximum=3 round=4 wall_ns=4508166 cpu_ns=4509250 states=8192 verified=2 completion=3 alternatives=2
INSTRUMENTATION_STATUS_CODE: 0
INSTRUMENTATION_STATUS: candidate_width_measurement=v1 id=17 maximum=1 round=4 wall_ns=1135458 cpu_ns=1018876 states=1517 verified=1 completion=0 alternatives=1
INSTRUMENTATION_STATUS_CODE: 0
INSTRUMENTATION_STATUS: candidate_width_measurement=v1 id=18 maximum=1 round=4 wall_ns=369458 cpu_ns=334042 states=411 verified=4 completion=0 alternatives=1
INSTRUMENTATION_STATUS_CODE: 0
INSTRUMENTATION_STATUS: candidate_width_measurement=v1 id=18 maximum=3 round=4 wall_ns=1271083 cpu_ns=1110667 states=2064 verified=5 completion=0 alternatives=3
INSTRUMENTATION_STATUS_CODE: 0
INSTRUMENTATION_STATUS: candidate_width_measurement=v1 id=18 maximum=7 round=4 wall_ns=1466583 cpu_ns=1411083 states=3409 verified=5 completion=0 alternatives=5
INSTRUMENTATION_STATUS_CODE: 0
INSTRUMENTATION_STATUS: candidate_width_measurement=v1 id=19 maximum=7 round=4 wall_ns=574750 cpu_ns=575833 states=1121 verified=50 completion=0 alternatives=7
INSTRUMENTATION_STATUS_CODE: 0
INSTRUMENTATION_STATUS: candidate_width_measurement=v1 id=19 maximum=3 round=4 wall_ns=264167 cpu_ns=265125 states=292 verified=29 completion=0 alternatives=3
INSTRUMENTATION_STATUS_CODE: 0
INSTRUMENTATION_STATUS: candidate_width_measurement=v1 id=19 maximum=1 round=4 wall_ns=258375 cpu_ns=259375 states=292 verified=29 completion=0 alternatives=1
INSTRUMENTATION_STATUS_CODE: 0
INSTRUMENTATION_STATUS: candidate_width_measurement=v1 id=20 maximum=1 round=4 wall_ns=2411750 cpu_ns=2412834 states=2619 verified=64 completion=4 alternatives=1
INSTRUMENTATION_STATUS_CODE: 0
INSTRUMENTATION_STATUS: candidate_width_measurement=v1 id=20 maximum=3 round=4 wall_ns=2177333 cpu_ns=2178167 states=2619 verified=64 completion=4 alternatives=3
INSTRUMENTATION_STATUS_CODE: 0
INSTRUMENTATION_STATUS: candidate_width_measurement=v1 id=20 maximum=7 round=4 wall_ns=2155708 cpu_ns=2156625 states=2619 verified=64 completion=4 alternatives=7
INSTRUMENTATION_STATUS_CODE: 0
INSTRUMENTATION_STATUS: candidate_width_measurement=v1 id=21 maximum=7 round=4 wall_ns=4256375 cpu_ns=4257249 states=5806 verified=21 completion=0 alternatives=7
INSTRUMENTATION_STATUS_CODE: 0
INSTRUMENTATION_STATUS: candidate_width_measurement=v1 id=21 maximum=3 round=4 wall_ns=1391834 cpu_ns=1392917 states=2111 verified=12 completion=0 alternatives=3
INSTRUMENTATION_STATUS_CODE: 0
INSTRUMENTATION_STATUS: candidate_width_measurement=v1 id=21 maximum=1 round=4 wall_ns=1434458 cpu_ns=1435875 states=2111 verified=12 completion=0 alternatives=1
INSTRUMENTATION_STATUS_CODE: 0
INSTRUMENTATION_STATUS: candidate_width_measurement=v1 id=22 maximum=1 round=4 wall_ns=195209 cpu_ns=196250 states=293 verified=2 completion=0 alternatives=1
INSTRUMENTATION_STATUS_CODE: 0
INSTRUMENTATION_STATUS: candidate_width_measurement=v1 id=22 maximum=3 round=4 wall_ns=868958 cpu_ns=869791 states=1928 verified=10 completion=0 alternatives=3
INSTRUMENTATION_STATUS_CODE: 0
INSTRUMENTATION_STATUS: candidate_width_measurement=v1 id=22 maximum=7 round=4 wall_ns=827000 cpu_ns=827708 states=1928 verified=10 completion=0 alternatives=7
INSTRUMENTATION_STATUS_CODE: 0
INSTRUMENTATION_STATUS: candidate_width_measurement=v1 id=23 maximum=7 round=4 wall_ns=862375 cpu_ns=863291 states=1455 verified=24 completion=0 alternatives=7
INSTRUMENTATION_STATUS_CODE: 0
INSTRUMENTATION_STATUS: candidate_width_measurement=v1 id=23 maximum=3 round=4 wall_ns=172083 cpu_ns=172875 states=253 verified=3 completion=0 alternatives=3
INSTRUMENTATION_STATUS_CODE: 0
INSTRUMENTATION_STATUS: candidate_width_measurement=v1 id=23 maximum=1 round=4 wall_ns=180542 cpu_ns=181500 states=253 verified=3 completion=0 alternatives=1
INSTRUMENTATION_STATUS_CODE: 0
INSTRUMENTATION_STATUS: candidate_width_measurement=v1 id=24 maximum=1 round=4 wall_ns=163209 cpu_ns=163875 states=192 verified=11 completion=0 alternatives=1
INSTRUMENTATION_STATUS_CODE: 0
INSTRUMENTATION_STATUS: candidate_width_measurement=v1 id=24 maximum=3 round=4 wall_ns=162416 cpu_ns=163208 states=192 verified=11 completion=0 alternatives=3
INSTRUMENTATION_STATUS_CODE: 0
INSTRUMENTATION_STATUS: candidate_width_measurement=v1 id=24 maximum=7 round=4 wall_ns=534750 cpu_ns=535667 states=1273 verified=29 completion=0 alternatives=7
INSTRUMENTATION_STATUS_CODE: 0
INSTRUMENTATION_STATUS: candidate_width_measurement=v1 id=25 maximum=7 round=4 wall_ns=3755000 cpu_ns=3755958 states=6796 verified=11 completion=0 alternatives=7
INSTRUMENTATION_STATUS_CODE: 0
INSTRUMENTATION_STATUS: candidate_width_measurement=v1 id=25 maximum=3 round=4 wall_ns=3546708 cpu_ns=3547750 states=6796 verified=11 completion=0 alternatives=3
INSTRUMENTATION_STATUS_CODE: 0
INSTRUMENTATION_STATUS: candidate_width_measurement=v1 id=25 maximum=1 round=4 wall_ns=908042 cpu_ns=909000 states=1614 verified=6 completion=0 alternatives=1
INSTRUMENTATION_STATUS_CODE: 0
INSTRUMENTATION_STATUS: candidate_width_measurement=v1 id=26 maximum=1 round=4 wall_ns=1315958 cpu_ns=1317084 states=1814 verified=31 completion=0 alternatives=1
INSTRUMENTATION_STATUS_CODE: 0
INSTRUMENTATION_STATUS: candidate_width_measurement=v1 id=26 maximum=3 round=4 wall_ns=3146875 cpu_ns=3147834 states=4889 verified=39 completion=0 alternatives=3
INSTRUMENTATION_STATUS_CODE: 0
INSTRUMENTATION_STATUS: candidate_width_measurement=v1 id=26 maximum=7 round=4 wall_ns=3075291 cpu_ns=3076208 states=4889 verified=39 completion=0 alternatives=7
INSTRUMENTATION_STATUS_CODE: 0
INSTRUMENTATION_STATUS: candidate_width_measurement=v1 id=27 maximum=7 round=4 wall_ns=723667 cpu_ns=724542 states=1508 verified=8 completion=0 alternatives=7
INSTRUMENTATION_STATUS_CODE: 0
INSTRUMENTATION_STATUS: candidate_width_measurement=v1 id=27 maximum=3 round=4 wall_ns=207625 cpu_ns=208208 states=280 verified=6 completion=0 alternatives=3
INSTRUMENTATION_STATUS_CODE: 0
INSTRUMENTATION_STATUS: candidate_width_measurement=v1 id=27 maximum=1 round=4 wall_ns=209250 cpu_ns=210042 states=280 verified=6 completion=0 alternatives=1
INSTRUMENTATION_STATUS_CODE: 0
INSTRUMENTATION_STATUS: candidate_width_measurement=v1 id=28 maximum=1 round=4 wall_ns=342375 cpu_ns=343208 states=336 verified=13 completion=0 alternatives=1
INSTRUMENTATION_STATUS_CODE: 0
INSTRUMENTATION_STATUS: candidate_width_measurement=v1 id=28 maximum=3 round=4 wall_ns=1300208 cpu_ns=1301041 states=1466 verified=53 completion=0 alternatives=3
INSTRUMENTATION_STATUS_CODE: 0
INSTRUMENTATION_STATUS: candidate_width_measurement=v1 id=28 maximum=7 round=4 wall_ns=2970750 cpu_ns=2971584 states=4469 verified=63 completion=0 alternatives=7
INSTRUMENTATION_STATUS_CODE: 0
INSTRUMENTATION_STATUS: candidate_width_measurement=v1 id=29 maximum=7 round=4 wall_ns=4574542 cpu_ns=4575458 states=7060 verified=55 completion=0 alternatives=7
INSTRUMENTATION_STATUS_CODE: 0
INSTRUMENTATION_STATUS: candidate_width_measurement=v1 id=29 maximum=3 round=4 wall_ns=1250084 cpu_ns=1251084 states=1750 verified=28 completion=0 alternatives=3
INSTRUMENTATION_STATUS_CODE: 0
INSTRUMENTATION_STATUS: candidate_width_measurement=v1 id=29 maximum=1 round=4 wall_ns=1250291 cpu_ns=1251292 states=1750 verified=28 completion=0 alternatives=1
INSTRUMENTATION_STATUS_CODE: 0
INSTRUMENTATION_STATUS: candidate_width_measurement=v1 id=30 maximum=1 round=4 wall_ns=1780625 cpu_ns=1781667 states=2206 verified=64 completion=4 alternatives=1
INSTRUMENTATION_STATUS_CODE: 0
INSTRUMENTATION_STATUS: candidate_width_measurement=v1 id=30 maximum=3 round=4 wall_ns=1797333 cpu_ns=1798166 states=2206 verified=64 completion=4 alternatives=3
INSTRUMENTATION_STATUS_CODE: 0
INSTRUMENTATION_STATUS: candidate_width_measurement=v1 id=30 maximum=7 round=4 wall_ns=1796209 cpu_ns=1797125 states=2206 verified=64 completion=4 alternatives=7
INSTRUMENTATION_STATUS_CODE: 0
INSTRUMENTATION_STATUS: candidate_width_measurement=v1 id=31 maximum=7 round=4 wall_ns=4303208 cpu_ns=4304125 states=6727 verified=12 completion=0 alternatives=7
INSTRUMENTATION_STATUS_CODE: 0
INSTRUMENTATION_STATUS: candidate_width_measurement=v1 id=31 maximum=3 round=4 wall_ns=1551458 cpu_ns=1552541 states=2464 verified=5 completion=0 alternatives=3
INSTRUMENTATION_STATUS_CODE: 0
INSTRUMENTATION_STATUS: candidate_width_measurement=v1 id=31 maximum=1 round=4 wall_ns=1206583 cpu_ns=1207458 states=2079 verified=2 completion=0 alternatives=1
INSTRUMENTATION_STATUS_CODE: 0
INSTRUMENTATION_STATUS: candidate_width_measurement=v1 id=32 maximum=1 round=4 wall_ns=1446292 cpu_ns=1447125 states=1787 verified=39 completion=0 alternatives=1
INSTRUMENTATION_STATUS_CODE: 0
INSTRUMENTATION_STATUS: candidate_width_measurement=v1 id=32 maximum=3 round=4 wall_ns=1423541 cpu_ns=1424625 states=1787 verified=39 completion=0 alternatives=3
INSTRUMENTATION_STATUS_CODE: 0
INSTRUMENTATION_STATUS: candidate_width_measurement=v1 id=32 maximum=7 round=4 wall_ns=3338333 cpu_ns=3332333 states=5006 verified=47 completion=0 alternatives=7
INSTRUMENTATION_STATUS_CODE: 0
INSTRUMENTATION_STATUS: candidate_width_measurement=v1 id=33 maximum=7 round=4 wall_ns=1890458 cpu_ns=1891375 states=3501 verified=18 completion=0 alternatives=7
INSTRUMENTATION_STATUS_CODE: 0
INSTRUMENTATION_STATUS: candidate_width_measurement=v1 id=33 maximum=3 round=4 wall_ns=1926125 cpu_ns=1927084 states=3501 verified=18 completion=0 alternatives=3
INSTRUMENTATION_STATUS_CODE: 0
INSTRUMENTATION_STATUS: candidate_width_measurement=v1 id=33 maximum=1 round=4 wall_ns=823708 cpu_ns=824542 states=1398 verified=12 completion=0 alternatives=1
INSTRUMENTATION_STATUS_CODE: 0
INSTRUMENTATION_STATUS: candidate_width_measurement=v1 id=34 maximum=1 round=4 wall_ns=1829042 cpu_ns=1830000 states=2542 verified=22 completion=0 alternatives=1
INSTRUMENTATION_STATUS_CODE: 0
INSTRUMENTATION_STATUS: candidate_width_measurement=v1 id=34 maximum=3 round=4 wall_ns=1792458 cpu_ns=1793458 states=2542 verified=22 completion=0 alternatives=3
INSTRUMENTATION_STATUS_CODE: 0
INSTRUMENTATION_STATUS: candidate_width_measurement=v1 id=34 maximum=7 round=4 wall_ns=5234291 cpu_ns=5235250 states=8192 verified=26 completion=3 alternatives=7
INSTRUMENTATION_STATUS_CODE: 0
INSTRUMENTATION_STATUS: candidate_width_measurement=v1 id=35 maximum=7 round=4 wall_ns=4566541 cpu_ns=4567583 states=8192 verified=25 completion=3 alternatives=7
INSTRUMENTATION_STATUS_CODE: 0
INSTRUMENTATION_STATUS: candidate_width_measurement=v1 id=35 maximum=3 round=4 wall_ns=1228209 cpu_ns=1229084 states=1844 verified=23 completion=0 alternatives=3
INSTRUMENTATION_STATUS_CODE: 0
INSTRUMENTATION_STATUS: candidate_width_measurement=v1 id=35 maximum=1 round=4 wall_ns=1270667 cpu_ns=1271334 states=1844 verified=23 completion=0 alternatives=1
INSTRUMENTATION_STATUS_CODE: 0
INSTRUMENTATION_STATUS: candidate_width_measurement=v1 id=36 maximum=1 round=4 wall_ns=333833 cpu_ns=334792 states=367 verified=9 completion=0 alternatives=1
INSTRUMENTATION_STATUS_CODE: 0
INSTRUMENTATION_STATUS: candidate_width_measurement=v1 id=36 maximum=3 round=4 wall_ns=1767209 cpu_ns=1768125 states=2213 verified=48 completion=0 alternatives=3
INSTRUMENTATION_STATUS_CODE: 0
INSTRUMENTATION_STATUS: candidate_width_measurement=v1 id=36 maximum=7 round=4 wall_ns=1747666 cpu_ns=1748584 states=2213 verified=48 completion=0 alternatives=7
INSTRUMENTATION_STATUS_CODE: 0
INSTRUMENTATION_STATUS: candidate_width_measurement=v1 id=37 maximum=7 round=4 wall_ns=5422917 cpu_ns=5423916 states=8192 verified=5 completion=3 alternatives=5
INSTRUMENTATION_STATUS_CODE: 0
INSTRUMENTATION_STATUS: candidate_width_measurement=v1 id=37 maximum=3 round=4 wall_ns=5138042 cpu_ns=5139041 states=8192 verified=5 completion=3 alternatives=3
INSTRUMENTATION_STATUS_CODE: 0
INSTRUMENTATION_STATUS: candidate_width_measurement=v1 id=37 maximum=1 round=4 wall_ns=871458 cpu_ns=872458 states=1093 verified=5 completion=0 alternatives=1
INSTRUMENTATION_STATUS_CODE: 0
INSTRUMENTATION_STATUS: candidate_width_measurement=v1 id=38 maximum=1 round=4 wall_ns=728375 cpu_ns=698958 states=537 verified=6 completion=0 alternatives=1
INSTRUMENTATION_STATUS_CODE: 0
INSTRUMENTATION_STATUS: candidate_width_measurement=v1 id=38 maximum=3 round=4 wall_ns=2703750 cpu_ns=2537375 states=2434 verified=28 completion=0 alternatives=3
INSTRUMENTATION_STATUS_CODE: 0
INSTRUMENTATION_STATUS: candidate_width_measurement=v1 id=38 maximum=7 round=4 wall_ns=5869917 cpu_ns=5862792 states=8192 verified=29 completion=3 alternatives=7
INSTRUMENTATION_STATUS_CODE: 0
INSTRUMENTATION_STATUS: candidate_width_measurement=v1 id=39 maximum=7 round=4 wall_ns=1641125 cpu_ns=1641959 states=1873 verified=64 completion=4 alternatives=7
INSTRUMENTATION_STATUS_CODE: 0
INSTRUMENTATION_STATUS: candidate_width_measurement=v1 id=39 maximum=3 round=4 wall_ns=1594875 cpu_ns=1595834 states=1873 verified=64 completion=4 alternatives=3
INSTRUMENTATION_STATUS_CODE: 0
INSTRUMENTATION_STATUS: candidate_width_measurement=v1 id=39 maximum=1 round=4 wall_ns=463333 cpu_ns=464250 states=412 verified=23 completion=0 alternatives=1
INSTRUMENTATION_STATUS_CODE: 0
INSTRUMENTATION_STATUS: candidate_width_measurement=v1 id=40 maximum=1 round=4 wall_ns=296792 cpu_ns=297584 states=310 verified=33 completion=0 alternatives=1
INSTRUMENTATION_STATUS_CODE: 0
INSTRUMENTATION_STATUS: candidate_width_measurement=v1 id=40 maximum=3 round=4 wall_ns=256000 cpu_ns=257041 states=310 verified=33 completion=0 alternatives=3
INSTRUMENTATION_STATUS_CODE: 0
INSTRUMENTATION_STATUS: candidate_width_measurement=v1 id=40 maximum=7 round=4 wall_ns=554416 cpu_ns=555458 states=1119 verified=42 completion=0 alternatives=7
INSTRUMENTATION_STATUS_CODE: 0
INSTRUMENTATION_STATUS: candidate_width_measurement=v1 id=41 maximum=7 round=4 wall_ns=1363750 cpu_ns=1364708 states=3007 verified=13 completion=0 alternatives=7
INSTRUMENTATION_STATUS_CODE: 0
INSTRUMENTATION_STATUS: candidate_width_measurement=v1 id=41 maximum=3 round=4 wall_ns=696125 cpu_ns=697209 states=1616 verified=9 completion=0 alternatives=3
INSTRUMENTATION_STATUS_CODE: 0
INSTRUMENTATION_STATUS: candidate_width_measurement=v1 id=41 maximum=1 round=4 wall_ns=213042 cpu_ns=213875 states=353 verified=5 completion=0 alternatives=1
INSTRUMENTATION_STATUS_CODE: 0
INSTRUMENTATION_STATUS: candidate_width_measurement=v1 id=42 maximum=1 round=4 wall_ns=205583 cpu_ns=206417 states=236 verified=23 completion=0 alternatives=1
INSTRUMENTATION_STATUS_CODE: 0
INSTRUMENTATION_STATUS: candidate_width_measurement=v1 id=42 maximum=3 round=4 wall_ns=261958 cpu_ns=263000 states=401 verified=27 completion=0 alternatives=3
INSTRUMENTATION_STATUS_CODE: 0
INSTRUMENTATION_STATUS: candidate_width_measurement=v1 id=42 maximum=7 round=4 wall_ns=550750 cpu_ns=551542 states=1399 verified=41 completion=0 alternatives=7
INSTRUMENTATION_STATUS_CODE: 0
INSTRUMENTATION_STATUS: candidate_width_measurement=v1 id=43 maximum=7 round=4 wall_ns=3044833 cpu_ns=3045750 states=4904 verified=13 completion=0 alternatives=7
INSTRUMENTATION_STATUS_CODE: 0
INSTRUMENTATION_STATUS: candidate_width_measurement=v1 id=43 maximum=3 round=4 wall_ns=1019375 cpu_ns=1020458 states=1640 verified=7 completion=0 alternatives=3
INSTRUMENTATION_STATUS_CODE: 0
INSTRUMENTATION_STATUS: candidate_width_measurement=v1 id=43 maximum=1 round=4 wall_ns=998333 cpu_ns=999375 states=1640 verified=7 completion=0 alternatives=1
INSTRUMENTATION_STATUS_CODE: 0
INSTRUMENTATION_STATUS: candidate_width_measurement=v1 id=44 maximum=1 round=4 wall_ns=314500 cpu_ns=315375 states=612 verified=5 completion=0 alternatives=1
INSTRUMENTATION_STATUS_CODE: 0
INSTRUMENTATION_STATUS: candidate_width_measurement=v1 id=44 maximum=3 round=4 wall_ns=674250 cpu_ns=675208 states=1492 verified=7 completion=0 alternatives=3
INSTRUMENTATION_STATUS_CODE: 0
INSTRUMENTATION_STATUS: candidate_width_measurement=v1 id=44 maximum=7 round=4 wall_ns=1076791 cpu_ns=1077750 states=2455 verified=10 completion=0 alternatives=4
INSTRUMENTATION_STATUS_CODE: 0
INSTRUMENTATION_STATUS: candidate_width_measurement=v1 id=45 maximum=7 round=4 wall_ns=20292 cpu_ns=21083 states=28 verified=0 completion=2 alternatives=0
INSTRUMENTATION_STATUS_CODE: 0
INSTRUMENTATION_STATUS: candidate_width_measurement=v1 id=45 maximum=3 round=4 wall_ns=18042 cpu_ns=18875 states=28 verified=0 completion=2 alternatives=0
INSTRUMENTATION_STATUS_CODE: 0
INSTRUMENTATION_STATUS: candidate_width_measurement=v1 id=45 maximum=1 round=4 wall_ns=16833 cpu_ns=17500 states=28 verified=0 completion=2 alternatives=0
INSTRUMENTATION_STATUS_CODE: 0
INSTRUMENTATION_STATUS: candidate_width_measurement=v1 id=46 maximum=1 round=4 wall_ns=564625 cpu_ns=565791 states=724 verified=11 completion=0 alternatives=1
INSTRUMENTATION_STATUS_CODE: 0
INSTRUMENTATION_STATUS: candidate_width_measurement=v1 id=46 maximum=3 round=4 wall_ns=530209 cpu_ns=531208 states=724 verified=11 completion=0 alternatives=3
INSTRUMENTATION_STATUS_CODE: 0
INSTRUMENTATION_STATUS: candidate_width_measurement=v1 id=46 maximum=7 round=4 wall_ns=1502875 cpu_ns=1503833 states=2202 verified=27 completion=0 alternatives=7
INSTRUMENTATION_STATUS_CODE: 0
INSTRUMENTATION_STATUS: candidate_width_measurement=v1 id=47 maximum=7 round=4 wall_ns=5615458 cpu_ns=5616417 states=8192 verified=16 completion=3 alternatives=7
INSTRUMENTATION_STATUS_CODE: 0
INSTRUMENTATION_STATUS: candidate_width_measurement=v1 id=47 maximum=3 round=4 wall_ns=1718791 cpu_ns=1719709 states=2580 verified=16 completion=0 alternatives=3
INSTRUMENTATION_STATUS_CODE: 0
INSTRUMENTATION_STATUS: candidate_width_measurement=v1 id=47 maximum=1 round=4 wall_ns=1234750 cpu_ns=1235500 states=1621 verified=16 completion=0 alternatives=1
INSTRUMENTATION_STATUS_CODE: 0
INSTRUMENTATION_STATUS: candidate_width_measurement=v1 id=48 maximum=1 round=4 wall_ns=1275167 cpu_ns=1275875 states=1680 verified=21 completion=0 alternatives=1
INSTRUMENTATION_STATUS_CODE: 0
INSTRUMENTATION_STATUS: candidate_width_measurement=v1 id=48 maximum=3 round=4 wall_ns=1160125 cpu_ns=1160958 states=1680 verified=21 completion=0 alternatives=3
INSTRUMENTATION_STATUS_CODE: 0
INSTRUMENTATION_STATUS: candidate_width_measurement=v1 id=48 maximum=7 round=4 wall_ns=1144500 cpu_ns=1145500 states=1680 verified=21 completion=0 alternatives=7
INSTRUMENTATION_STATUS_CODE: 0
INSTRUMENTATION_STATUS: candidate_width_measurement=v1 id=49 maximum=7 round=4 wall_ns=780834 cpu_ns=781959 states=1514 verified=18 completion=0 alternatives=7
INSTRUMENTATION_STATUS_CODE: 0
INSTRUMENTATION_STATUS: candidate_width_measurement=v1 id=49 maximum=3 round=4 wall_ns=742375 cpu_ns=743208 states=1514 verified=18 completion=0 alternatives=3
INSTRUMENTATION_STATUS_CODE: 0
INSTRUMENTATION_STATUS: candidate_width_measurement=v1 id=49 maximum=1 round=4 wall_ns=203667 cpu_ns=204458 states=296 verified=5 completion=0 alternatives=1
INSTRUMENTATION_STATUS_CODE: 0
INSTRUMENTATION_STATUS: candidate_width_measurement=v1 id=50 maximum=1 round=4 wall_ns=272292 cpu_ns=273375 states=322 verified=8 completion=0 alternatives=1
INSTRUMENTATION_STATUS_CODE: 0
INSTRUMENTATION_STATUS: candidate_width_measurement=v1 id=50 maximum=3 round=4 wall_ns=1566709 cpu_ns=1567667 states=1892 verified=64 completion=4 alternatives=3
INSTRUMENTATION_STATUS_CODE: 0
INSTRUMENTATION_STATUS: candidate_width_measurement=v1 id=50 maximum=7 round=4 wall_ns=1557792 cpu_ns=1558708 states=1892 verified=64 completion=4 alternatives=7
INSTRUMENTATION_STATUS_CODE: 0
INSTRUMENTATION_STATUS: candidate_width_measurement=v1 id=51 maximum=7 round=4 wall_ns=425167 cpu_ns=425750 states=740 verified=11 completion=0 alternatives=7
INSTRUMENTATION_STATUS_CODE: 0
INSTRUMENTATION_STATUS: candidate_width_measurement=v1 id=51 maximum=3 round=4 wall_ns=319084 cpu_ns=320125 states=448 verified=11 completion=0 alternatives=3
INSTRUMENTATION_STATUS_CODE: 0
INSTRUMENTATION_STATUS: candidate_width_measurement=v1 id=51 maximum=1 round=4 wall_ns=297791 cpu_ns=298666 states=448 verified=11 completion=0 alternatives=1
INSTRUMENTATION_STATUS_CODE: 0
INSTRUMENTATION_STATUS: candidate_width_measurement=v1 id=52 maximum=1 round=4 wall_ns=1268166 cpu_ns=1269083 states=2008 verified=3 completion=0 alternatives=1
INSTRUMENTATION_STATUS_CODE: 0
INSTRUMENTATION_STATUS: candidate_width_measurement=v1 id=52 maximum=3 round=4 wall_ns=5413375 cpu_ns=5409084 states=8192 verified=4 completion=3 alternatives=3
INSTRUMENTATION_STATUS_CODE: 0
INSTRUMENTATION_STATUS: candidate_width_measurement=v1 id=52 maximum=7 round=4 wall_ns=5342625 cpu_ns=5343709 states=8192 verified=4 completion=3 alternatives=4
INSTRUMENTATION_STATUS_CODE: 0
INSTRUMENTATION_STATUS: candidate_width_measurement=v1 id=53 maximum=7 round=4 wall_ns=761084 cpu_ns=761916 states=1667 verified=10 completion=0 alternatives=7
INSTRUMENTATION_STATUS_CODE: 0
INSTRUMENTATION_STATUS: candidate_width_measurement=v1 id=53 maximum=3 round=4 wall_ns=275709 cpu_ns=276500 states=455 verified=6 completion=0 alternatives=3
INSTRUMENTATION_STATUS_CODE: 0
INSTRUMENTATION_STATUS: candidate_width_measurement=v1 id=53 maximum=1 round=4 wall_ns=199083 cpu_ns=199959 states=312 verified=4 completion=0 alternatives=1
INSTRUMENTATION_STATUS_CODE: 0
INSTRUMENTATION_STATUS: candidate_width_measurement=v1 id=54 maximum=1 round=4 wall_ns=938917 cpu_ns=939875 states=1412 verified=12 completion=0 alternatives=1
INSTRUMENTATION_STATUS_CODE: 0
INSTRUMENTATION_STATUS: candidate_width_measurement=v1 id=54 maximum=3 round=4 wall_ns=2754875 cpu_ns=2750459 states=4405 verified=14 completion=0 alternatives=3
INSTRUMENTATION_STATUS_CODE: 0
INSTRUMENTATION_STATUS: candidate_width_measurement=v1 id=54 maximum=7 round=4 wall_ns=4847125 cpu_ns=4848042 states=8192 verified=14 completion=3 alternatives=7
INSTRUMENTATION_STATUS_CODE: 0
INSTRUMENTATION_STATUS: candidate_width_measurement=v1 id=55 maximum=7 round=4 wall_ns=4617750 cpu_ns=4618583 states=6979 verified=13 completion=0 alternatives=7
INSTRUMENTATION_STATUS_CODE: 0
INSTRUMENTATION_STATUS: candidate_width_measurement=v1 id=55 maximum=3 round=4 wall_ns=4546083 cpu_ns=4547000 states=6979 verified=13 completion=0 alternatives=3
INSTRUMENTATION_STATUS_CODE: 0
INSTRUMENTATION_STATUS: candidate_width_measurement=v1 id=55 maximum=1 round=4 wall_ns=1458125 cpu_ns=1459416 states=2276 verified=10 completion=0 alternatives=1
INSTRUMENTATION_STATUS_CODE: 0
INSTRUMENTATION_STATUS: candidate_width_measurement=v1 id=56 maximum=1 round=4 wall_ns=586833 cpu_ns=587833 states=1277 verified=8 completion=0 alternatives=1
INSTRUMENTATION_STATUS_CODE: 0
INSTRUMENTATION_STATUS: candidate_width_measurement=v1 id=56 maximum=3 round=4 wall_ns=571042 cpu_ns=572000 states=1277 verified=8 completion=0 alternatives=3
INSTRUMENTATION_STATUS_CODE: 0
INSTRUMENTATION_STATUS: candidate_width_measurement=v1 id=56 maximum=7 round=4 wall_ns=551750 cpu_ns=552708 states=1277 verified=8 completion=0 alternatives=7
INSTRUMENTATION_STATUS_CODE: 0
INSTRUMENTATION_STATUS: candidate_width_measurement=v1 id=57 maximum=7 round=4 wall_ns=5359542 cpu_ns=5360625 states=8192 verified=3 completion=3 alternatives=3
INSTRUMENTATION_STATUS_CODE: 0
INSTRUMENTATION_STATUS: candidate_width_measurement=v1 id=57 maximum=3 round=4 wall_ns=5161584 cpu_ns=5162792 states=8192 verified=3 completion=3 alternatives=3
INSTRUMENTATION_STATUS_CODE: 0
INSTRUMENTATION_STATUS: candidate_width_measurement=v1 id=57 maximum=1 round=4 wall_ns=1010542 cpu_ns=1011625 states=1609 verified=3 completion=0 alternatives=1
INSTRUMENTATION_STATUS_CODE: 0
INSTRUMENTATION_STATUS: candidate_width_measurement=v1 id=58 maximum=1 round=4 wall_ns=296375 cpu_ns=297208 states=349 verified=5 completion=0 alternatives=1
INSTRUMENTATION_STATUS_CODE: 0
INSTRUMENTATION_STATUS: candidate_width_measurement=v1 id=58 maximum=3 round=4 wall_ns=1717166 cpu_ns=1718125 states=2200 verified=48 completion=0 alternatives=3
INSTRUMENTATION_STATUS_CODE: 0
INSTRUMENTATION_STATUS: candidate_width_measurement=v1 id=58 maximum=7 round=4 wall_ns=1693083 cpu_ns=1694375 states=2200 verified=48 completion=0 alternatives=7
INSTRUMENTATION_STATUS_CODE: 0
INSTRUMENTATION_STATUS: candidate_width_measurement=v1 id=59 maximum=7 round=4 wall_ns=3190458 cpu_ns=3191416 states=5151 verified=15 completion=0 alternatives=7
INSTRUMENTATION_STATUS_CODE: 0
INSTRUMENTATION_STATUS: candidate_width_measurement=v1 id=59 maximum=3 round=4 wall_ns=1730500 cpu_ns=1723833 states=2741 verified=13 completion=0 alternatives=3
INSTRUMENTATION_STATUS_CODE: 0
INSTRUMENTATION_STATUS: candidate_width_measurement=v1 id=59 maximum=1 round=4 wall_ns=937417 cpu_ns=938291 states=1483 verified=9 completion=0 alternatives=1
INSTRUMENTATION_STATUS_CODE: 0
INSTRUMENTATION_STATUS: numtests=161
INSTRUMENTATION_STATUS: stream=.
INSTRUMENTATION_STATUS: id=AndroidJUnitRunner
INSTRUMENTATION_STATUS: test=requestedWidthsPreserveCertifiedPrefixes
INSTRUMENTATION_STATUS: class=io.github.mesteriis.rune.keyboard.smarttyping.lexicon.TopSevenInstrumentedTest
INSTRUMENTATION_STATUS: current=160
INSTRUMENTATION_STATUS_CODE: 0
INSTRUMENTATION_STATUS: numtests=161
INSTRUMENTATION_STATUS: stream=
INSTRUMENTATION_STATUS: id=AndroidJUnitRunner
INSTRUMENTATION_STATUS: test=packedTopSevenAndExhaustiveComparison
INSTRUMENTATION_STATUS: class=io.github.mesteriis.rune.keyboard.smarttyping.lexicon.TopSevenInstrumentedTest
INSTRUMENTATION_STATUS: current=161
INSTRUMENTATION_STATUS_CODE: 1
INSTRUMENTATION_STATUS: top_seven_measurement=v1 id=0 strategy=0 round=0 wall_ns=1678209 cpu_ns=1678584 states=8192 verified=17 completion=3 alternatives=7
INSTRUMENTATION_STATUS_CODE: 0
INSTRUMENTATION_STATUS: top_seven_measurement=v1 id=0 strategy=1 round=0 wall_ns=4733167 cpu_ns=4733791 states=8192 verified=13 completion=3 alternatives=7
INSTRUMENTATION_STATUS_CODE: 0
INSTRUMENTATION_STATUS: top_seven_measurement=v1 id=1 strategy=1 round=0 wall_ns=593792 cpu_ns=594583 states=1438 verified=13 completion=0 alternatives=7
INSTRUMENTATION_STATUS_CODE: 0
INSTRUMENTATION_STATUS: top_seven_measurement=v1 id=1 strategy=0 round=0 wall_ns=433667 cpu_ns=434458 states=2144 verified=14 completion=0 alternatives=7
INSTRUMENTATION_STATUS_CODE: 0
INSTRUMENTATION_STATUS: top_seven_measurement=v1 id=2 strategy=0 round=0 wall_ns=1565750 cpu_ns=1566458 states=8192 verified=10 completion=3 alternatives=7
INSTRUMENTATION_STATUS_CODE: 0
INSTRUMENTATION_STATUS: top_seven_measurement=v1 id=2 strategy=1 round=0 wall_ns=4585125 cpu_ns=4585875 states=8192 verified=5 completion=3 alternatives=5
INSTRUMENTATION_STATUS_CODE: 0
INSTRUMENTATION_STATUS: top_seven_measurement=v1 id=3 strategy=1 round=0 wall_ns=3804167 cpu_ns=3796207 states=6441 verified=57 completion=0 alternatives=7
INSTRUMENTATION_STATUS_CODE: 0
INSTRUMENTATION_STATUS: top_seven_measurement=v1 id=3 strategy=0 round=0 wall_ns=1671708 cpu_ns=1672542 states=8192 verified=33 completion=3 alternatives=7
INSTRUMENTATION_STATUS_CODE: 0
INSTRUMENTATION_STATUS: top_seven_measurement=v1 id=4 strategy=0 round=0 wall_ns=1550625 cpu_ns=1551625 states=8192 verified=7 completion=3 alternatives=7
INSTRUMENTATION_STATUS_CODE: 0
INSTRUMENTATION_STATUS: top_seven_measurement=v1 id=4 strategy=1 round=0 wall_ns=4767125 cpu_ns=4768166 states=8192 verified=7 completion=3 alternatives=7
INSTRUMENTATION_STATUS_CODE: 0
INSTRUMENTATION_STATUS: top_seven_measurement=v1 id=5 strategy=1 round=0 wall_ns=1467750 cpu_ns=1468459 states=2139 verified=59 completion=0 alternatives=7
INSTRUMENTATION_STATUS_CODE: 0
INSTRUMENTATION_STATUS: top_seven_measurement=v1 id=5 strategy=0 round=0 wall_ns=1832250 cpu_ns=1833000 states=8192 verified=49 completion=3 alternatives=7
INSTRUMENTATION_STATUS_CODE: 0
INSTRUMENTATION_STATUS: top_seven_measurement=v1 id=6 strategy=0 round=0 wall_ns=1798291 cpu_ns=1789709 states=8192 verified=37 completion=3 alternatives=7
INSTRUMENTATION_STATUS_CODE: 0
INSTRUMENTATION_STATUS: top_seven_measurement=v1 id=6 strategy=1 round=0 wall_ns=2906459 cpu_ns=2907333 states=5398 verified=16 completion=0 alternatives=7
INSTRUMENTATION_STATUS_CODE: 0
INSTRUMENTATION_STATUS: top_seven_measurement=v1 id=7 strategy=1 round=0 wall_ns=4018334 cpu_ns=4018833 states=5678 verified=45 completion=0 alternatives=7
INSTRUMENTATION_STATUS_CODE: 0
INSTRUMENTATION_STATUS: top_seven_measurement=v1 id=7 strategy=0 round=0 wall_ns=1468666 cpu_ns=1469375 states=4050 verified=64 completion=4 alternatives=7
INSTRUMENTATION_STATUS_CODE: 0
INSTRUMENTATION_STATUS: top_seven_measurement=v1 id=8 strategy=0 round=0 wall_ns=934833 cpu_ns=935667 states=1838 verified=64 completion=4 alternatives=7
INSTRUMENTATION_STATUS_CODE: 0
INSTRUMENTATION_STATUS: top_seven_measurement=v1 id=8 strategy=1 round=0 wall_ns=1356625 cpu_ns=1357334 states=1503 verified=64 completion=4 alternatives=7
INSTRUMENTATION_STATUS_CODE: 0
INSTRUMENTATION_STATUS: top_seven_measurement=v1 id=9 strategy=1 round=0 wall_ns=2553791 cpu_ns=2554666 states=4662 verified=13 completion=0 alternatives=7
INSTRUMENTATION_STATUS_CODE: 0
INSTRUMENTATION_STATUS: top_seven_measurement=v1 id=9 strategy=0 round=0 wall_ns=1585458 cpu_ns=1576458 states=8192 verified=13 completion=3 alternatives=7
INSTRUMENTATION_STATUS_CODE: 0
INSTRUMENTATION_STATUS: top_seven_measurement=v1 id=10 strategy=0 round=0 wall_ns=842833 cpu_ns=843417 states=3038 verified=57 completion=0 alternatives=7
INSTRUMENTATION_STATUS_CODE: 0
INSTRUMENTATION_STATUS: top_seven_measurement=v1 id=10 strategy=1 round=0 wall_ns=868708 cpu_ns=869625 states=1917 verified=42 completion=0 alternatives=7
INSTRUMENTATION_STATUS_CODE: 0
INSTRUMENTATION_STATUS: top_seven_measurement=v1 id=11 strategy=1 round=0 wall_ns=5236584 cpu_ns=5237334 states=8192 verified=49 completion=3 alternatives=7
INSTRUMENTATION_STATUS_CODE: 0
INSTRUMENTATION_STATUS: top_seven_measurement=v1 id=11 strategy=0 round=0 wall_ns=1782458 cpu_ns=1783333 states=8192 verified=34 completion=3 alternatives=7
INSTRUMENTATION_STATUS_CODE: 0
INSTRUMENTATION_STATUS: top_seven_measurement=v1 id=12 strategy=0 round=0 wall_ns=728708 cpu_ns=729458 states=3316 verified=21 completion=0 alternatives=7
INSTRUMENTATION_STATUS_CODE: 0
INSTRUMENTATION_STATUS: top_seven_measurement=v1 id=12 strategy=1 round=0 wall_ns=851208 cpu_ns=852000 states=1986 verified=15 completion=0 alternatives=7
INSTRUMENTATION_STATUS_CODE: 0
INSTRUMENTATION_STATUS: top_seven_measurement=v1 id=13 strategy=1 round=0 wall_ns=2054917 cpu_ns=2055792 states=2999 verified=64 completion=4 alternatives=7
INSTRUMENTATION_STATUS_CODE: 0
INSTRUMENTATION_STATUS: top_seven_measurement=v1 id=13 strategy=0 round=0 wall_ns=1705625 cpu_ns=1706333 states=8192 verified=42 completion=3 alternatives=7
INSTRUMENTATION_STATUS_CODE: 0
INSTRUMENTATION_STATUS: top_seven_measurement=v1 id=14 strategy=0 round=0 wall_ns=1404916 cpu_ns=1396042 states=8192 verified=0 completion=3 alternatives=0
INSTRUMENTATION_STATUS_CODE: 0
INSTRUMENTATION_STATUS: top_seven_measurement=v1 id=14 strategy=1 round=0 wall_ns=5163334 cpu_ns=5164042 states=8192 verified=1 completion=3 alternatives=1
INSTRUMENTATION_STATUS_CODE: 0
INSTRUMENTATION_STATUS: top_seven_measurement=v1 id=15 strategy=1 round=0 wall_ns=533958 cpu_ns=534666 states=1324 verified=9 completion=0 alternatives=7
INSTRUMENTATION_STATUS_CODE: 0
INSTRUMENTATION_STATUS: top_seven_measurement=v1 id=15 strategy=0 round=0 wall_ns=435500 cpu_ns=436208 states=2138 verified=16 completion=0 alternatives=7
INSTRUMENTATION_STATUS_CODE: 0
INSTRUMENTATION_STATUS: top_seven_measurement=v1 id=16 strategy=0 round=0 wall_ns=1594000 cpu_ns=1594541 states=8192 verified=15 completion=3 alternatives=7
INSTRUMENTATION_STATUS_CODE: 0
INSTRUMENTATION_STATUS: top_seven_measurement=v1 id=16 strategy=1 round=0 wall_ns=4698709 cpu_ns=4699459 states=8192 verified=14 completion=3 alternatives=7
INSTRUMENTATION_STATUS_CODE: 0
INSTRUMENTATION_STATUS: top_seven_measurement=v1 id=17 strategy=1 round=0 wall_ns=4584417 cpu_ns=4575416 states=8192 verified=2 completion=3 alternatives=2
INSTRUMENTATION_STATUS_CODE: 0
INSTRUMENTATION_STATUS: top_seven_measurement=v1 id=17 strategy=0 round=0 wall_ns=1379542 cpu_ns=1380333 states=8192 verified=1 completion=3 alternatives=1
INSTRUMENTATION_STATUS_CODE: 0
INSTRUMENTATION_STATUS: top_seven_measurement=v1 id=18 strategy=0 round=0 wall_ns=596750 cpu_ns=597416 states=3409 verified=5 completion=0 alternatives=5
INSTRUMENTATION_STATUS_CODE: 0
INSTRUMENTATION_STATUS: top_seven_measurement=v1 id=18 strategy=1 round=0 wall_ns=1233000 cpu_ns=1233750 states=3409 verified=5 completion=0 alternatives=5
INSTRUMENTATION_STATUS_CODE: 0
INSTRUMENTATION_STATUS: top_seven_measurement=v1 id=19 strategy=1 round=0 wall_ns=531500 cpu_ns=532208 states=1121 verified=50 completion=0 alternatives=7
INSTRUMENTATION_STATUS_CODE: 0
INSTRUMENTATION_STATUS: top_seven_measurement=v1 id=19 strategy=0 round=0 wall_ns=476375 cpu_ns=476958 states=1668 verified=52 completion=0 alternatives=7
INSTRUMENTATION_STATUS_CODE: 0
INSTRUMENTATION_STATUS: top_seven_measurement=v1 id=20 strategy=0 round=0 wall_ns=1862250 cpu_ns=1863042 states=8192 verified=12 completion=3 alternatives=7
INSTRUMENTATION_STATUS_CODE: 0
INSTRUMENTATION_STATUS: top_seven_measurement=v1 id=20 strategy=1 round=0 wall_ns=2317333 cpu_ns=2317958 states=2619 verified=64 completion=4 alternatives=7
INSTRUMENTATION_STATUS_CODE: 0
INSTRUMENTATION_STATUS: top_seven_measurement=v1 id=21 strategy=1 round=0 wall_ns=5608292 cpu_ns=4236042 states=5806 verified=21 completion=0 alternatives=7
INSTRUMENTATION_STATUS_CODE: 0
INSTRUMENTATION_STATUS: top_seven_measurement=v1 id=21 strategy=0 round=0 wall_ns=2782000 cpu_ns=2575958 states=8192 verified=44 completion=3 alternatives=7
INSTRUMENTATION_STATUS_CODE: 0
INSTRUMENTATION_STATUS: top_seven_measurement=v1 id=22 strategy=0 round=0 wall_ns=541625 cpu_ns=531833 states=1937 verified=11 completion=0 alternatives=7
INSTRUMENTATION_STATUS_CODE: 0
INSTRUMENTATION_STATUS: top_seven_measurement=v1 id=22 strategy=1 round=0 wall_ns=817084 cpu_ns=811459 states=1928 verified=10 completion=0 alternatives=7
INSTRUMENTATION_STATUS_CODE: 0
INSTRUMENTATION_STATUS: top_seven_measurement=v1 id=23 strategy=1 round=0 wall_ns=850083 cpu_ns=842126 states=1455 verified=24 completion=0 alternatives=7
INSTRUMENTATION_STATUS_CODE: 0
INSTRUMENTATION_STATUS: top_seven_measurement=v1 id=23 strategy=0 round=0 wall_ns=574375 cpu_ns=567542 states=1462 verified=25 completion=0 alternatives=7
INSTRUMENTATION_STATUS_CODE: 0
INSTRUMENTATION_STATUS: top_seven_measurement=v1 id=24 strategy=0 round=0 wall_ns=432042 cpu_ns=408583 states=1273 verified=29 completion=0 alternatives=7
INSTRUMENTATION_STATUS_CODE: 0
INSTRUMENTATION_STATUS: top_seven_measurement=v1 id=24 strategy=1 round=0 wall_ns=524458 cpu_ns=507333 states=1273 verified=29 completion=0 alternatives=7
INSTRUMENTATION_STATUS_CODE: 0
INSTRUMENTATION_STATUS: top_seven_measurement=v1 id=25 strategy=1 round=0 wall_ns=3837084 cpu_ns=3830291 states=6796 verified=11 completion=0 alternatives=7
INSTRUMENTATION_STATUS_CODE: 0
INSTRUMENTATION_STATUS: top_seven_measurement=v1 id=25 strategy=0 round=0 wall_ns=1726375 cpu_ns=1717582 states=8192 verified=18 completion=3 alternatives=7
INSTRUMENTATION_STATUS_CODE: 0
INSTRUMENTATION_STATUS: top_seven_measurement=v1 id=26 strategy=0 round=0 wall_ns=1757334 cpu_ns=1750750 states=8192 verified=22 completion=3 alternatives=7
INSTRUMENTATION_STATUS_CODE: 0
INSTRUMENTATION_STATUS: top_seven_measurement=v1 id=26 strategy=1 round=0 wall_ns=3125125 cpu_ns=3116584 states=4889 verified=39 completion=0 alternatives=7
INSTRUMENTATION_STATUS_CODE: 0
INSTRUMENTATION_STATUS: top_seven_measurement=v1 id=27 strategy=1 round=0 wall_ns=723125 cpu_ns=717584 states=1508 verified=8 completion=0 alternatives=7
INSTRUMENTATION_STATUS_CODE: 0
INSTRUMENTATION_STATUS: top_seven_measurement=v1 id=27 strategy=0 round=0 wall_ns=363541 cpu_ns=356291 states=1508 verified=8 completion=0 alternatives=7
INSTRUMENTATION_STATUS_CODE: 0
INSTRUMENTATION_STATUS: top_seven_measurement=v1 id=28 strategy=0 round=0 wall_ns=1303625 cpu_ns=1294833 states=2798 verified=64 completion=4 alternatives=7
INSTRUMENTATION_STATUS_CODE: 0
INSTRUMENTATION_STATUS: top_seven_measurement=v1 id=28 strategy=1 round=0 wall_ns=2911958 cpu_ns=2904958 states=4469 verified=63 completion=0 alternatives=7
INSTRUMENTATION_STATUS_CODE: 0
INSTRUMENTATION_STATUS: top_seven_measurement=v1 id=29 strategy=1 round=0 wall_ns=4518916 cpu_ns=4488250 states=7060 verified=55 completion=0 alternatives=7
INSTRUMENTATION_STATUS_CODE: 0
INSTRUMENTATION_STATUS: top_seven_measurement=v1 id=29 strategy=0 round=0 wall_ns=2057333 cpu_ns=2049875 states=6682 verified=64 completion=4 alternatives=7
INSTRUMENTATION_STATUS_CODE: 0
INSTRUMENTATION_STATUS: top_seven_measurement=v1 id=30 strategy=0 round=0 wall_ns=2115917 cpu_ns=2109375 states=7644 verified=64 completion=4 alternatives=7
INSTRUMENTATION_STATUS_CODE: 0
INSTRUMENTATION_STATUS: top_seven_measurement=v1 id=30 strategy=1 round=0 wall_ns=1810250 cpu_ns=1803667 states=2206 verified=64 completion=4 alternatives=7
INSTRUMENTATION_STATUS_CODE: 0
INSTRUMENTATION_STATUS: top_seven_measurement=v1 id=31 strategy=1 round=0 wall_ns=4338791 cpu_ns=4331041 states=6727 verified=12 completion=0 alternatives=7
INSTRUMENTATION_STATUS_CODE: 0
INSTRUMENTATION_STATUS: top_seven_measurement=v1 id=31 strategy=0 round=0 wall_ns=2061000 cpu_ns=2052834 states=8192 verified=27 completion=3 alternatives=7
INSTRUMENTATION_STATUS_CODE: 0
INSTRUMENTATION_STATUS: top_seven_measurement=v1 id=32 strategy=0 round=0 wall_ns=2209500 cpu_ns=2180042 states=8192 verified=47 completion=3 alternatives=7
INSTRUMENTATION_STATUS_CODE: 0
INSTRUMENTATION_STATUS: top_seven_measurement=v1 id=32 strategy=1 round=0 wall_ns=3410625 cpu_ns=3403958 states=5006 verified=47 completion=0 alternatives=7
INSTRUMENTATION_STATUS_CODE: 0
INSTRUMENTATION_STATUS: top_seven_measurement=v1 id=33 strategy=1 round=0 wall_ns=1963167 cpu_ns=1955833 states=3501 verified=18 completion=0 alternatives=7
INSTRUMENTATION_STATUS_CODE: 0
INSTRUMENTATION_STATUS: top_seven_measurement=v1 id=33 strategy=0 round=0 wall_ns=1961208 cpu_ns=1953667 states=8192 verified=41 completion=3 alternatives=7
INSTRUMENTATION_STATUS_CODE: 0
INSTRUMENTATION_STATUS: top_seven_measurement=v1 id=34 strategy=0 round=0 wall_ns=1588917 cpu_ns=1581792 states=8192 verified=5 completion=3 alternatives=5
INSTRUMENTATION_STATUS_CODE: 0
INSTRUMENTATION_STATUS: top_seven_measurement=v1 id=34 strategy=1 round=0 wall_ns=5323084 cpu_ns=5315917 states=8192 verified=26 completion=3 alternatives=7
INSTRUMENTATION_STATUS_CODE: 0
INSTRUMENTATION_STATUS: top_seven_measurement=v1 id=35 strategy=1 round=0 wall_ns=4695667 cpu_ns=4688667 states=8192 verified=25 completion=3 alternatives=7
INSTRUMENTATION_STATUS_CODE: 0
INSTRUMENTATION_STATUS: top_seven_measurement=v1 id=35 strategy=0 round=0 wall_ns=1817916 cpu_ns=1800583 states=8192 verified=26 completion=3 alternatives=7
INSTRUMENTATION_STATUS_CODE: 0
INSTRUMENTATION_STATUS: top_seven_measurement=v1 id=36 strategy=0 round=0 wall_ns=1631709 cpu_ns=1624292 states=8192 verified=13 completion=3 alternatives=7
INSTRUMENTATION_STATUS_CODE: 0
INSTRUMENTATION_STATUS: top_seven_measurement=v1 id=36 strategy=1 round=0 wall_ns=1703125 cpu_ns=1694708 states=2213 verified=48 completion=0 alternatives=7
INSTRUMENTATION_STATUS_CODE: 0
INSTRUMENTATION_STATUS: top_seven_measurement=v1 id=37 strategy=1 round=0 wall_ns=5269708 cpu_ns=5260500 states=8192 verified=5 completion=3 alternatives=5
INSTRUMENTATION_STATUS_CODE: 0
INSTRUMENTATION_STATUS: top_seven_measurement=v1 id=37 strategy=0 round=0 wall_ns=1593875 cpu_ns=1587126 states=8192 verified=5 completion=3 alternatives=5
INSTRUMENTATION_STATUS_CODE: 0
INSTRUMENTATION_STATUS: top_seven_measurement=v1 id=38 strategy=0 round=0 wall_ns=1540333 cpu_ns=1531166 states=8192 verified=5 completion=3 alternatives=5
INSTRUMENTATION_STATUS_CODE: 0
INSTRUMENTATION_STATUS: top_seven_measurement=v1 id=38 strategy=1 round=0 wall_ns=5669875 cpu_ns=5657499 states=8192 verified=29 completion=3 alternatives=7
INSTRUMENTATION_STATUS_CODE: 0
INSTRUMENTATION_STATUS: top_seven_measurement=v1 id=39 strategy=1 round=0 wall_ns=1585917 cpu_ns=1578000 states=1873 verified=64 completion=4 alternatives=7
INSTRUMENTATION_STATUS_CODE: 0
INSTRUMENTATION_STATUS: top_seven_measurement=v1 id=39 strategy=0 round=0 wall_ns=1581666 cpu_ns=1574375 states=4858 verified=64 completion=4 alternatives=7
INSTRUMENTATION_STATUS_CODE: 0
INSTRUMENTATION_STATUS: top_seven_measurement=v1 id=40 strategy=0 round=0 wall_ns=705167 cpu_ns=698625 states=1943 verified=60 completion=0 alternatives=7
INSTRUMENTATION_STATUS_CODE: 0
INSTRUMENTATION_STATUS: top_seven_measurement=v1 id=40 strategy=1 round=0 wall_ns=493625 cpu_ns=486791 states=1119 verified=42 completion=0 alternatives=7
INSTRUMENTATION_STATUS_CODE: 0
INSTRUMENTATION_STATUS: top_seven_measurement=v1 id=41 strategy=1 round=0 wall_ns=1289875 cpu_ns=1282666 states=3007 verified=13 completion=0 alternatives=7
INSTRUMENTATION_STATUS_CODE: 0
INSTRUMENTATION_STATUS: top_seven_measurement=v1 id=41 strategy=0 round=0 wall_ns=602291 cpu_ns=595292 states=3014 verified=13 completion=0 alternatives=7
INSTRUMENTATION_STATUS_CODE: 0
INSTRUMENTATION_STATUS: top_seven_measurement=v1 id=42 strategy=0 round=0 wall_ns=716917 cpu_ns=709583 states=2621 verified=56 completion=0 alternatives=7
INSTRUMENTATION_STATUS_CODE: 0
INSTRUMENTATION_STATUS: top_seven_measurement=v1 id=42 strategy=1 round=0 wall_ns=542958 cpu_ns=536750 states=1399 verified=41 completion=0 alternatives=7
INSTRUMENTATION_STATUS_CODE: 0
INSTRUMENTATION_STATUS: top_seven_measurement=v1 id=43 strategy=1 round=0 wall_ns=2984834 cpu_ns=2978208 states=4904 verified=13 completion=0 alternatives=7
INSTRUMENTATION_STATUS_CODE: 0
INSTRUMENTATION_STATUS: top_seven_measurement=v1 id=43 strategy=0 round=0 wall_ns=2293750 cpu_ns=2287083 states=8192 verified=50 completion=3 alternatives=7
INSTRUMENTATION_STATUS_CODE: 0
INSTRUMENTATION_STATUS: top_seven_measurement=v1 id=44 strategy=0 round=0 wall_ns=531250 cpu_ns=523832 states=2455 verified=10 completion=0 alternatives=4
INSTRUMENTATION_STATUS_CODE: 0
INSTRUMENTATION_STATUS: top_seven_measurement=v1 id=44 strategy=1 round=0 wall_ns=1036875 cpu_ns=1030334 states=2455 verified=10 completion=0 alternatives=4
INSTRUMENTATION_STATUS_CODE: 0
INSTRUMENTATION_STATUS: top_seven_measurement=v1 id=45 strategy=1 round=0 wall_ns=17541 cpu_ns=17959 states=28 verified=0 completion=2 alternatives=0
INSTRUMENTATION_STATUS_CODE: 0
INSTRUMENTATION_STATUS: top_seven_measurement=v1 id=45 strategy=0 round=0 wall_ns=16833 cpu_ns=17417 states=28 verified=0 completion=2 alternatives=0
INSTRUMENTATION_STATUS_CODE: 0
INSTRUMENTATION_STATUS: top_seven_measurement=v1 id=46 strategy=0 round=0 wall_ns=1245667 cpu_ns=1238625 states=2906 verified=64 completion=4 alternatives=7
INSTRUMENTATION_STATUS_CODE: 0
INSTRUMENTATION_STATUS: top_seven_measurement=v1 id=46 strategy=1 round=0 wall_ns=1484917 cpu_ns=1478500 states=2202 verified=27 completion=0 alternatives=7
INSTRUMENTATION_STATUS_CODE: 0
INSTRUMENTATION_STATUS: top_seven_measurement=v1 id=47 strategy=1 round=0 wall_ns=5465125 cpu_ns=5457875 states=8192 verified=16 completion=3 alternatives=7
INSTRUMENTATION_STATUS_CODE: 0
INSTRUMENTATION_STATUS: top_seven_measurement=v1 id=47 strategy=0 round=0 wall_ns=1782583 cpu_ns=1776750 states=8192 verified=16 completion=3 alternatives=7
INSTRUMENTATION_STATUS_CODE: 0
INSTRUMENTATION_STATUS: top_seven_measurement=v1 id=48 strategy=0 round=0 wall_ns=1817667 cpu_ns=1810500 states=5158 verified=64 completion=4 alternatives=7
INSTRUMENTATION_STATUS_CODE: 0
INSTRUMENTATION_STATUS: top_seven_measurement=v1 id=48 strategy=1 round=0 wall_ns=1236417 cpu_ns=1230084 states=1680 verified=21 completion=0 alternatives=7
INSTRUMENTATION_STATUS_CODE: 0
INSTRUMENTATION_STATUS: top_seven_measurement=v1 id=49 strategy=1 round=0 wall_ns=780083 cpu_ns=771791 states=1514 verified=18 completion=0 alternatives=7
INSTRUMENTATION_STATUS_CODE: 0
INSTRUMENTATION_STATUS: top_seven_measurement=v1 id=49 strategy=0 round=0 wall_ns=433875 cpu_ns=426500 states=1514 verified=18 completion=0 alternatives=7
INSTRUMENTATION_STATUS_CODE: 0
INSTRUMENTATION_STATUS: top_seven_measurement=v1 id=50 strategy=0 round=0 wall_ns=1059250 cpu_ns=1052459 states=2296 verified=64 completion=4 alternatives=7
INSTRUMENTATION_STATUS_CODE: 0
INSTRUMENTATION_STATUS: top_seven_measurement=v1 id=50 strategy=1 round=0 wall_ns=1561917 cpu_ns=1554291 states=1892 verified=64 completion=4 alternatives=7
INSTRUMENTATION_STATUS_CODE: 0
INSTRUMENTATION_STATUS: top_seven_measurement=v1 id=51 strategy=1 round=0 wall_ns=437292 cpu_ns=428916 states=740 verified=11 completion=0 alternatives=7
INSTRUMENTATION_STATUS_CODE: 0
INSTRUMENTATION_STATUS: top_seven_measurement=v1 id=51 strategy=0 round=0 wall_ns=793333 cpu_ns=779167 states=3145 verified=33 completion=0 alternatives=7
INSTRUMENTATION_STATUS_CODE: 0
INSTRUMENTATION_STATUS: top_seven_measurement=v1 id=52 strategy=0 round=0 wall_ns=1593000 cpu_ns=1585625 states=8192 verified=4 completion=3 alternatives=4
INSTRUMENTATION_STATUS_CODE: 0
INSTRUMENTATION_STATUS: top_seven_measurement=v1 id=52 strategy=1 round=0 wall_ns=6106375 cpu_ns=5953874 states=8192 verified=4 completion=3 alternatives=4
INSTRUMENTATION_STATUS_CODE: 0
INSTRUMENTATION_STATUS: top_seven_measurement=v1 id=53 strategy=1 round=0 wall_ns=1152375 cpu_ns=1010085 states=1667 verified=10 completion=0 alternatives=7
INSTRUMENTATION_STATUS_CODE: 0
INSTRUMENTATION_STATUS: top_seven_measurement=v1 id=53 strategy=0 round=0 wall_ns=643791 cpu_ns=638167 states=2924 verified=17 completion=0 alternatives=7
INSTRUMENTATION_STATUS_CODE: 0
INSTRUMENTATION_STATUS: top_seven_measurement=v1 id=54 strategy=0 round=0 wall_ns=1870333 cpu_ns=1865041 states=8192 verified=20 completion=3 alternatives=7
INSTRUMENTATION_STATUS_CODE: 0
INSTRUMENTATION_STATUS: top_seven_measurement=v1 id=54 strategy=1 round=0 wall_ns=5035291 cpu_ns=5028166 states=8192 verified=14 completion=3 alternatives=7
INSTRUMENTATION_STATUS_CODE: 0
INSTRUMENTATION_STATUS: top_seven_measurement=v1 id=55 strategy=1 round=0 wall_ns=4781167 cpu_ns=4774292 states=6979 verified=13 completion=0 alternatives=7
INSTRUMENTATION_STATUS_CODE: 0
INSTRUMENTATION_STATUS: top_seven_measurement=v1 id=55 strategy=0 round=0 wall_ns=1956042 cpu_ns=1949334 states=8192 verified=23 completion=3 alternatives=7
INSTRUMENTATION_STATUS_CODE: 0
INSTRUMENTATION_STATUS: top_seven_measurement=v1 id=56 strategy=0 round=0 wall_ns=531542 cpu_ns=525959 states=2318 verified=12 completion=0 alternatives=7
INSTRUMENTATION_STATUS_CODE: 0
INSTRUMENTATION_STATUS: top_seven_measurement=v1 id=56 strategy=1 round=0 wall_ns=587583 cpu_ns=579250 states=1277 verified=8 completion=0 alternatives=7
INSTRUMENTATION_STATUS_CODE: 0
INSTRUMENTATION_STATUS: top_seven_measurement=v1 id=57 strategy=1 round=0 wall_ns=5168750 cpu_ns=5161667 states=8192 verified=3 completion=3 alternatives=3
INSTRUMENTATION_STATUS_CODE: 0
INSTRUMENTATION_STATUS: top_seven_measurement=v1 id=57 strategy=0 round=0 wall_ns=1594958 cpu_ns=1588250 states=8192 verified=6 completion=3 alternatives=6
INSTRUMENTATION_STATUS_CODE: 0
INSTRUMENTATION_STATUS: top_seven_measurement=v1 id=58 strategy=0 round=0 wall_ns=997458 cpu_ns=989749 states=970 verified=64 completion=4 alternatives=7
INSTRUMENTATION_STATUS_CODE: 0
INSTRUMENTATION_STATUS: top_seven_measurement=v1 id=58 strategy=1 round=0 wall_ns=1796750 cpu_ns=1776668 states=2200 verified=48 completion=0 alternatives=7
INSTRUMENTATION_STATUS_CODE: 0
INSTRUMENTATION_STATUS: top_seven_measurement=v1 id=59 strategy=1 round=0 wall_ns=3249125 cpu_ns=3242042 states=5151 verified=15 completion=0 alternatives=7
INSTRUMENTATION_STATUS_CODE: 0
INSTRUMENTATION_STATUS: top_seven_measurement=v1 id=59 strategy=0 round=0 wall_ns=1631625 cpu_ns=1623958 states=8192 verified=14 completion=3 alternatives=7
INSTRUMENTATION_STATUS_CODE: 0
INSTRUMENTATION_STATUS: top_seven_measurement=v1 id=0 strategy=1 round=1 wall_ns=4917500 cpu_ns=4912416 states=8192 verified=13 completion=3 alternatives=7
INSTRUMENTATION_STATUS_CODE: 0
INSTRUMENTATION_STATUS: top_seven_measurement=v1 id=0 strategy=0 round=1 wall_ns=1677250 cpu_ns=1669875 states=8192 verified=17 completion=3 alternatives=7
INSTRUMENTATION_STATUS_CODE: 0
INSTRUMENTATION_STATUS: top_seven_measurement=v1 id=1 strategy=0 round=1 wall_ns=446833 cpu_ns=439666 states=2144 verified=14 completion=0 alternatives=7
INSTRUMENTATION_STATUS_CODE: 0
INSTRUMENTATION_STATUS: top_seven_measurement=v1 id=1 strategy=1 round=1 wall_ns=606625 cpu_ns=599416 states=1438 verified=13 completion=0 alternatives=7
INSTRUMENTATION_STATUS_CODE: 0
INSTRUMENTATION_STATUS: top_seven_measurement=v1 id=2 strategy=1 round=1 wall_ns=4683375 cpu_ns=4676875 states=8192 verified=5 completion=3 alternatives=5
INSTRUMENTATION_STATUS_CODE: 0
INSTRUMENTATION_STATUS: top_seven_measurement=v1 id=2 strategy=0 round=1 wall_ns=1635125 cpu_ns=1628208 states=8192 verified=10 completion=3 alternatives=7
INSTRUMENTATION_STATUS_CODE: 0
INSTRUMENTATION_STATUS: top_seven_measurement=v1 id=3 strategy=0 round=1 wall_ns=1756291 cpu_ns=1749334 states=8192 verified=33 completion=3 alternatives=7
INSTRUMENTATION_STATUS_CODE: 0
INSTRUMENTATION_STATUS: top_seven_measurement=v1 id=3 strategy=1 round=1 wall_ns=3828708 cpu_ns=3822334 states=6441 verified=57 completion=0 alternatives=7
INSTRUMENTATION_STATUS_CODE: 0
INSTRUMENTATION_STATUS: top_seven_measurement=v1 id=4 strategy=1 round=1 wall_ns=4736000 cpu_ns=4726834 states=8192 verified=7 completion=3 alternatives=7
INSTRUMENTATION_STATUS_CODE: 0
INSTRUMENTATION_STATUS: top_seven_measurement=v1 id=4 strategy=0 round=1 wall_ns=1583208 cpu_ns=1577708 states=8192 verified=7 completion=3 alternatives=7
INSTRUMENTATION_STATUS_CODE: 0
INSTRUMENTATION_STATUS: top_seven_measurement=v1 id=5 strategy=0 round=1 wall_ns=1890583 cpu_ns=1883833 states=8192 verified=49 completion=3 alternatives=7
INSTRUMENTATION_STATUS_CODE: 0
INSTRUMENTATION_STATUS: top_seven_measurement=v1 id=5 strategy=1 round=1 wall_ns=1466125 cpu_ns=1458500 states=2139 verified=59 completion=0 alternatives=7
INSTRUMENTATION_STATUS_CODE: 0
INSTRUMENTATION_STATUS: top_seven_measurement=v1 id=6 strategy=1 round=1 wall_ns=2971000 cpu_ns=2952000 states=5398 verified=16 completion=0 alternatives=7
INSTRUMENTATION_STATUS_CODE: 0
INSTRUMENTATION_STATUS: top_seven_measurement=v1 id=6 strategy=0 round=1 wall_ns=1819708 cpu_ns=1812375 states=8192 verified=37 completion=3 alternatives=7
INSTRUMENTATION_STATUS_CODE: 0
INSTRUMENTATION_STATUS: top_seven_measurement=v1 id=7 strategy=0 round=1 wall_ns=1490042 cpu_ns=1483208 states=4050 verified=64 completion=4 alternatives=7
INSTRUMENTATION_STATUS_CODE: 0
INSTRUMENTATION_STATUS: top_seven_measurement=v1 id=7 strategy=1 round=1 wall_ns=3902583 cpu_ns=3895083 states=5678 verified=45 completion=0 alternatives=7
INSTRUMENTATION_STATUS_CODE: 0
INSTRUMENTATION_STATUS: top_seven_measurement=v1 id=8 strategy=1 round=1 wall_ns=1342583 cpu_ns=1335459 states=1503 verified=64 completion=4 alternatives=7
INSTRUMENTATION_STATUS_CODE: 0
INSTRUMENTATION_STATUS: top_seven_measurement=v1 id=8 strategy=0 round=1 wall_ns=989083 cpu_ns=983541 states=1838 verified=64 completion=4 alternatives=7
INSTRUMENTATION_STATUS_CODE: 0
INSTRUMENTATION_STATUS: top_seven_measurement=v1 id=9 strategy=0 round=1 wall_ns=1587709 cpu_ns=1582667 states=8192 verified=13 completion=3 alternatives=7
INSTRUMENTATION_STATUS_CODE: 0
INSTRUMENTATION_STATUS: top_seven_measurement=v1 id=9 strategy=1 round=1 wall_ns=2614208 cpu_ns=2606500 states=4662 verified=13 completion=0 alternatives=7
INSTRUMENTATION_STATUS_CODE: 0
INSTRUMENTATION_STATUS: top_seven_measurement=v1 id=10 strategy=1 round=1 wall_ns=909792 cpu_ns=896501 states=1917 verified=42 completion=0 alternatives=7
INSTRUMENTATION_STATUS_CODE: 0
INSTRUMENTATION_STATUS: top_seven_measurement=v1 id=10 strategy=0 round=1 wall_ns=837750 cpu_ns=831375 states=3038 verified=57 completion=0 alternatives=7
INSTRUMENTATION_STATUS_CODE: 0
INSTRUMENTATION_STATUS: top_seven_measurement=v1 id=11 strategy=0 round=1 wall_ns=1881500 cpu_ns=1856291 states=8192 verified=34 completion=3 alternatives=7
INSTRUMENTATION_STATUS_CODE: 0
INSTRUMENTATION_STATUS: top_seven_measurement=v1 id=11 strategy=1 round=1 wall_ns=5154250 cpu_ns=5146459 states=8192 verified=49 completion=3 alternatives=7
INSTRUMENTATION_STATUS_CODE: 0
INSTRUMENTATION_STATUS: top_seven_measurement=v1 id=12 strategy=1 round=1 wall_ns=896166 cpu_ns=887542 states=1986 verified=15 completion=0 alternatives=7
INSTRUMENTATION_STATUS_CODE: 0
INSTRUMENTATION_STATUS: top_seven_measurement=v1 id=12 strategy=0 round=1 wall_ns=732250 cpu_ns=725582 states=3316 verified=21 completion=0 alternatives=7
INSTRUMENTATION_STATUS_CODE: 0
INSTRUMENTATION_STATUS: top_seven_measurement=v1 id=13 strategy=0 round=1 wall_ns=1824125 cpu_ns=1809541 states=8192 verified=42 completion=3 alternatives=7
INSTRUMENTATION_STATUS_CODE: 0
INSTRUMENTATION_STATUS: top_seven_measurement=v1 id=13 strategy=1 round=1 wall_ns=2061125 cpu_ns=2039957 states=2999 verified=64 completion=4 alternatives=7
INSTRUMENTATION_STATUS_CODE: 0
INSTRUMENTATION_STATUS: top_seven_measurement=v1 id=14 strategy=1 round=1 wall_ns=5111167 cpu_ns=5111791 states=8192 verified=1 completion=3 alternatives=1
INSTRUMENTATION_STATUS_CODE: 0
INSTRUMENTATION_STATUS: top_seven_measurement=v1 id=14 strategy=0 round=1 wall_ns=1366875 cpu_ns=1367666 states=8192 verified=0 completion=3 alternatives=0
INSTRUMENTATION_STATUS_CODE: 0
INSTRUMENTATION_STATUS: top_seven_measurement=v1 id=15 strategy=0 round=1 wall_ns=449416 cpu_ns=450250 states=2138 verified=16 completion=0 alternatives=7
INSTRUMENTATION_STATUS_CODE: 0
INSTRUMENTATION_STATUS: top_seven_measurement=v1 id=15 strategy=1 round=1 wall_ns=495041 cpu_ns=495708 states=1324 verified=9 completion=0 alternatives=7
INSTRUMENTATION_STATUS_CODE: 0
INSTRUMENTATION_STATUS: top_seven_measurement=v1 id=16 strategy=1 round=1 wall_ns=4681750 cpu_ns=4682333 states=8192 verified=14 completion=3 alternatives=7
INSTRUMENTATION_STATUS_CODE: 0
INSTRUMENTATION_STATUS: top_seven_measurement=v1 id=16 strategy=0 round=1 wall_ns=1576833 cpu_ns=1577500 states=8192 verified=15 completion=3 alternatives=7
INSTRUMENTATION_STATUS_CODE: 0
INSTRUMENTATION_STATUS: top_seven_measurement=v1 id=17 strategy=0 round=1 wall_ns=1421000 cpu_ns=1421542 states=8192 verified=1 completion=3 alternatives=1
INSTRUMENTATION_STATUS_CODE: 0
INSTRUMENTATION_STATUS: top_seven_measurement=v1 id=17 strategy=1 round=1 wall_ns=5163375 cpu_ns=4986333 states=8192 verified=2 completion=3 alternatives=2
INSTRUMENTATION_STATUS_CODE: 0
INSTRUMENTATION_STATUS: top_seven_measurement=v1 id=18 strategy=1 round=1 wall_ns=1913667 cpu_ns=1702667 states=3409 verified=5 completion=0 alternatives=5
INSTRUMENTATION_STATUS_CODE: 0
INSTRUMENTATION_STATUS: top_seven_measurement=v1 id=18 strategy=0 round=1 wall_ns=565333 cpu_ns=566042 states=3409 verified=5 completion=0 alternatives=5
INSTRUMENTATION_STATUS_CODE: 0
INSTRUMENTATION_STATUS: top_seven_measurement=v1 id=19 strategy=0 round=1 wall_ns=485500 cpu_ns=486209 states=1668 verified=52 completion=0 alternatives=7
INSTRUMENTATION_STATUS_CODE: 0
INSTRUMENTATION_STATUS: top_seven_measurement=v1 id=19 strategy=1 round=1 wall_ns=566042 cpu_ns=566708 states=1121 verified=50 completion=0 alternatives=7
INSTRUMENTATION_STATUS_CODE: 0
INSTRUMENTATION_STATUS: top_seven_measurement=v1 id=20 strategy=1 round=1 wall_ns=2454791 cpu_ns=2455541 states=2619 verified=64 completion=4 alternatives=7
INSTRUMENTATION_STATUS_CODE: 0
INSTRUMENTATION_STATUS: top_seven_measurement=v1 id=20 strategy=0 round=1 wall_ns=1867250 cpu_ns=1867750 states=8192 verified=12 completion=3 alternatives=7
INSTRUMENTATION_STATUS_CODE: 0
INSTRUMENTATION_STATUS: top_seven_measurement=v1 id=21 strategy=0 round=1 wall_ns=2355208 cpu_ns=2355917 states=8192 verified=44 completion=3 alternatives=7
INSTRUMENTATION_STATUS_CODE: 0
INSTRUMENTATION_STATUS: top_seven_measurement=v1 id=21 strategy=1 round=1 wall_ns=4081083 cpu_ns=4081625 states=5806 verified=21 completion=0 alternatives=7
INSTRUMENTATION_STATUS_CODE: 0
INSTRUMENTATION_STATUS: top_seven_measurement=v1 id=22 strategy=1 round=1 wall_ns=858333 cpu_ns=858750 states=1928 verified=10 completion=0 alternatives=7
INSTRUMENTATION_STATUS_CODE: 0
INSTRUMENTATION_STATUS: top_seven_measurement=v1 id=22 strategy=0 round=1 wall_ns=399209 cpu_ns=399667 states=1937 verified=11 completion=0 alternatives=7
INSTRUMENTATION_STATUS_CODE: 0
INSTRUMENTATION_STATUS: top_seven_measurement=v1 id=23 strategy=0 round=1 wall_ns=479208 cpu_ns=480000 states=1462 verified=25 completion=0 alternatives=7
INSTRUMENTATION_STATUS_CODE: 0
INSTRUMENTATION_STATUS: top_seven_measurement=v1 id=23 strategy=1 round=1 wall_ns=765042 cpu_ns=765667 states=1455 verified=24 completion=0 alternatives=7
INSTRUMENTATION_STATUS_CODE: 0
INSTRUMENTATION_STATUS: top_seven_measurement=v1 id=24 strategy=1 round=1 wall_ns=512083 cpu_ns=512625 states=1273 verified=29 completion=0 alternatives=7
INSTRUMENTATION_STATUS_CODE: 0
INSTRUMENTATION_STATUS: top_seven_measurement=v1 id=24 strategy=0 round=1 wall_ns=336291 cpu_ns=336875 states=1273 verified=29 completion=0 alternatives=7
INSTRUMENTATION_STATUS_CODE: 0
INSTRUMENTATION_STATUS: top_seven_measurement=v1 id=25 strategy=0 round=1 wall_ns=1756792 cpu_ns=1757250 states=8192 verified=18 completion=3 alternatives=7
INSTRUMENTATION_STATUS_CODE: 0
INSTRUMENTATION_STATUS: top_seven_measurement=v1 id=25 strategy=1 round=1 wall_ns=3687834 cpu_ns=3688417 states=6796 verified=11 completion=0 alternatives=7
INSTRUMENTATION_STATUS_CODE: 0
INSTRUMENTATION_STATUS: top_seven_measurement=v1 id=26 strategy=1 round=1 wall_ns=3117834 cpu_ns=3118750 states=4889 verified=39 completion=0 alternatives=7
INSTRUMENTATION_STATUS_CODE: 0
INSTRUMENTATION_STATUS: top_seven_measurement=v1 id=26 strategy=0 round=1 wall_ns=1673833 cpu_ns=1674583 states=8192 verified=22 completion=3 alternatives=7
INSTRUMENTATION_STATUS_CODE: 0
INSTRUMENTATION_STATUS: top_seven_measurement=v1 id=27 strategy=0 round=1 wall_ns=343084 cpu_ns=343750 states=1508 verified=8 completion=0 alternatives=7
INSTRUMENTATION_STATUS_CODE: 0
INSTRUMENTATION_STATUS: top_seven_measurement=v1 id=27 strategy=1 round=1 wall_ns=678459 cpu_ns=679167 states=1508 verified=8 completion=0 alternatives=7
INSTRUMENTATION_STATUS_CODE: 0
INSTRUMENTATION_STATUS: top_seven_measurement=v1 id=28 strategy=1 round=1 wall_ns=2892791 cpu_ns=2893500 states=4469 verified=63 completion=0 alternatives=7
INSTRUMENTATION_STATUS_CODE: 0
INSTRUMENTATION_STATUS: top_seven_measurement=v1 id=28 strategy=0 round=1 wall_ns=1232584 cpu_ns=1233292 states=2798 verified=64 completion=4 alternatives=7
INSTRUMENTATION_STATUS_CODE: 0
INSTRUMENTATION_STATUS: top_seven_measurement=v1 id=29 strategy=0 round=1 wall_ns=2056750 cpu_ns=2057292 states=6682 verified=64 completion=4 alternatives=7
INSTRUMENTATION_STATUS_CODE: 0
INSTRUMENTATION_STATUS: top_seven_measurement=v1 id=29 strategy=1 round=1 wall_ns=4463833 cpu_ns=4464417 states=7060 verified=55 completion=0 alternatives=7
INSTRUMENTATION_STATUS_CODE: 0
INSTRUMENTATION_STATUS: top_seven_measurement=v1 id=30 strategy=1 round=1 wall_ns=1748291 cpu_ns=1749042 states=2206 verified=64 completion=4 alternatives=7
INSTRUMENTATION_STATUS_CODE: 0
INSTRUMENTATION_STATUS: top_seven_measurement=v1 id=30 strategy=0 round=1 wall_ns=2103834 cpu_ns=2104458 states=7644 verified=64 completion=4 alternatives=7
INSTRUMENTATION_STATUS_CODE: 0
INSTRUMENTATION_STATUS: top_seven_measurement=v1 id=31 strategy=0 round=1 wall_ns=1927333 cpu_ns=1928000 states=8192 verified=27 completion=3 alternatives=7
INSTRUMENTATION_STATUS_CODE: 0
INSTRUMENTATION_STATUS: top_seven_measurement=v1 id=31 strategy=1 round=1 wall_ns=4260708 cpu_ns=4261459 states=6727 verified=12 completion=0 alternatives=7
INSTRUMENTATION_STATUS_CODE: 0
INSTRUMENTATION_STATUS: top_seven_measurement=v1 id=32 strategy=1 round=1 wall_ns=3286167 cpu_ns=3286875 states=5006 verified=47 completion=0 alternatives=7
INSTRUMENTATION_STATUS_CODE: 0
INSTRUMENTATION_STATUS: top_seven_measurement=v1 id=32 strategy=0 round=1 wall_ns=2071708 cpu_ns=2072500 states=8192 verified=47 completion=3 alternatives=7
INSTRUMENTATION_STATUS_CODE: 0
INSTRUMENTATION_STATUS: top_seven_measurement=v1 id=33 strategy=0 round=1 wall_ns=1941042 cpu_ns=1941708 states=8192 verified=41 completion=3 alternatives=7
INSTRUMENTATION_STATUS_CODE: 0
INSTRUMENTATION_STATUS: top_seven_measurement=v1 id=33 strategy=1 round=1 wall_ns=1851291 cpu_ns=1851958 states=3501 verified=18 completion=0 alternatives=7
INSTRUMENTATION_STATUS_CODE: 0
INSTRUMENTATION_STATUS: top_seven_measurement=v1 id=34 strategy=1 round=1 wall_ns=5316834 cpu_ns=5258458 states=8192 verified=26 completion=3 alternatives=7
INSTRUMENTATION_STATUS_CODE: 0
INSTRUMENTATION_STATUS: top_seven_measurement=v1 id=34 strategy=0 round=1 wall_ns=1531083 cpu_ns=1531834 states=8192 verified=5 completion=3 alternatives=5
INSTRUMENTATION_STATUS_CODE: 0
INSTRUMENTATION_STATUS: top_seven_measurement=v1 id=35 strategy=0 round=1 wall_ns=1835166 cpu_ns=1835875 states=8192 verified=26 completion=3 alternatives=7
INSTRUMENTATION_STATUS_CODE: 0
INSTRUMENTATION_STATUS: top_seven_measurement=v1 id=35 strategy=1 round=1 wall_ns=4705916 cpu_ns=4572709 states=8192 verified=25 completion=3 alternatives=7
INSTRUMENTATION_STATUS_CODE: 0
INSTRUMENTATION_STATUS: top_seven_measurement=v1 id=36 strategy=1 round=1 wall_ns=1702458 cpu_ns=1703084 states=2213 verified=48 completion=0 alternatives=7
INSTRUMENTATION_STATUS_CODE: 0
INSTRUMENTATION_STATUS: top_seven_measurement=v1 id=36 strategy=0 round=1 wall_ns=1609791 cpu_ns=1610542 states=8192 verified=13 completion=3 alternatives=7
INSTRUMENTATION_STATUS_CODE: 0
INSTRUMENTATION_STATUS: top_seven_measurement=v1 id=37 strategy=0 round=1 wall_ns=1691959 cpu_ns=1692500 states=8192 verified=5 completion=3 alternatives=5
INSTRUMENTATION_STATUS_CODE: 0
INSTRUMENTATION_STATUS: top_seven_measurement=v1 id=37 strategy=1 round=1 wall_ns=5167042 cpu_ns=5167542 states=8192 verified=5 completion=3 alternatives=5
INSTRUMENTATION_STATUS_CODE: 0
INSTRUMENTATION_STATUS: top_seven_measurement=v1 id=38 strategy=1 round=1 wall_ns=5636167 cpu_ns=5637000 states=8192 verified=29 completion=3 alternatives=7
INSTRUMENTATION_STATUS_CODE: 0
INSTRUMENTATION_STATUS: top_seven_measurement=v1 id=38 strategy=0 round=1 wall_ns=1486292 cpu_ns=1487083 states=8192 verified=5 completion=3 alternatives=5
INSTRUMENTATION_STATUS_CODE: 0
INSTRUMENTATION_STATUS: top_seven_measurement=v1 id=39 strategy=0 round=1 wall_ns=1531958 cpu_ns=1532792 states=4858 verified=64 completion=4 alternatives=7
INSTRUMENTATION_STATUS_CODE: 0
INSTRUMENTATION_STATUS: top_seven_measurement=v1 id=39 strategy=1 round=1 wall_ns=1572583 cpu_ns=1573166 states=1873 verified=64 completion=4 alternatives=7
INSTRUMENTATION_STATUS_CODE: 0
INSTRUMENTATION_STATUS: top_seven_measurement=v1 id=40 strategy=1 round=1 wall_ns=551500 cpu_ns=553083 states=1119 verified=42 completion=0 alternatives=7
INSTRUMENTATION_STATUS_CODE: 0
INSTRUMENTATION_STATUS: top_seven_measurement=v1 id=40 strategy=0 round=1 wall_ns=549875 cpu_ns=550667 states=1943 verified=60 completion=0 alternatives=7
INSTRUMENTATION_STATUS_CODE: 0
INSTRUMENTATION_STATUS: top_seven_measurement=v1 id=41 strategy=0 round=1 wall_ns=648084 cpu_ns=648583 states=3014 verified=13 completion=0 alternatives=7
INSTRUMENTATION_STATUS_CODE: 0
INSTRUMENTATION_STATUS: top_seven_measurement=v1 id=41 strategy=1 round=1 wall_ns=1228083 cpu_ns=1228625 states=3007 verified=13 completion=0 alternatives=7
INSTRUMENTATION_STATUS_CODE: 0
INSTRUMENTATION_STATUS: top_seven_measurement=v1 id=42 strategy=1 round=1 wall_ns=535042 cpu_ns=535709 states=1399 verified=41 completion=0 alternatives=7
INSTRUMENTATION_STATUS_CODE: 0
INSTRUMENTATION_STATUS: top_seven_measurement=v1 id=42 strategy=0 round=1 wall_ns=620125 cpu_ns=620625 states=2621 verified=56 completion=0 alternatives=7
INSTRUMENTATION_STATUS_CODE: 0
INSTRUMENTATION_STATUS: top_seven_measurement=v1 id=43 strategy=0 round=1 wall_ns=2291750 cpu_ns=2292416 states=8192 verified=50 completion=3 alternatives=7
INSTRUMENTATION_STATUS_CODE: 0
INSTRUMENTATION_STATUS: top_seven_measurement=v1 id=43 strategy=1 round=1 wall_ns=2826333 cpu_ns=2827208 states=4904 verified=13 completion=0 alternatives=7
INSTRUMENTATION_STATUS_CODE: 0
INSTRUMENTATION_STATUS: top_seven_measurement=v1 id=44 strategy=1 round=1 wall_ns=993250 cpu_ns=994250 states=2455 verified=10 completion=0 alternatives=4
INSTRUMENTATION_STATUS_CODE: 0
INSTRUMENTATION_STATUS: top_seven_measurement=v1 id=44 strategy=0 round=1 wall_ns=449500 cpu_ns=450208 states=2455 verified=10 completion=0 alternatives=4
INSTRUMENTATION_STATUS_CODE: 0
INSTRUMENTATION_STATUS: top_seven_measurement=v1 id=45 strategy=0 round=1 wall_ns=24209 cpu_ns=24792 states=28 verified=0 completion=2 alternatives=0
INSTRUMENTATION_STATUS_CODE: 0
INSTRUMENTATION_STATUS: top_seven_measurement=v1 id=45 strategy=1 round=1 wall_ns=15750 cpu_ns=16250 states=28 verified=0 completion=2 alternatives=0
INSTRUMENTATION_STATUS_CODE: 0
INSTRUMENTATION_STATUS: top_seven_measurement=v1 id=46 strategy=1 round=1 wall_ns=1421125 cpu_ns=1421792 states=2202 verified=27 completion=0 alternatives=7
INSTRUMENTATION_STATUS_CODE: 0
INSTRUMENTATION_STATUS: top_seven_measurement=v1 id=46 strategy=0 round=1 wall_ns=1218041 cpu_ns=1218917 states=2906 verified=64 completion=4 alternatives=7
INSTRUMENTATION_STATUS_CODE: 0
INSTRUMENTATION_STATUS: top_seven_measurement=v1 id=47 strategy=0 round=1 wall_ns=1731417 cpu_ns=1732208 states=8192 verified=16 completion=3 alternatives=7
INSTRUMENTATION_STATUS_CODE: 0
INSTRUMENTATION_STATUS: top_seven_measurement=v1 id=47 strategy=1 round=1 wall_ns=5396375 cpu_ns=5397084 states=8192 verified=16 completion=3 alternatives=7
INSTRUMENTATION_STATUS_CODE: 0
INSTRUMENTATION_STATUS: top_seven_measurement=v1 id=48 strategy=1 round=1 wall_ns=1144792 cpu_ns=1145417 states=1680 verified=21 completion=0 alternatives=7
INSTRUMENTATION_STATUS_CODE: 0
INSTRUMENTATION_STATUS: top_seven_measurement=v1 id=48 strategy=0 round=1 wall_ns=1728709 cpu_ns=1729416 states=5158 verified=64 completion=4 alternatives=7
INSTRUMENTATION_STATUS_CODE: 0
INSTRUMENTATION_STATUS: top_seven_measurement=v1 id=49 strategy=0 round=1 wall_ns=398792 cpu_ns=399375 states=1514 verified=18 completion=0 alternatives=7
INSTRUMENTATION_STATUS_CODE: 0
INSTRUMENTATION_STATUS: top_seven_measurement=v1 id=49 strategy=1 round=1 wall_ns=748208 cpu_ns=748750 states=1514 verified=18 completion=0 alternatives=7
INSTRUMENTATION_STATUS_CODE: 0
INSTRUMENTATION_STATUS: top_seven_measurement=v1 id=50 strategy=1 round=1 wall_ns=1510833 cpu_ns=1511542 states=1892 verified=64 completion=4 alternatives=7
INSTRUMENTATION_STATUS_CODE: 0
INSTRUMENTATION_STATUS: top_seven_measurement=v1 id=50 strategy=0 round=1 wall_ns=1430959 cpu_ns=1335291 states=2296 verified=64 completion=4 alternatives=7
INSTRUMENTATION_STATUS_CODE: 0
INSTRUMENTATION_STATUS: top_seven_measurement=v1 id=51 strategy=0 round=1 wall_ns=1114709 cpu_ns=965500 states=3145 verified=33 completion=0 alternatives=7
INSTRUMENTATION_STATUS_CODE: 0
INSTRUMENTATION_STATUS: top_seven_measurement=v1 id=51 strategy=1 round=1 wall_ns=495625 cpu_ns=429542 states=740 verified=11 completion=0 alternatives=7
INSTRUMENTATION_STATUS_CODE: 0
INSTRUMENTATION_STATUS: top_seven_measurement=v1 id=52 strategy=1 round=1 wall_ns=5520417 cpu_ns=5521333 states=8192 verified=4 completion=3 alternatives=4
INSTRUMENTATION_STATUS_CODE: 0
INSTRUMENTATION_STATUS: top_seven_measurement=v1 id=52 strategy=0 round=1 wall_ns=1536667 cpu_ns=1537375 states=8192 verified=4 completion=3 alternatives=4
INSTRUMENTATION_STATUS_CODE: 0
INSTRUMENTATION_STATUS: top_seven_measurement=v1 id=53 strategy=0 round=1 wall_ns=609833 cpu_ns=610458 states=2924 verified=17 completion=0 alternatives=7
INSTRUMENTATION_STATUS_CODE: 0
INSTRUMENTATION_STATUS: top_seven_measurement=v1 id=53 strategy=1 round=1 wall_ns=697333 cpu_ns=698042 states=1667 verified=10 completion=0 alternatives=7
INSTRUMENTATION_STATUS_CODE: 0
INSTRUMENTATION_STATUS: top_seven_measurement=v1 id=54 strategy=1 round=1 wall_ns=5022125 cpu_ns=5022666 states=8192 verified=14 completion=3 alternatives=7
INSTRUMENTATION_STATUS_CODE: 0
INSTRUMENTATION_STATUS: top_seven_measurement=v1 id=54 strategy=0 round=1 wall_ns=1783916 cpu_ns=1784916 states=8192 verified=20 completion=3 alternatives=7
INSTRUMENTATION_STATUS_CODE: 0
INSTRUMENTATION_STATUS: top_seven_measurement=v1 id=55 strategy=0 round=1 wall_ns=1832084 cpu_ns=1832625 states=8192 verified=23 completion=3 alternatives=7
INSTRUMENTATION_STATUS_CODE: 0
INSTRUMENTATION_STATUS: top_seven_measurement=v1 id=55 strategy=1 round=1 wall_ns=4597250 cpu_ns=4597875 states=6979 verified=13 completion=0 alternatives=7
INSTRUMENTATION_STATUS_CODE: 0
INSTRUMENTATION_STATUS: top_seven_measurement=v1 id=56 strategy=1 round=1 wall_ns=560500 cpu_ns=561541 states=1277 verified=8 completion=0 alternatives=7
INSTRUMENTATION_STATUS_CODE: 0
INSTRUMENTATION_STATUS: top_seven_measurement=v1 id=56 strategy=0 round=1 wall_ns=473583 cpu_ns=474250 states=2318 verified=12 completion=0 alternatives=7
INSTRUMENTATION_STATUS_CODE: 0
INSTRUMENTATION_STATUS: top_seven_measurement=v1 id=57 strategy=0 round=1 wall_ns=1659542 cpu_ns=1660291 states=8192 verified=6 completion=3 alternatives=6
INSTRUMENTATION_STATUS_CODE: 0
INSTRUMENTATION_STATUS: top_seven_measurement=v1 id=57 strategy=1 round=1 wall_ns=5862792 cpu_ns=5399584 states=8192 verified=3 completion=3 alternatives=3
INSTRUMENTATION_STATUS_CODE: 0
INSTRUMENTATION_STATUS: top_seven_measurement=v1 id=58 strategy=1 round=1 wall_ns=1675917 cpu_ns=1676792 states=2200 verified=48 completion=0 alternatives=7
INSTRUMENTATION_STATUS_CODE: 0
INSTRUMENTATION_STATUS: top_seven_measurement=v1 id=58 strategy=0 round=1 wall_ns=957833 cpu_ns=958458 states=970 verified=64 completion=4 alternatives=7
INSTRUMENTATION_STATUS_CODE: 0
INSTRUMENTATION_STATUS: top_seven_measurement=v1 id=59 strategy=0 round=1 wall_ns=1672583 cpu_ns=1673584 states=8192 verified=14 completion=3 alternatives=7
INSTRUMENTATION_STATUS_CODE: 0
INSTRUMENTATION_STATUS: top_seven_measurement=v1 id=59 strategy=1 round=1 wall_ns=3268583 cpu_ns=3269292 states=5151 verified=15 completion=0 alternatives=7
INSTRUMENTATION_STATUS_CODE: 0
INSTRUMENTATION_STATUS: top_seven_measurement=v1 id=0 strategy=0 round=2 wall_ns=1668000 cpu_ns=1668708 states=8192 verified=17 completion=3 alternatives=7
INSTRUMENTATION_STATUS_CODE: 0
INSTRUMENTATION_STATUS: top_seven_measurement=v1 id=0 strategy=1 round=2 wall_ns=4830208 cpu_ns=4830917 states=8192 verified=13 completion=3 alternatives=7
INSTRUMENTATION_STATUS_CODE: 0
INSTRUMENTATION_STATUS: top_seven_measurement=v1 id=1 strategy=1 round=2 wall_ns=573209 cpu_ns=573750 states=1438 verified=13 completion=0 alternatives=7
INSTRUMENTATION_STATUS_CODE: 0
INSTRUMENTATION_STATUS: top_seven_measurement=v1 id=1 strategy=0 round=2 wall_ns=421625 cpu_ns=422334 states=2144 verified=14 completion=0 alternatives=7
INSTRUMENTATION_STATUS_CODE: 0
INSTRUMENTATION_STATUS: top_seven_measurement=v1 id=2 strategy=0 round=2 wall_ns=1611709 cpu_ns=1612458 states=8192 verified=10 completion=3 alternatives=7
INSTRUMENTATION_STATUS_CODE: 0
INSTRUMENTATION_STATUS: top_seven_measurement=v1 id=2 strategy=1 round=2 wall_ns=4685958 cpu_ns=4686708 states=8192 verified=5 completion=3 alternatives=5
INSTRUMENTATION_STATUS_CODE: 0
INSTRUMENTATION_STATUS: top_seven_measurement=v1 id=3 strategy=1 round=2 wall_ns=3820708 cpu_ns=3821250 states=6441 verified=57 completion=0 alternatives=7
INSTRUMENTATION_STATUS_CODE: 0
INSTRUMENTATION_STATUS: top_seven_measurement=v1 id=3 strategy=0 round=2 wall_ns=1737416 cpu_ns=1737959 states=8192 verified=33 completion=3 alternatives=7
INSTRUMENTATION_STATUS_CODE: 0
INSTRUMENTATION_STATUS: top_seven_measurement=v1 id=4 strategy=0 round=2 wall_ns=1521958 cpu_ns=1522750 states=8192 verified=7 completion=3 alternatives=7
INSTRUMENTATION_STATUS_CODE: 0
INSTRUMENTATION_STATUS: top_seven_measurement=v1 id=4 strategy=1 round=2 wall_ns=4648666 cpu_ns=4649500 states=8192 verified=7 completion=3 alternatives=7
INSTRUMENTATION_STATUS_CODE: 0
INSTRUMENTATION_STATUS: top_seven_measurement=v1 id=5 strategy=1 round=2 wall_ns=1502542 cpu_ns=1456917 states=2139 verified=59 completion=0 alternatives=7
INSTRUMENTATION_STATUS_CODE: 0
INSTRUMENTATION_STATUS: top_seven_measurement=v1 id=5 strategy=0 round=2 wall_ns=1860333 cpu_ns=1861000 states=8192 verified=49 completion=3 alternatives=7
INSTRUMENTATION_STATUS_CODE: 0
INSTRUMENTATION_STATUS: top_seven_measurement=v1 id=6 strategy=0 round=2 wall_ns=1835917 cpu_ns=1836583 states=8192 verified=37 completion=3 alternatives=7
INSTRUMENTATION_STATUS_CODE: 0
INSTRUMENTATION_STATUS: top_seven_measurement=v1 id=6 strategy=1 round=2 wall_ns=2914583 cpu_ns=2915333 states=5398 verified=16 completion=0 alternatives=7
INSTRUMENTATION_STATUS_CODE: 0
INSTRUMENTATION_STATUS: top_seven_measurement=v1 id=7 strategy=1 round=2 wall_ns=3970125 cpu_ns=3970750 states=5678 verified=45 completion=0 alternatives=7
INSTRUMENTATION_STATUS_CODE: 0
INSTRUMENTATION_STATUS: top_seven_measurement=v1 id=7 strategy=0 round=2 wall_ns=1502917 cpu_ns=1503625 states=4050 verified=64 completion=4 alternatives=7
INSTRUMENTATION_STATUS_CODE: 0
INSTRUMENTATION_STATUS: top_seven_measurement=v1 id=8 strategy=0 round=2 wall_ns=911250 cpu_ns=911875 states=1838 verified=64 completion=4 alternatives=7
INSTRUMENTATION_STATUS_CODE: 0
INSTRUMENTATION_STATUS: top_seven_measurement=v1 id=8 strategy=1 round=2 wall_ns=1325667 cpu_ns=1326375 states=1503 verified=64 completion=4 alternatives=7
INSTRUMENTATION_STATUS_CODE: 0
INSTRUMENTATION_STATUS: top_seven_measurement=v1 id=9 strategy=1 round=2 wall_ns=2561583 cpu_ns=2562542 states=4662 verified=13 completion=0 alternatives=7
INSTRUMENTATION_STATUS_CODE: 0
INSTRUMENTATION_STATUS: top_seven_measurement=v1 id=9 strategy=0 round=2 wall_ns=1508250 cpu_ns=1509042 states=8192 verified=13 completion=3 alternatives=7
INSTRUMENTATION_STATUS_CODE: 0
INSTRUMENTATION_STATUS: top_seven_measurement=v1 id=10 strategy=0 round=2 wall_ns=811750 cpu_ns=812417 states=3038 verified=57 completion=0 alternatives=7
INSTRUMENTATION_STATUS_CODE: 0
INSTRUMENTATION_STATUS: top_seven_measurement=v1 id=10 strategy=1 round=2 wall_ns=869583 cpu_ns=870334 states=1917 verified=42 completion=0 alternatives=7
INSTRUMENTATION_STATUS_CODE: 0
INSTRUMENTATION_STATUS: top_seven_measurement=v1 id=11 strategy=1 round=2 wall_ns=5202459 cpu_ns=5203250 states=8192 verified=49 completion=3 alternatives=7
INSTRUMENTATION_STATUS_CODE: 0
INSTRUMENTATION_STATUS: top_seven_measurement=v1 id=11 strategy=0 round=2 wall_ns=1793291 cpu_ns=1794084 states=8192 verified=34 completion=3 alternatives=7
INSTRUMENTATION_STATUS_CODE: 0
INSTRUMENTATION_STATUS: top_seven_measurement=v1 id=12 strategy=0 round=2 wall_ns=690250 cpu_ns=691000 states=3316 verified=21 completion=0 alternatives=7
INSTRUMENTATION_STATUS_CODE: 0
INSTRUMENTATION_STATUS: top_seven_measurement=v1 id=12 strategy=1 round=2 wall_ns=837166 cpu_ns=837959 states=1986 verified=15 completion=0 alternatives=7
INSTRUMENTATION_STATUS_CODE: 0
INSTRUMENTATION_STATUS: top_seven_measurement=v1 id=13 strategy=1 round=2 wall_ns=2033542 cpu_ns=2034292 states=2999 verified=64 completion=4 alternatives=7
INSTRUMENTATION_STATUS_CODE: 0
INSTRUMENTATION_STATUS: top_seven_measurement=v1 id=13 strategy=0 round=2 wall_ns=1763667 cpu_ns=1764166 states=8192 verified=42 completion=3 alternatives=7
INSTRUMENTATION_STATUS_CODE: 0
INSTRUMENTATION_STATUS: top_seven_measurement=v1 id=14 strategy=0 round=2 wall_ns=1401584 cpu_ns=1402167 states=8192 verified=0 completion=3 alternatives=0
INSTRUMENTATION_STATUS_CODE: 0
INSTRUMENTATION_STATUS: top_seven_measurement=v1 id=14 strategy=1 round=2 wall_ns=5156458 cpu_ns=5157000 states=8192 verified=1 completion=3 alternatives=1
INSTRUMENTATION_STATUS_CODE: 0
INSTRUMENTATION_STATUS: top_seven_measurement=v1 id=15 strategy=1 round=2 wall_ns=536417 cpu_ns=537292 states=1324 verified=9 completion=0 alternatives=7
INSTRUMENTATION_STATUS_CODE: 0
INSTRUMENTATION_STATUS: top_seven_measurement=v1 id=15 strategy=0 round=2 wall_ns=435292 cpu_ns=436000 states=2138 verified=16 completion=0 alternatives=7
INSTRUMENTATION_STATUS_CODE: 0
INSTRUMENTATION_STATUS: top_seven_measurement=v1 id=16 strategy=0 round=2 wall_ns=1526958 cpu_ns=1527625 states=8192 verified=15 completion=3 alternatives=7
INSTRUMENTATION_STATUS_CODE: 0
INSTRUMENTATION_STATUS: top_seven_measurement=v1 id=16 strategy=1 round=2 wall_ns=5206250 cpu_ns=5112583 states=8192 verified=14 completion=3 alternatives=7
INSTRUMENTATION_STATUS_CODE: 0
INSTRUMENTATION_STATUS: top_seven_measurement=v1 id=17 strategy=1 round=2 wall_ns=5025834 cpu_ns=4910834 states=8192 verified=2 completion=3 alternatives=2
INSTRUMENTATION_STATUS_CODE: 0
INSTRUMENTATION_STATUS: top_seven_measurement=v1 id=17 strategy=0 round=2 wall_ns=1421375 cpu_ns=1422209 states=8192 verified=1 completion=3 alternatives=1
INSTRUMENTATION_STATUS_CODE: 0
INSTRUMENTATION_STATUS: top_seven_measurement=v1 id=18 strategy=0 round=2 wall_ns=605708 cpu_ns=606500 states=3409 verified=5 completion=0 alternatives=5
INSTRUMENTATION_STATUS_CODE: 0
INSTRUMENTATION_STATUS: top_seven_measurement=v1 id=18 strategy=1 round=2 wall_ns=1260875 cpu_ns=1261625 states=3409 verified=5 completion=0 alternatives=5
INSTRUMENTATION_STATUS_CODE: 0
INSTRUMENTATION_STATUS: top_seven_measurement=v1 id=19 strategy=1 round=2 wall_ns=536417 cpu_ns=537084 states=1121 verified=50 completion=0 alternatives=7
INSTRUMENTATION_STATUS_CODE: 0
INSTRUMENTATION_STATUS: top_seven_measurement=v1 id=19 strategy=0 round=2 wall_ns=475000 cpu_ns=475625 states=1668 verified=52 completion=0 alternatives=7
INSTRUMENTATION_STATUS_CODE: 0
INSTRUMENTATION_STATUS: top_seven_measurement=v1 id=20 strategy=0 round=2 wall_ns=1909750 cpu_ns=1910416 states=8192 verified=12 completion=3 alternatives=7
INSTRUMENTATION_STATUS_CODE: 0
INSTRUMENTATION_STATUS: top_seven_measurement=v1 id=20 strategy=1 round=2 wall_ns=2329000 cpu_ns=2329708 states=2619 verified=64 completion=4 alternatives=7
INSTRUMENTATION_STATUS_CODE: 0
INSTRUMENTATION_STATUS: top_seven_measurement=v1 id=21 strategy=1 round=2 wall_ns=4232583 cpu_ns=4180916 states=5806 verified=21 completion=0 alternatives=7
INSTRUMENTATION_STATUS_CODE: 0
INSTRUMENTATION_STATUS: top_seven_measurement=v1 id=21 strategy=0 round=2 wall_ns=2373541 cpu_ns=2374375 states=8192 verified=44 completion=3 alternatives=7
INSTRUMENTATION_STATUS_CODE: 0
INSTRUMENTATION_STATUS: top_seven_measurement=v1 id=22 strategy=0 round=2 wall_ns=460375 cpu_ns=461042 states=1937 verified=11 completion=0 alternatives=7
INSTRUMENTATION_STATUS_CODE: 0
INSTRUMENTATION_STATUS: top_seven_measurement=v1 id=22 strategy=1 round=2 wall_ns=818166 cpu_ns=818583 states=1928 verified=10 completion=0 alternatives=7
INSTRUMENTATION_STATUS_CODE: 0
INSTRUMENTATION_STATUS: top_seven_measurement=v1 id=23 strategy=1 round=2 wall_ns=787333 cpu_ns=788000 states=1455 verified=24 completion=0 alternatives=7
INSTRUMENTATION_STATUS_CODE: 0
INSTRUMENTATION_STATUS: top_seven_measurement=v1 id=23 strategy=0 round=2 wall_ns=463250 cpu_ns=463917 states=1462 verified=25 completion=0 alternatives=7
INSTRUMENTATION_STATUS_CODE: 0
INSTRUMENTATION_STATUS: top_seven_measurement=v1 id=24 strategy=0 round=2 wall_ns=359916 cpu_ns=360625 states=1273 verified=29 completion=0 alternatives=7
INSTRUMENTATION_STATUS_CODE: 0
INSTRUMENTATION_STATUS: top_seven_measurement=v1 id=24 strategy=1 round=2 wall_ns=477500 cpu_ns=478042 states=1273 verified=29 completion=0 alternatives=7
INSTRUMENTATION_STATUS_CODE: 0
INSTRUMENTATION_STATUS: top_seven_measurement=v1 id=25 strategy=1 round=2 wall_ns=3749583 cpu_ns=3750416 states=6796 verified=11 completion=0 alternatives=7
INSTRUMENTATION_STATUS_CODE: 0
INSTRUMENTATION_STATUS: top_seven_measurement=v1 id=25 strategy=0 round=2 wall_ns=1692166 cpu_ns=1692792 states=8192 verified=18 completion=3 alternatives=7
INSTRUMENTATION_STATUS_CODE: 0
INSTRUMENTATION_STATUS: top_seven_measurement=v1 id=26 strategy=0 round=2 wall_ns=1680416 cpu_ns=1681291 states=8192 verified=22 completion=3 alternatives=7
INSTRUMENTATION_STATUS_CODE: 0
INSTRUMENTATION_STATUS: top_seven_measurement=v1 id=26 strategy=1 round=2 wall_ns=3074833 cpu_ns=3075542 states=4889 verified=39 completion=0 alternatives=7
INSTRUMENTATION_STATUS_CODE: 0
INSTRUMENTATION_STATUS: top_seven_measurement=v1 id=27 strategy=1 round=2 wall_ns=672167 cpu_ns=672833 states=1508 verified=8 completion=0 alternatives=7
INSTRUMENTATION_STATUS_CODE: 0
INSTRUMENTATION_STATUS: top_seven_measurement=v1 id=27 strategy=0 round=2 wall_ns=330500 cpu_ns=331042 states=1508 verified=8 completion=0 alternatives=7
INSTRUMENTATION_STATUS_CODE: 0
INSTRUMENTATION_STATUS: top_seven_measurement=v1 id=28 strategy=0 round=2 wall_ns=1238500 cpu_ns=1239208 states=2798 verified=64 completion=4 alternatives=7
INSTRUMENTATION_STATUS_CODE: 0
INSTRUMENTATION_STATUS: top_seven_measurement=v1 id=28 strategy=1 round=2 wall_ns=2924417 cpu_ns=2925167 states=4469 verified=63 completion=0 alternatives=7
INSTRUMENTATION_STATUS_CODE: 0
INSTRUMENTATION_STATUS: top_seven_measurement=v1 id=29 strategy=1 round=2 wall_ns=4377125 cpu_ns=4378041 states=7060 verified=55 completion=0 alternatives=7
INSTRUMENTATION_STATUS_CODE: 0
INSTRUMENTATION_STATUS: top_seven_measurement=v1 id=29 strategy=0 round=2 wall_ns=2029750 cpu_ns=2030417 states=6682 verified=64 completion=4 alternatives=7
INSTRUMENTATION_STATUS_CODE: 0
INSTRUMENTATION_STATUS: top_seven_measurement=v1 id=30 strategy=0 round=2 wall_ns=2072416 cpu_ns=2073042 states=7644 verified=64 completion=4 alternatives=7
INSTRUMENTATION_STATUS_CODE: 0
INSTRUMENTATION_STATUS: top_seven_measurement=v1 id=30 strategy=1 round=2 wall_ns=1800708 cpu_ns=1801416 states=2206 verified=64 completion=4 alternatives=7
INSTRUMENTATION_STATUS_CODE: 0
INSTRUMENTATION_STATUS: top_seven_measurement=v1 id=31 strategy=1 round=2 wall_ns=4186375 cpu_ns=4187291 states=6727 verified=12 completion=0 alternatives=7
INSTRUMENTATION_STATUS_CODE: 0
INSTRUMENTATION_STATUS: top_seven_measurement=v1 id=31 strategy=0 round=2 wall_ns=1927000 cpu_ns=1927666 states=8192 verified=27 completion=3 alternatives=7
INSTRUMENTATION_STATUS_CODE: 0
INSTRUMENTATION_STATUS: top_seven_measurement=v1 id=32 strategy=0 round=2 wall_ns=2151833 cpu_ns=2152500 states=8192 verified=47 completion=3 alternatives=7
INSTRUMENTATION_STATUS_CODE: 0
INSTRUMENTATION_STATUS: top_seven_measurement=v1 id=32 strategy=1 round=2 wall_ns=3348250 cpu_ns=3348875 states=5006 verified=47 completion=0 alternatives=7
INSTRUMENTATION_STATUS_CODE: 0
INSTRUMENTATION_STATUS: top_seven_measurement=v1 id=33 strategy=1 round=2 wall_ns=1872792 cpu_ns=1873458 states=3501 verified=18 completion=0 alternatives=7
INSTRUMENTATION_STATUS_CODE: 0
INSTRUMENTATION_STATUS: top_seven_measurement=v1 id=33 strategy=0 round=2 wall_ns=1842250 cpu_ns=1843000 states=8192 verified=41 completion=3 alternatives=7
INSTRUMENTATION_STATUS_CODE: 0
INSTRUMENTATION_STATUS: top_seven_measurement=v1 id=34 strategy=0 round=2 wall_ns=1506125 cpu_ns=1506875 states=8192 verified=5 completion=3 alternatives=5
INSTRUMENTATION_STATUS_CODE: 0
INSTRUMENTATION_STATUS: top_seven_measurement=v1 id=34 strategy=1 round=2 wall_ns=5353000 cpu_ns=5354125 states=8192 verified=26 completion=3 alternatives=7
INSTRUMENTATION_STATUS_CODE: 0
INSTRUMENTATION_STATUS: top_seven_measurement=v1 id=35 strategy=1 round=2 wall_ns=4466709 cpu_ns=4467458 states=8192 verified=25 completion=3 alternatives=7
INSTRUMENTATION_STATUS_CODE: 0
INSTRUMENTATION_STATUS: top_seven_measurement=v1 id=35 strategy=0 round=2 wall_ns=1900500 cpu_ns=1845250 states=8192 verified=26 completion=3 alternatives=7
INSTRUMENTATION_STATUS_CODE: 0
INSTRUMENTATION_STATUS: top_seven_measurement=v1 id=36 strategy=0 round=2 wall_ns=1620584 cpu_ns=1621250 states=8192 verified=13 completion=3 alternatives=7
INSTRUMENTATION_STATUS_CODE: 0
INSTRUMENTATION_STATUS: top_seven_measurement=v1 id=36 strategy=1 round=2 wall_ns=1697750 cpu_ns=1698667 states=2213 verified=48 completion=0 alternatives=7
INSTRUMENTATION_STATUS_CODE: 0
INSTRUMENTATION_STATUS: top_seven_measurement=v1 id=37 strategy=1 round=2 wall_ns=5184417 cpu_ns=5185167 states=8192 verified=5 completion=3 alternatives=5
INSTRUMENTATION_STATUS_CODE: 0
INSTRUMENTATION_STATUS: top_seven_measurement=v1 id=37 strategy=0 round=2 wall_ns=1579625 cpu_ns=1580292 states=8192 verified=5 completion=3 alternatives=5
INSTRUMENTATION_STATUS_CODE: 0
INSTRUMENTATION_STATUS: top_seven_measurement=v1 id=38 strategy=0 round=2 wall_ns=1515167 cpu_ns=1516042 states=8192 verified=5 completion=3 alternatives=5
INSTRUMENTATION_STATUS_CODE: 0
INSTRUMENTATION_STATUS: top_seven_measurement=v1 id=38 strategy=1 round=2 wall_ns=5623834 cpu_ns=5624500 states=8192 verified=29 completion=3 alternatives=7
INSTRUMENTATION_STATUS_CODE: 0
INSTRUMENTATION_STATUS: top_seven_measurement=v1 id=39 strategy=1 round=2 wall_ns=1518084 cpu_ns=1518792 states=1873 verified=64 completion=4 alternatives=7
INSTRUMENTATION_STATUS_CODE: 0
INSTRUMENTATION_STATUS: top_seven_measurement=v1 id=39 strategy=0 round=2 wall_ns=1522375 cpu_ns=1523041 states=4858 verified=64 completion=4 alternatives=7
INSTRUMENTATION_STATUS_CODE: 0
INSTRUMENTATION_STATUS: top_seven_measurement=v1 id=40 strategy=0 round=2 wall_ns=647084 cpu_ns=647708 states=1943 verified=60 completion=0 alternatives=7
INSTRUMENTATION_STATUS_CODE: 0
INSTRUMENTATION_STATUS: top_seven_measurement=v1 id=40 strategy=1 round=2 wall_ns=449250 cpu_ns=450000 states=1119 verified=42 completion=0 alternatives=7
INSTRUMENTATION_STATUS_CODE: 0
INSTRUMENTATION_STATUS: top_seven_measurement=v1 id=41 strategy=1 round=2 wall_ns=1261958 cpu_ns=1262625 states=3007 verified=13 completion=0 alternatives=7
INSTRUMENTATION_STATUS_CODE: 0
INSTRUMENTATION_STATUS: top_seven_measurement=v1 id=41 strategy=0 round=2 wall_ns=560958 cpu_ns=561584 states=3014 verified=13 completion=0 alternatives=7
INSTRUMENTATION_STATUS_CODE: 0
INSTRUMENTATION_STATUS: top_seven_measurement=v1 id=42 strategy=0 round=2 wall_ns=654500 cpu_ns=655167 states=2621 verified=56 completion=0 alternatives=7
INSTRUMENTATION_STATUS_CODE: 0
INSTRUMENTATION_STATUS: top_seven_measurement=v1 id=42 strategy=1 round=2 wall_ns=485750 cpu_ns=486417 states=1399 verified=41 completion=0 alternatives=7
INSTRUMENTATION_STATUS_CODE: 0
INSTRUMENTATION_STATUS: top_seven_measurement=v1 id=43 strategy=1 round=2 wall_ns=2959500 cpu_ns=2960250 states=4904 verified=13 completion=0 alternatives=7
INSTRUMENTATION_STATUS_CODE: 0
INSTRUMENTATION_STATUS: top_seven_measurement=v1 id=43 strategy=0 round=2 wall_ns=2329042 cpu_ns=2329708 states=8192 verified=50 completion=3 alternatives=7
INSTRUMENTATION_STATUS_CODE: 0
INSTRUMENTATION_STATUS: top_seven_measurement=v1 id=44 strategy=0 round=2 wall_ns=468334 cpu_ns=469084 states=2455 verified=10 completion=0 alternatives=4
INSTRUMENTATION_STATUS_CODE: 0
INSTRUMENTATION_STATUS: top_seven_measurement=v1 id=44 strategy=1 round=2 wall_ns=1004709 cpu_ns=1005333 states=2455 verified=10 completion=0 alternatives=4
INSTRUMENTATION_STATUS_CODE: 0
INSTRUMENTATION_STATUS: top_seven_measurement=v1 id=45 strategy=1 round=2 wall_ns=21292 cpu_ns=21958 states=28 verified=0 completion=2 alternatives=0
INSTRUMENTATION_STATUS_CODE: 0
INSTRUMENTATION_STATUS: top_seven_measurement=v1 id=45 strategy=0 round=2 wall_ns=17917 cpu_ns=18583 states=28 verified=0 completion=2 alternatives=0
INSTRUMENTATION_STATUS_CODE: 0
INSTRUMENTATION_STATUS: top_seven_measurement=v1 id=46 strategy=0 round=2 wall_ns=1198167 cpu_ns=1199000 states=2906 verified=64 completion=4 alternatives=7
INSTRUMENTATION_STATUS_CODE: 0
INSTRUMENTATION_STATUS: top_seven_measurement=v1 id=46 strategy=1 round=2 wall_ns=1390959 cpu_ns=1391750 states=2202 verified=27 completion=0 alternatives=7
INSTRUMENTATION_STATUS_CODE: 0
INSTRUMENTATION_STATUS: top_seven_measurement=v1 id=47 strategy=1 round=2 wall_ns=6496083 cpu_ns=6206373 states=8192 verified=16 completion=3 alternatives=7
INSTRUMENTATION_STATUS_CODE: 0
INSTRUMENTATION_STATUS: top_seven_measurement=v1 id=47 strategy=0 round=2 wall_ns=1778958 cpu_ns=1779667 states=8192 verified=16 completion=3 alternatives=7
INSTRUMENTATION_STATUS_CODE: 0
INSTRUMENTATION_STATUS: top_seven_measurement=v1 id=48 strategy=0 round=2 wall_ns=1748167 cpu_ns=1748833 states=5158 verified=64 completion=4 alternatives=7
INSTRUMENTATION_STATUS_CODE: 0
INSTRUMENTATION_STATUS: top_seven_measurement=v1 id=48 strategy=1 round=2 wall_ns=1187542 cpu_ns=1188167 states=1680 verified=21 completion=0 alternatives=7
INSTRUMENTATION_STATUS_CODE: 0
INSTRUMENTATION_STATUS: top_seven_measurement=v1 id=49 strategy=1 round=2 wall_ns=719625 cpu_ns=720250 states=1514 verified=18 completion=0 alternatives=7
INSTRUMENTATION_STATUS_CODE: 0
INSTRUMENTATION_STATUS: top_seven_measurement=v1 id=49 strategy=0 round=2 wall_ns=388125 cpu_ns=388916 states=1514 verified=18 completion=0 alternatives=7
INSTRUMENTATION_STATUS_CODE: 0
INSTRUMENTATION_STATUS: top_seven_measurement=v1 id=50 strategy=0 round=2 wall_ns=1012375 cpu_ns=1013167 states=2296 verified=64 completion=4 alternatives=7
INSTRUMENTATION_STATUS_CODE: 0
INSTRUMENTATION_STATUS: top_seven_measurement=v1 id=50 strategy=1 round=2 wall_ns=1553667 cpu_ns=1554208 states=1892 verified=64 completion=4 alternatives=7
INSTRUMENTATION_STATUS_CODE: 0
INSTRUMENTATION_STATUS: top_seven_measurement=v1 id=51 strategy=1 round=2 wall_ns=377250 cpu_ns=377875 states=740 verified=11 completion=0 alternatives=7
INSTRUMENTATION_STATUS_CODE: 0
INSTRUMENTATION_STATUS: top_seven_measurement=v1 id=51 strategy=0 round=2 wall_ns=758667 cpu_ns=759417 states=3145 verified=33 completion=0 alternatives=7
INSTRUMENTATION_STATUS_CODE: 0
INSTRUMENTATION_STATUS: top_seven_measurement=v1 id=52 strategy=0 round=2 wall_ns=1529083 cpu_ns=1529958 states=8192 verified=4 completion=3 alternatives=4
INSTRUMENTATION_STATUS_CODE: 0
INSTRUMENTATION_STATUS: top_seven_measurement=v1 id=52 strategy=1 round=2 wall_ns=5424584 cpu_ns=5425333 states=8192 verified=4 completion=3 alternatives=4
INSTRUMENTATION_STATUS_CODE: 0
INSTRUMENTATION_STATUS: top_seven_measurement=v1 id=53 strategy=1 round=2 wall_ns=714958 cpu_ns=715625 states=1667 verified=10 completion=0 alternatives=7
INSTRUMENTATION_STATUS_CODE: 0
INSTRUMENTATION_STATUS: top_seven_measurement=v1 id=53 strategy=0 round=2 wall_ns=589667 cpu_ns=590334 states=2924 verified=17 completion=0 alternatives=7
INSTRUMENTATION_STATUS_CODE: 0
INSTRUMENTATION_STATUS: top_seven_measurement=v1 id=54 strategy=0 round=2 wall_ns=1813709 cpu_ns=1764042 states=8192 verified=20 completion=3 alternatives=7
INSTRUMENTATION_STATUS_CODE: 0
INSTRUMENTATION_STATUS: top_seven_measurement=v1 id=54 strategy=1 round=2 wall_ns=4825875 cpu_ns=4826625 states=8192 verified=14 completion=3 alternatives=7
INSTRUMENTATION_STATUS_CODE: 0
INSTRUMENTATION_STATUS: top_seven_measurement=v1 id=55 strategy=1 round=2 wall_ns=4554666 cpu_ns=4555375 states=6979 verified=13 completion=0 alternatives=7
INSTRUMENTATION_STATUS_CODE: 0
INSTRUMENTATION_STATUS: top_seven_measurement=v1 id=55 strategy=0 round=2 wall_ns=1786709 cpu_ns=1787375 states=8192 verified=23 completion=3 alternatives=7
INSTRUMENTATION_STATUS_CODE: 0
INSTRUMENTATION_STATUS: top_seven_measurement=v1 id=56 strategy=0 round=2 wall_ns=459875 cpu_ns=460541 states=2318 verified=12 completion=0 alternatives=7
INSTRUMENTATION_STATUS_CODE: 0
INSTRUMENTATION_STATUS: top_seven_measurement=v1 id=56 strategy=1 round=2 wall_ns=576084 cpu_ns=576750 states=1277 verified=8 completion=0 alternatives=7
INSTRUMENTATION_STATUS_CODE: 0
INSTRUMENTATION_STATUS: top_seven_measurement=v1 id=57 strategy=1 round=2 wall_ns=5097000 cpu_ns=5097875 states=8192 verified=3 completion=3 alternatives=3
INSTRUMENTATION_STATUS_CODE: 0
INSTRUMENTATION_STATUS: top_seven_measurement=v1 id=57 strategy=0 round=2 wall_ns=1590125 cpu_ns=1590917 states=8192 verified=6 completion=3 alternatives=6
INSTRUMENTATION_STATUS_CODE: 0
INSTRUMENTATION_STATUS: top_seven_measurement=v1 id=58 strategy=0 round=2 wall_ns=992750 cpu_ns=993459 states=970 verified=64 completion=4 alternatives=7
INSTRUMENTATION_STATUS_CODE: 0
INSTRUMENTATION_STATUS: top_seven_measurement=v1 id=58 strategy=1 round=2 wall_ns=1730583 cpu_ns=1731250 states=2200 verified=48 completion=0 alternatives=7
INSTRUMENTATION_STATUS_CODE: 0
INSTRUMENTATION_STATUS: top_seven_measurement=v1 id=59 strategy=1 round=2 wall_ns=3226291 cpu_ns=3227042 states=5151 verified=15 completion=0 alternatives=7
INSTRUMENTATION_STATUS_CODE: 0
INSTRUMENTATION_STATUS: top_seven_measurement=v1 id=59 strategy=0 round=2 wall_ns=1611083 cpu_ns=1611833 states=8192 verified=14 completion=3 alternatives=7
INSTRUMENTATION_STATUS_CODE: 0
INSTRUMENTATION_STATUS: top_seven_measurement=v1 id=0 strategy=1 round=3 wall_ns=4876583 cpu_ns=4877333 states=8192 verified=13 completion=3 alternatives=7
INSTRUMENTATION_STATUS_CODE: 0
INSTRUMENTATION_STATUS: top_seven_measurement=v1 id=0 strategy=0 round=3 wall_ns=1699125 cpu_ns=1699792 states=8192 verified=17 completion=3 alternatives=7
INSTRUMENTATION_STATUS_CODE: 0
INSTRUMENTATION_STATUS: top_seven_measurement=v1 id=1 strategy=0 round=3 wall_ns=431417 cpu_ns=432084 states=2144 verified=14 completion=0 alternatives=7
INSTRUMENTATION_STATUS_CODE: 0
INSTRUMENTATION_STATUS: top_seven_measurement=v1 id=1 strategy=1 round=3 wall_ns=578000 cpu_ns=578666 states=1438 verified=13 completion=0 alternatives=7
INSTRUMENTATION_STATUS_CODE: 0
INSTRUMENTATION_STATUS: top_seven_measurement=v1 id=2 strategy=1 round=3 wall_ns=4649251 cpu_ns=4650000 states=8192 verified=5 completion=3 alternatives=5
INSTRUMENTATION_STATUS_CODE: 0
INSTRUMENTATION_STATUS: top_seven_measurement=v1 id=2 strategy=0 round=3 wall_ns=1541541 cpu_ns=1542250 states=8192 verified=10 completion=3 alternatives=7
INSTRUMENTATION_STATUS_CODE: 0
INSTRUMENTATION_STATUS: top_seven_measurement=v1 id=3 strategy=0 round=3 wall_ns=1680875 cpu_ns=1681541 states=8192 verified=33 completion=3 alternatives=7
INSTRUMENTATION_STATUS_CODE: 0
INSTRUMENTATION_STATUS: top_seven_measurement=v1 id=3 strategy=1 round=3 wall_ns=3826709 cpu_ns=3827250 states=6441 verified=57 completion=0 alternatives=7
INSTRUMENTATION_STATUS_CODE: 0
INSTRUMENTATION_STATUS: top_seven_measurement=v1 id=4 strategy=1 round=3 wall_ns=4775792 cpu_ns=4776500 states=8192 verified=7 completion=3 alternatives=7
INSTRUMENTATION_STATUS_CODE: 0
INSTRUMENTATION_STATUS: top_seven_measurement=v1 id=4 strategy=0 round=3 wall_ns=1493375 cpu_ns=1494083 states=8192 verified=7 completion=3 alternatives=7
INSTRUMENTATION_STATUS_CODE: 0
INSTRUMENTATION_STATUS: top_seven_measurement=v1 id=5 strategy=0 round=3 wall_ns=1840833 cpu_ns=1841334 states=8192 verified=49 completion=3 alternatives=7
INSTRUMENTATION_STATUS_CODE: 0
INSTRUMENTATION_STATUS: top_seven_measurement=v1 id=5 strategy=1 round=3 wall_ns=1554041 cpu_ns=1554750 states=2139 verified=59 completion=0 alternatives=7
INSTRUMENTATION_STATUS_CODE: 0
INSTRUMENTATION_STATUS: top_seven_measurement=v1 id=6 strategy=1 round=3 wall_ns=2861833 cpu_ns=2862500 states=5398 verified=16 completion=0 alternatives=7
INSTRUMENTATION_STATUS_CODE: 0
INSTRUMENTATION_STATUS: top_seven_measurement=v1 id=6 strategy=0 round=3 wall_ns=1779125 cpu_ns=1779917 states=8192 verified=37 completion=3 alternatives=7
INSTRUMENTATION_STATUS_CODE: 0
INSTRUMENTATION_STATUS: top_seven_measurement=v1 id=7 strategy=0 round=3 wall_ns=1576584 cpu_ns=1497708 states=4050 verified=64 completion=4 alternatives=7
INSTRUMENTATION_STATUS_CODE: 0
INSTRUMENTATION_STATUS: top_seven_measurement=v1 id=7 strategy=1 round=3 wall_ns=3872417 cpu_ns=3873083 states=5678 verified=45 completion=0 alternatives=7
INSTRUMENTATION_STATUS_CODE: 0
INSTRUMENTATION_STATUS: top_seven_measurement=v1 id=8 strategy=1 round=3 wall_ns=1305917 cpu_ns=1306708 states=1503 verified=64 completion=4 alternatives=7
INSTRUMENTATION_STATUS_CODE: 0
INSTRUMENTATION_STATUS: top_seven_measurement=v1 id=8 strategy=0 round=3 wall_ns=956083 cpu_ns=956708 states=1838 verified=64 completion=4 alternatives=7
INSTRUMENTATION_STATUS_CODE: 0
INSTRUMENTATION_STATUS: top_seven_measurement=v1 id=9 strategy=0 round=3 wall_ns=1570250 cpu_ns=1570875 states=8192 verified=13 completion=3 alternatives=7
INSTRUMENTATION_STATUS_CODE: 0
INSTRUMENTATION_STATUS: top_seven_measurement=v1 id=9 strategy=1 round=3 wall_ns=2528750 cpu_ns=2529459 states=4662 verified=13 completion=0 alternatives=7
INSTRUMENTATION_STATUS_CODE: 0
INSTRUMENTATION_STATUS: top_seven_measurement=v1 id=10 strategy=1 round=3 wall_ns=863084 cpu_ns=863958 states=1917 verified=42 completion=0 alternatives=7
INSTRUMENTATION_STATUS_CODE: 0
INSTRUMENTATION_STATUS: top_seven_measurement=v1 id=10 strategy=0 round=3 wall_ns=815709 cpu_ns=816333 states=3038 verified=57 completion=0 alternatives=7
INSTRUMENTATION_STATUS_CODE: 0
INSTRUMENTATION_STATUS: top_seven_measurement=v1 id=11 strategy=0 round=3 wall_ns=1763667 cpu_ns=1764375 states=8192 verified=34 completion=3 alternatives=7
INSTRUMENTATION_STATUS_CODE: 0
INSTRUMENTATION_STATUS: top_seven_measurement=v1 id=11 strategy=1 round=3 wall_ns=5198250 cpu_ns=5198959 states=8192 verified=49 completion=3 alternatives=7
INSTRUMENTATION_STATUS_CODE: 0
INSTRUMENTATION_STATUS: top_seven_measurement=v1 id=12 strategy=1 round=3 wall_ns=848750 cpu_ns=849458 states=1986 verified=15 completion=0 alternatives=7
INSTRUMENTATION_STATUS_CODE: 0
INSTRUMENTATION_STATUS: top_seven_measurement=v1 id=12 strategy=0 round=3 wall_ns=698542 cpu_ns=699250 states=3316 verified=21 completion=0 alternatives=7
INSTRUMENTATION_STATUS_CODE: 0
INSTRUMENTATION_STATUS: top_seven_measurement=v1 id=13 strategy=0 round=3 wall_ns=1715542 cpu_ns=1716250 states=8192 verified=42 completion=3 alternatives=7
INSTRUMENTATION_STATUS_CODE: 0
INSTRUMENTATION_STATUS: top_seven_measurement=v1 id=13 strategy=1 round=3 wall_ns=2041416 cpu_ns=2042125 states=2999 verified=64 completion=4 alternatives=7
INSTRUMENTATION_STATUS_CODE: 0
INSTRUMENTATION_STATUS: top_seven_measurement=v1 id=14 strategy=1 round=3 wall_ns=5062208 cpu_ns=5063167 states=8192 verified=1 completion=3 alternatives=1
INSTRUMENTATION_STATUS_CODE: 0
INSTRUMENTATION_STATUS: top_seven_measurement=v1 id=14 strategy=0 round=3 wall_ns=1358708 cpu_ns=1359375 states=8192 verified=0 completion=3 alternatives=0
INSTRUMENTATION_STATUS_CODE: 0
INSTRUMENTATION_STATUS: top_seven_measurement=v1 id=15 strategy=0 round=3 wall_ns=623000 cpu_ns=524416 states=2138 verified=16 completion=0 alternatives=7
INSTRUMENTATION_STATUS_CODE: 0
INSTRUMENTATION_STATUS: top_seven_measurement=v1 id=15 strategy=1 round=3 wall_ns=780000 cpu_ns=746958 states=1324 verified=9 completion=0 alternatives=7
INSTRUMENTATION_STATUS_CODE: 0
INSTRUMENTATION_STATUS: top_seven_measurement=v1 id=16 strategy=1 round=3 wall_ns=5127375 cpu_ns=5014125 states=8192 verified=14 completion=3 alternatives=7
INSTRUMENTATION_STATUS_CODE: 0
INSTRUMENTATION_STATUS: top_seven_measurement=v1 id=16 strategy=0 round=3 wall_ns=1533750 cpu_ns=1534417 states=8192 verified=15 completion=3 alternatives=7
INSTRUMENTATION_STATUS_CODE: 0
INSTRUMENTATION_STATUS: top_seven_measurement=v1 id=17 strategy=0 round=3 wall_ns=1412625 cpu_ns=1413333 states=8192 verified=1 completion=3 alternatives=1
INSTRUMENTATION_STATUS_CODE: 0
INSTRUMENTATION_STATUS: top_seven_measurement=v1 id=17 strategy=1 round=3 wall_ns=4573250 cpu_ns=4574042 states=8192 verified=2 completion=3 alternatives=2
INSTRUMENTATION_STATUS_CODE: 0
INSTRUMENTATION_STATUS: top_seven_measurement=v1 id=18 strategy=1 round=3 wall_ns=1260125 cpu_ns=1260833 states=3409 verified=5 completion=0 alternatives=5
INSTRUMENTATION_STATUS_CODE: 0
INSTRUMENTATION_STATUS: top_seven_measurement=v1 id=18 strategy=0 round=3 wall_ns=550584 cpu_ns=551250 states=3409 verified=5 completion=0 alternatives=5
INSTRUMENTATION_STATUS_CODE: 0
INSTRUMENTATION_STATUS: top_seven_measurement=v1 id=19 strategy=0 round=3 wall_ns=461416 cpu_ns=462042 states=1668 verified=52 completion=0 alternatives=7
INSTRUMENTATION_STATUS_CODE: 0
INSTRUMENTATION_STATUS: top_seven_measurement=v1 id=19 strategy=1 round=3 wall_ns=539416 cpu_ns=539916 states=1121 verified=50 completion=0 alternatives=7
INSTRUMENTATION_STATUS_CODE: 0
INSTRUMENTATION_STATUS: top_seven_measurement=v1 id=20 strategy=1 round=3 wall_ns=2387000 cpu_ns=2387709 states=2619 verified=64 completion=4 alternatives=7
INSTRUMENTATION_STATUS_CODE: 0
INSTRUMENTATION_STATUS: top_seven_measurement=v1 id=20 strategy=0 round=3 wall_ns=1824500 cpu_ns=1825208 states=8192 verified=12 completion=3 alternatives=7
INSTRUMENTATION_STATUS_CODE: 0
INSTRUMENTATION_STATUS: top_seven_measurement=v1 id=21 strategy=0 round=3 wall_ns=2454666 cpu_ns=2455333 states=8192 verified=44 completion=3 alternatives=7
INSTRUMENTATION_STATUS_CODE: 0
INSTRUMENTATION_STATUS: top_seven_measurement=v1 id=21 strategy=1 round=3 wall_ns=4014791 cpu_ns=4015500 states=5806 verified=21 completion=0 alternatives=7
INSTRUMENTATION_STATUS_CODE: 0
INSTRUMENTATION_STATUS: top_seven_measurement=v1 id=22 strategy=1 round=3 wall_ns=844875 cpu_ns=845458 states=1928 verified=10 completion=0 alternatives=7
INSTRUMENTATION_STATUS_CODE: 0
INSTRUMENTATION_STATUS: top_seven_measurement=v1 id=22 strategy=0 round=3 wall_ns=406666 cpu_ns=407292 states=1937 verified=11 completion=0 alternatives=7
INSTRUMENTATION_STATUS_CODE: 0
INSTRUMENTATION_STATUS: top_seven_measurement=v1 id=23 strategy=0 round=3 wall_ns=472542 cpu_ns=473167 states=1462 verified=25 completion=0 alternatives=7
INSTRUMENTATION_STATUS_CODE: 0
INSTRUMENTATION_STATUS: top_seven_measurement=v1 id=23 strategy=1 round=3 wall_ns=852750 cpu_ns=793958 states=1455 verified=24 completion=0 alternatives=7
INSTRUMENTATION_STATUS_CODE: 0
INSTRUMENTATION_STATUS: top_seven_measurement=v1 id=24 strategy=1 round=3 wall_ns=495083 cpu_ns=495625 states=1273 verified=29 completion=0 alternatives=7
INSTRUMENTATION_STATUS_CODE: 0
INSTRUMENTATION_STATUS: top_seven_measurement=v1 id=24 strategy=0 round=3 wall_ns=327125 cpu_ns=327750 states=1273 verified=29 completion=0 alternatives=7
INSTRUMENTATION_STATUS_CODE: 0
INSTRUMENTATION_STATUS: top_seven_measurement=v1 id=25 strategy=0 round=3 wall_ns=1735708 cpu_ns=1736459 states=8192 verified=18 completion=3 alternatives=7
INSTRUMENTATION_STATUS_CODE: 0
INSTRUMENTATION_STATUS: top_seven_measurement=v1 id=25 strategy=1 round=3 wall_ns=3729458 cpu_ns=3730249 states=6796 verified=11 completion=0 alternatives=7
INSTRUMENTATION_STATUS_CODE: 0
INSTRUMENTATION_STATUS: top_seven_measurement=v1 id=26 strategy=1 round=3 wall_ns=3080834 cpu_ns=3081500 states=4889 verified=39 completion=0 alternatives=7
INSTRUMENTATION_STATUS_CODE: 0
INSTRUMENTATION_STATUS: top_seven_measurement=v1 id=26 strategy=0 round=3 wall_ns=1711958 cpu_ns=1712875 states=8192 verified=22 completion=3 alternatives=7
INSTRUMENTATION_STATUS_CODE: 0
INSTRUMENTATION_STATUS: top_seven_measurement=v1 id=27 strategy=0 round=3 wall_ns=337583 cpu_ns=338250 states=1508 verified=8 completion=0 alternatives=7
INSTRUMENTATION_STATUS_CODE: 0
INSTRUMENTATION_STATUS: top_seven_measurement=v1 id=27 strategy=1 round=3 wall_ns=652083 cpu_ns=652833 states=1508 verified=8 completion=0 alternatives=7
INSTRUMENTATION_STATUS_CODE: 0
INSTRUMENTATION_STATUS: top_seven_measurement=v1 id=28 strategy=1 round=3 wall_ns=2973333 cpu_ns=2974000 states=4469 verified=63 completion=0 alternatives=7
INSTRUMENTATION_STATUS_CODE: 0
INSTRUMENTATION_STATUS: top_seven_measurement=v1 id=28 strategy=0 round=3 wall_ns=1199416 cpu_ns=1200042 states=2798 verified=64 completion=4 alternatives=7
INSTRUMENTATION_STATUS_CODE: 0
INSTRUMENTATION_STATUS: top_seven_measurement=v1 id=29 strategy=0 round=3 wall_ns=2035792 cpu_ns=2036542 states=6682 verified=64 completion=4 alternatives=7
INSTRUMENTATION_STATUS_CODE: 0
INSTRUMENTATION_STATUS: top_seven_measurement=v1 id=29 strategy=1 round=3 wall_ns=4405666 cpu_ns=4406333 states=7060 verified=55 completion=0 alternatives=7
INSTRUMENTATION_STATUS_CODE: 0
INSTRUMENTATION_STATUS: top_seven_measurement=v1 id=30 strategy=1 round=3 wall_ns=1747125 cpu_ns=1747875 states=2206 verified=64 completion=4 alternatives=7
INSTRUMENTATION_STATUS_CODE: 0
INSTRUMENTATION_STATUS: top_seven_measurement=v1 id=30 strategy=0 round=3 wall_ns=2054667 cpu_ns=2055500 states=7644 verified=64 completion=4 alternatives=7
INSTRUMENTATION_STATUS_CODE: 0
INSTRUMENTATION_STATUS: top_seven_measurement=v1 id=31 strategy=0 round=3 wall_ns=1985125 cpu_ns=1985875 states=8192 verified=27 completion=3 alternatives=7
INSTRUMENTATION_STATUS_CODE: 0
INSTRUMENTATION_STATUS: top_seven_measurement=v1 id=31 strategy=1 round=3 wall_ns=4263125 cpu_ns=4263917 states=6727 verified=12 completion=0 alternatives=7
INSTRUMENTATION_STATUS_CODE: 0
INSTRUMENTATION_STATUS: top_seven_measurement=v1 id=32 strategy=1 round=3 wall_ns=3300250 cpu_ns=3300958 states=5006 verified=47 completion=0 alternatives=7
INSTRUMENTATION_STATUS_CODE: 0
INSTRUMENTATION_STATUS: top_seven_measurement=v1 id=32 strategy=0 round=3 wall_ns=2080417 cpu_ns=2081084 states=8192 verified=47 completion=3 alternatives=7
INSTRUMENTATION_STATUS_CODE: 0
INSTRUMENTATION_STATUS: top_seven_measurement=v1 id=33 strategy=0 round=3 wall_ns=1904834 cpu_ns=1905459 states=8192 verified=41 completion=3 alternatives=7
INSTRUMENTATION_STATUS_CODE: 0
INSTRUMENTATION_STATUS: top_seven_measurement=v1 id=33 strategy=1 round=3 wall_ns=1810875 cpu_ns=1811584 states=3501 verified=18 completion=0 alternatives=7
INSTRUMENTATION_STATUS_CODE: 0
INSTRUMENTATION_STATUS: top_seven_measurement=v1 id=34 strategy=1 round=3 wall_ns=5302042 cpu_ns=5302708 states=8192 verified=26 completion=3 alternatives=7
INSTRUMENTATION_STATUS_CODE: 0
INSTRUMENTATION_STATUS: top_seven_measurement=v1 id=34 strategy=0 round=3 wall_ns=1520542 cpu_ns=1521417 states=8192 verified=5 completion=3 alternatives=5
INSTRUMENTATION_STATUS_CODE: 0
INSTRUMENTATION_STATUS: top_seven_measurement=v1 id=35 strategy=0 round=3 wall_ns=1779125 cpu_ns=1779833 states=8192 verified=26 completion=3 alternatives=7
INSTRUMENTATION_STATUS_CODE: 0
INSTRUMENTATION_STATUS: top_seven_measurement=v1 id=35 strategy=1 round=3 wall_ns=4478375 cpu_ns=4479084 states=8192 verified=25 completion=3 alternatives=7
INSTRUMENTATION_STATUS_CODE: 0
INSTRUMENTATION_STATUS: top_seven_measurement=v1 id=36 strategy=1 round=3 wall_ns=1699916 cpu_ns=1700583 states=2213 verified=48 completion=0 alternatives=7
INSTRUMENTATION_STATUS_CODE: 0
INSTRUMENTATION_STATUS: top_seven_measurement=v1 id=36 strategy=0 round=3 wall_ns=1584917 cpu_ns=1585833 states=8192 verified=13 completion=3 alternatives=7
INSTRUMENTATION_STATUS_CODE: 0
INSTRUMENTATION_STATUS: top_seven_measurement=v1 id=37 strategy=0 round=3 wall_ns=1579791 cpu_ns=1580541 states=8192 verified=5 completion=3 alternatives=5
INSTRUMENTATION_STATUS_CODE: 0
INSTRUMENTATION_STATUS: top_seven_measurement=v1 id=37 strategy=1 round=3 wall_ns=5186042 cpu_ns=5138500 states=8192 verified=5 completion=3 alternatives=5
INSTRUMENTATION_STATUS_CODE: 0
INSTRUMENTATION_STATUS: top_seven_measurement=v1 id=38 strategy=1 round=3 wall_ns=5612458 cpu_ns=5613417 states=8192 verified=29 completion=3 alternatives=7
INSTRUMENTATION_STATUS_CODE: 0
INSTRUMENTATION_STATUS: top_seven_measurement=v1 id=38 strategy=0 round=3 wall_ns=1558958 cpu_ns=1559625 states=8192 verified=5 completion=3 alternatives=5
INSTRUMENTATION_STATUS_CODE: 0
INSTRUMENTATION_STATUS: top_seven_measurement=v1 id=39 strategy=0 round=3 wall_ns=1504125 cpu_ns=1504791 states=4858 verified=64 completion=4 alternatives=7
INSTRUMENTATION_STATUS_CODE: 0
INSTRUMENTATION_STATUS: top_seven_measurement=v1 id=39 strategy=1 round=3 wall_ns=1552917 cpu_ns=1553458 states=1873 verified=64 completion=4 alternatives=7
INSTRUMENTATION_STATUS_CODE: 0
INSTRUMENTATION_STATUS: top_seven_measurement=v1 id=40 strategy=1 round=3 wall_ns=563333 cpu_ns=564042 states=1119 verified=42 completion=0 alternatives=7
INSTRUMENTATION_STATUS_CODE: 0
INSTRUMENTATION_STATUS: top_seven_measurement=v1 id=40 strategy=0 round=3 wall_ns=565375 cpu_ns=566083 states=1943 verified=60 completion=0 alternatives=7
INSTRUMENTATION_STATUS_CODE: 0
INSTRUMENTATION_STATUS: top_seven_measurement=v1 id=41 strategy=0 round=3 wall_ns=1233541 cpu_ns=674666 states=3014 verified=13 completion=0 alternatives=7
INSTRUMENTATION_STATUS_CODE: 0
INSTRUMENTATION_STATUS: top_seven_measurement=v1 id=41 strategy=1 round=3 wall_ns=1167791 cpu_ns=1168417 states=3007 verified=13 completion=0 alternatives=7
INSTRUMENTATION_STATUS_CODE: 0
INSTRUMENTATION_STATUS: top_seven_measurement=v1 id=42 strategy=1 round=3 wall_ns=538541 cpu_ns=539375 states=1399 verified=41 completion=0 alternatives=7
INSTRUMENTATION_STATUS_CODE: 0
INSTRUMENTATION_STATUS: top_seven_measurement=v1 id=42 strategy=0 round=3 wall_ns=611709 cpu_ns=612416 states=2621 verified=56 completion=0 alternatives=7
INSTRUMENTATION_STATUS_CODE: 0
INSTRUMENTATION_STATUS: top_seven_measurement=v1 id=43 strategy=0 round=3 wall_ns=2300292 cpu_ns=2301000 states=8192 verified=50 completion=3 alternatives=7
INSTRUMENTATION_STATUS_CODE: 0
INSTRUMENTATION_STATUS: top_seven_measurement=v1 id=43 strategy=1 round=3 wall_ns=2826459 cpu_ns=2827208 states=4904 verified=13 completion=0 alternatives=7
INSTRUMENTATION_STATUS_CODE: 0
INSTRUMENTATION_STATUS: top_seven_measurement=v1 id=44 strategy=1 round=3 wall_ns=1013917 cpu_ns=1014416 states=2455 verified=10 completion=0 alternatives=4
INSTRUMENTATION_STATUS_CODE: 0
INSTRUMENTATION_STATUS: top_seven_measurement=v1 id=44 strategy=0 round=3 wall_ns=455042 cpu_ns=455709 states=2455 verified=10 completion=0 alternatives=4
INSTRUMENTATION_STATUS_CODE: 0
INSTRUMENTATION_STATUS: top_seven_measurement=v1 id=45 strategy=0 round=3 wall_ns=21375 cpu_ns=21958 states=28 verified=0 completion=2 alternatives=0
INSTRUMENTATION_STATUS_CODE: 0
INSTRUMENTATION_STATUS: top_seven_measurement=v1 id=45 strategy=1 round=3 wall_ns=15500 cpu_ns=16042 states=28 verified=0 completion=2 alternatives=0
INSTRUMENTATION_STATUS_CODE: 0
INSTRUMENTATION_STATUS: top_seven_measurement=v1 id=46 strategy=1 round=3 wall_ns=2420375 cpu_ns=2141499 states=2202 verified=27 completion=0 alternatives=7
INSTRUMENTATION_STATUS_CODE: 0
INSTRUMENTATION_STATUS: top_seven_measurement=v1 id=46 strategy=0 round=3 wall_ns=1184500 cpu_ns=1185292 states=2906 verified=64 completion=4 alternatives=7
INSTRUMENTATION_STATUS_CODE: 0
INSTRUMENTATION_STATUS: top_seven_measurement=v1 id=47 strategy=0 round=3 wall_ns=1817541 cpu_ns=1818042 states=8192 verified=16 completion=3 alternatives=7
INSTRUMENTATION_STATUS_CODE: 0
INSTRUMENTATION_STATUS: top_seven_measurement=v1 id=47 strategy=1 round=3 wall_ns=5378875 cpu_ns=5379625 states=8192 verified=16 completion=3 alternatives=7
INSTRUMENTATION_STATUS_CODE: 0
INSTRUMENTATION_STATUS: top_seven_measurement=v1 id=48 strategy=1 round=3 wall_ns=1158875 cpu_ns=1159458 states=1680 verified=21 completion=0 alternatives=7
INSTRUMENTATION_STATUS_CODE: 0
INSTRUMENTATION_STATUS: top_seven_measurement=v1 id=48 strategy=0 round=3 wall_ns=1752167 cpu_ns=1752917 states=5158 verified=64 completion=4 alternatives=7
INSTRUMENTATION_STATUS_CODE: 0
INSTRUMENTATION_STATUS: top_seven_measurement=v1 id=49 strategy=0 round=3 wall_ns=428125 cpu_ns=428792 states=1514 verified=18 completion=0 alternatives=7
INSTRUMENTATION_STATUS_CODE: 0
INSTRUMENTATION_STATUS: top_seven_measurement=v1 id=49 strategy=1 round=3 wall_ns=705917 cpu_ns=706708 states=1514 verified=18 completion=0 alternatives=7
INSTRUMENTATION_STATUS_CODE: 0
INSTRUMENTATION_STATUS: top_seven_measurement=v1 id=50 strategy=1 round=3 wall_ns=1529625 cpu_ns=1530292 states=1892 verified=64 completion=4 alternatives=7
INSTRUMENTATION_STATUS_CODE: 0
INSTRUMENTATION_STATUS: top_seven_measurement=v1 id=50 strategy=0 round=3 wall_ns=1074417 cpu_ns=1075042 states=2296 verified=64 completion=4 alternatives=7
INSTRUMENTATION_STATUS_CODE: 0
INSTRUMENTATION_STATUS: top_seven_measurement=v1 id=51 strategy=0 round=3 wall_ns=776417 cpu_ns=777083 states=3145 verified=33 completion=0 alternatives=7
INSTRUMENTATION_STATUS_CODE: 0
INSTRUMENTATION_STATUS: top_seven_measurement=v1 id=51 strategy=1 round=3 wall_ns=365917 cpu_ns=366500 states=740 verified=11 completion=0 alternatives=7
INSTRUMENTATION_STATUS_CODE: 0
INSTRUMENTATION_STATUS: top_seven_measurement=v1 id=52 strategy=1 round=3 wall_ns=5476458 cpu_ns=5477167 states=8192 verified=4 completion=3 alternatives=4
INSTRUMENTATION_STATUS_CODE: 0
INSTRUMENTATION_STATUS: top_seven_measurement=v1 id=52 strategy=0 round=3 wall_ns=1482459 cpu_ns=1483125 states=8192 verified=4 completion=3 alternatives=4
INSTRUMENTATION_STATUS_CODE: 0
INSTRUMENTATION_STATUS: top_seven_measurement=v1 id=53 strategy=0 round=3 wall_ns=612958 cpu_ns=613625 states=2924 verified=17 completion=0 alternatives=7
INSTRUMENTATION_STATUS_CODE: 0
INSTRUMENTATION_STATUS: top_seven_measurement=v1 id=53 strategy=1 round=3 wall_ns=710000 cpu_ns=710500 states=1667 verified=10 completion=0 alternatives=7
INSTRUMENTATION_STATUS_CODE: 0
INSTRUMENTATION_STATUS: top_seven_measurement=v1 id=54 strategy=1 round=3 wall_ns=4841834 cpu_ns=4842416 states=8192 verified=14 completion=3 alternatives=7
INSTRUMENTATION_STATUS_CODE: 0
INSTRUMENTATION_STATUS: top_seven_measurement=v1 id=54 strategy=0 round=3 wall_ns=1720834 cpu_ns=1721500 states=8192 verified=20 completion=3 alternatives=7
INSTRUMENTATION_STATUS_CODE: 0
INSTRUMENTATION_STATUS: top_seven_measurement=v1 id=55 strategy=0 round=3 wall_ns=1850792 cpu_ns=1851458 states=8192 verified=23 completion=3 alternatives=7
INSTRUMENTATION_STATUS_CODE: 0
INSTRUMENTATION_STATUS: top_seven_measurement=v1 id=55 strategy=1 round=3 wall_ns=4742625 cpu_ns=4699876 states=6979 verified=13 completion=0 alternatives=7
INSTRUMENTATION_STATUS_CODE: 0
INSTRUMENTATION_STATUS: top_seven_measurement=v1 id=56 strategy=1 round=3 wall_ns=537875 cpu_ns=538458 states=1277 verified=8 completion=0 alternatives=7
INSTRUMENTATION_STATUS_CODE: 0
INSTRUMENTATION_STATUS: top_seven_measurement=v1 id=56 strategy=0 round=3 wall_ns=451958 cpu_ns=452709 states=2318 verified=12 completion=0 alternatives=7
INSTRUMENTATION_STATUS_CODE: 0
INSTRUMENTATION_STATUS: top_seven_measurement=v1 id=57 strategy=0 round=3 wall_ns=1594542 cpu_ns=1595250 states=8192 verified=6 completion=3 alternatives=6
INSTRUMENTATION_STATUS_CODE: 0
INSTRUMENTATION_STATUS: top_seven_measurement=v1 id=57 strategy=1 round=3 wall_ns=5133375 cpu_ns=5134292 states=8192 verified=3 completion=3 alternatives=3
INSTRUMENTATION_STATUS_CODE: 0
INSTRUMENTATION_STATUS: top_seven_measurement=v1 id=58 strategy=1 round=3 wall_ns=1667792 cpu_ns=1668666 states=2200 verified=48 completion=0 alternatives=7
INSTRUMENTATION_STATUS_CODE: 0
INSTRUMENTATION_STATUS: top_seven_measurement=v1 id=58 strategy=0 round=3 wall_ns=961333 cpu_ns=962041 states=970 verified=64 completion=4 alternatives=7
INSTRUMENTATION_STATUS_CODE: 0
INSTRUMENTATION_STATUS: top_seven_measurement=v1 id=59 strategy=0 round=3 wall_ns=1672500 cpu_ns=1672958 states=8192 verified=14 completion=3 alternatives=7
INSTRUMENTATION_STATUS_CODE: 0
INSTRUMENTATION_STATUS: top_seven_measurement=v1 id=59 strategy=1 round=3 wall_ns=3150667 cpu_ns=3151375 states=5151 verified=15 completion=0 alternatives=7
INSTRUMENTATION_STATUS_CODE: 0
INSTRUMENTATION_STATUS: top_seven_measurement=v1 id=0 strategy=0 round=4 wall_ns=1658292 cpu_ns=1658958 states=8192 verified=17 completion=3 alternatives=7
INSTRUMENTATION_STATUS_CODE: 0
INSTRUMENTATION_STATUS: top_seven_measurement=v1 id=0 strategy=1 round=4 wall_ns=4798792 cpu_ns=4799500 states=8192 verified=13 completion=3 alternatives=7
INSTRUMENTATION_STATUS_CODE: 0
INSTRUMENTATION_STATUS: top_seven_measurement=v1 id=1 strategy=1 round=4 wall_ns=558875 cpu_ns=560584 states=1438 verified=13 completion=0 alternatives=7
INSTRUMENTATION_STATUS_CODE: 0
INSTRUMENTATION_STATUS: top_seven_measurement=v1 id=1 strategy=0 round=4 wall_ns=413625 cpu_ns=414333 states=2144 verified=14 completion=0 alternatives=7
INSTRUMENTATION_STATUS_CODE: 0
INSTRUMENTATION_STATUS: top_seven_measurement=v1 id=2 strategy=0 round=4 wall_ns=1635334 cpu_ns=1636125 states=8192 verified=10 completion=3 alternatives=7
INSTRUMENTATION_STATUS_CODE: 0
INSTRUMENTATION_STATUS: top_seven_measurement=v1 id=2 strategy=1 round=4 wall_ns=4589333 cpu_ns=4589875 states=8192 verified=5 completion=3 alternatives=5
INSTRUMENTATION_STATUS_CODE: 0
INSTRUMENTATION_STATUS: top_seven_measurement=v1 id=3 strategy=1 round=4 wall_ns=3773041 cpu_ns=3773833 states=6441 verified=57 completion=0 alternatives=7
INSTRUMENTATION_STATUS_CODE: 0
INSTRUMENTATION_STATUS: top_seven_measurement=v1 id=3 strategy=0 round=4 wall_ns=1719167 cpu_ns=1719791 states=8192 verified=33 completion=3 alternatives=7
INSTRUMENTATION_STATUS_CODE: 0
INSTRUMENTATION_STATUS: top_seven_measurement=v1 id=4 strategy=0 round=4 wall_ns=1525750 cpu_ns=1526459 states=8192 verified=7 completion=3 alternatives=7
INSTRUMENTATION_STATUS_CODE: 0
INSTRUMENTATION_STATUS: top_seven_measurement=v1 id=4 strategy=1 round=4 wall_ns=4725208 cpu_ns=4725875 states=8192 verified=7 completion=3 alternatives=7
INSTRUMENTATION_STATUS_CODE: 0
INSTRUMENTATION_STATUS: top_seven_measurement=v1 id=5 strategy=1 round=4 wall_ns=1470125 cpu_ns=1470792 states=2139 verified=59 completion=0 alternatives=7
INSTRUMENTATION_STATUS_CODE: 0
INSTRUMENTATION_STATUS: top_seven_measurement=v1 id=5 strategy=0 round=4 wall_ns=1905208 cpu_ns=1905958 states=8192 verified=49 completion=3 alternatives=7
INSTRUMENTATION_STATUS_CODE: 0
INSTRUMENTATION_STATUS: top_seven_measurement=v1 id=6 strategy=0 round=4 wall_ns=1830209 cpu_ns=1830917 states=8192 verified=37 completion=3 alternatives=7
INSTRUMENTATION_STATUS_CODE: 0
INSTRUMENTATION_STATUS: top_seven_measurement=v1 id=6 strategy=1 round=4 wall_ns=2874875 cpu_ns=2875542 states=5398 verified=16 completion=0 alternatives=7
INSTRUMENTATION_STATUS_CODE: 0
INSTRUMENTATION_STATUS: top_seven_measurement=v1 id=7 strategy=1 round=4 wall_ns=4004709 cpu_ns=4005250 states=5678 verified=45 completion=0 alternatives=7
INSTRUMENTATION_STATUS_CODE: 0
INSTRUMENTATION_STATUS: top_seven_measurement=v1 id=7 strategy=0 round=4 wall_ns=1439042 cpu_ns=1439667 states=4050 verified=64 completion=4 alternatives=7
INSTRUMENTATION_STATUS_CODE: 0
INSTRUMENTATION_STATUS: top_seven_measurement=v1 id=8 strategy=0 round=4 wall_ns=930791 cpu_ns=931459 states=1838 verified=64 completion=4 alternatives=7
INSTRUMENTATION_STATUS_CODE: 0
INSTRUMENTATION_STATUS: top_seven_measurement=v1 id=8 strategy=1 round=4 wall_ns=1347959 cpu_ns=1348667 states=1503 verified=64 completion=4 alternatives=7
INSTRUMENTATION_STATUS_CODE: 0
INSTRUMENTATION_STATUS: top_seven_measurement=v1 id=9 strategy=1 round=4 wall_ns=2597625 cpu_ns=2569166 states=4662 verified=13 completion=0 alternatives=7
INSTRUMENTATION_STATUS_CODE: 0
INSTRUMENTATION_STATUS: top_seven_measurement=v1 id=9 strategy=0 round=4 wall_ns=1494083 cpu_ns=1494792 states=8192 verified=13 completion=3 alternatives=7
INSTRUMENTATION_STATUS_CODE: 0
INSTRUMENTATION_STATUS: top_seven_measurement=v1 id=10 strategy=0 round=4 wall_ns=791125 cpu_ns=791791 states=3038 verified=57 completion=0 alternatives=7
INSTRUMENTATION_STATUS_CODE: 0
INSTRUMENTATION_STATUS: top_seven_measurement=v1 id=10 strategy=1 round=4 wall_ns=834875 cpu_ns=835625 states=1917 verified=42 completion=0 alternatives=7
INSTRUMENTATION_STATUS_CODE: 0
INSTRUMENTATION_STATUS: top_seven_measurement=v1 id=11 strategy=1 round=4 wall_ns=5137542 cpu_ns=5138209 states=8192 verified=49 completion=3 alternatives=7
INSTRUMENTATION_STATUS_CODE: 0
INSTRUMENTATION_STATUS: top_seven_measurement=v1 id=11 strategy=0 round=4 wall_ns=1762625 cpu_ns=1763375 states=8192 verified=34 completion=3 alternatives=7
INSTRUMENTATION_STATUS_CODE: 0
INSTRUMENTATION_STATUS: top_seven_measurement=v1 id=12 strategy=0 round=4 wall_ns=739834 cpu_ns=740583 states=3316 verified=21 completion=0 alternatives=7
INSTRUMENTATION_STATUS_CODE: 0
INSTRUMENTATION_STATUS: top_seven_measurement=v1 id=12 strategy=1 round=4 wall_ns=844917 cpu_ns=845500 states=1986 verified=15 completion=0 alternatives=7
INSTRUMENTATION_STATUS_CODE: 0
INSTRUMENTATION_STATUS: top_seven_measurement=v1 id=13 strategy=1 round=4 wall_ns=2303708 cpu_ns=2210209 states=2999 verified=64 completion=4 alternatives=7
INSTRUMENTATION_STATUS_CODE: 0
INSTRUMENTATION_STATUS: top_seven_measurement=v1 id=13 strategy=0 round=4 wall_ns=2243208 cpu_ns=2046623 states=8192 verified=42 completion=3 alternatives=7
INSTRUMENTATION_STATUS_CODE: 0
INSTRUMENTATION_STATUS: top_seven_measurement=v1 id=14 strategy=0 round=4 wall_ns=1364875 cpu_ns=1365584 states=8192 verified=0 completion=3 alternatives=0
INSTRUMENTATION_STATUS_CODE: 0
INSTRUMENTATION_STATUS: top_seven_measurement=v1 id=14 strategy=1 round=4 wall_ns=4965792 cpu_ns=4966500 states=8192 verified=1 completion=3 alternatives=1
INSTRUMENTATION_STATUS_CODE: 0
INSTRUMENTATION_STATUS: top_seven_measurement=v1 id=15 strategy=1 round=4 wall_ns=510750 cpu_ns=511458 states=1324 verified=9 completion=0 alternatives=7
INSTRUMENTATION_STATUS_CODE: 0
INSTRUMENTATION_STATUS: top_seven_measurement=v1 id=15 strategy=0 round=4 wall_ns=428041 cpu_ns=428666 states=2138 verified=16 completion=0 alternatives=7
INSTRUMENTATION_STATUS_CODE: 0
INSTRUMENTATION_STATUS: top_seven_measurement=v1 id=16 strategy=0 round=4 wall_ns=1604166 cpu_ns=1604917 states=8192 verified=15 completion=3 alternatives=7
INSTRUMENTATION_STATUS_CODE: 0
INSTRUMENTATION_STATUS: top_seven_measurement=v1 id=16 strategy=1 round=4 wall_ns=4545375 cpu_ns=4546000 states=8192 verified=14 completion=3 alternatives=7
INSTRUMENTATION_STATUS_CODE: 0
INSTRUMENTATION_STATUS: top_seven_measurement=v1 id=17 strategy=1 round=4 wall_ns=4604250 cpu_ns=4605041 states=8192 verified=2 completion=3 alternatives=2
INSTRUMENTATION_STATUS_CODE: 0
INSTRUMENTATION_STATUS: top_seven_measurement=v1 id=17 strategy=0 round=4 wall_ns=1401333 cpu_ns=1402042 states=8192 verified=1 completion=3 alternatives=1
INSTRUMENTATION_STATUS_CODE: 0
INSTRUMENTATION_STATUS: top_seven_measurement=v1 id=18 strategy=0 round=4 wall_ns=587583 cpu_ns=588292 states=3409 verified=5 completion=0 alternatives=5
INSTRUMENTATION_STATUS_CODE: 0
INSTRUMENTATION_STATUS: top_seven_measurement=v1 id=18 strategy=1 round=4 wall_ns=1205208 cpu_ns=1205792 states=3409 verified=5 completion=0 alternatives=5
INSTRUMENTATION_STATUS_CODE: 0
INSTRUMENTATION_STATUS: top_seven_measurement=v1 id=19 strategy=1 round=4 wall_ns=540375 cpu_ns=541042 states=1121 verified=50 completion=0 alternatives=7
INSTRUMENTATION_STATUS_CODE: 0
INSTRUMENTATION_STATUS: top_seven_measurement=v1 id=19 strategy=0 round=4 wall_ns=451000 cpu_ns=451625 states=1668 verified=52 completion=0 alternatives=7
INSTRUMENTATION_STATUS_CODE: 0
INSTRUMENTATION_STATUS: top_seven_measurement=v1 id=20 strategy=0 round=4 wall_ns=1898625 cpu_ns=1899500 states=8192 verified=12 completion=3 alternatives=7
INSTRUMENTATION_STATUS_CODE: 0
INSTRUMENTATION_STATUS: top_seven_measurement=v1 id=20 strategy=1 round=4 wall_ns=2239084 cpu_ns=2239917 states=2619 verified=64 completion=4 alternatives=7
INSTRUMENTATION_STATUS_CODE: 0
INSTRUMENTATION_STATUS: top_seven_measurement=v1 id=21 strategy=1 round=4 wall_ns=4157791 cpu_ns=4158500 states=5806 verified=21 completion=0 alternatives=7
INSTRUMENTATION_STATUS_CODE: 0
INSTRUMENTATION_STATUS: top_seven_measurement=v1 id=21 strategy=0 round=4 wall_ns=2310750 cpu_ns=2311459 states=8192 verified=44 completion=3 alternatives=7
INSTRUMENTATION_STATUS_CODE: 0
INSTRUMENTATION_STATUS: top_seven_measurement=v1 id=22 strategy=0 round=4 wall_ns=457167 cpu_ns=458000 states=1937 verified=11 completion=0 alternatives=7
INSTRUMENTATION_STATUS_CODE: 0
INSTRUMENTATION_STATUS: top_seven_measurement=v1 id=22 strategy=1 round=4 wall_ns=784583 cpu_ns=785209 states=1928 verified=10 completion=0 alternatives=7
INSTRUMENTATION_STATUS_CODE: 0
INSTRUMENTATION_STATUS: top_seven_measurement=v1 id=23 strategy=1 round=4 wall_ns=780250 cpu_ns=781041 states=1455 verified=24 completion=0 alternatives=7
INSTRUMENTATION_STATUS_CODE: 0
INSTRUMENTATION_STATUS: top_seven_measurement=v1 id=23 strategy=0 round=4 wall_ns=460291 cpu_ns=460916 states=1462 verified=25 completion=0 alternatives=7
INSTRUMENTATION_STATUS_CODE: 0
INSTRUMENTATION_STATUS: top_seven_measurement=v1 id=24 strategy=0 round=4 wall_ns=356875 cpu_ns=357500 states=1273 verified=29 completion=0 alternatives=7
INSTRUMENTATION_STATUS_CODE: 0
INSTRUMENTATION_STATUS: top_seven_measurement=v1 id=24 strategy=1 round=4 wall_ns=456083 cpu_ns=456500 states=1273 verified=29 completion=0 alternatives=7
INSTRUMENTATION_STATUS_CODE: 0
INSTRUMENTATION_STATUS: top_seven_measurement=v1 id=25 strategy=1 round=4 wall_ns=3719542 cpu_ns=3720208 states=6796 verified=11 completion=0 alternatives=7
INSTRUMENTATION_STATUS_CODE: 0
INSTRUMENTATION_STATUS: top_seven_measurement=v1 id=25 strategy=0 round=4 wall_ns=1705875 cpu_ns=1706542 states=8192 verified=18 completion=3 alternatives=7
INSTRUMENTATION_STATUS_CODE: 0
INSTRUMENTATION_STATUS: top_seven_measurement=v1 id=26 strategy=0 round=4 wall_ns=1692750 cpu_ns=1693458 states=8192 verified=22 completion=3 alternatives=7
INSTRUMENTATION_STATUS_CODE: 0
INSTRUMENTATION_STATUS: top_seven_measurement=v1 id=26 strategy=1 round=4 wall_ns=3153333 cpu_ns=3120625 states=4889 verified=39 completion=0 alternatives=7
INSTRUMENTATION_STATUS_CODE: 0
INSTRUMENTATION_STATUS: top_seven_measurement=v1 id=27 strategy=1 round=4 wall_ns=663916 cpu_ns=664750 states=1508 verified=8 completion=0 alternatives=7
INSTRUMENTATION_STATUS_CODE: 0
INSTRUMENTATION_STATUS: top_seven_measurement=v1 id=27 strategy=0 round=4 wall_ns=337375 cpu_ns=338000 states=1508 verified=8 completion=0 alternatives=7
INSTRUMENTATION_STATUS_CODE: 0
INSTRUMENTATION_STATUS: top_seven_measurement=v1 id=28 strategy=0 round=4 wall_ns=1248250 cpu_ns=1248916 states=2798 verified=64 completion=4 alternatives=7
INSTRUMENTATION_STATUS_CODE: 0
INSTRUMENTATION_STATUS: top_seven_measurement=v1 id=28 strategy=1 round=4 wall_ns=2919417 cpu_ns=2920167 states=4469 verified=63 completion=0 alternatives=7
INSTRUMENTATION_STATUS_CODE: 0
INSTRUMENTATION_STATUS: top_seven_measurement=v1 id=29 strategy=1 round=4 wall_ns=4452750 cpu_ns=4453417 states=7060 verified=55 completion=0 alternatives=7
INSTRUMENTATION_STATUS_CODE: 0
INSTRUMENTATION_STATUS: top_seven_measurement=v1 id=29 strategy=0 round=4 wall_ns=1998625 cpu_ns=1999333 states=6682 verified=64 completion=4 alternatives=7
INSTRUMENTATION_STATUS_CODE: 0
INSTRUMENTATION_STATUS: top_seven_measurement=v1 id=30 strategy=0 round=4 wall_ns=2127708 cpu_ns=2128375 states=7644 verified=64 completion=4 alternatives=7
INSTRUMENTATION_STATUS_CODE: 0
INSTRUMENTATION_STATUS: top_seven_measurement=v1 id=30 strategy=1 round=4 wall_ns=1752500 cpu_ns=1753250 states=2206 verified=64 completion=4 alternatives=7
INSTRUMENTATION_STATUS_CODE: 0
INSTRUMENTATION_STATUS: top_seven_measurement=v1 id=31 strategy=1 round=4 wall_ns=4172042 cpu_ns=4172875 states=6727 verified=12 completion=0 alternatives=7
INSTRUMENTATION_STATUS_CODE: 0
INSTRUMENTATION_STATUS: top_seven_measurement=v1 id=31 strategy=0 round=4 wall_ns=1931125 cpu_ns=1931917 states=8192 verified=27 completion=3 alternatives=7
INSTRUMENTATION_STATUS_CODE: 0
INSTRUMENTATION_STATUS: top_seven_measurement=v1 id=32 strategy=0 round=4 wall_ns=2108041 cpu_ns=2108875 states=8192 verified=47 completion=3 alternatives=7
INSTRUMENTATION_STATUS_CODE: 0
INSTRUMENTATION_STATUS: top_seven_measurement=v1 id=32 strategy=1 round=4 wall_ns=3354250 cpu_ns=3354958 states=5006 verified=47 completion=0 alternatives=7
INSTRUMENTATION_STATUS_CODE: 0
INSTRUMENTATION_STATUS: top_seven_measurement=v1 id=33 strategy=1 round=4 wall_ns=1833958 cpu_ns=1834666 states=3501 verified=18 completion=0 alternatives=7
INSTRUMENTATION_STATUS_CODE: 0
INSTRUMENTATION_STATUS: top_seven_measurement=v1 id=33 strategy=0 round=4 wall_ns=1923500 cpu_ns=1924208 states=8192 verified=41 completion=3 alternatives=7
INSTRUMENTATION_STATUS_CODE: 0
INSTRUMENTATION_STATUS: top_seven_measurement=v1 id=34 strategy=0 round=4 wall_ns=1503875 cpu_ns=1504708 states=8192 verified=5 completion=3 alternatives=5
INSTRUMENTATION_STATUS_CODE: 0
INSTRUMENTATION_STATUS: top_seven_measurement=v1 id=34 strategy=1 round=4 wall_ns=5171875 cpu_ns=5172417 states=8192 verified=26 completion=3 alternatives=7
INSTRUMENTATION_STATUS_CODE: 0
INSTRUMENTATION_STATUS: top_seven_measurement=v1 id=35 strategy=1 round=4 wall_ns=4419125 cpu_ns=4419917 states=8192 verified=25 completion=3 alternatives=7
INSTRUMENTATION_STATUS_CODE: 0
INSTRUMENTATION_STATUS: top_seven_measurement=v1 id=35 strategy=0 round=4 wall_ns=1795208 cpu_ns=1795917 states=8192 verified=26 completion=3 alternatives=7
INSTRUMENTATION_STATUS_CODE: 0
INSTRUMENTATION_STATUS: top_seven_measurement=v1 id=36 strategy=0 round=4 wall_ns=1571625 cpu_ns=1572209 states=8192 verified=13 completion=3 alternatives=7
INSTRUMENTATION_STATUS_CODE: 0
INSTRUMENTATION_STATUS: top_seven_measurement=v1 id=36 strategy=1 round=4 wall_ns=1772750 cpu_ns=1773417 states=2213 verified=48 completion=0 alternatives=7
INSTRUMENTATION_STATUS_CODE: 0
INSTRUMENTATION_STATUS: top_seven_measurement=v1 id=37 strategy=1 round=4 wall_ns=5251083 cpu_ns=5251833 states=8192 verified=5 completion=3 alternatives=5
INSTRUMENTATION_STATUS_CODE: 0
INSTRUMENTATION_STATUS: top_seven_measurement=v1 id=37 strategy=0 round=4 wall_ns=1566083 cpu_ns=1566750 states=8192 verified=5 completion=3 alternatives=5
INSTRUMENTATION_STATUS_CODE: 0
INSTRUMENTATION_STATUS: top_seven_measurement=v1 id=38 strategy=0 round=4 wall_ns=1536208 cpu_ns=1536875 states=8192 verified=5 completion=3 alternatives=5
INSTRUMENTATION_STATUS_CODE: 0
INSTRUMENTATION_STATUS: top_seven_measurement=v1 id=38 strategy=1 round=4 wall_ns=5664375 cpu_ns=5665125 states=8192 verified=29 completion=3 alternatives=7
INSTRUMENTATION_STATUS_CODE: 0
INSTRUMENTATION_STATUS: top_seven_measurement=v1 id=39 strategy=1 round=4 wall_ns=1577458 cpu_ns=1535416 states=1873 verified=64 completion=4 alternatives=7
INSTRUMENTATION_STATUS_CODE: 0
INSTRUMENTATION_STATUS: top_seven_measurement=v1 id=39 strategy=0 round=4 wall_ns=1538625 cpu_ns=1539041 states=4858 verified=64 completion=4 alternatives=7
INSTRUMENTATION_STATUS_CODE: 0
INSTRUMENTATION_STATUS: top_seven_measurement=v1 id=40 strategy=0 round=4 wall_ns=647292 cpu_ns=648041 states=1943 verified=60 completion=0 alternatives=7
INSTRUMENTATION_STATUS_CODE: 0
INSTRUMENTATION_STATUS: top_seven_measurement=v1 id=40 strategy=1 round=4 wall_ns=462125 cpu_ns=462708 states=1119 verified=42 completion=0 alternatives=7
INSTRUMENTATION_STATUS_CODE: 0
INSTRUMENTATION_STATUS: top_seven_measurement=v1 id=41 strategy=1 round=4 wall_ns=1831250 cpu_ns=1704666 states=3007 verified=13 completion=0 alternatives=7
INSTRUMENTATION_STATUS_CODE: 0
INSTRUMENTATION_STATUS: top_seven_measurement=v1 id=41 strategy=0 round=4 wall_ns=783291 cpu_ns=694083 states=3014 verified=13 completion=0 alternatives=7
INSTRUMENTATION_STATUS_CODE: 0
INSTRUMENTATION_STATUS: top_seven_measurement=v1 id=42 strategy=0 round=4 wall_ns=672500 cpu_ns=673209 states=2621 verified=56 completion=0 alternatives=7
INSTRUMENTATION_STATUS_CODE: 0
INSTRUMENTATION_STATUS: top_seven_measurement=v1 id=42 strategy=1 round=4 wall_ns=472417 cpu_ns=473084 states=1399 verified=41 completion=0 alternatives=7
INSTRUMENTATION_STATUS_CODE: 0
INSTRUMENTATION_STATUS: top_seven_measurement=v1 id=43 strategy=1 round=4 wall_ns=2934250 cpu_ns=2934958 states=4904 verified=13 completion=0 alternatives=7
INSTRUMENTATION_STATUS_CODE: 0
INSTRUMENTATION_STATUS: top_seven_measurement=v1 id=43 strategy=0 round=4 wall_ns=2279000 cpu_ns=2279708 states=8192 verified=50 completion=3 alternatives=7
INSTRUMENTATION_STATUS_CODE: 0
INSTRUMENTATION_STATUS: top_seven_measurement=v1 id=44 strategy=0 round=4 wall_ns=469625 cpu_ns=470292 states=2455 verified=10 completion=0 alternatives=4
INSTRUMENTATION_STATUS_CODE: 0
INSTRUMENTATION_STATUS: top_seven_measurement=v1 id=44 strategy=1 round=4 wall_ns=1005625 cpu_ns=1006209 states=2455 verified=10 completion=0 alternatives=4
INSTRUMENTATION_STATUS_CODE: 0
INSTRUMENTATION_STATUS: top_seven_measurement=v1 id=45 strategy=1 round=4 wall_ns=20375 cpu_ns=21000 states=28 verified=0 completion=2 alternatives=0
INSTRUMENTATION_STATUS_CODE: 0
INSTRUMENTATION_STATUS: top_seven_measurement=v1 id=45 strategy=0 round=4 wall_ns=16583 cpu_ns=17125 states=28 verified=0 completion=2 alternatives=0
INSTRUMENTATION_STATUS_CODE: 0
INSTRUMENTATION_STATUS: top_seven_measurement=v1 id=46 strategy=0 round=4 wall_ns=1203458 cpu_ns=1204125 states=2906 verified=64 completion=4 alternatives=7
INSTRUMENTATION_STATUS_CODE: 0
INSTRUMENTATION_STATUS: top_seven_measurement=v1 id=46 strategy=1 round=4 wall_ns=1446750 cpu_ns=1447416 states=2202 verified=27 completion=0 alternatives=7
INSTRUMENTATION_STATUS_CODE: 0
INSTRUMENTATION_STATUS: top_seven_measurement=v1 id=47 strategy=1 round=4 wall_ns=5447625 cpu_ns=5448333 states=8192 verified=16 completion=3 alternatives=7
INSTRUMENTATION_STATUS_CODE: 0
INSTRUMENTATION_STATUS: top_seven_measurement=v1 id=47 strategy=0 round=4 wall_ns=1839167 cpu_ns=1839750 states=8192 verified=16 completion=3 alternatives=7
INSTRUMENTATION_STATUS_CODE: 0
INSTRUMENTATION_STATUS: top_seven_measurement=v1 id=48 strategy=0 round=4 wall_ns=1744250 cpu_ns=1744958 states=5158 verified=64 completion=4 alternatives=7
INSTRUMENTATION_STATUS_CODE: 0
INSTRUMENTATION_STATUS: top_seven_measurement=v1 id=48 strategy=1 round=4 wall_ns=1160250 cpu_ns=1160875 states=1680 verified=21 completion=0 alternatives=7
INSTRUMENTATION_STATUS_CODE: 0
INSTRUMENTATION_STATUS: top_seven_measurement=v1 id=49 strategy=1 round=4 wall_ns=742125 cpu_ns=742750 states=1514 verified=18 completion=0 alternatives=7
INSTRUMENTATION_STATUS_CODE: 0
INSTRUMENTATION_STATUS: top_seven_measurement=v1 id=49 strategy=0 round=4 wall_ns=387000 cpu_ns=387625 states=1514 verified=18 completion=0 alternatives=7
INSTRUMENTATION_STATUS_CODE: 0
INSTRUMENTATION_STATUS: top_seven_measurement=v1 id=50 strategy=0 round=4 wall_ns=1061500 cpu_ns=1062291 states=2296 verified=64 completion=4 alternatives=7
INSTRUMENTATION_STATUS_CODE: 0
INSTRUMENTATION_STATUS: top_seven_measurement=v1 id=50 strategy=1 round=4 wall_ns=1491250 cpu_ns=1492125 states=1892 verified=64 completion=4 alternatives=7
INSTRUMENTATION_STATUS_CODE: 0
INSTRUMENTATION_STATUS: top_seven_measurement=v1 id=51 strategy=1 round=4 wall_ns=368625 cpu_ns=369333 states=740 verified=11 completion=0 alternatives=7
INSTRUMENTATION_STATUS_CODE: 0
INSTRUMENTATION_STATUS: top_seven_measurement=v1 id=51 strategy=0 round=4 wall_ns=770500 cpu_ns=771250 states=3145 verified=33 completion=0 alternatives=7
INSTRUMENTATION_STATUS_CODE: 0
INSTRUMENTATION_STATUS: top_seven_measurement=v1 id=52 strategy=0 round=4 wall_ns=1565667 cpu_ns=1566417 states=8192 verified=4 completion=3 alternatives=4
INSTRUMENTATION_STATUS_CODE: 0
INSTRUMENTATION_STATUS: top_seven_measurement=v1 id=52 strategy=1 round=4 wall_ns=5378083 cpu_ns=5378958 states=8192 verified=4 completion=3 alternatives=4
INSTRUMENTATION_STATUS_CODE: 0
INSTRUMENTATION_STATUS: top_seven_measurement=v1 id=53 strategy=1 round=4 wall_ns=695042 cpu_ns=695708 states=1667 verified=10 completion=0 alternatives=7
INSTRUMENTATION_STATUS_CODE: 0
INSTRUMENTATION_STATUS: top_seven_measurement=v1 id=53 strategy=0 round=4 wall_ns=601542 cpu_ns=602250 states=2924 verified=17 completion=0 alternatives=7
INSTRUMENTATION_STATUS_CODE: 0
INSTRUMENTATION_STATUS: top_seven_measurement=v1 id=54 strategy=0 round=4 wall_ns=1726208 cpu_ns=1726958 states=8192 verified=20 completion=3 alternatives=7
INSTRUMENTATION_STATUS_CODE: 0
INSTRUMENTATION_STATUS: top_seven_measurement=v1 id=54 strategy=1 round=4 wall_ns=4913291 cpu_ns=4914000 states=8192 verified=14 completion=3 alternatives=7
INSTRUMENTATION_STATUS_CODE: 0
INSTRUMENTATION_STATUS: top_seven_measurement=v1 id=55 strategy=1 round=4 wall_ns=4472250 cpu_ns=4473250 states=6979 verified=13 completion=0 alternatives=7
INSTRUMENTATION_STATUS_CODE: 0
INSTRUMENTATION_STATUS: top_seven_measurement=v1 id=55 strategy=0 round=4 wall_ns=1769500 cpu_ns=1770208 states=8192 verified=23 completion=3 alternatives=7
INSTRUMENTATION_STATUS_CODE: 0
INSTRUMENTATION_STATUS: top_seven_measurement=v1 id=56 strategy=0 round=4 wall_ns=469709 cpu_ns=470417 states=2318 verified=12 completion=0 alternatives=7
INSTRUMENTATION_STATUS_CODE: 0
INSTRUMENTATION_STATUS: top_seven_measurement=v1 id=56 strategy=1 round=4 wall_ns=552333 cpu_ns=553041 states=1277 verified=8 completion=0 alternatives=7
INSTRUMENTATION_STATUS_CODE: 0
INSTRUMENTATION_STATUS: top_seven_measurement=v1 id=57 strategy=1 round=4 wall_ns=5127000 cpu_ns=5127792 states=8192 verified=3 completion=3 alternatives=3
INSTRUMENTATION_STATUS_CODE: 0
INSTRUMENTATION_STATUS: top_seven_measurement=v1 id=57 strategy=0 round=4 wall_ns=1530875 cpu_ns=1531709 states=8192 verified=6 completion=3 alternatives=6
INSTRUMENTATION_STATUS_CODE: 0
INSTRUMENTATION_STATUS: top_seven_measurement=v1 id=58 strategy=0 round=4 wall_ns=1019125 cpu_ns=965458 states=970 verified=64 completion=4 alternatives=7
INSTRUMENTATION_STATUS_CODE: 0
INSTRUMENTATION_STATUS: top_seven_measurement=v1 id=58 strategy=1 round=4 wall_ns=1705875 cpu_ns=1706542 states=2200 verified=48 completion=0 alternatives=7
INSTRUMENTATION_STATUS_CODE: 0
INSTRUMENTATION_STATUS: top_seven_measurement=v1 id=59 strategy=1 round=4 wall_ns=3191750 cpu_ns=3192417 states=5151 verified=15 completion=0 alternatives=7
INSTRUMENTATION_STATUS_CODE: 0
INSTRUMENTATION_STATUS: top_seven_measurement=v1 id=59 strategy=0 round=4 wall_ns=1587458 cpu_ns=1588333 states=8192 verified=14 completion=3 alternatives=7
INSTRUMENTATION_STATUS_CODE: 0
INSTRUMENTATION_STATUS: numtests=161
INSTRUMENTATION_STATUS: stream=.
INSTRUMENTATION_STATUS: id=AndroidJUnitRunner
INSTRUMENTATION_STATUS: test=packedTopSevenAndExhaustiveComparison
INSTRUMENTATION_STATUS: class=io.github.mesteriis.rune.keyboard.smarttyping.lexicon.TopSevenInstrumentedTest
INSTRUMENTATION_STATUS: current=161
INSTRUMENTATION_STATUS_CODE: 0
INSTRUMENTATION_RESULT: stream=

Time: 1,329.455

OK (161 tests)


INSTRUMENTATION_CODE: -1
