INSTRUMENTATION_STATUS: class=io.github.mesteriis.rune.keyboard.ime.ui.CandidateStripInstrumentedTest
INSTRUMENTATION_STATUS: current=1
INSTRUMENTATION_STATUS: id=AndroidJUnitRunner
INSTRUMENTATION_STATUS: numtests=161
INSTRUMENTATION_STATUS: stream=
io.github.mesteriis.rune.keyboard.ime.ui.CandidateStripInstrumentedTest:
INSTRUMENTATION_STATUS: test=candidateUpdatesKeepKeysShiftLanguageAndContainerIdentity
INSTRUMENTATION_STATUS_CODE: 1
INSTRUMENTATION_STATUS: class=io.github.mesteriis.rune.keyboard.ime.ui.CandidateStripInstrumentedTest
INSTRUMENTATION_STATUS: current=1
INSTRUMENTATION_STATUS: id=AndroidJUnitRunner
INSTRUMENTATION_STATUS: numtests=161
INSTRUMENTATION_STATUS: stream=.
INSTRUMENTATION_STATUS: test=candidateUpdatesKeepKeysShiftLanguageAndContainerIdentity
INSTRUMENTATION_STATUS_CODE: 0
INSTRUMENTATION_STATUS: class=io.github.mesteriis.rune.keyboard.ime.ui.CandidateStripInstrumentedTest
INSTRUMENTATION_STATUS: current=2
INSTRUMENTATION_STATUS: id=AndroidJUnitRunner
INSTRUMENTATION_STATUS: numtests=161
INSTRUMENTATION_STATUS: stream=
INSTRUMENTATION_STATUS: test=updateDuringHeldKeyDoesNotCancelTouchOrFlushPendingRender
INSTRUMENTATION_STATUS_CODE: 1
INSTRUMENTATION_STATUS: class=io.github.mesteriis.rune.keyboard.ime.ui.CandidateStripInstrumentedTest
INSTRUMENTATION_STATUS: current=2
INSTRUMENTATION_STATUS: id=AndroidJUnitRunner
INSTRUMENTATION_STATUS: numtests=161
INSTRUMENTATION_STATUS: stream=.
INSTRUMENTATION_STATUS: test=updateDuringHeldKeyDoesNotCancelTouchOrFlushPendingRender
INSTRUMENTATION_STATUS_CODE: 0
INSTRUMENTATION_STATUS: class=io.github.mesteriis.rune.keyboard.ime.ui.CandidateStripInstrumentedTest
INSTRUMENTATION_STATUS: current=3
INSTRUMENTATION_STATUS: id=AndroidJUnitRunner
INSTRUMENTATION_STATUS: numtests=161
INSTRUMENTATION_STATUS: stream=
INSTRUMENTATION_STATUS: test=candidateRefreshBetweenDownAndUpDoesNotSelectReplacementCell
INSTRUMENTATION_STATUS_CODE: 1
INSTRUMENTATION_STATUS: class=io.github.mesteriis.rune.keyboard.ime.ui.CandidateStripInstrumentedTest
INSTRUMENTATION_STATUS: current=3
INSTRUMENTATION_STATUS: id=AndroidJUnitRunner
INSTRUMENTATION_STATUS: numtests=161
INSTRUMENTATION_STATUS: stream=.
INSTRUMENTATION_STATUS: test=candidateRefreshBetweenDownAndUpDoesNotSelectReplacementCell
INSTRUMENTATION_STATUS_CODE: 0
INSTRUMENTATION_STATUS: class=io.github.mesteriis.rune.keyboard.ime.ui.CandidateStripInstrumentedTest
INSTRUMENTATION_STATUS: current=4
INSTRUMENTATION_STATUS: id=AndroidJUnitRunner
INSTRUMENTATION_STATUS: numtests=161
INSTRUMENTATION_STATUS: stream=
INSTRUMENTATION_STATUS: test=cancellationStillReachesNestedLetterAndSpaceKeys
INSTRUMENTATION_STATUS_CODE: 1
INSTRUMENTATION_STATUS: class=io.github.mesteriis.rune.keyboard.ime.ui.CandidateStripInstrumentedTest
INSTRUMENTATION_STATUS: current=4
INSTRUMENTATION_STATUS: id=AndroidJUnitRunner
INSTRUMENTATION_STATUS: numtests=161
INSTRUMENTATION_STATUS: stream=.
INSTRUMENTATION_STATUS: test=cancellationStillReachesNestedLetterAndSpaceKeys
INSTRUMENTATION_STATUS_CODE: 0
INSTRUMENTATION_STATUS: class=io.github.mesteriis.rune.keyboard.ime.ui.CandidateStripInstrumentedTest
INSTRUMENTATION_STATUS: current=5
INSTRUMENTATION_STATUS: id=AndroidJUnitRunner
INSTRUMENTATION_STATUS: numtests=161
INSTRUMENTATION_STATUS: stream=
INSTRUMENTATION_STATUS: test=originalAndCorrectionExposeSelectedStateLabelledActionAndIdCallbacks
INSTRUMENTATION_STATUS_CODE: 1
INSTRUMENTATION_STATUS: class=io.github.mesteriis.rune.keyboard.ime.ui.CandidateStripInstrumentedTest
INSTRUMENTATION_STATUS: current=5
INSTRUMENTATION_STATUS: id=AndroidJUnitRunner
INSTRUMENTATION_STATUS: numtests=161
INSTRUMENTATION_STATUS: stream=.
INSTRUMENTATION_STATUS: test=originalAndCorrectionExposeSelectedStateLabelledActionAndIdCallbacks
INSTRUMENTATION_STATUS_CODE: 0
INSTRUMENTATION_STATUS: class=io.github.mesteriis.rune.keyboard.ime.ui.CandidateStripInstrumentedTest
INSTRUMENTATION_STATUS: current=6
INSTRUMENTATION_STATUS: id=AndroidJUnitRunner
INSTRUMENTATION_STATUS: numtests=161
INSTRUMENTATION_STATUS: stream=
INSTRUMENTATION_STATUS: test=candidateUpOutsideWithoutMoveDoesNotSelect
INSTRUMENTATION_STATUS_CODE: 1
INSTRUMENTATION_STATUS: class=io.github.mesteriis.rune.keyboard.ime.ui.CandidateStripInstrumentedTest
INSTRUMENTATION_STATUS: current=6
INSTRUMENTATION_STATUS: id=AndroidJUnitRunner
INSTRUMENTATION_STATUS: numtests=161
INSTRUMENTATION_STATUS: stream=.
INSTRUMENTATION_STATUS: test=candidateUpOutsideWithoutMoveDoesNotSelect
INSTRUMENTATION_STATUS_CODE: 0
INSTRUMENTATION_STATUS: class=io.github.mesteriis.rune.keyboard.ime.ui.CandidateStripInstrumentedTest
INSTRUMENTATION_STATUS: current=7
INSTRUMENTATION_STATUS: id=AndroidJUnitRunner
INSTRUMENTATION_STATUS: numtests=161
INSTRUMENTATION_STATUS: stream=
INSTRUMENTATION_STATUS: test=secondaryPointerIsIgnoredAndCannotTakeOverReleasedOwner
INSTRUMENTATION_STATUS_CODE: 1
INSTRUMENTATION_STATUS: class=io.github.mesteriis.rune.keyboard.ime.ui.CandidateStripInstrumentedTest
INSTRUMENTATION_STATUS: current=7
INSTRUMENTATION_STATUS: id=AndroidJUnitRunner
INSTRUMENTATION_STATUS: numtests=161
INSTRUMENTATION_STATUS: stream=.
INSTRUMENTATION_STATUS: test=secondaryPointerIsIgnoredAndCannotTakeOverReleasedOwner
INSTRUMENTATION_STATUS_CODE: 0
INSTRUMENTATION_STATUS: class=io.github.mesteriis.rune.keyboard.ime.ui.CandidateStripInstrumentedTest
INSTRUMENTATION_STATUS: current=8
INSTRUMENTATION_STATUS: id=AndroidJUnitRunner
INSTRUMENTATION_STATUS: numtests=161
INSTRUMENTATION_STATUS: stream=
INSTRUMENTATION_STATUS: test=candidateUpdateKeepsAttachedAlternatePopupSelectionAlive
INSTRUMENTATION_STATUS_CODE: 1
INSTRUMENTATION_STATUS: class=io.github.mesteriis.rune.keyboard.ime.ui.CandidateStripInstrumentedTest
INSTRUMENTATION_STATUS: current=8
INSTRUMENTATION_STATUS: id=AndroidJUnitRunner
INSTRUMENTATION_STATUS: numtests=161
INSTRUMENTATION_STATUS: stream=.
INSTRUMENTATION_STATUS: test=candidateUpdateKeepsAttachedAlternatePopupSelectionAlive
INSTRUMENTATION_STATUS_CODE: 0
INSTRUMENTATION_STATUS: class=io.github.mesteriis.rune.keyboard.ime.ui.CandidateStripInstrumentedTest
INSTRUMENTATION_STATUS: current=9
INSTRUMENTATION_STATUS: id=AndroidJUnitRunner
INSTRUMENTATION_STATUS: numtests=161
INSTRUMENTATION_STATUS: stream=
INSTRUMENTATION_STATUS: test=sameIdWithChangedTextOrTypeCancelsPendingCandidateTap
INSTRUMENTATION_STATUS_CODE: 1
INSTRUMENTATION_STATUS: class=io.github.mesteriis.rune.keyboard.ime.ui.CandidateStripInstrumentedTest
INSTRUMENTATION_STATUS: current=9
INSTRUMENTATION_STATUS: id=AndroidJUnitRunner
INSTRUMENTATION_STATUS: numtests=161
INSTRUMENTATION_STATUS: stream=.
INSTRUMENTATION_STATUS: test=sameIdWithChangedTextOrTypeCancelsPendingCandidateTap
INSTRUMENTATION_STATUS_CODE: 0
INSTRUMENTATION_STATUS: class=io.github.mesteriis.rune.keyboard.ime.ui.CandidateStripInstrumentedTest
INSTRUMENTATION_STATUS: current=10
INSTRUMENTATION_STATUS: id=AndroidJUnitRunner
INSTRUMENTATION_STATUS: numtests=161
INSTRUMENTATION_STATUS: stream=
INSTRUMENTATION_STATUS: test=missingOwnerPointerCancelsCandidateTap
INSTRUMENTATION_STATUS_CODE: 1
INSTRUMENTATION_STATUS: class=io.github.mesteriis.rune.keyboard.ime.ui.CandidateStripInstrumentedTest
INSTRUMENTATION_STATUS: current=10
INSTRUMENTATION_STATUS: id=AndroidJUnitRunner
INSTRUMENTATION_STATUS: numtests=161
INSTRUMENTATION_STATUS: stream=.
INSTRUMENTATION_STATUS: test=missingOwnerPointerCancelsCandidateTap
INSTRUMENTATION_STATUS_CODE: 0
INSTRUMENTATION_STATUS: class=io.github.mesteriis.rune.keyboard.intelligence.client.BoundModelScoringClientInstrumentedTest
INSTRUMENTATION_STATUS: current=11
INSTRUMENTATION_STATUS: id=AndroidJUnitRunner
INSTRUMENTATION_STATUS: numtests=161
INSTRUMENTATION_STATUS: stream=
io.github.mesteriis.rune.keyboard.intelligence.client.BoundModelScoringClientInstrumentedTest:
INSTRUMENTATION_STATUS: test=repeatedSecurityExceptionsReleaseEveryConnectionAndStopRetryWhenIneligible
INSTRUMENTATION_STATUS_CODE: 1
INSTRUMENTATION_STATUS: class=io.github.mesteriis.rune.keyboard.intelligence.client.BoundModelScoringClientInstrumentedTest
INSTRUMENTATION_STATUS: current=11
INSTRUMENTATION_STATUS: id=AndroidJUnitRunner
INSTRUMENTATION_STATUS: numtests=161
INSTRUMENTATION_STATUS: stream=.
INSTRUMENTATION_STATUS: test=repeatedSecurityExceptionsReleaseEveryConnectionAndStopRetryWhenIneligible
INSTRUMENTATION_STATUS_CODE: 0
INSTRUMENTATION_STATUS: class=io.github.mesteriis.rune.keyboard.intelligence.client.BoundModelScoringClientInstrumentedTest
INSTRUMENTATION_STATUS: current=12
INSTRUMENTATION_STATUS: id=AndroidJUnitRunner
INSTRUMENTATION_STATUS: numtests=161
INSTRUMENTATION_STATUS: stream=
INSTRUMENTATION_STATUS: test=repeatedFalseBindsReleaseEveryConnectionAndStopRetryWhenIneligible
INSTRUMENTATION_STATUS_CODE: 1
INSTRUMENTATION_STATUS: class=io.github.mesteriis.rune.keyboard.intelligence.client.BoundModelScoringClientInstrumentedTest
INSTRUMENTATION_STATUS: current=12
INSTRUMENTATION_STATUS: id=AndroidJUnitRunner
INSTRUMENTATION_STATUS: numtests=161
INSTRUMENTATION_STATUS: stream=.
INSTRUMENTATION_STATUS: test=repeatedFalseBindsReleaseEveryConnectionAndStopRetryWhenIneligible
INSTRUMENTATION_STATUS_CODE: 0
INSTRUMENTATION_STATUS: class=io.github.mesteriis.rune.keyboard.intelligence.client.ModelDemandClientInstrumentedTest
INSTRUMENTATION_STATUS: current=13
INSTRUMENTATION_STATUS: id=AndroidJUnitRunner
INSTRUMENTATION_STATUS: numtests=161
INSTRUMENTATION_STATUS: stream=
io.github.mesteriis.rune.keyboard.intelligence.client.ModelDemandClientInstrumentedTest:
INSTRUMENTATION_STATUS: test=falseBindsExhaustExactlyTwoRetriesWhileDemandRemainsTrue
INSTRUMENTATION_STATUS_CODE: 1
INSTRUMENTATION_STATUS: class=io.github.mesteriis.rune.keyboard.intelligence.client.ModelDemandClientInstrumentedTest
INSTRUMENTATION_STATUS: current=13
INSTRUMENTATION_STATUS: id=AndroidJUnitRunner
INSTRUMENTATION_STATUS: numtests=161
INSTRUMENTATION_STATUS: stream=.
INSTRUMENTATION_STATUS: test=falseBindsExhaustExactlyTwoRetriesWhileDemandRemainsTrue
INSTRUMENTATION_STATUS_CODE: 0
INSTRUMENTATION_STATUS: class=io.github.mesteriis.rune.keyboard.intelligence.client.ModelDemandClientInstrumentedTest
INSTRUMENTATION_STATUS: current=14
INSTRUMENTATION_STATUS: id=AndroidJUnitRunner
INSTRUMENTATION_STATUS: numtests=161
INSTRUMENTATION_STATUS: stream=
INSTRUMENTATION_STATUS: test=nullBindingAndDeathDisconnectOnceAndConnectedNotificationsAreTransitions
INSTRUMENTATION_STATUS_CODE: 1
INSTRUMENTATION_STATUS: class=io.github.mesteriis.rune.keyboard.intelligence.client.ModelDemandClientInstrumentedTest
INSTRUMENTATION_STATUS: current=14
INSTRUMENTATION_STATUS: id=AndroidJUnitRunner
INSTRUMENTATION_STATUS: numtests=161
INSTRUMENTATION_STATUS: stream=.
INSTRUMENTATION_STATUS: test=nullBindingAndDeathDisconnectOnceAndConnectedNotificationsAreTransitions
INSTRUMENTATION_STATUS_CODE: 0
INSTRUMENTATION_STATUS: class=io.github.mesteriis.rune.keyboard.intelligence.client.ModelDemandClientInstrumentedTest
INSTRUMENTATION_STATUS: current=15
INSTRUMENTATION_STATUS: id=AndroidJUnitRunner
INSTRUMENTATION_STATUS: numtests=161
INSTRUMENTATION_STATUS: stream=
INSTRUMENTATION_STATUS: test=disableAndTerminalCloseRemoveTimersAndRejectCapturedTasks
INSTRUMENTATION_STATUS_CODE: 1
INSTRUMENTATION_STATUS: class=io.github.mesteriis.rune.keyboard.intelligence.client.ModelDemandClientInstrumentedTest
INSTRUMENTATION_STATUS: current=15
INSTRUMENTATION_STATUS: id=AndroidJUnitRunner
INSTRUMENTATION_STATUS: numtests=161
INSTRUMENTATION_STATUS: stream=.
INSTRUMENTATION_STATUS: test=disableAndTerminalCloseRemoveTimersAndRejectCapturedTasks
INSTRUMENTATION_STATUS_CODE: 0
INSTRUMENTATION_STATUS: class=io.github.mesteriis.rune.keyboard.intelligence.client.ModelDemandClientInstrumentedTest
INSTRUMENTATION_STATUS: current=16
INSTRUMENTATION_STATUS: id=AndroidJUnitRunner
INSTRUMENTATION_STATUS: numtests=161
INSTRUMENTATION_STATUS: stream=
INSTRUMENTATION_STATUS: test=offOnPreservesWatermarkAndRetiredCallbackCannotDeliver
INSTRUMENTATION_STATUS_CODE: 1
INSTRUMENTATION_STATUS: class=io.github.mesteriis.rune.keyboard.intelligence.client.ModelDemandClientInstrumentedTest
INSTRUMENTATION_STATUS: current=16
INSTRUMENTATION_STATUS: id=AndroidJUnitRunner
INSTRUMENTATION_STATUS: numtests=161
INSTRUMENTATION_STATUS: stream=.
INSTRUMENTATION_STATUS: test=offOnPreservesWatermarkAndRetiredCallbackCannotDeliver
INSTRUMENTATION_STATUS_CODE: 0
INSTRUMENTATION_STATUS: class=io.github.mesteriis.rune.keyboard.intelligence.client.ModelDemandClientInstrumentedTest
INSTRUMENTATION_STATUS: current=17
INSTRUMENTATION_STATUS: id=AndroidJUnitRunner
INSTRUMENTATION_STATUS: numtests=161
INSTRUMENTATION_STATUS: stream=
INSTRUMENTATION_STATUS: test=oldTimerCannotEraseNewPendingRetryAndOldConnectionCannotDisconnectIt
INSTRUMENTATION_STATUS_CODE: 1
INSTRUMENTATION_STATUS: class=io.github.mesteriis.rune.keyboard.intelligence.client.ModelDemandClientInstrumentedTest
INSTRUMENTATION_STATUS: current=17
INSTRUMENTATION_STATUS: id=AndroidJUnitRunner
INSTRUMENTATION_STATUS: numtests=161
INSTRUMENTATION_STATUS: stream=.
INSTRUMENTATION_STATUS: test=oldTimerCannotEraseNewPendingRetryAndOldConnectionCannotDisconnectIt
INSTRUMENTATION_STATUS_CODE: 0
INSTRUMENTATION_STATUS: class=io.github.mesteriis.rune.keyboard.intelligence.client.ModelDemandClientInstrumentedTest
INSTRUMENTATION_STATUS: current=18
INSTRUMENTATION_STATUS: id=AndroidJUnitRunner
INSTRUMENTATION_STATUS: numtests=161
INSTRUMENTATION_STATUS: stream=
INSTRUMENTATION_STATUS: test=newSessionCancelsOldRequestAndGenerationRejectsRecycledTokenCallback
INSTRUMENTATION_STATUS_CODE: 1
INSTRUMENTATION_STATUS: class=io.github.mesteriis.rune.keyboard.intelligence.client.ModelDemandClientInstrumentedTest
INSTRUMENTATION_STATUS: current=18
INSTRUMENTATION_STATUS: id=AndroidJUnitRunner
INSTRUMENTATION_STATUS: numtests=161
INSTRUMENTATION_STATUS: stream=.
INSTRUMENTATION_STATUS: test=newSessionCancelsOldRequestAndGenerationRejectsRecycledTokenCallback
INSTRUMENTATION_STATUS_CODE: 0
INSTRUMENTATION_STATUS: class=io.github.mesteriis.rune.keyboard.intelligence.client.ModelDemandClientInstrumentedTest
INSTRUMENTATION_STATUS: current=19
INSTRUMENTATION_STATUS: id=AndroidJUnitRunner
INSTRUMENTATION_STATUS: numtests=161
INSTRUMENTATION_STATUS: stream=
INSTRUMENTATION_STATUS: test=sameAttachPreservesReplyAndRequestSequence
INSTRUMENTATION_STATUS_CODE: 1
INSTRUMENTATION_STATUS: class=io.github.mesteriis.rune.keyboard.intelligence.client.ModelDemandClientInstrumentedTest
INSTRUMENTATION_STATUS: current=19
INSTRUMENTATION_STATUS: id=AndroidJUnitRunner
INSTRUMENTATION_STATUS: numtests=161
INSTRUMENTATION_STATUS: stream=.
INSTRUMENTATION_STATUS: test=sameAttachPreservesReplyAndRequestSequence
INSTRUMENTATION_STATUS_CODE: 0
INSTRUMENTATION_STATUS: class=io.github.mesteriis.rune.keyboard.intelligence.client.ModelDemandClientInstrumentedTest
INSTRUMENTATION_STATUS: current=20
INSTRUMENTATION_STATUS: id=AndroidJUnitRunner
INSTRUMENTATION_STATUS: numtests=161
INSTRUMENTATION_STATUS: stream=
INSTRUMENTATION_STATUS: test=normalizedNoDemandNeverBindsAndConsumerDomainsAreIndependent
INSTRUMENTATION_STATUS_CODE: 1
INSTRUMENTATION_STATUS: class=io.github.mesteriis.rune.keyboard.intelligence.client.ModelDemandClientInstrumentedTest
INSTRUMENTATION_STATUS: current=20
INSTRUMENTATION_STATUS: id=AndroidJUnitRunner
INSTRUMENTATION_STATUS: numtests=161
INSTRUMENTATION_STATUS: stream=.
INSTRUMENTATION_STATUS: test=normalizedNoDemandNeverBindsAndConsumerDomainsAreIndependent
INSTRUMENTATION_STATUS_CODE: 0
INSTRUMENTATION_STATUS: class=io.github.mesteriis.rune.keyboard.intelligence.client.ModelDemandClientInstrumentedTest
INSTRUMENTATION_STATUS: current=21
INSTRUMENTATION_STATUS: id=AndroidJUnitRunner
INSTRUMENTATION_STATUS: numtests=161
INSTRUMENTATION_STATUS: stream=
INSTRUMENTATION_STATUS: test=remoteFailureClearsActiveTokenAndDoesNotReplayOnReconnect
INSTRUMENTATION_STATUS_CODE: 1
INSTRUMENTATION_STATUS: class=io.github.mesteriis.rune.keyboard.intelligence.client.ModelDemandClientInstrumentedTest
INSTRUMENTATION_STATUS: current=21
INSTRUMENTATION_STATUS: id=AndroidJUnitRunner
INSTRUMENTATION_STATUS: numtests=161
INSTRUMENTATION_STATUS: stream=.
INSTRUMENTATION_STATUS: test=remoteFailureClearsActiveTokenAndDoesNotReplayOnReconnect
INSTRUMENTATION_STATUS_CODE: 0
INSTRUMENTATION_STATUS: class=io.github.mesteriis.rune.keyboard.intelligence.client.ModelDemandClientInstrumentedTest
INSTRUMENTATION_STATUS: current=22
INSTRUMENTATION_STATUS: id=AndroidJUnitRunner
INSTRUMENTATION_STATUS: numtests=161
INSTRUMENTATION_STATUS: stream=
INSTRUMENTATION_STATUS: test=successfulReconnectsDoNotReplenishCreditOrReplayRequests
INSTRUMENTATION_STATUS_CODE: 1
INSTRUMENTATION_STATUS: class=io.github.mesteriis.rune.keyboard.intelligence.client.ModelDemandClientInstrumentedTest
INSTRUMENTATION_STATUS: current=22
INSTRUMENTATION_STATUS: id=AndroidJUnitRunner
INSTRUMENTATION_STATUS: numtests=161
INSTRUMENTATION_STATUS: stream=.
INSTRUMENTATION_STATUS: test=successfulReconnectsDoNotReplenishCreditOrReplayRequests
INSTRUMENTATION_STATUS_CODE: 0
INSTRUMENTATION_STATUS: class=io.github.mesteriis.rune.keyboard.intelligence.client.ModelDemandClientInstrumentedTest
INSTRUMENTATION_STATUS: current=23
INSTRUMENTATION_STATUS: id=AndroidJUnitRunner
INSTRUMENTATION_STATUS: numtests=161
INSTRUMENTATION_STATUS: stream=
INSTRUMENTATION_STATUS: test=securityFailuresExhaustExactlyTwoRetriesWhileDemandRemainsTrue
INSTRUMENTATION_STATUS_CODE: 1
INSTRUMENTATION_STATUS: class=io.github.mesteriis.rune.keyboard.intelligence.client.ModelDemandClientInstrumentedTest
INSTRUMENTATION_STATUS: current=23
INSTRUMENTATION_STATUS: id=AndroidJUnitRunner
INSTRUMENTATION_STATUS: numtests=161
INSTRUMENTATION_STATUS: stream=.
INSTRUMENTATION_STATUS: test=securityFailuresExhaustExactlyTwoRetriesWhileDemandRemainsTrue
INSTRUMENTATION_STATUS_CODE: 0
INSTRUMENTATION_STATUS: class=io.github.mesteriis.rune.keyboard.intelligence.delivery.DeliveryStateStoreInstrumentedTest
INSTRUMENTATION_STATUS: current=24
INSTRUMENTATION_STATUS: id=AndroidJUnitRunner
INSTRUMENTATION_STATUS: numtests=161
INSTRUMENTATION_STATUS: stream=
io.github.mesteriis.rune.keyboard.intelligence.delivery.DeliveryStateStoreInstrumentedTest:
INSTRUMENTATION_STATUS: test=atomicallyRoundTripsInDedicatedDirectory
INSTRUMENTATION_STATUS_CODE: 1
INSTRUMENTATION_STATUS: class=io.github.mesteriis.rune.keyboard.intelligence.delivery.DeliveryStateStoreInstrumentedTest
INSTRUMENTATION_STATUS: current=24
INSTRUMENTATION_STATUS: id=AndroidJUnitRunner
INSTRUMENTATION_STATUS: numtests=161
INSTRUMENTATION_STATUS: stream=.
INSTRUMENTATION_STATUS: test=atomicallyRoundTripsInDedicatedDirectory
INSTRUMENTATION_STATUS_CODE: 0
INSTRUMENTATION_STATUS: class=io.github.mesteriis.rune.keyboard.intelligence.delivery.DeliveryStateStoreInstrumentedTest
INSTRUMENTATION_STATUS: current=25
INSTRUMENTATION_STATUS: id=AndroidJUnitRunner
INSTRUMENTATION_STATUS: numtests=161
INSTRUMENTATION_STATUS: stream=
INSTRUMENTATION_STATUS: test=recoversCommittedBackupWhenBaseFileIsMissing
INSTRUMENTATION_STATUS_CODE: 1
INSTRUMENTATION_STATUS: class=io.github.mesteriis.rune.keyboard.intelligence.delivery.DeliveryStateStoreInstrumentedTest
INSTRUMENTATION_STATUS: current=25
INSTRUMENTATION_STATUS: id=AndroidJUnitRunner
INSTRUMENTATION_STATUS: numtests=161
INSTRUMENTATION_STATUS: stream=.
INSTRUMENTATION_STATUS: test=recoversCommittedBackupWhenBaseFileIsMissing
INSTRUMENTATION_STATUS_CODE: 0
INSTRUMENTATION_STATUS: class=io.github.mesteriis.rune.keyboard.intelligence.delivery.DeliveryStateStoreInstrumentedTest
INSTRUMENTATION_STATUS: current=26
INSTRUMENTATION_STATUS: id=AndroidJUnitRunner
INSTRUMENTATION_STATUS: numtests=161
INSTRUMENTATION_STATUS: stream=
INSTRUMENTATION_STATUS: test=concurrentInstancesSerializeWithinOneProcess
INSTRUMENTATION_STATUS_CODE: 1
INSTRUMENTATION_STATUS: class=io.github.mesteriis.rune.keyboard.intelligence.delivery.DeliveryStateStoreInstrumentedTest
INSTRUMENTATION_STATUS: current=26
INSTRUMENTATION_STATUS: id=AndroidJUnitRunner
INSTRUMENTATION_STATUS: numtests=161
INSTRUMENTATION_STATUS: stream=.
INSTRUMENTATION_STATUS: test=concurrentInstancesSerializeWithinOneProcess
INSTRUMENTATION_STATUS_CODE: 0
INSTRUMENTATION_STATUS: class=io.github.mesteriis.rune.keyboard.intelligence.delivery.ModelDeliveryManifestInstrumentedTest
INSTRUMENTATION_STATUS: current=27
INSTRUMENTATION_STATUS: id=AndroidJUnitRunner
INSTRUMENTATION_STATUS: numtests=161
INSTRUMENTATION_STATUS: stream=
io.github.mesteriis.rune.keyboard.intelligence.delivery.ModelDeliveryManifestInstrumentedTest:
INSTRUMENTATION_STATUS: test=declaresOnlyInternetAndPrivateWorkerComponents
INSTRUMENTATION_STATUS_CODE: 1
INSTRUMENTATION_STATUS: class=io.github.mesteriis.rune.keyboard.intelligence.delivery.ModelDeliveryManifestInstrumentedTest
INSTRUMENTATION_STATUS: current=27
INSTRUMENTATION_STATUS: id=AndroidJUnitRunner
INSTRUMENTATION_STATUS: numtests=161
INSTRUMENTATION_STATUS: stream=.
INSTRUMENTATION_STATUS: test=declaresOnlyInternetAndPrivateWorkerComponents
INSTRUMENTATION_STATUS_CODE: 0
INSTRUMENTATION_STATUS: class=io.github.mesteriis.rune.keyboard.intelligence.inference.ActiveModelLifecycleInstrumentedTest
INSTRUMENTATION_STATUS: current=28
INSTRUMENTATION_STATUS: id=AndroidJUnitRunner
INSTRUMENTATION_STATUS: numtests=161
INSTRUMENTATION_STATUS: stream=
io.github.mesteriis.rune.keyboard.intelligence.inference.ActiveModelLifecycleInstrumentedTest:
INSTRUMENTATION_STATUS: test=retiredWatchCallbacksAfterRestartCannotPoisonCurrentRegistration
INSTRUMENTATION_STATUS_CODE: 1
INSTRUMENTATION_STATUS: class=io.github.mesteriis.rune.keyboard.intelligence.inference.ActiveModelLifecycleInstrumentedTest
INSTRUMENTATION_STATUS: current=28
INSTRUMENTATION_STATUS: id=AndroidJUnitRunner
INSTRUMENTATION_STATUS: numtests=161
INSTRUMENTATION_STATUS: stream=.
INSTRUMENTATION_STATUS: test=retiredWatchCallbacksAfterRestartCannotPoisonCurrentRegistration
INSTRUMENTATION_STATUS_CODE: 0
INSTRUMENTATION_STATUS: class=io.github.mesteriis.rune.keyboard.intelligence.inference.ActiveModelLifecycleInstrumentedTest
INSTRUMENTATION_STATUS: current=29
INSTRUMENTATION_STATUS: id=AndroidJUnitRunner
INSTRUMENTATION_STATUS: numtests=161
INSTRUMENTATION_STATUS: stream=
INSTRUMENTATION_STATUS: test=ordinaryCancellationSuppressesLateSuccessAndReusesValidatedModel
INSTRUMENTATION_STATUS_CODE: 1
INSTRUMENTATION_STATUS: class=io.github.mesteriis.rune.keyboard.intelligence.inference.ActiveModelLifecycleInstrumentedTest
INSTRUMENTATION_STATUS: current=29
INSTRUMENTATION_STATUS: id=AndroidJUnitRunner
INSTRUMENTATION_STATUS: numtests=161
INSTRUMENTATION_STATUS: stream=.
INSTRUMENTATION_STATUS: test=ordinaryCancellationSuppressesLateSuccessAndReusesValidatedModel
INSTRUMENTATION_STATUS_CODE: 0
INSTRUMENTATION_STATUS: class=io.github.mesteriis.rune.keyboard.intelligence.inference.ActiveModelLifecycleInstrumentedTest
INSTRUMENTATION_STATUS: current=30
INSTRUMENTATION_STATUS: id=AndroidJUnitRunner
INSTRUMENTATION_STATUS: numtests=161
INSTRUMENTATION_STATUS: stream=
INSTRUMENTATION_STATUS: test=explicitInvalidationOfUnchangedIdentityStillUnloadsBeforeReload
INSTRUMENTATION_STATUS_CODE: 1
INSTRUMENTATION_STATUS: class=io.github.mesteriis.rune.keyboard.intelligence.inference.ActiveModelLifecycleInstrumentedTest
INSTRUMENTATION_STATUS: current=30
INSTRUMENTATION_STATUS: id=AndroidJUnitRunner
INSTRUMENTATION_STATUS: numtests=161
INSTRUMENTATION_STATUS: stream=.
INSTRUMENTATION_STATUS: test=explicitInvalidationOfUnchangedIdentityStillUnloadsBeforeReload
INSTRUMENTATION_STATUS_CODE: 0
INSTRUMENTATION_STATUS: class=io.github.mesteriis.rune.keyboard.intelligence.inference.ActiveModelLifecycleInstrumentedTest
INSTRUMENTATION_STATUS: current=31
INSTRUMENTATION_STATUS: id=AndroidJUnitRunner
INSTRUMENTATION_STATUS: numtests=161
INSTRUMENTATION_STATUS: stream=
INSTRUMENTATION_STATUS: test=retiredWatchCallbacksAfterCloseCannotInvalidate
INSTRUMENTATION_STATUS_CODE: 1
INSTRUMENTATION_STATUS: class=io.github.mesteriis.rune.keyboard.intelligence.inference.ActiveModelLifecycleInstrumentedTest
INSTRUMENTATION_STATUS: current=31
INSTRUMENTATION_STATUS: id=AndroidJUnitRunner
INSTRUMENTATION_STATUS: numtests=161
INSTRUMENTATION_STATUS: stream=.
INSTRUMENTATION_STATUS: test=retiredWatchCallbacksAfterCloseCannotInvalidate
INSTRUMENTATION_STATUS_CODE: 0
INSTRUMENTATION_STATUS: class=io.github.mesteriis.rune.keyboard.intelligence.inference.ActiveModelLifecycleInstrumentedTest
INSTRUMENTATION_STATUS: current=32
INSTRUMENTATION_STATUS: id=AndroidJUnitRunner
INSTRUMENTATION_STATUS: numtests=161
INSTRUMENTATION_STATUS: stream=
INSTRUMENTATION_STATUS: test=failedWatchRestartRetiresCallbacksAndLaterCurrentEventStillInvalidates
INSTRUMENTATION_STATUS_CODE: 1
INSTRUMENTATION_STATUS: class=io.github.mesteriis.rune.keyboard.intelligence.inference.ActiveModelLifecycleInstrumentedTest
INSTRUMENTATION_STATUS: current=32
INSTRUMENTATION_STATUS: id=AndroidJUnitRunner
INSTRUMENTATION_STATUS: numtests=161
INSTRUMENTATION_STATUS: stream=.
INSTRUMENTATION_STATUS: test=failedWatchRestartRetiresCallbacksAndLaterCurrentEventStillInvalidates
INSTRUMENTATION_STATUS_CODE: 0
INSTRUMENTATION_STATUS: class=io.github.mesteriis.rune.keyboard.intelligence.inference.ActiveModelLifecycleInstrumentedTest
INSTRUMENTATION_STATUS: current=33
INSTRUMENTATION_STATUS: id=AndroidJUnitRunner
INSTRUMENTATION_STATUS: numtests=161
INSTRUMENTATION_STATUS: stream=
INSTRUMENTATION_STATUS: test=committedBackupWinsWithoutReadSideRecovery
INSTRUMENTATION_STATUS_CODE: 1
INSTRUMENTATION_STATUS: class=io.github.mesteriis.rune.keyboard.intelligence.inference.ActiveModelLifecycleInstrumentedTest
INSTRUMENTATION_STATUS: current=33
INSTRUMENTATION_STATUS: id=AndroidJUnitRunner
INSTRUMENTATION_STATUS: numtests=161
INSTRUMENTATION_STATUS: stream=.
INSTRUMENTATION_STATUS: test=committedBackupWinsWithoutReadSideRecovery
INSTRUMENTATION_STATUS_CODE: 0
INSTRUMENTATION_STATUS: class=io.github.mesteriis.rune.keyboard.intelligence.inference.ActiveModelLifecycleInstrumentedTest
INSTRUMENTATION_STATUS: current=34
INSTRUMENTATION_STATUS: id=AndroidJUnitRunner
INSTRUMENTATION_STATUS: numtests=161
INSTRUMENTATION_STATUS: stream=
INSTRUMENTATION_STATUS: test=modelSizeAndSymlinkEscapeAreRejectedBeforeLoad
INSTRUMENTATION_STATUS_CODE: 1
INSTRUMENTATION_STATUS: class=io.github.mesteriis.rune.keyboard.intelligence.inference.ActiveModelLifecycleInstrumentedTest
INSTRUMENTATION_STATUS: current=34
INSTRUMENTATION_STATUS: id=AndroidJUnitRunner
INSTRUMENTATION_STATUS: numtests=161
INSTRUMENTATION_STATUS: stream=.
INSTRUMENTATION_STATUS: test=modelSizeAndSymlinkEscapeAreRejectedBeforeLoad
INSTRUMENTATION_STATUS_CODE: 0
INSTRUMENTATION_STATUS: class=io.github.mesteriis.rune.keyboard.intelligence.inference.ActiveModelLifecycleInstrumentedTest
INSTRUMENTATION_STATUS: current=35
INSTRUMENTATION_STATUS: id=AndroidJUnitRunner
INSTRUMENTATION_STATUS: numtests=161
INSTRUMENTATION_STATUS: stream=
INSTRUMENTATION_STATUS: test=pointerRotationCancelsBlockedScoreAndReloadsNextIdentity
INSTRUMENTATION_STATUS_CODE: 1
INSTRUMENTATION_STATUS: class=io.github.mesteriis.rune.keyboard.intelligence.inference.ActiveModelLifecycleInstrumentedTest
INSTRUMENTATION_STATUS: current=35
INSTRUMENTATION_STATUS: id=AndroidJUnitRunner
INSTRUMENTATION_STATUS: numtests=161
INSTRUMENTATION_STATUS: stream=.
INSTRUMENTATION_STATUS: test=pointerRotationCancelsBlockedScoreAndReloadsNextIdentity
INSTRUMENTATION_STATUS_CODE: 0
INSTRUMENTATION_STATUS: class=io.github.mesteriis.rune.keyboard.intelligence.inference.ActiveModelLifecycleInstrumentedTest
INSTRUMENTATION_STATUS: current=36
INSTRUMENTATION_STATUS: id=AndroidJUnitRunner
INSTRUMENTATION_STATUS: numtests=161
INSTRUMENTATION_STATUS: stream=
INSTRUMENTATION_STATUS: test=pointerDeletionCancelsBlockedScoreAndLeavesNoModel
INSTRUMENTATION_STATUS_CODE: 1
INSTRUMENTATION_STATUS: class=io.github.mesteriis.rune.keyboard.intelligence.inference.ActiveModelLifecycleInstrumentedTest
INSTRUMENTATION_STATUS: current=36
INSTRUMENTATION_STATUS: id=AndroidJUnitRunner
INSTRUMENTATION_STATUS: numtests=161
INSTRUMENTATION_STATUS: stream=.
INSTRUMENTATION_STATUS: test=pointerDeletionCancelsBlockedScoreAndLeavesNoModel
INSTRUMENTATION_STATUS_CODE: 0
INSTRUMENTATION_STATUS: class=io.github.mesteriis.rune.keyboard.intelligence.inference.ActiveModelLifecycleInstrumentedTest
INSTRUMENTATION_STATUS: current=37
INSTRUMENTATION_STATUS: id=AndroidJUnitRunner
INSTRUMENTATION_STATUS: numtests=161
INSTRUMENTATION_STATUS: stream=
INSTRUMENTATION_STATUS: test=cancelledWordDuringPreparationReleasesPayloadAndNextWordSharesTheLoad
INSTRUMENTATION_STATUS_CODE: 1
INSTRUMENTATION_STATUS: class=io.github.mesteriis.rune.keyboard.intelligence.inference.ActiveModelLifecycleInstrumentedTest
INSTRUMENTATION_STATUS: current=37
INSTRUMENTATION_STATUS: id=AndroidJUnitRunner
INSTRUMENTATION_STATUS: numtests=161
INSTRUMENTATION_STATUS: stream=.
INSTRUMENTATION_STATUS: test=cancelledWordDuringPreparationReleasesPayloadAndNextWordSharesTheLoad
INSTRUMENTATION_STATUS_CODE: 0
INSTRUMENTATION_STATUS: class=io.github.mesteriis.rune.keyboard.intelligence.inference.ActiveModelLifecycleInstrumentedTest
INSTRUMENTATION_STATUS: current=38
INSTRUMENTATION_STATUS: id=AndroidJUnitRunner
INSTRUMENTATION_STATUS: numtests=161
INSTRUMENTATION_STATUS: stream=
INSTRUMENTATION_STATUS: test=sessionUnbindDuringPreparationCancelsPartialLoadAndRebindStartsFresh
INSTRUMENTATION_STATUS_CODE: 1
INSTRUMENTATION_STATUS: class=io.github.mesteriis.rune.keyboard.intelligence.inference.ActiveModelLifecycleInstrumentedTest
INSTRUMENTATION_STATUS: current=38
INSTRUMENTATION_STATUS: id=AndroidJUnitRunner
INSTRUMENTATION_STATUS: numtests=161
INSTRUMENTATION_STATUS: stream=.
INSTRUMENTATION_STATUS: test=sessionUnbindDuringPreparationCancelsPartialLoadAndRebindStartsFresh
INSTRUMENTATION_STATUS_CODE: 0
INSTRUMENTATION_STATUS: class=io.github.mesteriis.rune.keyboard.intelligence.inference.ActiveModelLifecycleInstrumentedTest
INSTRUMENTATION_STATUS: current=39
INSTRUMENTATION_STATUS: id=AndroidJUnitRunner
INSTRUMENTATION_STATUS: numtests=161
INSTRUMENTATION_STATUS: stream=
INSTRUMENTATION_STATUS: test=missingWatchDirectoryFailsRegistrationAndRealWatchObservesVersionDeletion
INSTRUMENTATION_STATUS_CODE: 1
INSTRUMENTATION_STATUS: class=io.github.mesteriis.rune.keyboard.intelligence.inference.ActiveModelLifecycleInstrumentedTest
INSTRUMENTATION_STATUS: current=39
INSTRUMENTATION_STATUS: id=AndroidJUnitRunner
INSTRUMENTATION_STATUS: numtests=161
INSTRUMENTATION_STATUS: stream=.
INSTRUMENTATION_STATUS: test=missingWatchDirectoryFailsRegistrationAndRealWatchObservesVersionDeletion
INSTRUMENTATION_STATUS_CODE: 0
INSTRUMENTATION_STATUS: class=io.github.mesteriis.rune.keyboard.intelligence.inference.ActiveModelLifecycleInstrumentedTest
INSTRUMENTATION_STATUS: current=40
INSTRUMENTATION_STATUS: id=AndroidJUnitRunner
INSTRUMENTATION_STATUS: numtests=161
INSTRUMENTATION_STATUS: stream=
INSTRUMENTATION_STATUS: test=cancellationBeforeAdapterAdmissionDoesNotLoadScoreOrDiscardWarmModel
INSTRUMENTATION_STATUS_CODE: 1
INSTRUMENTATION_STATUS: class=io.github.mesteriis.rune.keyboard.intelligence.inference.ActiveModelLifecycleInstrumentedTest
INSTRUMENTATION_STATUS: current=40
INSTRUMENTATION_STATUS: id=AndroidJUnitRunner
INSTRUMENTATION_STATUS: numtests=161
INSTRUMENTATION_STATUS: stream=.
INSTRUMENTATION_STATUS: test=cancellationBeforeAdapterAdmissionDoesNotLoadScoreOrDiscardWarmModel
INSTRUMENTATION_STATUS_CODE: 0
INSTRUMENTATION_STATUS: class=io.github.mesteriis.rune.keyboard.intelligence.inference.ActiveModelLifecycleInstrumentedTest
INSTRUMENTATION_STATUS: current=41
INSTRUMENTATION_STATUS: id=AndroidJUnitRunner
INSTRUMENTATION_STATUS: numtests=161
INSTRUMENTATION_STATUS: stream=
INSTRUMENTATION_STATUS: test=closeStillReleasesAValidatedWarmModel
INSTRUMENTATION_STATUS_CODE: 1
INSTRUMENTATION_STATUS: class=io.github.mesteriis.rune.keyboard.intelligence.inference.ActiveModelLifecycleInstrumentedTest
INSTRUMENTATION_STATUS: current=41
INSTRUMENTATION_STATUS: id=AndroidJUnitRunner
INSTRUMENTATION_STATUS: numtests=161
INSTRUMENTATION_STATUS: stream=.
INSTRUMENTATION_STATUS: test=closeStillReleasesAValidatedWarmModel
INSTRUMENTATION_STATUS_CODE: 0
INSTRUMENTATION_STATUS: class=io.github.mesteriis.rune.keyboard.intelligence.inference.ActiveModelLifecycleInstrumentedTest
INSTRUMENTATION_STATUS: current=42
INSTRUMENTATION_STATUS: id=AndroidJUnitRunner
INSTRUMENTATION_STATUS: numtests=161
INSTRUMENTATION_STATUS: stream=
INSTRUMENTATION_STATUS: test=absentCorruptAndOversizedPointersFailClosedBeforeRuntimeLoad
INSTRUMENTATION_STATUS_CODE: 1
INSTRUMENTATION_STATUS: class=io.github.mesteriis.rune.keyboard.intelligence.inference.ActiveModelLifecycleInstrumentedTest
INSTRUMENTATION_STATUS: current=42
INSTRUMENTATION_STATUS: id=AndroidJUnitRunner
INSTRUMENTATION_STATUS: numtests=161
INSTRUMENTATION_STATUS: stream=.
INSTRUMENTATION_STATUS: test=absentCorruptAndOversizedPointersFailClosedBeforeRuntimeLoad
INSTRUMENTATION_STATUS_CODE: 0
INSTRUMENTATION_STATUS: class=io.github.mesteriis.rune.keyboard.intelligence.inference.ActiveModelLifecycleInstrumentedTest
INSTRUMENTATION_STATUS: current=43
INSTRUMENTATION_STATUS: id=AndroidJUnitRunner
INSTRUMENTATION_STATUS: numtests=161
INSTRUMENTATION_STATUS: stream=
INSTRUMENTATION_STATUS: test=nativeLoadKeepsSharedPhysicalLockUntilSourceIsConsumed
INSTRUMENTATION_STATUS_CODE: 1
INSTRUMENTATION_STATUS: class=io.github.mesteriis.rune.keyboard.intelligence.inference.ActiveModelLifecycleInstrumentedTest
INSTRUMENTATION_STATUS: current=43
INSTRUMENTATION_STATUS: id=AndroidJUnitRunner
INSTRUMENTATION_STATUS: numtests=161
INSTRUMENTATION_STATUS: stream=.
INSTRUMENTATION_STATUS: test=nativeLoadKeepsSharedPhysicalLockUntilSourceIsConsumed
INSTRUMENTATION_STATUS_CODE: 0
INSTRUMENTATION_STATUS: class=io.github.mesteriis.rune.keyboard.intelligence.inference.RealModelScoringInstrumentedTest
INSTRUMENTATION_STATUS: current=44
INSTRUMENTATION_STATUS: id=AndroidJUnitRunner
INSTRUMENTATION_STATUS: numtests=161
INSTRUMENTATION_STATUS: stream=
io.github.mesteriis.rune.keyboard.intelligence.inference.RealModelScoringInstrumentedTest:
INSTRUMENTATION_STATUS: test=installedRuneTextLoadsAndScoresBoundedCandidates
INSTRUMENTATION_STATUS_CODE: 1
INSTRUMENTATION_STATUS: class=io.github.mesteriis.rune.keyboard.intelligence.inference.RealModelScoringInstrumentedTest
INSTRUMENTATION_STATUS: current=44
INSTRUMENTATION_STATUS: id=AndroidJUnitRunner
INSTRUMENTATION_STATUS: numtests=161
INSTRUMENTATION_STATUS: stack=org.junit.AssumptionViolatedException: Exact Rune Text model is not installed
	at org.junit.Assume.assumeTrue(Assume.java:68)
	at io.github.mesteriis.rune.keyboard.intelligence.inference.RealModelScoringInstrumentedTest.installedRuneTextLoadsAndScoresBoundedCandidates(RealModelScoringInstrumentedTest.kt:44)

INSTRUMENTATION_STATUS: stream=
io.github.mesteriis.rune.keyboard.intelligence.inference.RealModelScoringInstrumentedTest:
INSTRUMENTATION_STATUS: test=installedRuneTextLoadsAndScoresBoundedCandidates
INSTRUMENTATION_STATUS_CODE: -4
INSTRUMENTATION_STATUS: class=io.github.mesteriis.rune.keyboard.intelligence.inference.RealModelServiceInstrumentedTest
INSTRUMENTATION_STATUS: current=45
INSTRUMENTATION_STATUS: id=AndroidJUnitRunner
INSTRUMENTATION_STATUS: numtests=161
INSTRUMENTATION_STATUS: stream=
io.github.mesteriis.rune.keyboard.intelligence.inference.RealModelServiceInstrumentedTest:
INSTRUMENTATION_STATUS: test=exactInstalledModelPreparesAndScoresThroughPrivateBinder
INSTRUMENTATION_STATUS_CODE: 1
INSTRUMENTATION_STATUS: class=io.github.mesteriis.rune.keyboard.intelligence.inference.RealModelServiceInstrumentedTest
INSTRUMENTATION_STATUS: current=45
INSTRUMENTATION_STATUS: id=AndroidJUnitRunner
INSTRUMENTATION_STATUS: numtests=161
INSTRUMENTATION_STATUS: stack=org.junit.AssumptionViolatedException: Explicit installed-model service probe only
	at org.junit.Assume.assumeTrue(Assume.java:68)
	at io.github.mesteriis.rune.keyboard.intelligence.inference.RealModelServiceInstrumentedTest.exactInstalledModelPreparesAndScoresThroughPrivateBinder(RealModelServiceInstrumentedTest.kt:35)

INSTRUMENTATION_STATUS: stream=
io.github.mesteriis.rune.keyboard.intelligence.inference.RealModelServiceInstrumentedTest:
INSTRUMENTATION_STATUS: test=exactInstalledModelPreparesAndScoresThroughPrivateBinder
INSTRUMENTATION_STATUS_CODE: -4
INSTRUMENTATION_STATUS: class=io.github.mesteriis.rune.keyboard.intelligence.inference.ScoringIpcInstrumentedTest
INSTRUMENTATION_STATUS: current=46
INSTRUMENTATION_STATUS: id=AndroidJUnitRunner
INSTRUMENTATION_STATUS: numtests=161
INSTRUMENTATION_STATUS: stream=
io.github.mesteriis.rune.keyboard.intelligence.inference.ScoringIpcInstrumentedTest:
INSTRUMENTATION_STATUS: test=privateManifestContract
INSTRUMENTATION_STATUS_CODE: 1
INSTRUMENTATION_STATUS: class=io.github.mesteriis.rune.keyboard.intelligence.inference.ScoringIpcInstrumentedTest
INSTRUMENTATION_STATUS: current=46
INSTRUMENTATION_STATUS: id=AndroidJUnitRunner
INSTRUMENTATION_STATUS: numtests=161
INSTRUMENTATION_STATUS: stream=.
INSTRUMENTATION_STATUS: test=privateManifestContract
INSTRUMENTATION_STATUS_CODE: 0
INSTRUMENTATION_STATUS: class=io.github.mesteriis.rune.keyboard.intelligence.inference.ScoringIpcInstrumentedTest
INSTRUMENTATION_STATUS: current=47
INSTRUMENTATION_STATUS: id=AndroidJUnitRunner
INSTRUMENTATION_STATUS: numtests=161
INSTRUMENTATION_STATUS: stream=
INSTRUMENTATION_STATUS: test=oversizedCountAndTextRejectBeforeAllocation
INSTRUMENTATION_STATUS_CODE: 1
INSTRUMENTATION_STATUS: class=io.github.mesteriis.rune.keyboard.intelligence.inference.ScoringIpcInstrumentedTest
INSTRUMENTATION_STATUS: current=47
INSTRUMENTATION_STATUS: id=AndroidJUnitRunner
INSTRUMENTATION_STATUS: numtests=161
INSTRUMENTATION_STATUS: stream=.
INSTRUMENTATION_STATUS: test=oversizedCountAndTextRejectBeforeAllocation
INSTRUMENTATION_STATUS_CODE: 0
INSTRUMENTATION_STATUS: class=io.github.mesteriis.rune.keyboard.intelligence.inference.ScoringIpcInstrumentedTest
INSTRUMENTATION_STATUS: current=48
INSTRUMENTATION_STATUS: id=AndroidJUnitRunner
INSTRUMENTATION_STATUS: numtests=161
INSTRUMENTATION_STATUS: stream=
INSTRUMENTATION_STATUS: test=observerConfirmsRegistrationThenInvalidatesOnPointerChange
INSTRUMENTATION_STATUS_CODE: 1
INSTRUMENTATION_STATUS: class=io.github.mesteriis.rune.keyboard.intelligence.inference.ScoringIpcInstrumentedTest
INSTRUMENTATION_STATUS: current=48
INSTRUMENTATION_STATUS: id=AndroidJUnitRunner
INSTRUMENTATION_STATUS: numtests=161
INSTRUMENTATION_STATUS: stream=.
INSTRUMENTATION_STATUS: test=observerConfirmsRegistrationThenInvalidatesOnPointerChange
INSTRUMENTATION_STATUS_CODE: 0
INSTRUMENTATION_STATUS: class=io.github.mesteriis.rune.keyboard.intelligence.inference.ScoringIpcInstrumentedTest
INSTRUMENTATION_STATUS: current=49
INSTRUMENTATION_STATUS: id=AndroidJUnitRunner
INSTRUMENTATION_STATUS: numtests=161
INSTRUMENTATION_STATUS: stream=
INSTRUMENTATION_STATUS: test=boundedRequestAndNumericReplyRoundTrip
INSTRUMENTATION_STATUS_CODE: 1
INSTRUMENTATION_STATUS: class=io.github.mesteriis.rune.keyboard.intelligence.inference.ScoringIpcInstrumentedTest
INSTRUMENTATION_STATUS: current=49
INSTRUMENTATION_STATUS: id=AndroidJUnitRunner
INSTRUMENTATION_STATUS: numtests=161
INSTRUMENTATION_STATUS: stream=.
INSTRUMENTATION_STATUS: test=boundedRequestAndNumericReplyRoundTrip
INSTRUMENTATION_STATUS_CODE: 0
INSTRUMENTATION_STATUS: class=io.github.mesteriis.rune.keyboard.intelligence.inference.ScoringLifecycleInstrumentedTest
INSTRUMENTATION_STATUS: current=50
INSTRUMENTATION_STATUS: id=AndroidJUnitRunner
INSTRUMENTATION_STATUS: numtests=161
INSTRUMENTATION_STATUS: stream=
io.github.mesteriis.rune.keyboard.intelligence.inference.ScoringLifecycleInstrumentedTest:
INSTRUMENTATION_STATUS: test=immediateCancelSuppressesCallbackAndDoesNotWaitForScore
INSTRUMENTATION_STATUS_CODE: 1
INSTRUMENTATION_STATUS: class=io.github.mesteriis.rune.keyboard.intelligence.inference.ScoringLifecycleInstrumentedTest
INSTRUMENTATION_STATUS: current=50
INSTRUMENTATION_STATUS: id=AndroidJUnitRunner
INSTRUMENTATION_STATUS: numtests=161
INSTRUMENTATION_STATUS: stream=.
INSTRUMENTATION_STATUS: test=immediateCancelSuppressesCallbackAndDoesNotWaitForScore
INSTRUMENTATION_STATUS_CODE: 0
INSTRUMENTATION_STATUS: class=io.github.mesteriis.rune.keyboard.intelligence.inference.ScoringLifecycleInstrumentedTest
INSTRUMENTATION_STATUS: current=51
INSTRUMENTATION_STATUS: id=AndroidJUnitRunner
INSTRUMENTATION_STATUS: numtests=161
INSTRUMENTATION_STATUS: stream=
INSTRUMENTATION_STATUS: test=onewayTransportKeepsOneActiveAndOnlyLatestPending
INSTRUMENTATION_STATUS_CODE: 1
INSTRUMENTATION_STATUS: class=io.github.mesteriis.rune.keyboard.intelligence.inference.ScoringLifecycleInstrumentedTest
INSTRUMENTATION_STATUS: current=51
INSTRUMENTATION_STATUS: id=AndroidJUnitRunner
INSTRUMENTATION_STATUS: numtests=161
INSTRUMENTATION_STATUS: stream=.
INSTRUMENTATION_STATUS: test=onewayTransportKeepsOneActiveAndOnlyLatestPending
INSTRUMENTATION_STATUS_CODE: 0
INSTRUMENTATION_STATUS: class=io.github.mesteriis.rune.keyboard.intelligence.inference.ScoringLifecycleInstrumentedTest
INSTRUMENTATION_STATUS: current=52
INSTRUMENTATION_STATUS: id=AndroidJUnitRunner
INSTRUMENTATION_STATUS: numtests=161
INSTRUMENTATION_STATUS: stream=
INSTRUMENTATION_STATUS: test=criticalBackgroundAndLowMemoryRemainSuspendedUntilActualUnbindBind
INSTRUMENTATION_STATUS_CODE: 1
INSTRUMENTATION_STATUS: class=io.github.mesteriis.rune.keyboard.intelligence.inference.ScoringLifecycleInstrumentedTest
INSTRUMENTATION_STATUS: current=52
INSTRUMENTATION_STATUS: id=AndroidJUnitRunner
INSTRUMENTATION_STATUS: numtests=161
INSTRUMENTATION_STATUS: stream=.
INSTRUMENTATION_STATUS: test=criticalBackgroundAndLowMemoryRemainSuspendedUntilActualUnbindBind
INSTRUMENTATION_STATUS_CODE: 0
INSTRUMENTATION_STATUS: class=io.github.mesteriis.rune.keyboard.intelligence.inference.ScoringLifecycleInstrumentedTest
INSTRUMENTATION_STATUS: current=53
INSTRUMENTATION_STATUS: id=AndroidJUnitRunner
INSTRUMENTATION_STATUS: numtests=161
INSTRUMENTATION_STATUS: stream=
INSTRUMENTATION_STATUS: test=obsoleteConnectionEventsCannotReviveAnEndedClient
INSTRUMENTATION_STATUS_CODE: 1
INSTRUMENTATION_STATUS: class=io.github.mesteriis.rune.keyboard.intelligence.inference.ScoringLifecycleInstrumentedTest
INSTRUMENTATION_STATUS: current=53
INSTRUMENTATION_STATUS: id=AndroidJUnitRunner
INSTRUMENTATION_STATUS: numtests=161
INSTRUMENTATION_STATUS: stream=.
INSTRUMENTATION_STATUS: test=obsoleteConnectionEventsCannotReviveAnEndedClient
INSTRUMENTATION_STATUS_CODE: 0
INSTRUMENTATION_STATUS: class=io.github.mesteriis.rune.keyboard.intelligence.inference.ScoringLifecycleInstrumentedTest
INSTRUMENTATION_STATUS: current=54
INSTRUMENTATION_STATUS: id=AndroidJUnitRunner
INSTRUMENTATION_STATUS: numtests=161
INSTRUMENTATION_STATUS: stream=
INSTRUMENTATION_STATUS: test=debugFixtureIsPrivateSameUidAndActuallyRemote
INSTRUMENTATION_STATUS_CODE: 1
INSTRUMENTATION_STATUS: class=io.github.mesteriis.rune.keyboard.intelligence.inference.ScoringLifecycleInstrumentedTest
INSTRUMENTATION_STATUS: current=54
INSTRUMENTATION_STATUS: id=AndroidJUnitRunner
INSTRUMENTATION_STATUS: numtests=161
INSTRUMENTATION_STATUS: stream=.
INSTRUMENTATION_STATUS: test=debugFixtureIsPrivateSameUidAndActuallyRemote
INSTRUMENTATION_STATUS_CODE: 0
INSTRUMENTATION_STATUS: class=io.github.mesteriis.rune.keyboard.intelligence.inference.ScoringLifecycleInstrumentedTest
INSTRUMENTATION_STATUS: current=55
INSTRUMENTATION_STATUS: id=AndroidJUnitRunner
INSTRUMENTATION_STATUS: numtests=161
INSTRUMENTATION_STATUS: stream=
INSTRUMENTATION_STATUS: test=aRealReplyEvaluatedAfterMainThreadCancellationIsIgnored
INSTRUMENTATION_STATUS_CODE: 1
INSTRUMENTATION_STATUS: class=io.github.mesteriis.rune.keyboard.intelligence.inference.ScoringLifecycleInstrumentedTest
INSTRUMENTATION_STATUS: current=55
INSTRUMENTATION_STATUS: id=AndroidJUnitRunner
INSTRUMENTATION_STATUS: numtests=161
INSTRUMENTATION_STATUS: stream=.
INSTRUMENTATION_STATUS: test=aRealReplyEvaluatedAfterMainThreadCancellationIsIgnored
INSTRUMENTATION_STATUS_CODE: 0
INSTRUMENTATION_STATUS: class=io.github.mesteriis.rune.keyboard.intelligence.inference.ScoringLifecycleInstrumentedTest
INSTRUMENTATION_STATUS: current=56
INSTRUMENTATION_STATUS: id=AndroidJUnitRunner
INSTRUMENTATION_STATUS: numtests=161
INSTRUMENTATION_STATUS: stream=
INSTRUMENTATION_STATUS: test=ineligibleEndedAndClosedSessionsCancelDeathRetryAndReleaseRegistrations
INSTRUMENTATION_STATUS_CODE: 1
INSTRUMENTATION_STATUS: class=io.github.mesteriis.rune.keyboard.intelligence.inference.ScoringLifecycleInstrumentedTest
INSTRUMENTATION_STATUS: current=56
INSTRUMENTATION_STATUS: id=AndroidJUnitRunner
INSTRUMENTATION_STATUS: numtests=161
INSTRUMENTATION_STATUS: stream=.
INSTRUMENTATION_STATUS: test=ineligibleEndedAndClosedSessionsCancelDeathRetryAndReleaseRegistrations
INSTRUMENTATION_STATUS_CODE: 0
INSTRUMENTATION_STATUS: class=io.github.mesteriis.rune.keyboard.intelligence.inference.ScoringLifecycleInstrumentedTest
INSTRUMENTATION_STATUS: current=57
INSTRUMENTATION_STATUS: id=AndroidJUnitRunner
INSTRUMENTATION_STATUS: numtests=161
INSTRUMENTATION_STATUS: stream=
INSTRUMENTATION_STATUS: test=realClientRebindsAfterProcessDeathWithoutReplayingPayload
INSTRUMENTATION_STATUS_CODE: 1
INSTRUMENTATION_STATUS: class=io.github.mesteriis.rune.keyboard.intelligence.inference.ScoringLifecycleInstrumentedTest
INSTRUMENTATION_STATUS: current=57
INSTRUMENTATION_STATUS: id=AndroidJUnitRunner
INSTRUMENTATION_STATUS: numtests=161
INSTRUMENTATION_STATUS: stream=.
INSTRUMENTATION_STATUS: test=realClientRebindsAfterProcessDeathWithoutReplayingPayload
INSTRUMENTATION_STATUS_CODE: 0
INSTRUMENTATION_STATUS: class=io.github.mesteriis.rune.keyboard.intelligence.inference.ScoringLifecycleInstrumentedTest
INSTRUMENTATION_STATUS: current=58
INSTRUMENTATION_STATUS: id=AndroidJUnitRunner
INSTRUMENTATION_STATUS: numtests=161
INSTRUMENTATION_STATUS: stream=
INSTRUMENTATION_STATUS: test=criticalTrimAndInvalidationDropPendingCancelActiveAndUnload
INSTRUMENTATION_STATUS_CODE: 1
INSTRUMENTATION_STATUS: class=io.github.mesteriis.rune.keyboard.intelligence.inference.ScoringLifecycleInstrumentedTest
INSTRUMENTATION_STATUS: current=58
INSTRUMENTATION_STATUS: id=AndroidJUnitRunner
INSTRUMENTATION_STATUS: numtests=161
INSTRUMENTATION_STATUS: stream=.
INSTRUMENTATION_STATUS: test=criticalTrimAndInvalidationDropPendingCancelActiveAndUnload
INSTRUMENTATION_STATUS_CODE: 0
INSTRUMENTATION_STATUS: class=io.github.mesteriis.rune.keyboard.intelligence.inference.ScoringLifecycleInstrumentedTest
INSTRUMENTATION_STATUS: current=59
INSTRUMENTATION_STATUS: id=AndroidJUnitRunner
INSTRUMENTATION_STATUS: numtests=161
INSTRUMENTATION_STATUS: stream=
INSTRUMENTATION_STATUS: test=ownerCanCertifyOnePostSpaceTokenWithoutAcceptingOtherOldRevisionReplies
INSTRUMENTATION_STATUS_CODE: 1
INSTRUMENTATION_STATUS: class=io.github.mesteriis.rune.keyboard.intelligence.inference.ScoringLifecycleInstrumentedTest
INSTRUMENTATION_STATUS: current=59
INSTRUMENTATION_STATUS: id=AndroidJUnitRunner
INSTRUMENTATION_STATUS: numtests=161
INSTRUMENTATION_STATUS: stream=.
INSTRUMENTATION_STATUS: test=ownerCanCertifyOnePostSpaceTokenWithoutAcceptingOtherOldRevisionReplies
INSTRUMENTATION_STATUS_CODE: 0
INSTRUMENTATION_STATUS: class=io.github.mesteriis.rune.keyboard.intelligence.inference.ScoringLifecycleInstrumentedTest
INSTRUMENTATION_STATUS: current=60
INSTRUMENTATION_STATUS: id=AndroidJUnitRunner
INSTRUMENTATION_STATUS: numtests=161
INSTRUMENTATION_STATUS: stream=
INSTRUMENTATION_STATUS: test=idleWorkerUnloadsAfterCompletionWithoutMoreInput
INSTRUMENTATION_STATUS_CODE: 1
INSTRUMENTATION_STATUS: class=io.github.mesteriis.rune.keyboard.intelligence.inference.ScoringLifecycleInstrumentedTest
INSTRUMENTATION_STATUS: current=60
INSTRUMENTATION_STATUS: id=AndroidJUnitRunner
INSTRUMENTATION_STATUS: numtests=161
INSTRUMENTATION_STATUS: stream=.
INSTRUMENTATION_STATUS: test=idleWorkerUnloadsAfterCompletionWithoutMoreInput
INSTRUMENTATION_STATUS_CODE: 0
INSTRUMENTATION_STATUS: class=io.github.mesteriis.rune.keyboard.intelligence.readiness.AndroidModelCandidatesInstrumentedTest
INSTRUMENTATION_STATUS: current=61
INSTRUMENTATION_STATUS: id=AndroidJUnitRunner
INSTRUMENTATION_STATUS: numtests=161
INSTRUMENTATION_STATUS: stream=
io.github.mesteriis.rune.keyboard.intelligence.readiness.AndroidModelCandidatesInstrumentedTest:
INSTRUMENTATION_STATUS: test=endingSessionClearsReadyAndLaterSessionRechecksRemovedModel
INSTRUMENTATION_STATUS_CODE: 1
INSTRUMENTATION_STATUS: class=io.github.mesteriis.rune.keyboard.intelligence.readiness.AndroidModelCandidatesInstrumentedTest
INSTRUMENTATION_STATUS: current=61
INSTRUMENTATION_STATUS: id=AndroidJUnitRunner
INSTRUMENTATION_STATUS: numtests=161
INSTRUMENTATION_STATUS: stream=.
INSTRUMENTATION_STATUS: test=endingSessionClearsReadyAndLaterSessionRechecksRemovedModel
INSTRUMENTATION_STATUS_CODE: 0
INSTRUMENTATION_STATUS: class=io.github.mesteriis.rune.keyboard.intelligence.readiness.AndroidModelCandidatesInstrumentedTest
INSTRUMENTATION_STATUS: current=62
INSTRUMENTATION_STATUS: id=AndroidJUnitRunner
INSTRUMENTATION_STATUS: numtests=161
INSTRUMENTATION_STATUS: stream=
INSTRUMENTATION_STATUS: test=contextualCandidatesUseOneBoundedRemoteRequestAndEqualScoresKeepOriginal
INSTRUMENTATION_STATUS_CODE: 1
INSTRUMENTATION_STATUS: class=io.github.mesteriis.rune.keyboard.intelligence.readiness.AndroidModelCandidatesInstrumentedTest
INSTRUMENTATION_STATUS: current=62
INSTRUMENTATION_STATUS: id=AndroidJUnitRunner
INSTRUMENTATION_STATUS: numtests=161
INSTRUMENTATION_STATUS: stream=.
INSTRUMENTATION_STATUS: test=contextualCandidatesUseOneBoundedRemoteRequestAndEqualScoresKeepOriginal
INSTRUMENTATION_STATUS_CODE: 0
INSTRUMENTATION_STATUS: class=io.github.mesteriis.rune.keyboard.intelligence.readiness.AndroidModelCandidatesInstrumentedTest
INSTRUMENTATION_STATUS: current=63
INSTRUMENTATION_STATUS: id=AndroidJUnitRunner
INSTRUMENTATION_STATUS: numtests=161
INSTRUMENTATION_STATUS: stream=
INSTRUMENTATION_STATUS: test=inactiveOrSensitiveFactoryNeverReadsMetadataOrBinds
INSTRUMENTATION_STATUS_CODE: 1
INSTRUMENTATION_STATUS: class=io.github.mesteriis.rune.keyboard.intelligence.readiness.AndroidModelCandidatesInstrumentedTest
INSTRUMENTATION_STATUS: current=63
INSTRUMENTATION_STATUS: id=AndroidJUnitRunner
INSTRUMENTATION_STATUS: numtests=161
INSTRUMENTATION_STATUS: stream=.
INSTRUMENTATION_STATUS: test=inactiveOrSensitiveFactoryNeverReadsMetadataOrBinds
INSTRUMENTATION_STATUS_CODE: 0
INSTRUMENTATION_STATUS: class=io.github.mesteriis.rune.keyboard.intelligence.readiness.AndroidModelCandidatesInstrumentedTest
INSTRUMENTATION_STATUS: current=64
INSTRUMENTATION_STATUS: id=AndroidJUnitRunner
INSTRUMENTATION_STATUS: numtests=161
INSTRUMENTATION_STATUS: stream=
INSTRUMENTATION_STATUS: test=readyDoesNotReplayAndNextEditUsesRealRemoteClientWithoutEditorWrite
INSTRUMENTATION_STATUS_CODE: 1
INSTRUMENTATION_STATUS: class=io.github.mesteriis.rune.keyboard.intelligence.readiness.AndroidModelCandidatesInstrumentedTest
INSTRUMENTATION_STATUS: current=64
INSTRUMENTATION_STATUS: id=AndroidJUnitRunner
INSTRUMENTATION_STATUS: numtests=161
INSTRUMENTATION_STATUS: stream=.
INSTRUMENTATION_STATUS: test=readyDoesNotReplayAndNextEditUsesRealRemoteClientWithoutEditorWrite
INSTRUMENTATION_STATUS_CODE: 0
INSTRUMENTATION_STATUS: class=io.github.mesteriis.rune.keyboard.intelligence.readiness.AndroidModelCandidatesInstrumentedTest
INSTRUMENTATION_STATUS: current=65
INSTRUMENTATION_STATUS: id=AndroidJUnitRunner
INSTRUMENTATION_STATUS: numtests=161
INSTRUMENTATION_STATUS: stream=
INSTRUMENTATION_STATUS: test=current95ProfileAppliesRemoteModelCorrectionAndImmediateUndo
INSTRUMENTATION_STATUS_CODE: 1
INSTRUMENTATION_STATUS: class=io.github.mesteriis.rune.keyboard.intelligence.readiness.AndroidModelCandidatesInstrumentedTest
INSTRUMENTATION_STATUS: current=65
INSTRUMENTATION_STATUS: id=AndroidJUnitRunner
INSTRUMENTATION_STATUS: numtests=161
INSTRUMENTATION_STATUS: stream=.
INSTRUMENTATION_STATUS: test=current95ProfileAppliesRemoteModelCorrectionAndImmediateUndo
INSTRUMENTATION_STATUS_CODE: 0
INSTRUMENTATION_STATUS: class=io.github.mesteriis.rune.keyboard.intelligence.readiness.AndroidModelCandidatesInstrumentedTest
INSTRUMENTATION_STATUS: current=66
INSTRUMENTATION_STATUS: id=AndroidJUnitRunner
INSTRUMENTATION_STATUS: numtests=161
INSTRUMENTATION_STATUS: stream=
INSTRUMENTATION_STATUS: test=realBinderReplyAfterSpaceUsesOwnedSuffixAndImmediateUndo
INSTRUMENTATION_STATUS_CODE: 1
INSTRUMENTATION_STATUS: class=io.github.mesteriis.rune.keyboard.intelligence.readiness.AndroidModelCandidatesInstrumentedTest
INSTRUMENTATION_STATUS: current=66
INSTRUMENTATION_STATUS: id=AndroidJUnitRunner
INSTRUMENTATION_STATUS: numtests=161
INSTRUMENTATION_STATUS: stream=.
INSTRUMENTATION_STATUS: test=realBinderReplyAfterSpaceUsesOwnedSuffixAndImmediateUndo
INSTRUMENTATION_STATUS_CODE: 0
INSTRUMENTATION_STATUS: class=io.github.mesteriis.rune.keyboard.intelligence.runtime.ModelActivationCoordinatorInstrumentedTest
INSTRUMENTATION_STATUS: current=67
INSTRUMENTATION_STATUS: id=AndroidJUnitRunner
INSTRUMENTATION_STATUS: numtests=161
INSTRUMENTATION_STATUS: stream=
io.github.mesteriis.rune.keyboard.intelligence.runtime.ModelActivationCoordinatorInstrumentedTest:
INSTRUMENTATION_STATUS: test=idleActiveModelDoesNotRequestRuntimeWork
INSTRUMENTATION_STATUS_CODE: 1
INSTRUMENTATION_STATUS: class=io.github.mesteriis.rune.keyboard.intelligence.runtime.ModelActivationCoordinatorInstrumentedTest
INSTRUMENTATION_STATUS: current=67
INSTRUMENTATION_STATUS: id=AndroidJUnitRunner
INSTRUMENTATION_STATUS: numtests=161
INSTRUMENTATION_STATUS: stream=.
INSTRUMENTATION_STATUS: test=idleActiveModelDoesNotRequestRuntimeWork
INSTRUMENTATION_STATUS_CODE: 0
INSTRUMENTATION_STATUS: class=io.github.mesteriis.rune.keyboard.intelligence.runtime.ModelActivationCoordinatorInstrumentedTest
INSTRUMENTATION_STATUS: current=68
INSTRUMENTATION_STATUS: id=AndroidJUnitRunner
INSTRUMENTATION_STATUS: numtests=161
INSTRUMENTATION_STATUS: stream=
INSTRUMENTATION_STATUS: test=failedPostCommitReloadPromotesPreviousActive
INSTRUMENTATION_STATUS_CODE: 1
INSTRUMENTATION_STATUS: class=io.github.mesteriis.rune.keyboard.intelligence.runtime.ModelActivationCoordinatorInstrumentedTest
INSTRUMENTATION_STATUS: current=68
INSTRUMENTATION_STATUS: id=AndroidJUnitRunner
INSTRUMENTATION_STATUS: numtests=161
INSTRUMENTATION_STATUS: stream=.
INSTRUMENTATION_STATUS: test=failedPostCommitReloadPromotesPreviousActive
INSTRUMENTATION_STATUS_CODE: 0
INSTRUMENTATION_STATUS: class=io.github.mesteriis.rune.keyboard.intelligence.runtime.ModelActivationCoordinatorInstrumentedTest
INSTRUMENTATION_STATUS: current=69
INSTRUMENTATION_STATUS: id=AndroidJUnitRunner
INSTRUMENTATION_STATUS: numtests=161
INSTRUMENTATION_STATUS: stream=
INSTRUMENTATION_STATUS: test=failedActiveAndRollbackClearPointerInsteadOfExposingBadModel
INSTRUMENTATION_STATUS_CODE: 1
INSTRUMENTATION_STATUS: class=io.github.mesteriis.rune.keyboard.intelligence.runtime.ModelActivationCoordinatorInstrumentedTest
INSTRUMENTATION_STATUS: current=69
INSTRUMENTATION_STATUS: id=AndroidJUnitRunner
INSTRUMENTATION_STATUS: numtests=161
INSTRUMENTATION_STATUS: stream=.
INSTRUMENTATION_STATUS: test=failedActiveAndRollbackClearPointerInsteadOfExposingBadModel
INSTRUMENTATION_STATUS_CODE: 0
INSTRUMENTATION_STATUS: class=io.github.mesteriis.rune.keyboard.intelligence.runtime.ModelActivationCoordinatorInstrumentedTest
INSTRUMENTATION_STATUS: current=70
INSTRUMENTATION_STATUS: id=AndroidJUnitRunner
INSTRUMENTATION_STATUS: numtests=161
INSTRUMENTATION_STATUS: stream=
INSTRUMENTATION_STATUS: test=concurrentPointerStoreInstancesSerializeWithinOneProcess
INSTRUMENTATION_STATUS_CODE: 1
INSTRUMENTATION_STATUS: class=io.github.mesteriis.rune.keyboard.intelligence.runtime.ModelActivationCoordinatorInstrumentedTest
INSTRUMENTATION_STATUS: current=70
INSTRUMENTATION_STATUS: id=AndroidJUnitRunner
INSTRUMENTATION_STATUS: numtests=161
INSTRUMENTATION_STATUS: stream=.
INSTRUMENTATION_STATUS: test=concurrentPointerStoreInstancesSerializeWithinOneProcess
INSTRUMENTATION_STATUS_CODE: 0
INSTRUMENTATION_STATUS: class=io.github.mesteriis.rune.keyboard.intelligence.runtime.ModelActivationCoordinatorInstrumentedTest
INSTRUMENTATION_STATUS: current=71
INSTRUMENTATION_STATUS: id=AndroidJUnitRunner
INSTRUMENTATION_STATUS: numtests=161
INSTRUMENTATION_STATUS: stream=
INSTRUMENTATION_STATUS: test=resumesSelfTestingJournalFromMovedVersion
INSTRUMENTATION_STATUS_CODE: 1
INSTRUMENTATION_STATUS: class=io.github.mesteriis.rune.keyboard.intelligence.runtime.ModelActivationCoordinatorInstrumentedTest
INSTRUMENTATION_STATUS: current=71
INSTRUMENTATION_STATUS: id=AndroidJUnitRunner
INSTRUMENTATION_STATUS: numtests=161
INSTRUMENTATION_STATUS: stream=.
INSTRUMENTATION_STATUS: test=resumesSelfTestingJournalFromMovedVersion
INSTRUMENTATION_STATUS_CODE: 0
INSTRUMENTATION_STATUS: class=io.github.mesteriis.rune.keyboard.intelligence.runtime.ModelActivationCoordinatorInstrumentedTest
INSTRUMENTATION_STATUS: current=72
INSTRUMENTATION_STATUS: id=AndroidJUnitRunner
INSTRUMENTATION_STATUS: numtests=161
INSTRUMENTATION_STATUS: stream=
INSTRUMENTATION_STATUS: test=recoveryUsesPersistedActivationDirectoryAfterDescriptorChanges
INSTRUMENTATION_STATUS_CODE: 1
INSTRUMENTATION_STATUS: class=io.github.mesteriis.rune.keyboard.intelligence.runtime.ModelActivationCoordinatorInstrumentedTest
INSTRUMENTATION_STATUS: current=72
INSTRUMENTATION_STATUS: id=AndroidJUnitRunner
INSTRUMENTATION_STATUS: numtests=161
INSTRUMENTATION_STATUS: stream=.
INSTRUMENTATION_STATUS: test=recoveryUsesPersistedActivationDirectoryAfterDescriptorChanges
INSTRUMENTATION_STATUS_CODE: 0
INSTRUMENTATION_STATUS: class=io.github.mesteriis.rune.keyboard.intelligence.runtime.ModelActivationCoordinatorInstrumentedTest
INSTRUMENTATION_STATUS: current=73
INSTRUMENTATION_STATUS: id=AndroidJUnitRunner
INSTRUMENTATION_STATUS: numtests=161
INSTRUMENTATION_STATUS: stream=
INSTRUMENTATION_STATUS: test=pointerStoreRecoversCommittedBackupWhenBaseFileIsMissing
INSTRUMENTATION_STATUS_CODE: 1
INSTRUMENTATION_STATUS: class=io.github.mesteriis.rune.keyboard.intelligence.runtime.ModelActivationCoordinatorInstrumentedTest
INSTRUMENTATION_STATUS: current=73
INSTRUMENTATION_STATUS: id=AndroidJUnitRunner
INSTRUMENTATION_STATUS: numtests=161
INSTRUMENTATION_STATUS: stream=.
INSTRUMENTATION_STATUS: test=pointerStoreRecoversCommittedBackupWhenBaseFileIsMissing
INSTRUMENTATION_STATUS_CODE: 0
INSTRUMENTATION_STATUS: class=io.github.mesteriis.rune.keyboard.intelligence.runtime.ModelActivationCoordinatorInstrumentedTest
INSTRUMENTATION_STATUS: current=74
INSTRUMENTATION_STATUS: id=AndroidJUnitRunner
INSTRUMENTATION_STATUS: numtests=161
INSTRUMENTATION_STATUS: stream=
INSTRUMENTATION_STATUS: test=committedSelfTestingJournalDoesNotRotateRollbackAgain
INSTRUMENTATION_STATUS_CODE: 1
INSTRUMENTATION_STATUS: class=io.github.mesteriis.rune.keyboard.intelligence.runtime.ModelActivationCoordinatorInstrumentedTest
INSTRUMENTATION_STATUS: current=74
INSTRUMENTATION_STATUS: id=AndroidJUnitRunner
INSTRUMENTATION_STATUS: numtests=161
INSTRUMENTATION_STATUS: stream=.
INSTRUMENTATION_STATUS: test=committedSelfTestingJournalDoesNotRotateRollbackAgain
INSTRUMENTATION_STATUS_CODE: 0
INSTRUMENTATION_STATUS: class=io.github.mesteriis.rune.keyboard.intelligence.runtime.ModelActivationCoordinatorInstrumentedTest
INSTRUMENTATION_STATUS: current=75
INSTRUMENTATION_STATUS: id=AndroidJUnitRunner
INSTRUMENTATION_STATUS: numtests=161
INSTRUMENTATION_STATUS: stream=
INSTRUMENTATION_STATUS: test=legacySameVersionCandidateCannotMaskCorruptRetainedActive
INSTRUMENTATION_STATUS_CODE: 1
INSTRUMENTATION_STATUS: class=io.github.mesteriis.rune.keyboard.intelligence.runtime.ModelActivationCoordinatorInstrumentedTest
INSTRUMENTATION_STATUS: current=75
INSTRUMENTATION_STATUS: id=AndroidJUnitRunner
INSTRUMENTATION_STATUS: numtests=161
INSTRUMENTATION_STATUS: stream=.
INSTRUMENTATION_STATUS: test=legacySameVersionCandidateCannotMaskCorruptRetainedActive
INSTRUMENTATION_STATUS_CODE: 0
INSTRUMENTATION_STATUS: class=io.github.mesteriis.rune.keyboard.intelligence.runtime.ModelActivationCoordinatorInstrumentedTest
INSTRUMENTATION_STATUS: current=76
INSTRUMENTATION_STATUS: id=AndroidJUnitRunner
INSTRUMENTATION_STATUS: numtests=161
INSTRUMENTATION_STATUS: stream=
INSTRUMENTATION_STATUS: test=legacyPhaseWithoutActivationDirectoryFailsClosed
INSTRUMENTATION_STATUS_CODE: 1
INSTRUMENTATION_STATUS: class=io.github.mesteriis.rune.keyboard.intelligence.runtime.ModelActivationCoordinatorInstrumentedTest
INSTRUMENTATION_STATUS: current=76
INSTRUMENTATION_STATUS: id=AndroidJUnitRunner
INSTRUMENTATION_STATUS: numtests=161
INSTRUMENTATION_STATUS: stream=.
INSTRUMENTATION_STATUS: test=legacyPhaseWithoutActivationDirectoryFailsClosed
INSTRUMENTATION_STATUS_CODE: 0
INSTRUMENTATION_STATUS: class=io.github.mesteriis.rune.keyboard.intelligence.runtime.ModelActivationCoordinatorInstrumentedTest
INSTRUMENTATION_STATUS: current=77
INSTRUMENTATION_STATUS: id=AndroidJUnitRunner
INSTRUMENTATION_STATUS: numtests=161
INSTRUMENTATION_STATUS: stream=
INSTRUMENTATION_STATUS: test=sameVersionImportReturnsToReadyWithoutRotatingOrStalling
INSTRUMENTATION_STATUS_CODE: 1
INSTRUMENTATION_STATUS: class=io.github.mesteriis.rune.keyboard.intelligence.runtime.ModelActivationCoordinatorInstrumentedTest
INSTRUMENTATION_STATUS: current=77
INSTRUMENTATION_STATUS: id=AndroidJUnitRunner
INSTRUMENTATION_STATUS: numtests=161
INSTRUMENTATION_STATUS: stream=.
INSTRUMENTATION_STATUS: test=sameVersionImportReturnsToReadyWithoutRotatingOrStalling
INSTRUMENTATION_STATUS_CODE: 0
INSTRUMENTATION_STATUS: class=io.github.mesteriis.rune.keyboard.intelligence.runtime.ModelActivationCoordinatorInstrumentedTest
INSTRUMENTATION_STATUS: current=78
INSTRUMENTATION_STATUS: id=AndroidJUnitRunner
INSTRUMENTATION_STATUS: numtests=161
INSTRUMENTATION_STATUS: stream=
INSTRUMENTATION_STATUS: test=rollbackCommitFailureKeepsDurablePhaseForRetry
INSTRUMENTATION_STATUS_CODE: 1
INSTRUMENTATION_STATUS: class=io.github.mesteriis.rune.keyboard.intelligence.runtime.ModelActivationCoordinatorInstrumentedTest
INSTRUMENTATION_STATUS: current=78
INSTRUMENTATION_STATUS: id=AndroidJUnitRunner
INSTRUMENTATION_STATUS: numtests=161
INSTRUMENTATION_STATUS: stream=.
INSTRUMENTATION_STATUS: test=rollbackCommitFailureKeepsDurablePhaseForRetry
INSTRUMENTATION_STATUS_CODE: 0
INSTRUMENTATION_STATUS: class=io.github.mesteriis.rune.keyboard.intelligence.runtime.ModelActivationCoordinatorInstrumentedTest
INSTRUMENTATION_STATUS: current=79
INSTRUMENTATION_STATUS: id=AndroidJUnitRunner
INSTRUMENTATION_STATUS: numtests=161
INSTRUMENTATION_STATUS: stream=
INSTRUMENTATION_STATUS: test=deletingPointerLeavesNoAtomicFileThatCanRestoreAnActiveModel
INSTRUMENTATION_STATUS_CODE: 1
INSTRUMENTATION_STATUS: class=io.github.mesteriis.rune.keyboard.intelligence.runtime.ModelActivationCoordinatorInstrumentedTest
INSTRUMENTATION_STATUS: current=79
INSTRUMENTATION_STATUS: id=AndroidJUnitRunner
INSTRUMENTATION_STATUS: numtests=161
INSTRUMENTATION_STATUS: stream=.
INSTRUMENTATION_STATUS: test=deletingPointerLeavesNoAtomicFileThatCanRestoreAnActiveModel
INSTRUMENTATION_STATUS_CODE: 0
INSTRUMENTATION_STATUS: class=io.github.mesteriis.rune.keyboard.intelligence.runtime.ModelActivationCoordinatorInstrumentedTest
INSTRUMENTATION_STATUS: current=80
INSTRUMENTATION_STATUS: id=AndroidJUnitRunner
INSTRUMENTATION_STATUS: numtests=161
INSTRUMENTATION_STATUS: stream=
INSTRUMENTATION_STATUS: test=rollbackPhaseAfterPointerCommitCannotReactivateFailedVersion
INSTRUMENTATION_STATUS_CODE: 1
INSTRUMENTATION_STATUS: class=io.github.mesteriis.rune.keyboard.intelligence.runtime.ModelActivationCoordinatorInstrumentedTest
INSTRUMENTATION_STATUS: current=80
INSTRUMENTATION_STATUS: id=AndroidJUnitRunner
INSTRUMENTATION_STATUS: numtests=161
INSTRUMENTATION_STATUS: stream=.
INSTRUMENTATION_STATUS: test=rollbackPhaseAfterPointerCommitCannotReactivateFailedVersion
INSTRUMENTATION_STATUS_CODE: 0
INSTRUMENTATION_STATUS: class=io.github.mesteriis.rune.keyboard.intelligence.runtime.ModelActivationCoordinatorInstrumentedTest
INSTRUMENTATION_STATUS: current=81
INSTRUMENTATION_STATUS: id=AndroidJUnitRunner
INSTRUMENTATION_STATUS: numtests=161
INSTRUMENTATION_STATUS: stream=
INSTRUMENTATION_STATUS: test=clearPointerPhaseFinishesCleanupAfterPointerCommitCrash
INSTRUMENTATION_STATUS_CODE: 1
INSTRUMENTATION_STATUS: class=io.github.mesteriis.rune.keyboard.intelligence.runtime.ModelActivationCoordinatorInstrumentedTest
INSTRUMENTATION_STATUS: current=81
INSTRUMENTATION_STATUS: id=AndroidJUnitRunner
INSTRUMENTATION_STATUS: numtests=161
INSTRUMENTATION_STATUS: stream=.
INSTRUMENTATION_STATUS: test=clearPointerPhaseFinishesCleanupAfterPointerCommitCrash
INSTRUMENTATION_STATUS_CODE: 0
INSTRUMENTATION_STATUS: class=io.github.mesteriis.rune.keyboard.intelligence.ui.ModelSettingsActivityInstrumentedTest
INSTRUMENTATION_STATUS: current=82
INSTRUMENTATION_STATUS: id=AndroidJUnitRunner
INSTRUMENTATION_STATUS: numtests=161
INSTRUMENTATION_STATUS: stream=
io.github.mesteriis.rune.keyboard.intelligence.ui.ModelSettingsActivityInstrumentedTest:
INSTRUMENTATION_STATUS: test=opensWithoutModelAndSurvivesRotation
INSTRUMENTATION_STATUS_CODE: 1
INSTRUMENTATION_STATUS: class=io.github.mesteriis.rune.keyboard.intelligence.ui.ModelSettingsActivityInstrumentedTest
INSTRUMENTATION_STATUS: current=82
INSTRUMENTATION_STATUS: id=AndroidJUnitRunner
INSTRUMENTATION_STATUS: numtests=161
INSTRUMENTATION_STATUS: stream=.
INSTRUMENTATION_STATUS: test=opensWithoutModelAndSurvivesRotation
INSTRUMENTATION_STATUS_CODE: 0
INSTRUMENTATION_STATUS: class=io.github.mesteriis.rune.keyboard.qa.ContextualPunctuationEditorInstrumentedTest
INSTRUMENTATION_STATUS: current=83
INSTRUMENTATION_STATUS: id=AndroidJUnitRunner
INSTRUMENTATION_STATUS: numtests=161
INSTRUMENTATION_STATUS: stream=
io.github.mesteriis.rune.keyboard.qa.ContextualPunctuationEditorInstrumentedTest:
INSTRUMENTATION_STATUS: test=remoteCursorMovementInvalidatesPendingReplyAndHeldPunctuationSelection
INSTRUMENTATION_STATUS_CODE: 1
INSTRUMENTATION_STATUS: class=io.github.mesteriis.rune.keyboard.qa.ContextualPunctuationEditorInstrumentedTest
INSTRUMENTATION_STATUS: current=83
INSTRUMENTATION_STATUS: id=AndroidJUnitRunner
INSTRUMENTATION_STATUS: numtests=161
INSTRUMENTATION_STATUS: stream=.
INSTRUMENTATION_STATUS: test=remoteCursorMovementInvalidatesPendingReplyAndHeldPunctuationSelection
INSTRUMENTATION_STATUS_CODE: 0
INSTRUMENTATION_STATUS: class=io.github.mesteriis.rune.keyboard.qa.ContextualPunctuationEditorInstrumentedTest
INSTRUMENTATION_STATUS: current=84
INSTRUMENTATION_STATUS: id=AndroidJUnitRunner
INSTRUMENTATION_STATUS: numtests=161
INSTRUMENTATION_STATUS: stream=
INSTRUMENTATION_STATUS: test=explicitSelectionChangesOnlyOwnedBoundaryAndOptionalFirstLetterAcrossBinder
INSTRUMENTATION_STATUS_CODE: 1
INSTRUMENTATION_STATUS: class=io.github.mesteriis.rune.keyboard.qa.ContextualPunctuationEditorInstrumentedTest
INSTRUMENTATION_STATUS: current=84
INSTRUMENTATION_STATUS: id=AndroidJUnitRunner
INSTRUMENTATION_STATUS: numtests=161
INSTRUMENTATION_STATUS: stream=.
INSTRUMENTATION_STATUS: test=explicitSelectionChangesOnlyOwnedBoundaryAndOptionalFirstLetterAcrossBinder
INSTRUMENTATION_STATUS_CODE: 0
INSTRUMENTATION_STATUS: class=io.github.mesteriis.rune.keyboard.qa.ContextualPunctuationEditorInstrumentedTest
INSTRUMENTATION_STATUS: current=85
INSTRUMENTATION_STATUS: id=AndroidJUnitRunner
INSTRUMENTATION_STATUS: numtests=161
INSTRUMENTATION_STATUS: stream=
INSTRUMENTATION_STATUS: test=obsoleteReplyAndCandidateCannotReplaceNewWordOrConsumeItsCurrentRequest
INSTRUMENTATION_STATUS_CODE: 1
INSTRUMENTATION_STATUS: class=io.github.mesteriis.rune.keyboard.qa.ContextualPunctuationEditorInstrumentedTest
INSTRUMENTATION_STATUS: current=85
INSTRUMENTATION_STATUS: id=AndroidJUnitRunner
INSTRUMENTATION_STATUS: numtests=161
INSTRUMENTATION_STATUS: stream=.
INSTRUMENTATION_STATUS: test=obsoleteReplyAndCandidateCannotReplaceNewWordOrConsumeItsCurrentRequest
INSTRUMENTATION_STATUS_CODE: 0
INSTRUMENTATION_STATUS: class=io.github.mesteriis.rune.keyboard.qa.EditorActionInstrumentedTest
INSTRUMENTATION_STATUS: current=86
INSTRUMENTATION_STATUS: id=AndroidJUnitRunner
INSTRUMENTATION_STATUS: numtests=161
INSTRUMENTATION_STATUS: stream=
io.github.mesteriis.rune.keyboard.qa.EditorActionInstrumentedTest:
INSTRUMENTATION_STATUS: test=multilineEnterCommitsANewlineInsteadOfSending
INSTRUMENTATION_STATUS_CODE: 1
INSTRUMENTATION_STATUS: class=io.github.mesteriis.rune.keyboard.qa.EditorActionInstrumentedTest
INSTRUMENTATION_STATUS: current=86
INSTRUMENTATION_STATUS: id=AndroidJUnitRunner
INSTRUMENTATION_STATUS: numtests=161
INSTRUMENTATION_STATUS: stream=.
INSTRUMENTATION_STATUS: test=multilineEnterCommitsANewlineInsteadOfSending
INSTRUMENTATION_STATUS_CODE: 0
INSTRUMENTATION_STATUS: class=io.github.mesteriis.rune.keyboard.qa.EditorActionInstrumentedTest
INSTRUMENTATION_STATUS: current=87
INSTRUMENTATION_STATUS: id=AndroidJUnitRunner
INSTRUMENTATION_STATUS: numtests=161
INSTRUMENTATION_STATUS: stream=
INSTRUMENTATION_STATUS: test=standardAndCustomEditorActionsReachTheRemoteEditor
INSTRUMENTATION_STATUS_CODE: 1
INSTRUMENTATION_STATUS: class=io.github.mesteriis.rune.keyboard.qa.EditorActionInstrumentedTest
INSTRUMENTATION_STATUS: current=87
INSTRUMENTATION_STATUS: id=AndroidJUnitRunner
INSTRUMENTATION_STATUS: numtests=161
INSTRUMENTATION_STATUS: stream=.
INSTRUMENTATION_STATUS: test=standardAndCustomEditorActionsReachTheRemoteEditor
INSTRUMENTATION_STATUS_CODE: 0
INSTRUMENTATION_STATUS: class=io.github.mesteriis.rune.keyboard.qa.EditorBoundaryInstrumentedTest
INSTRUMENTATION_STATUS: current=88
INSTRUMENTATION_STATUS: id=AndroidJUnitRunner
INSTRUMENTATION_STATUS: numtests=161
INSTRUMENTATION_STATUS: stream=
io.github.mesteriis.rune.keyboard.qa.EditorBoundaryInstrumentedTest:
INSTRUMENTATION_STATUS: test=cyrillicSurrogateAndComplexGraphemesAreAtomic
INSTRUMENTATION_STATUS_CODE: 1
INSTRUMENTATION_STATUS: class=io.github.mesteriis.rune.keyboard.qa.EditorBoundaryInstrumentedTest
INSTRUMENTATION_STATUS: current=88
INSTRUMENTATION_STATUS: id=AndroidJUnitRunner
INSTRUMENTATION_STATUS: numtests=161
INSTRUMENTATION_STATUS: stream=.
INSTRUMENTATION_STATUS: test=cyrillicSurrogateAndComplexGraphemesAreAtomic
INSTRUMENTATION_STATUS_CODE: 0
INSTRUMENTATION_STATUS: class=io.github.mesteriis.rune.keyboard.qa.EditorBoundaryInstrumentedTest
INSTRUMENTATION_STATUS: current=89
INSTRUMENTATION_STATUS: id=AndroidJUnitRunner
INSTRUMENTATION_STATUS: numtests=161
INSTRUMENTATION_STATUS: stream=
INSTRUMENTATION_STATUS: test=injectedDownAndUpCommitExactlyOneKey
INSTRUMENTATION_STATUS_CODE: 1
INSTRUMENTATION_STATUS: class=io.github.mesteriis.rune.keyboard.qa.EditorBoundaryInstrumentedTest
INSTRUMENTATION_STATUS: current=89
INSTRUMENTATION_STATUS: id=AndroidJUnitRunner
INSTRUMENTATION_STATUS: numtests=161
INSTRUMENTATION_STATUS: stream=.
INSTRUMENTATION_STATUS: test=injectedDownAndUpCommitExactlyOneKey
INSTRUMENTATION_STATUS_CODE: 0
INSTRUMENTATION_STATUS: class=io.github.mesteriis.rune.keyboard.qa.EditorBoundaryInstrumentedTest
INSTRUMENTATION_STATUS: current=90
INSTRUMENTATION_STATUS: id=AndroidJUnitRunner
INSTRUMENTATION_STATUS: numtests=161
INSTRUMENTATION_STATUS: stream=
INSTRUMENTATION_STATUS: test=commitReplaceDeleteAndCursorBoundariesCrossBinder
INSTRUMENTATION_STATUS_CODE: 1
INSTRUMENTATION_STATUS: class=io.github.mesteriis.rune.keyboard.qa.EditorBoundaryInstrumentedTest
INSTRUMENTATION_STATUS: current=90
INSTRUMENTATION_STATUS: id=AndroidJUnitRunner
INSTRUMENTATION_STATUS: numtests=161
INSTRUMENTATION_STATUS: stream=.
INSTRUMENTATION_STATUS: test=commitReplaceDeleteAndCursorBoundariesCrossBinder
INSTRUMENTATION_STATUS_CODE: 0
INSTRUMENTATION_STATUS: class=io.github.mesteriis.rune.keyboard.qa.EditorBoundaryInstrumentedTest
INSTRUMENTATION_STATUS: current=91
INSTRUMENTATION_STATUS: id=AndroidJUnitRunner
INSTRUMENTATION_STATUS: numtests=161
INSTRUMENTATION_STATUS: stream=
INSTRUMENTATION_STATUS: test=editorFieldTypesExposeTheirRequiredLayouts
INSTRUMENTATION_STATUS_CODE: 1
INSTRUMENTATION_STATUS: class=io.github.mesteriis.rune.keyboard.qa.EditorBoundaryInstrumentedTest
INSTRUMENTATION_STATUS: current=91
INSTRUMENTATION_STATUS: id=AndroidJUnitRunner
INSTRUMENTATION_STATUS: numtests=161
INSTRUMENTATION_STATUS: stream=.
INSTRUMENTATION_STATUS: test=editorFieldTypesExposeTheirRequiredLayouts
INSTRUMENTATION_STATUS_CODE: 0
INSTRUMENTATION_STATUS: class=io.github.mesteriis.rune.keyboard.qa.EditorFocusNavigationInstrumentedTest
INSTRUMENTATION_STATUS: current=92
INSTRUMENTATION_STATUS: id=AndroidJUnitRunner
INSTRUMENTATION_STATUS: numtests=161
INSTRUMENTATION_STATUS: stream=
io.github.mesteriis.rune.keyboard.qa.EditorFocusNavigationInstrumentedTest:
INSTRUMENTATION_STATUS: test=alreadyFocusedEditorRestoresKeyboardAfterExplicitHide
INSTRUMENTATION_STATUS_CODE: 1
INSTRUMENTATION_STATUS: class=io.github.mesteriis.rune.keyboard.qa.EditorFocusNavigationInstrumentedTest
INSTRUMENTATION_STATUS: current=92
INSTRUMENTATION_STATUS: id=AndroidJUnitRunner
INSTRUMENTATION_STATUS: numtests=161
INSTRUMENTATION_STATUS: stream=.
INSTRUMENTATION_STATUS: test=alreadyFocusedEditorRestoresKeyboardAfterExplicitHide
INSTRUMENTATION_STATUS_CODE: 0
INSTRUMENTATION_STATUS: class=io.github.mesteriis.rune.keyboard.qa.EditorFocusNavigationInstrumentedTest
INSTRUMENTATION_STATUS: current=93
INSTRUMENTATION_STATUS: id=AndroidJUnitRunner
INSTRUMENTATION_STATUS: numtests=161
INSTRUMENTATION_STATUS: stream=
INSTRUMENTATION_STATUS: test=offscreenCustomEditorReceivesOneFocusTapAndItsAction
INSTRUMENTATION_STATUS_CODE: 1
INSTRUMENTATION_STATUS: class=io.github.mesteriis.rune.keyboard.qa.EditorFocusNavigationInstrumentedTest
INSTRUMENTATION_STATUS: current=93
INSTRUMENTATION_STATUS: id=AndroidJUnitRunner
INSTRUMENTATION_STATUS: numtests=161
INSTRUMENTATION_STATUS: stream=.
INSTRUMENTATION_STATUS: test=offscreenCustomEditorReceivesOneFocusTapAndItsAction
INSTRUMENTATION_STATUS_CODE: 0
INSTRUMENTATION_STATUS: class=io.github.mesteriis.rune.keyboard.qa.ImeLifecycleInstrumentedTest
INSTRUMENTATION_STATUS: current=94
INSTRUMENTATION_STATUS: id=AndroidJUnitRunner
INSTRUMENTATION_STATUS: numtests=161
INSTRUMENTATION_STATUS: stream=
io.github.mesteriis.rune.keyboard.qa.ImeLifecycleInstrumentedTest:
INSTRUMENTATION_STATUS: test=ownedBackspaceRepeatsPreservePrefixAndStopOnReleaseOrCancel
INSTRUMENTATION_STATUS_CODE: 1
INSTRUMENTATION_STATUS: class=io.github.mesteriis.rune.keyboard.qa.ImeLifecycleInstrumentedTest
INSTRUMENTATION_STATUS: current=94
INSTRUMENTATION_STATUS: id=AndroidJUnitRunner
INSTRUMENTATION_STATUS: numtests=161
INSTRUMENTATION_STATUS: stream=.
INSTRUMENTATION_STATUS: test=ownedBackspaceRepeatsPreservePrefixAndStopOnReleaseOrCancel
INSTRUMENTATION_STATUS_CODE: 0
INSTRUMENTATION_STATUS: class=io.github.mesteriis.rune.keyboard.qa.ImeLifecycleInstrumentedTest
INSTRUMENTATION_STATUS: current=95
INSTRUMENTATION_STATUS: id=AndroidJUnitRunner
INSTRUMENTATION_STATUS: numtests=161
INSTRUMENTATION_STATUS: stream=
INSTRUMENTATION_STATUS: test=backspaceRepeatStopsAfterCancel
INSTRUMENTATION_STATUS_CODE: 1
INSTRUMENTATION_STATUS: class=io.github.mesteriis.rune.keyboard.qa.ImeLifecycleInstrumentedTest
INSTRUMENTATION_STATUS: current=95
INSTRUMENTATION_STATUS: id=AndroidJUnitRunner
INSTRUMENTATION_STATUS: numtests=161
INSTRUMENTATION_STATUS: stream=.
INSTRUMENTATION_STATUS: test=backspaceRepeatStopsAfterCancel
INSTRUMENTATION_STATUS_CODE: 0
INSTRUMENTATION_STATUS: class=io.github.mesteriis.rune.keyboard.qa.ImeLifecycleInstrumentedTest
INSTRUMENTATION_STATUS: current=96
INSTRUMENTATION_STATUS: id=AndroidJUnitRunner
INSTRUMENTATION_STATUS: numtests=161
INSTRUMENTATION_STATUS: stream=
INSTRUMENTATION_STATUS: test=settingsChangeAppliesToTheNextImeView
INSTRUMENTATION_STATUS_CODE: 1
INSTRUMENTATION_STATUS: class=io.github.mesteriis.rune.keyboard.qa.ImeLifecycleInstrumentedTest
INSTRUMENTATION_STATUS: current=96
INSTRUMENTATION_STATUS: id=AndroidJUnitRunner
INSTRUMENTATION_STATUS: numtests=161
INSTRUMENTATION_STATUS: stream=.
INSTRUMENTATION_STATUS: test=settingsChangeAppliesToTheNextImeView
INSTRUMENTATION_STATUS_CODE: 0
INSTRUMENTATION_STATUS: class=io.github.mesteriis.rune.keyboard.qa.ImeLifecycleInstrumentedTest
INSTRUMENTATION_STATUS: current=97
INSTRUMENTATION_STATUS: id=AndroidJUnitRunner
INSTRUMENTATION_STATUS: numtests=161
INSTRUMENTATION_STATUS: stream=
INSTRUMENTATION_STATUS: test=focusLossCancelsAnArmedCharacterGesture
INSTRUMENTATION_STATUS_CODE: 1
INSTRUMENTATION_STATUS: class=io.github.mesteriis.rune.keyboard.qa.ImeLifecycleInstrumentedTest
INSTRUMENTATION_STATUS: current=97
INSTRUMENTATION_STATUS: id=AndroidJUnitRunner
INSTRUMENTATION_STATUS: numtests=161
INSTRUMENTATION_STATUS: stream=.
INSTRUMENTATION_STATUS: test=focusLossCancelsAnArmedCharacterGesture
INSTRUMENTATION_STATUS_CODE: 0
INSTRUMENTATION_STATUS: class=io.github.mesteriis.rune.keyboard.qa.ImeLifecycleInstrumentedTest
INSTRUMENTATION_STATUS: current=98
INSTRUMENTATION_STATUS: id=AndroidJUnitRunner
INSTRUMENTATION_STATUS: numtests=161
INSTRUMENTATION_STATUS: stream=
INSTRUMENTATION_STATUS: test=backspaceRepeatStopsWhenImeViewDetaches
INSTRUMENTATION_STATUS_CODE: 1
INSTRUMENTATION_STATUS: class=io.github.mesteriis.rune.keyboard.qa.ImeLifecycleInstrumentedTest
INSTRUMENTATION_STATUS: current=98
INSTRUMENTATION_STATUS: id=AndroidJUnitRunner
INSTRUMENTATION_STATUS: numtests=161
INSTRUMENTATION_STATUS: stream=.
INSTRUMENTATION_STATUS: test=backspaceRepeatStopsWhenImeViewDetaches
INSTRUMENTATION_STATUS_CODE: 0
INSTRUMENTATION_STATUS: class=io.github.mesteriis.rune.keyboard.qa.ImePrivacyInstrumentedTest
INSTRUMENTATION_STATUS: current=99
INSTRUMENTATION_STATUS: id=AndroidJUnitRunner
INSTRUMENTATION_STATUS: numtests=161
INSTRUMENTATION_STATUS: stream=
io.github.mesteriis.rune.keyboard.qa.ImePrivacyInstrumentedTest:
INSTRUMENTATION_STATUS: test=passwordFieldSuppressesPopupWithNormalFieldPositiveControl
INSTRUMENTATION_STATUS_CODE: 1
INSTRUMENTATION_STATUS: preview_first_visible_sample_ms=109
INSTRUMENTATION_STATUS: preview_max_changed_pixels=4633
INSTRUMENTATION_STATUS: preview_observed_ms=1007
INSTRUMENTATION_STATUS: preview_phase=0
INSTRUMENTATION_STATUS: preview_samples=15
INSTRUMENTATION_STATUS_CODE: 0
INSTRUMENTATION_STATUS: preview_first_visible_sample_ms=-1
INSTRUMENTATION_STATUS: preview_max_changed_pixels=0
INSTRUMENTATION_STATUS: preview_observed_ms=1002
INSTRUMENTATION_STATUS: preview_phase=1
INSTRUMENTATION_STATUS: preview_samples=15
INSTRUMENTATION_STATUS_CODE: 0
INSTRUMENTATION_STATUS: preview_first_visible_sample_ms=-1
INSTRUMENTATION_STATUS: preview_max_changed_pixels=0
INSTRUMENTATION_STATUS: preview_observed_ms=1002
INSTRUMENTATION_STATUS: preview_phase=2
INSTRUMENTATION_STATUS: preview_samples=15
INSTRUMENTATION_STATUS_CODE: 0
INSTRUMENTATION_STATUS: class=io.github.mesteriis.rune.keyboard.qa.ImePrivacyInstrumentedTest
INSTRUMENTATION_STATUS: current=99
INSTRUMENTATION_STATUS: id=AndroidJUnitRunner
INSTRUMENTATION_STATUS: numtests=161
INSTRUMENTATION_STATUS: stream=.
INSTRUMENTATION_STATUS: test=passwordFieldSuppressesPopupWithNormalFieldPositiveControl
INSTRUMENTATION_STATUS_CODE: 0
INSTRUMENTATION_STATUS: class=io.github.mesteriis.rune.keyboard.qa.ImePrivacyInstrumentedTest
INSTRUMENTATION_STATUS: current=100
INSTRUMENTATION_STATUS: id=AndroidJUnitRunner
INSTRUMENTATION_STATUS: numtests=161
INSTRUMENTATION_STATUS: stream=
INSTRUMENTATION_STATUS: test=syntheticCanaryIsAbsentFromRuneProcessLogcat
INSTRUMENTATION_STATUS_CODE: 1
INSTRUMENTATION_STATUS: class=io.github.mesteriis.rune.keyboard.qa.ImePrivacyInstrumentedTest
INSTRUMENTATION_STATUS: current=100
INSTRUMENTATION_STATUS: id=AndroidJUnitRunner
INSTRUMENTATION_STATUS: numtests=161
INSTRUMENTATION_STATUS: stream=.
INSTRUMENTATION_STATUS: test=syntheticCanaryIsAbsentFromRuneProcessLogcat
INSTRUMENTATION_STATUS_CODE: 0
INSTRUMENTATION_STATUS: class=io.github.mesteriis.rune.keyboard.qa.LiveCandidatesInstrumentedTest
INSTRUMENTATION_STATUS: current=101
INSTRUMENTATION_STATUS: id=AndroidJUnitRunner
INSTRUMENTATION_STATUS: numtests=161
INSTRUMENTATION_STATUS: stream=
io.github.mesteriis.rune.keyboard.qa.LiveCandidatesInstrumentedTest:
INSTRUMENTATION_STATUS: test=canonicalCaseAutoReplacesOnBoundaryAndBackspaceRestoresOriginal
INSTRUMENTATION_STATUS_CODE: 1
INSTRUMENTATION_STATUS: class=io.github.mesteriis.rune.keyboard.qa.LiveCandidatesInstrumentedTest
INSTRUMENTATION_STATUS: current=101
INSTRUMENTATION_STATUS: id=AndroidJUnitRunner
INSTRUMENTATION_STATUS: numtests=161
INSTRUMENTATION_STATUS: stream=.
INSTRUMENTATION_STATUS: test=canonicalCaseAutoReplacesOnBoundaryAndBackspaceRestoresOriginal
INSTRUMENTATION_STATUS_CODE: 0
INSTRUMENTATION_STATUS: class=io.github.mesteriis.rune.keyboard.qa.LiveCandidatesInstrumentedTest
INSTRUMENTATION_STATUS: current=102
INSTRUMENTATION_STATUS: id=AndroidJUnitRunner
INSTRUMENTATION_STATUS: numtests=161
INSTRUMENTATION_STATUS: stream=
INSTRUMENTATION_STATUS: test=boundaryKeepsTypedOriginalAndDropsPreviousSuggestions
INSTRUMENTATION_STATUS_CODE: 1
INSTRUMENTATION_STATUS: class=io.github.mesteriis.rune.keyboard.qa.LiveCandidatesInstrumentedTest
INSTRUMENTATION_STATUS: current=102
INSTRUMENTATION_STATUS: id=AndroidJUnitRunner
INSTRUMENTATION_STATUS: numtests=161
INSTRUMENTATION_STATUS: stream=.
INSTRUMENTATION_STATUS: test=boundaryKeepsTypedOriginalAndDropsPreviousSuggestions
INSTRUMENTATION_STATUS_CODE: 0
INSTRUMENTATION_STATUS: class=io.github.mesteriis.rune.keyboard.qa.LiveCandidatesInstrumentedTest
INSTRUMENTATION_STATUS: current=103
INSTRUMENTATION_STATUS: id=AndroidJUnitRunner
INSTRUMENTATION_STATUS: numtests=161
INSTRUMENTATION_STATUS: stream=
INSTRUMENTATION_STATUS: test=correctionAndOriginalTapsReplaceOnlyOwnedWordWithNoReadback
INSTRUMENTATION_STATUS_CODE: 1
INSTRUMENTATION_STATUS: class=io.github.mesteriis.rune.keyboard.qa.LiveCandidatesInstrumentedTest
INSTRUMENTATION_STATUS: current=103
INSTRUMENTATION_STATUS: id=AndroidJUnitRunner
INSTRUMENTATION_STATUS: numtests=161
INSTRUMENTATION_STATUS: stream=.
INSTRUMENTATION_STATUS: test=correctionAndOriginalTapsReplaceOnlyOwnedWordWithNoReadback
INSTRUMENTATION_STATUS_CODE: 0
INSTRUMENTATION_STATUS: class=io.github.mesteriis.rune.keyboard.qa.LiveCandidatesInstrumentedTest
INSTRUMENTATION_STATUS: current=104
INSTRUMENTATION_STATUS: id=AndroidJUnitRunner
INSTRUMENTATION_STATUS: numtests=161
INSTRUMENTATION_STATUS: stream=
INSTRUMENTATION_STATUS: test=sensitiveEditorTransitionClearsLoadedSuggestionsAndPreservesPlainTyping
INSTRUMENTATION_STATUS_CODE: 1
INSTRUMENTATION_STATUS: class=io.github.mesteriis.rune.keyboard.qa.LiveCandidatesInstrumentedTest
INSTRUMENTATION_STATUS: current=104
INSTRUMENTATION_STATUS: id=AndroidJUnitRunner
INSTRUMENTATION_STATUS: numtests=161
INSTRUMENTATION_STATUS: stream=.
INSTRUMENTATION_STATUS: test=sensitiveEditorTransitionClearsLoadedSuggestionsAndPreservesPlainTyping
INSTRUMENTATION_STATUS_CODE: 0
INSTRUMENTATION_STATUS: class=io.github.mesteriis.rune.keyboard.qa.LiveFakeModelBinderInstrumentedTest
INSTRUMENTATION_STATUS: current=105
INSTRUMENTATION_STATUS: id=AndroidJUnitRunner
INSTRUMENTATION_STATUS: numtests=161
INSTRUMENTATION_STATUS: stream=
io.github.mesteriis.rune.keyboard.qa.LiveFakeModelBinderInstrumentedTest:
INSTRUMENTATION_STATUS: test=contextualPeriodStripTapAlsoCapitalizesOnlyFirstLetter
INSTRUMENTATION_STATUS_CODE: 1
INSTRUMENTATION_STATUS: class=io.github.mesteriis.rune.keyboard.qa.LiveFakeModelBinderInstrumentedTest
INSTRUMENTATION_STATUS: current=105
INSTRUMENTATION_STATUS: id=AndroidJUnitRunner
INSTRUMENTATION_STATUS: numtests=161
INSTRUMENTATION_STATUS: stream=.
INSTRUMENTATION_STATUS: test=contextualPeriodStripTapAlsoCapitalizesOnlyFirstLetter
INSTRUMENTATION_STATUS_CODE: 0
INSTRUMENTATION_STATUS: class=io.github.mesteriis.rune.keyboard.qa.LiveFakeModelBinderInstrumentedTest
INSTRUMENTATION_STATUS: current=106
INSTRUMENTATION_STATUS: id=AndroidJUnitRunner
INSTRUMENTATION_STATUS: numtests=161
INSTRUMENTATION_STATUS: stream=
INSTRUMENTATION_STATUS: test=heldBackspaceUndoesModelCorrectionThenRepeatsOrdinaryDeletion
INSTRUMENTATION_STATUS_CODE: 1
INSTRUMENTATION_STATUS: class=io.github.mesteriis.rune.keyboard.qa.LiveFakeModelBinderInstrumentedTest
INSTRUMENTATION_STATUS: current=106
INSTRUMENTATION_STATUS: id=AndroidJUnitRunner
INSTRUMENTATION_STATUS: numtests=161
INSTRUMENTATION_STATUS: stream=.
INSTRUMENTATION_STATUS: test=heldBackspaceUndoesModelCorrectionThenRepeatsOrdinaryDeletion
INSTRUMENTATION_STATUS_CODE: 0
INSTRUMENTATION_STATUS: class=io.github.mesteriis.rune.keyboard.qa.LiveFakeModelBinderInstrumentedTest
INSTRUMENTATION_STATUS: current=107
INSTRUMENTATION_STATUS: id=AndroidJUnitRunner
INSTRUMENTATION_STATUS: numtests=161
INSTRUMENTATION_STATUS: stream=
INSTRUMENTATION_STATUS: test=originalControlThenModelCorrectionOnSpaceAndOwnedUndo
INSTRUMENTATION_STATUS_CODE: 1
INSTRUMENTATION_STATUS: class=io.github.mesteriis.rune.keyboard.qa.LiveFakeModelBinderInstrumentedTest
INSTRUMENTATION_STATUS: current=107
INSTRUMENTATION_STATUS: id=AndroidJUnitRunner
INSTRUMENTATION_STATUS: numtests=161
INSTRUMENTATION_STATUS: stream=.
INSTRUMENTATION_STATUS: test=originalControlThenModelCorrectionOnSpaceAndOwnedUndo
INSTRUMENTATION_STATUS_CODE: 0
INSTRUMENTATION_STATUS: class=io.github.mesteriis.rune.keyboard.qa.LiveFakeModelBinderInstrumentedTest
INSTRUMENTATION_STATUS: current=108
INSTRUMENTATION_STATUS: id=AndroidJUnitRunner
INSTRUMENTATION_STATUS: numtests=161
INSTRUMENTATION_STATUS: stream=
INSTRUMENTATION_STATUS: test=releasedReplyWithinSpaceGraceCorrectsAndCanUndo
INSTRUMENTATION_STATUS_CODE: 1
INSTRUMENTATION_STATUS: class=io.github.mesteriis.rune.keyboard.qa.LiveFakeModelBinderInstrumentedTest
INSTRUMENTATION_STATUS: current=108
INSTRUMENTATION_STATUS: id=AndroidJUnitRunner
INSTRUMENTATION_STATUS: numtests=161
INSTRUMENTATION_STATUS: stream=.
INSTRUMENTATION_STATUS: test=releasedReplyWithinSpaceGraceCorrectsAndCanUndo
INSTRUMENTATION_STATUS_CODE: 0
INSTRUMENTATION_STATUS: class=io.github.mesteriis.rune.keyboard.qa.LiveFakeModelBinderInstrumentedTest
INSTRUMENTATION_STATUS: current=109
INSTRUMENTATION_STATUS: id=AndroidJUnitRunner
INSTRUMENTATION_STATUS: numtests=161
INSTRUMENTATION_STATUS: stream=
INSTRUMENTATION_STATUS: test=blockedReplyAfterRealOriginalTapCannotReviveCorrection
INSTRUMENTATION_STATUS_CODE: 1
INSTRUMENTATION_STATUS: class=io.github.mesteriis.rune.keyboard.qa.LiveFakeModelBinderInstrumentedTest
INSTRUMENTATION_STATUS: current=109
INSTRUMENTATION_STATUS: id=AndroidJUnitRunner
INSTRUMENTATION_STATUS: numtests=161
INSTRUMENTATION_STATUS: stream=.
INSTRUMENTATION_STATUS: test=blockedReplyAfterRealOriginalTapCannotReviveCorrection
INSTRUMENTATION_STATUS_CODE: 0
INSTRUMENTATION_STATUS: class=io.github.mesteriis.rune.keyboard.qa.LiveFakeModelBinderInstrumentedTest
INSTRUMENTATION_STATUS: current=110
INSTRUMENTATION_STATUS: id=AndroidJUnitRunner
INSTRUMENTATION_STATUS: numtests=161
INSTRUMENTATION_STATUS: stream=
INSTRUMENTATION_STATUS: test=releasedReplyAfterSpaceGracePreservesOriginalAndStrip
INSTRUMENTATION_STATUS_CODE: 1
INSTRUMENTATION_STATUS: class=io.github.mesteriis.rune.keyboard.qa.LiveFakeModelBinderInstrumentedTest
INSTRUMENTATION_STATUS: current=110
INSTRUMENTATION_STATUS: id=AndroidJUnitRunner
INSTRUMENTATION_STATUS: numtests=161
INSTRUMENTATION_STATUS: stream=.
INSTRUMENTATION_STATUS: test=releasedReplyAfterSpaceGracePreservesOriginalAndStrip
INSTRUMENTATION_STATUS_CODE: 0
INSTRUMENTATION_STATUS: class=io.github.mesteriis.rune.keyboard.qa.LiveFakeModelBinderInstrumentedTest
INSTRUMENTATION_STATUS: current=111
INSTRUMENTATION_STATUS: id=AndroidJUnitRunner
INSTRUMENTATION_STATUS: numtests=161
INSTRUMENTATION_STATUS: stream=
INSTRUMENTATION_STATUS: test=releasedReplyAfterEditorSwitchPreservesBothFields
INSTRUMENTATION_STATUS_CODE: 1
INSTRUMENTATION_STATUS: class=io.github.mesteriis.rune.keyboard.qa.LiveFakeModelBinderInstrumentedTest
INSTRUMENTATION_STATUS: current=111
INSTRUMENTATION_STATUS: id=AndroidJUnitRunner
INSTRUMENTATION_STATUS: numtests=161
INSTRUMENTATION_STATUS: stream=.
INSTRUMENTATION_STATUS: test=releasedReplyAfterEditorSwitchPreservesBothFields
INSTRUMENTATION_STATUS_CODE: 0
INSTRUMENTATION_STATUS: class=io.github.mesteriis.rune.keyboard.qa.LiveFakeModelBinderInstrumentedTest
INSTRUMENTATION_STATUS: current=112
INSTRUMENTATION_STATUS: id=AndroidJUnitRunner
INSTRUMENTATION_STATUS: numtests=161
INSTRUMENTATION_STATUS: stream=
INSTRUMENTATION_STATUS: test=remoteProcessDeathPreservesEditorAndRetryDoesNotReplay
INSTRUMENTATION_STATUS_CODE: 1
INSTRUMENTATION_STATUS: class=io.github.mesteriis.rune.keyboard.qa.LiveFakeModelBinderInstrumentedTest
INSTRUMENTATION_STATUS: current=112
INSTRUMENTATION_STATUS: id=AndroidJUnitRunner
INSTRUMENTATION_STATUS: numtests=161
INSTRUMENTATION_STATUS: stream=.
INSTRUMENTATION_STATUS: test=remoteProcessDeathPreservesEditorAndRetryDoesNotReplay
INSTRUMENTATION_STATUS_CODE: 0
INSTRUMENTATION_STATUS: class=io.github.mesteriis.rune.keyboard.qa.LiveFakeModelBinderInstrumentedTest
INSTRUMENTATION_STATUS: current=113
INSTRUMENTATION_STATUS: id=AndroidJUnitRunner
INSTRUMENTATION_STATUS: numtests=161
INSTRUMENTATION_STATUS: stream=
INSTRUMENTATION_STATUS: test=nextTextWithinSpaceGraceRejectsOldReplyAndKeepsCurrentOriginal
INSTRUMENTATION_STATUS_CODE: 1
INSTRUMENTATION_STATUS: class=io.github.mesteriis.rune.keyboard.qa.LiveFakeModelBinderInstrumentedTest
INSTRUMENTATION_STATUS: current=113
INSTRUMENTATION_STATUS: id=AndroidJUnitRunner
INSTRUMENTATION_STATUS: numtests=161
INSTRUMENTATION_STATUS: stream=.
INSTRUMENTATION_STATUS: test=nextTextWithinSpaceGraceRejectsOldReplyAndKeepsCurrentOriginal
INSTRUMENTATION_STATUS_CODE: 0
INSTRUMENTATION_STATUS: class=io.github.mesteriis.rune.keyboard.qa.LiveFakeModelBinderInstrumentedTest
INSTRUMENTATION_STATUS: current=114
INSTRUMENTATION_STATUS: id=AndroidJUnitRunner
INSTRUMENTATION_STATUS: numtests=161
INSTRUMENTATION_STATUS: stream=
INSTRUMENTATION_STATUS: test=releasedReplyAfterLanguageSwipePreservesTextAndStrip
INSTRUMENTATION_STATUS_CODE: 1
INSTRUMENTATION_STATUS: class=io.github.mesteriis.rune.keyboard.qa.LiveFakeModelBinderInstrumentedTest
INSTRUMENTATION_STATUS: current=114
INSTRUMENTATION_STATUS: id=AndroidJUnitRunner
INSTRUMENTATION_STATUS: numtests=161
INSTRUMENTATION_STATUS: stream=.
INSTRUMENTATION_STATUS: test=releasedReplyAfterLanguageSwipePreservesTextAndStrip
INSTRUMENTATION_STATUS_CODE: 0
INSTRUMENTATION_STATUS: class=io.github.mesteriis.rune.keyboard.qa.LiveFakeModelBinderInstrumentedTest
INSTRUMENTATION_STATUS: current=115
INSTRUMENTATION_STATUS: id=AndroidJUnitRunner
INSTRUMENTATION_STATUS: numtests=161
INSTRUMENTATION_STATUS: stream=
INSTRUMENTATION_STATUS: test=contextualCommaStripTapChangesOnlyOwnedBoundary
INSTRUMENTATION_STATUS_CODE: 1
INSTRUMENTATION_STATUS: class=io.github.mesteriis.rune.keyboard.qa.LiveFakeModelBinderInstrumentedTest
INSTRUMENTATION_STATUS: current=115
INSTRUMENTATION_STATUS: id=AndroidJUnitRunner
INSTRUMENTATION_STATUS: numtests=161
INSTRUMENTATION_STATUS: stream=.
INSTRUMENTATION_STATUS: test=contextualCommaStripTapChangesOnlyOwnedBoundary
INSTRUMENTATION_STATUS_CODE: 0
INSTRUMENTATION_STATUS: class=io.github.mesteriis.rune.keyboard.qa.MechanicalProtectedFormsInstrumentedTest
INSTRUMENTATION_STATUS: current=116
INSTRUMENTATION_STATUS: id=AndroidJUnitRunner
INSTRUMENTATION_STATUS: numtests=161
INSTRUMENTATION_STATUS: stream=
io.github.mesteriis.rune.keyboard.qa.MechanicalProtectedFormsInstrumentedTest:
INSTRUMENTATION_STATUS: test=urlEmailAndTimeKeepPunctuationAndOrdinaryDeleteAcrossBinder
INSTRUMENTATION_STATUS_CODE: 1
INSTRUMENTATION_STATUS: class=io.github.mesteriis.rune.keyboard.qa.MechanicalProtectedFormsInstrumentedTest
INSTRUMENTATION_STATUS: current=116
INSTRUMENTATION_STATUS: id=AndroidJUnitRunner
INSTRUMENTATION_STATUS: numtests=161
INSTRUMENTATION_STATUS: stream=.
INSTRUMENTATION_STATUS: test=urlEmailAndTimeKeepPunctuationAndOrdinaryDeleteAcrossBinder
INSTRUMENTATION_STATUS_CODE: 0
INSTRUMENTATION_STATUS: class=io.github.mesteriis.rune.keyboard.qa.MechanicalPunctuationInstrumentedTest
INSTRUMENTATION_STATUS: current=117
INSTRUMENTATION_STATUS: id=AndroidJUnitRunner
INSTRUMENTATION_STATUS: numtests=161
INSTRUMENTATION_STATUS: stream=
io.github.mesteriis.rune.keyboard.qa.MechanicalPunctuationInstrumentedTest:
INSTRUMENTATION_STATUS: test=pairOfDotsWaitsForWhitespaceAndNewWordThenUndoesCapsTogether
INSTRUMENTATION_STATUS_CODE: 1
INSTRUMENTATION_STATUS: class=io.github.mesteriis.rune.keyboard.qa.MechanicalPunctuationInstrumentedTest
INSTRUMENTATION_STATUS: current=117
INSTRUMENTATION_STATUS: id=AndroidJUnitRunner
INSTRUMENTATION_STATUS: numtests=161
INSTRUMENTATION_STATUS: stream=.
INSTRUMENTATION_STATUS: test=pairOfDotsWaitsForWhitespaceAndNewWordThenUndoesCapsTogether
INSTRUMENTATION_STATUS_CODE: 0
INSTRUMENTATION_STATUS: class=io.github.mesteriis.rune.keyboard.qa.MechanicalPunctuationInstrumentedTest
INSTRUMENTATION_STATUS: current=118
INSTRUMENTATION_STATUS: id=AndroidJUnitRunner
INSTRUMENTATION_STATUS: numtests=161
INSTRUMENTATION_STATUS: stream=
INSTRUMENTATION_STATUS: test=decimalVersionAndHostnameKeepOwnedBoundariesWithoutLayerChanges
INSTRUMENTATION_STATUS_CODE: 1
INSTRUMENTATION_STATUS: class=io.github.mesteriis.rune.keyboard.qa.MechanicalPunctuationInstrumentedTest
INSTRUMENTATION_STATUS: current=118
INSTRUMENTATION_STATUS: id=AndroidJUnitRunner
INSTRUMENTATION_STATUS: numtests=161
INSTRUMENTATION_STATUS: stream=.
INSTRUMENTATION_STATUS: test=decimalVersionAndHostnameKeepOwnedBoundariesWithoutLayerChanges
INSTRUMENTATION_STATUS_CODE: 0
INSTRUMENTATION_STATUS: class=io.github.mesteriis.rune.keyboard.qa.MechanicalPunctuationInstrumentedTest
INSTRUMENTATION_STATUS: current=119
INSTRUMENTATION_STATUS: id=AndroidJUnitRunner
INSTRUMENTATION_STATUS: numtests=161
INSTRUMENTATION_STATUS: stream=
INSTRUMENTATION_STATUS: test=cachedMechanicalTogglePreservesHeldKeyInstancesAndNextInputUndo
INSTRUMENTATION_STATUS_CODE: 1
INSTRUMENTATION_STATUS: class=io.github.mesteriis.rune.keyboard.qa.MechanicalPunctuationInstrumentedTest
INSTRUMENTATION_STATUS: current=119
INSTRUMENTATION_STATUS: id=AndroidJUnitRunner
INSTRUMENTATION_STATUS: numtests=161
INSTRUMENTATION_STATUS: stream=.
INSTRUMENTATION_STATUS: test=cachedMechanicalTogglePreservesHeldKeyInstancesAndNextInputUndo
INSTRUMENTATION_STATUS_CODE: 0
INSTRUMENTATION_STATUS: class=io.github.mesteriis.rune.keyboard.qa.MechanicalPunctuationInstrumentedTest
INSTRUMENTATION_STATUS: current=120
INSTRUMENTATION_STATUS: id=AndroidJUnitRunner
INSTRUMENTATION_STATUS: numtests=161
INSTRUMENTATION_STATUS: stream=
INSTRUMENTATION_STATUS: test=commaPopupPunctuationCapsAndImmediateUndoNeverReplayOldWord
INSTRUMENTATION_STATUS_CODE: 1
INSTRUMENTATION_STATUS: class=io.github.mesteriis.rune.keyboard.qa.MechanicalPunctuationInstrumentedTest
INSTRUMENTATION_STATUS: current=120
INSTRUMENTATION_STATUS: id=AndroidJUnitRunner
INSTRUMENTATION_STATUS: numtests=161
INSTRUMENTATION_STATUS: stream=.
INSTRUMENTATION_STATUS: test=commaPopupPunctuationCapsAndImmediateUndoNeverReplayOldWord
INSTRUMENTATION_STATUS_CODE: 0
INSTRUMENTATION_STATUS: class=io.github.mesteriis.rune.keyboard.qa.MechanicalPunctuationInstrumentedTest
INSTRUMENTATION_STATUS: current=121
INSTRUMENTATION_STATUS: id=AndroidJUnitRunner
INSTRUMENTATION_STATUS: numtests=161
INSTRUMENTATION_STATUS: stream=
INSTRUMENTATION_STATUS: test=commandDotKeepsItsSeparatorAcrossBoundaryAndOrdinaryBackspace
INSTRUMENTATION_STATUS_CODE: 1
INSTRUMENTATION_STATUS: class=io.github.mesteriis.rune.keyboard.qa.MechanicalPunctuationInstrumentedTest
INSTRUMENTATION_STATUS: current=121
INSTRUMENTATION_STATUS: id=AndroidJUnitRunner
INSTRUMENTATION_STATUS: numtests=161
INSTRUMENTATION_STATUS: stream=.
INSTRUMENTATION_STATUS: test=commandDotKeepsItsSeparatorAcrossBoundaryAndOrdinaryBackspace
INSTRUMENTATION_STATUS_CODE: 0
INSTRUMENTATION_STATUS: class=io.github.mesteriis.rune.keyboard.qa.NonNormalEditorInstrumentedTest
INSTRUMENTATION_STATUS: current=122
INSTRUMENTATION_STATUS: id=AndroidJUnitRunner
INSTRUMENTATION_STATUS: numtests=161
INSTRUMENTATION_STATUS: stream=
io.github.mesteriis.rune.keyboard.qa.NonNormalEditorInstrumentedTest:
INSTRUMENTATION_STATUS: test=urlKeepsOriginalWithoutSmartTypingOrReads
INSTRUMENTATION_STATUS_CODE: 1
INSTRUMENTATION_STATUS: class=io.github.mesteriis.rune.keyboard.qa.NonNormalEditorInstrumentedTest
INSTRUMENTATION_STATUS: current=122
INSTRUMENTATION_STATUS: id=AndroidJUnitRunner
INSTRUMENTATION_STATUS: numtests=161
INSTRUMENTATION_STATUS: stream=.
INSTRUMENTATION_STATUS: test=urlKeepsOriginalWithoutSmartTypingOrReads
INSTRUMENTATION_STATUS_CODE: 0
INSTRUMENTATION_STATUS: class=io.github.mesteriis.rune.keyboard.qa.NonNormalEditorInstrumentedTest
INSTRUMENTATION_STATUS: current=123
INSTRUMENTATION_STATUS: id=AndroidJUnitRunner
INSTRUMENTATION_STATUS: numtests=161
INSTRUMENTATION_STATUS: stream=
INSTRUMENTATION_STATUS: test=passwordKeepsOriginalWithoutSmartTypingOrReads
INSTRUMENTATION_STATUS_CODE: 1
INSTRUMENTATION_STATUS: class=io.github.mesteriis.rune.keyboard.qa.NonNormalEditorInstrumentedTest
INSTRUMENTATION_STATUS: current=123
INSTRUMENTATION_STATUS: id=AndroidJUnitRunner
INSTRUMENTATION_STATUS: numtests=161
INSTRUMENTATION_STATUS: stream=.
INSTRUMENTATION_STATUS: test=passwordKeepsOriginalWithoutSmartTypingOrReads
INSTRUMENTATION_STATUS_CODE: 0
INSTRUMENTATION_STATUS: class=io.github.mesteriis.rune.keyboard.qa.NonNormalEditorInstrumentedTest
INSTRUMENTATION_STATUS: current=124
INSTRUMENTATION_STATUS: id=AndroidJUnitRunner
INSTRUMENTATION_STATUS: numtests=161
INSTRUMENTATION_STATUS: stream=
INSTRUMENTATION_STATUS: test=phoneKeepsOriginalWithoutSmartTypingOrReads
INSTRUMENTATION_STATUS_CODE: 1
INSTRUMENTATION_STATUS: class=io.github.mesteriis.rune.keyboard.qa.NonNormalEditorInstrumentedTest
INSTRUMENTATION_STATUS: current=124
INSTRUMENTATION_STATUS: id=AndroidJUnitRunner
INSTRUMENTATION_STATUS: numtests=161
INSTRUMENTATION_STATUS: stream=.
INSTRUMENTATION_STATUS: test=phoneKeepsOriginalWithoutSmartTypingOrReads
INSTRUMENTATION_STATUS_CODE: 0
INSTRUMENTATION_STATUS: class=io.github.mesteriis.rune.keyboard.qa.NonNormalEditorInstrumentedTest
INSTRUMENTATION_STATUS: current=125
INSTRUMENTATION_STATUS: id=AndroidJUnitRunner
INSTRUMENTATION_STATUS: numtests=161
INSTRUMENTATION_STATUS: stream=
INSTRUMENTATION_STATUS: test=dateTimeKeepsOriginalWithoutSmartTypingOrReads
INSTRUMENTATION_STATUS_CODE: 1
INSTRUMENTATION_STATUS: class=io.github.mesteriis.rune.keyboard.qa.NonNormalEditorInstrumentedTest
INSTRUMENTATION_STATUS: current=125
INSTRUMENTATION_STATUS: id=AndroidJUnitRunner
INSTRUMENTATION_STATUS: numtests=161
INSTRUMENTATION_STATUS: stream=.
INSTRUMENTATION_STATUS: test=dateTimeKeepsOriginalWithoutSmartTypingOrReads
INSTRUMENTATION_STATUS_CODE: 0
INSTRUMENTATION_STATUS: class=io.github.mesteriis.rune.keyboard.qa.NonNormalEditorInstrumentedTest
INSTRUMENTATION_STATUS: current=126
INSTRUMENTATION_STATUS: id=AndroidJUnitRunner
INSTRUMENTATION_STATUS: numtests=161
INSTRUMENTATION_STATUS: stream=
INSTRUMENTATION_STATUS: test=numberKeepsOriginalWithoutSmartTypingOrReads
INSTRUMENTATION_STATUS_CODE: 1
INSTRUMENTATION_STATUS: class=io.github.mesteriis.rune.keyboard.qa.NonNormalEditorInstrumentedTest
INSTRUMENTATION_STATUS: current=126
INSTRUMENTATION_STATUS: id=AndroidJUnitRunner
INSTRUMENTATION_STATUS: numtests=161
INSTRUMENTATION_STATUS: stream=.
INSTRUMENTATION_STATUS: test=numberKeepsOriginalWithoutSmartTypingOrReads
INSTRUMENTATION_STATUS_CODE: 0
INSTRUMENTATION_STATUS: class=io.github.mesteriis.rune.keyboard.qa.NonNormalEditorInstrumentedTest
INSTRUMENTATION_STATUS: current=127
INSTRUMENTATION_STATUS: id=AndroidJUnitRunner
INSTRUMENTATION_STATUS: numtests=161
INSTRUMENTATION_STATUS: stream=
INSTRUMENTATION_STATUS: test=emailKeepsOriginalWithoutSmartTypingOrReads
INSTRUMENTATION_STATUS_CODE: 1
INSTRUMENTATION_STATUS: class=io.github.mesteriis.rune.keyboard.qa.NonNormalEditorInstrumentedTest
INSTRUMENTATION_STATUS: current=127
INSTRUMENTATION_STATUS: id=AndroidJUnitRunner
INSTRUMENTATION_STATUS: numtests=161
INSTRUMENTATION_STATUS: stream=.
INSTRUMENTATION_STATUS: test=emailKeepsOriginalWithoutSmartTypingOrReads
INSTRUMENTATION_STATUS_CODE: 0
INSTRUMENTATION_STATUS: class=io.github.mesteriis.rune.keyboard.qa.NonNormalEditorInstrumentedTest
INSTRUMENTATION_STATUS: current=128
INSTRUMENTATION_STATUS: id=AndroidJUnitRunner
INSTRUMENTATION_STATUS: numtests=161
INSTRUMENTATION_STATUS: stream=
INSTRUMENTATION_STATUS: test=noPersonalizedLearningKeepsOriginalWithoutSmartTypingOrReads
INSTRUMENTATION_STATUS_CODE: 1
INSTRUMENTATION_STATUS: class=io.github.mesteriis.rune.keyboard.qa.NonNormalEditorInstrumentedTest
INSTRUMENTATION_STATUS: current=128
INSTRUMENTATION_STATUS: id=AndroidJUnitRunner
INSTRUMENTATION_STATUS: numtests=161
INSTRUMENTATION_STATUS: stream=.
INSTRUMENTATION_STATUS: test=noPersonalizedLearningKeepsOriginalWithoutSmartTypingOrReads
INSTRUMENTATION_STATUS_CODE: 0
INSTRUMENTATION_STATUS: class=io.github.mesteriis.rune.keyboard.qa.OwnedBatchInstrumentedTest
INSTRUMENTATION_STATUS: current=129
INSTRUMENTATION_STATUS: id=AndroidJUnitRunner
INSTRUMENTATION_STATUS: numtests=161
INSTRUMENTATION_STATUS: stream=
io.github.mesteriis.rune.keyboard.qa.OwnedBatchInstrumentedTest:
INSTRUMENTATION_STATUS: test=commitBoundaryAndRestoreOwnedRegionPreserveTextAndDoNotReadEditor
INSTRUMENTATION_STATUS_CODE: 1
INSTRUMENTATION_STATUS: class=io.github.mesteriis.rune.keyboard.qa.OwnedBatchInstrumentedTest
INSTRUMENTATION_STATUS: current=129
INSTRUMENTATION_STATUS: id=AndroidJUnitRunner
INSTRUMENTATION_STATUS: numtests=161
INSTRUMENTATION_STATUS: stream=.
INSTRUMENTATION_STATUS: test=commitBoundaryAndRestoreOwnedRegionPreserveTextAndDoNotReadEditor
INSTRUMENTATION_STATUS_CODE: 0
INSTRUMENTATION_STATUS: class=io.github.mesteriis.rune.keyboard.qa.RapidTypingInstrumentedTest
INSTRUMENTATION_STATUS: current=130
INSTRUMENTATION_STATUS: id=AndroidJUnitRunner
INSTRUMENTATION_STATUS: numtests=161
INSTRUMENTATION_STATUS: stream=
io.github.mesteriis.rune.keyboard.qa.RapidTypingInstrumentedTest:
INSTRUMENTATION_STATUS: test=rapidTouchBurstKeepsEveryCharacterAcrossWordBoundaries
INSTRUMENTATION_STATUS_CODE: 1
INSTRUMENTATION_STATUS: rapid_touch_burst_ms=4779
INSTRUMENTATION_STATUS: rapid_touch_releases=75
INSTRUMENTATION_STATUS_CODE: 0
INSTRUMENTATION_STATUS: class=io.github.mesteriis.rune.keyboard.qa.RapidTypingInstrumentedTest
INSTRUMENTATION_STATUS: current=130
INSTRUMENTATION_STATUS: id=AndroidJUnitRunner
INSTRUMENTATION_STATUS: numtests=161
INSTRUMENTATION_STATUS: stream=.
INSTRUMENTATION_STATUS: test=rapidTouchBurstKeepsEveryCharacterAcrossWordBoundaries
INSTRUMENTATION_STATUS_CODE: 0
INSTRUMENTATION_STATUS: class=io.github.mesteriis.rune.keyboard.qa.RawEditorInstrumentedTest
INSTRUMENTATION_STATUS: current=131
INSTRUMENTATION_STATUS: id=AndroidJUnitRunner
INSTRUMENTATION_STATUS: numtests=161
INSTRUMENTATION_STATUS: stream=
io.github.mesteriis.rune.keyboard.qa.RawEditorInstrumentedTest:
INSTRUMENTATION_STATUS: test=typeNullUsesRawKeysWithoutCompositionCorrectionsStripOrReadback
INSTRUMENTATION_STATUS_CODE: 1
INSTRUMENTATION_STATUS: class=io.github.mesteriis.rune.keyboard.qa.RawEditorInstrumentedTest
INSTRUMENTATION_STATUS: current=131
INSTRUMENTATION_STATUS: id=AndroidJUnitRunner
INSTRUMENTATION_STATUS: numtests=161
INSTRUMENTATION_STATUS: stream=.
INSTRUMENTATION_STATUS: test=typeNullUsesRawKeysWithoutCompositionCorrectionsStripOrReadback
INSTRUMENTATION_STATUS_CODE: 0
INSTRUMENTATION_STATUS: class=io.github.mesteriis.rune.keyboard.qa.RealModelTypingInstrumentedTest
INSTRUMENTATION_STATUS: current=132
INSTRUMENTATION_STATUS: id=AndroidJUnitRunner
INSTRUMENTATION_STATUS: numtests=161
INSTRUMENTATION_STATUS: stream=
io.github.mesteriis.rune.keyboard.qa.RealModelTypingInstrumentedTest:
INSTRUMENTATION_STATUS: test=installedModelCorrectsOnSpaceWithoutTapAndBackspaceRestoresOriginal
INSTRUMENTATION_STATUS_CODE: 1
INSTRUMENTATION_STATUS: class=io.github.mesteriis.rune.keyboard.qa.RealModelTypingInstrumentedTest
INSTRUMENTATION_STATUS: current=132
INSTRUMENTATION_STATUS: id=AndroidJUnitRunner
INSTRUMENTATION_STATUS: numtests=161
INSTRUMENTATION_STATUS: stack=org.junit.AssumptionViolatedException: Explicit installed-model typing probe only
	at org.junit.Assume.assumeTrue(Assume.java:68)
	at io.github.mesteriis.rune.keyboard.qa.RealModelTypingInstrumentedTest.installedModelCorrectsOnSpaceWithoutTapAndBackspaceRestoresOriginal(RealModelTypingInstrumentedTest.kt:25)

INSTRUMENTATION_STATUS: stream=
io.github.mesteriis.rune.keyboard.qa.RealModelTypingInstrumentedTest:
INSTRUMENTATION_STATUS: test=installedModelCorrectsOnSpaceWithoutTapAndBackspaceRestoresOriginal
INSTRUMENTATION_STATUS_CODE: -4
INSTRUMENTATION_STATUS: class=io.github.mesteriis.rune.keyboard.qa.SmartTypingComposingInstrumentedTest
INSTRUMENTATION_STATUS: current=133
INSTRUMENTATION_STATUS: id=AndroidJUnitRunner
INSTRUMENTATION_STATUS: numtests=161
INSTRUMENTATION_STATUS: stream=
io.github.mesteriis.rune.keyboard.qa.SmartTypingComposingInstrumentedTest:
INSTRUMENTATION_STATUS: test=droppedSpanWithExplicitCallbackContinuesAsPlainText
INSTRUMENTATION_STATUS_CODE: 1
INSTRUMENTATION_STATUS: class=io.github.mesteriis.rune.keyboard.qa.SmartTypingComposingInstrumentedTest
INSTRUMENTATION_STATUS: current=133
INSTRUMENTATION_STATUS: id=AndroidJUnitRunner
INSTRUMENTATION_STATUS: numtests=161
INSTRUMENTATION_STATUS: stream=.
INSTRUMENTATION_STATUS: test=droppedSpanWithExplicitCallbackContinuesAsPlainText
INSTRUMENTATION_STATUS_CODE: 0
INSTRUMENTATION_STATUS: class=io.github.mesteriis.rune.keyboard.qa.SmartTypingComposingInstrumentedTest
INSTRUMENTATION_STATUS: current=134
INSTRUMENTATION_STATUS: id=AndroidJUnitRunner
INSTRUMENTATION_STATUS: numtests=161
INSTRUMENTATION_STATUS: stream=
INSTRUMENTATION_STATUS: test=rejectedSpanWithExplicitCallbackContinuesAsPlainText
INSTRUMENTATION_STATUS_CODE: 1
INSTRUMENTATION_STATUS: class=io.github.mesteriis.rune.keyboard.qa.SmartTypingComposingInstrumentedTest
INSTRUMENTATION_STATUS: current=134
INSTRUMENTATION_STATUS: id=AndroidJUnitRunner
INSTRUMENTATION_STATUS: numtests=161
INSTRUMENTATION_STATUS: stream=.
INSTRUMENTATION_STATUS: test=rejectedSpanWithExplicitCallbackContinuesAsPlainText
INSTRUMENTATION_STATUS_CODE: 0
INSTRUMENTATION_STATUS: class=io.github.mesteriis.rune.keyboard.qa.SmartTypingComposingInstrumentedTest
INSTRUMENTATION_STATUS: current=135
INSTRUMENTATION_STATUS: id=AndroidJUnitRunner
INSTRUMENTATION_STATUS: numtests=161
INSTRUMENTATION_STATUS: stream=
INSTRUMENTATION_STATUS: test=changingToSensitiveEditorRemovesThePreviousOriginalFromTheStrip
INSTRUMENTATION_STATUS_CODE: 1
INSTRUMENTATION_STATUS: class=io.github.mesteriis.rune.keyboard.qa.SmartTypingComposingInstrumentedTest
INSTRUMENTATION_STATUS: current=135
INSTRUMENTATION_STATUS: id=AndroidJUnitRunner
INSTRUMENTATION_STATUS: numtests=161
INSTRUMENTATION_STATUS: stream=.
INSTRUMENTATION_STATUS: test=changingToSensitiveEditorRemovesThePreviousOriginalFromTheStrip
INSTRUMENTATION_STATUS_CODE: 0
INSTRUMENTATION_STATUS: class=io.github.mesteriis.rune.keyboard.qa.SmartTypingComposingInstrumentedTest
INSTRUMENTATION_STATUS: current=136
INSTRUMENTATION_STATUS: id=AndroidJUnitRunner
INSTRUMENTATION_STATUS: numtests=161
INSTRUMENTATION_STATUS: stream=
INSTRUMENTATION_STATUS: test=noPersonalizedLearningNeverReadsEditorTextOrSetsComposition
INSTRUMENTATION_STATUS_CODE: 1
INSTRUMENTATION_STATUS: class=io.github.mesteriis.rune.keyboard.qa.SmartTypingComposingInstrumentedTest
INSTRUMENTATION_STATUS: current=136
INSTRUMENTATION_STATUS: id=AndroidJUnitRunner
INSTRUMENTATION_STATUS: numtests=161
INSTRUMENTATION_STATUS: stream=.
INSTRUMENTATION_STATUS: test=noPersonalizedLearningNeverReadsEditorTextOrSetsComposition
INSTRUMENTATION_STATUS_CODE: 0
INSTRUMENTATION_STATUS: class=io.github.mesteriis.rune.keyboard.qa.SmartTypingComposingInstrumentedTest
INSTRUMENTATION_STATUS: current=137
INSTRUMENTATION_STATUS: id=AndroidJUnitRunner
INSTRUMENTATION_STATUS: numtests=161
INSTRUMENTATION_STATUS: stream=
INSTRUMENTATION_STATUS: test=droppedOwnedSpanWithCallbackDisablesCompositionForTheSession
INSTRUMENTATION_STATUS_CODE: 1
INSTRUMENTATION_STATUS: class=io.github.mesteriis.rune.keyboard.qa.SmartTypingComposingInstrumentedTest
INSTRUMENTATION_STATUS: current=137
INSTRUMENTATION_STATUS: id=AndroidJUnitRunner
INSTRUMENTATION_STATUS: numtests=161
INSTRUMENTATION_STATUS: stream=.
INSTRUMENTATION_STATUS: test=droppedOwnedSpanWithCallbackDisablesCompositionForTheSession
INSTRUMENTATION_STATUS_CODE: 0
INSTRUMENTATION_STATUS: class=io.github.mesteriis.rune.keyboard.qa.SmartTypingComposingInstrumentedTest
INSTRUMENTATION_STATUS: current=138
INSTRUMENTATION_STATUS: id=AndroidJUnitRunner
INSTRUMENTATION_STATUS: numtests=161
INSTRUMENTATION_STATUS: stream=
INSTRUMENTATION_STATUS: test=cursorMovementAndSelectionFinishTheOldSpan
INSTRUMENTATION_STATUS_CODE: 1
INSTRUMENTATION_STATUS: class=io.github.mesteriis.rune.keyboard.qa.SmartTypingComposingInstrumentedTest
INSTRUMENTATION_STATUS: current=138
INSTRUMENTATION_STATUS: id=AndroidJUnitRunner
INSTRUMENTATION_STATUS: numtests=161
INSTRUMENTATION_STATUS: stream=.
INSTRUMENTATION_STATUS: test=cursorMovementAndSelectionFinishTheOldSpan
INSTRUMENTATION_STATUS_CODE: 0
INSTRUMENTATION_STATUS: class=io.github.mesteriis.rune.keyboard.qa.SmartTypingComposingInstrumentedTest
INSTRUMENTATION_STATUS: current=139
INSTRUMENTATION_STATUS: id=AndroidJUnitRunner
INSTRUMENTATION_STATUS: numtests=161
INSTRUMENTATION_STATUS: stream=
INSTRUMENTATION_STATUS: test=restartInputDoesNotReplaceOrDuplicateThePriorComposition
INSTRUMENTATION_STATUS_CODE: 1
INSTRUMENTATION_STATUS: class=io.github.mesteriis.rune.keyboard.qa.SmartTypingComposingInstrumentedTest
INSTRUMENTATION_STATUS: current=139
INSTRUMENTATION_STATUS: id=AndroidJUnitRunner
INSTRUMENTATION_STATUS: numtests=161
INSTRUMENTATION_STATUS: stream=.
INSTRUMENTATION_STATUS: test=restartInputDoesNotReplaceOrDuplicateThePriorComposition
INSTRUMENTATION_STATUS_CODE: 0
INSTRUMENTATION_STATUS: class=io.github.mesteriis.rune.keyboard.qa.SmartTypingComposingInstrumentedTest
INSTRUMENTATION_STATUS: current=140
INSTRUMENTATION_STATUS: id=AndroidJUnitRunner
INSTRUMENTATION_STATUS: numtests=161
INSTRUMENTATION_STATUS: stream=
INSTRUMENTATION_STATUS: test=languageSwitchPreservesTextAndFinishesComposition
INSTRUMENTATION_STATUS_CODE: 1
INSTRUMENTATION_STATUS: class=io.github.mesteriis.rune.keyboard.qa.SmartTypingComposingInstrumentedTest
INSTRUMENTATION_STATUS: current=140
INSTRUMENTATION_STATUS: id=AndroidJUnitRunner
INSTRUMENTATION_STATUS: numtests=161
INSTRUMENTATION_STATUS: stream=.
INSTRUMENTATION_STATUS: test=languageSwitchPreservesTextAndFinishesComposition
INSTRUMENTATION_STATUS_CODE: 0
INSTRUMENTATION_STATUS: class=io.github.mesteriis.rune.keyboard.qa.SmartTypingComposingInstrumentedTest
INSTRUMENTATION_STATUS: current=141
INSTRUMENTATION_STATUS: id=AndroidJUnitRunner
INSTRUMENTATION_STATUS: numtests=161
INSTRUMENTATION_STATUS: stream=
INSTRUMENTATION_STATUS: test=doubleSpaceWithoutOwnedWordKeepsBothSpacesAndDoesNotReadEditor
INSTRUMENTATION_STATUS_CODE: 1
INSTRUMENTATION_STATUS: class=io.github.mesteriis.rune.keyboard.qa.SmartTypingComposingInstrumentedTest
INSTRUMENTATION_STATUS: current=141
INSTRUMENTATION_STATUS: id=AndroidJUnitRunner
INSTRUMENTATION_STATUS: numtests=161
INSTRUMENTATION_STATUS: stream=.
INSTRUMENTATION_STATUS: test=doubleSpaceWithoutOwnedWordKeepsBothSpacesAndDoesNotReadEditor
INSTRUMENTATION_STATUS_CODE: 0
INSTRUMENTATION_STATUS: class=io.github.mesteriis.rune.keyboard.qa.SmartTypingComposingInstrumentedTest
INSTRUMENTATION_STATUS: current=142
INSTRUMENTATION_STATUS: id=AndroidJUnitRunner
INSTRUMENTATION_STATUS: numtests=161
INSTRUMENTATION_STATUS: stream=
INSTRUMENTATION_STATUS: test=editorRewriteInvalidatesOwnedTextWithoutReplay
INSTRUMENTATION_STATUS_CODE: 1
INSTRUMENTATION_STATUS: class=io.github.mesteriis.rune.keyboard.qa.SmartTypingComposingInstrumentedTest
INSTRUMENTATION_STATUS: current=142
INSTRUMENTATION_STATUS: id=AndroidJUnitRunner
INSTRUMENTATION_STATUS: numtests=161
INSTRUMENTATION_STATUS: stream=.
INSTRUMENTATION_STATUS: test=editorRewriteInvalidatesOwnedTextWithoutReplay
INSTRUMENTATION_STATUS_CODE: 0
INSTRUMENTATION_STATUS: class=io.github.mesteriis.rune.keyboard.qa.SmartTypingComposingInstrumentedTest
INSTRUMENTATION_STATUS: current=143
INSTRUMENTATION_STATUS: id=AndroidJUnitRunner
INSTRUMENTATION_STATUS: numtests=161
INSTRUMENTATION_STATUS: stream=
INSTRUMENTATION_STATUS: test=currentOriginalStripTapDoesNotWriteEditorAndUpdatesWithTheWord
INSTRUMENTATION_STATUS_CODE: 1
INSTRUMENTATION_STATUS: class=io.github.mesteriis.rune.keyboard.qa.SmartTypingComposingInstrumentedTest
INSTRUMENTATION_STATUS: current=143
INSTRUMENTATION_STATUS: id=AndroidJUnitRunner
INSTRUMENTATION_STATUS: numtests=161
INSTRUMENTATION_STATUS: stream=.
INSTRUMENTATION_STATUS: test=currentOriginalStripTapDoesNotWriteEditorAndUpdatesWithTheWord
INSTRUMENTATION_STATUS_CODE: 0
INSTRUMENTATION_STATUS: class=io.github.mesteriis.rune.keyboard.qa.SmartTypingComposingInstrumentedTest
INSTRUMENTATION_STATUS: current=144
INSTRUMENTATION_STATUS: id=AndroidJUnitRunner
INSTRUMENTATION_STATUS: numtests=161
INSTRUMENTATION_STATUS: stream=
INSTRUMENTATION_STATUS: test=inputViewDetachDoesNotReplayThePriorComposition
INSTRUMENTATION_STATUS_CODE: 1
INSTRUMENTATION_STATUS: class=io.github.mesteriis.rune.keyboard.qa.SmartTypingComposingInstrumentedTest
INSTRUMENTATION_STATUS: current=144
INSTRUMENTATION_STATUS: id=AndroidJUnitRunner
INSTRUMENTATION_STATUS: numtests=161
INSTRUMENTATION_STATUS: stream=.
INSTRUMENTATION_STATUS: test=inputViewDetachDoesNotReplayThePriorComposition
INSTRUMENTATION_STATUS_CODE: 0
INSTRUMENTATION_STATUS: class=io.github.mesteriis.rune.keyboard.qa.SmartTypingComposingInstrumentedTest
INSTRUMENTATION_STATUS: current=145
INSTRUMENTATION_STATUS: id=AndroidJUnitRunner
INSTRUMENTATION_STATUS: numtests=161
INSTRUMENTATION_STATUS: stream=
INSTRUMENTATION_STATUS: test=stationarySpaceHoldFinishesCompositionBeforeAnyCursorStep
INSTRUMENTATION_STATUS_CODE: 1
INSTRUMENTATION_STATUS: class=io.github.mesteriis.rune.keyboard.qa.SmartTypingComposingInstrumentedTest
INSTRUMENTATION_STATUS: current=145
INSTRUMENTATION_STATUS: id=AndroidJUnitRunner
INSTRUMENTATION_STATUS: numtests=161
INSTRUMENTATION_STATUS: stream=.
INSTRUMENTATION_STATUS: test=stationarySpaceHoldFinishesCompositionBeforeAnyCursorStep
INSTRUMENTATION_STATUS_CODE: 0
INSTRUMENTATION_STATUS: class=io.github.mesteriis.rune.keyboard.qa.SmartTypingComposingInstrumentedTest
INSTRUMENTATION_STATUS: current=146
INSTRUMENTATION_STATUS: id=AndroidJUnitRunner
INSTRUMENTATION_STATUS: numtests=161
INSTRUMENTATION_STATUS: stream=
INSTRUMENTATION_STATUS: test=doubleSpaceUndoSurvivesBinderSelectionAcknowledgement
INSTRUMENTATION_STATUS_CODE: 1
INSTRUMENTATION_STATUS: class=io.github.mesteriis.rune.keyboard.qa.SmartTypingComposingInstrumentedTest
INSTRUMENTATION_STATUS: current=146
INSTRUMENTATION_STATUS: id=AndroidJUnitRunner
INSTRUMENTATION_STATUS: numtests=161
INSTRUMENTATION_STATUS: stream=.
INSTRUMENTATION_STATUS: test=doubleSpaceUndoSurvivesBinderSelectionAcknowledgement
INSTRUMENTATION_STATUS_CODE: 0
INSTRUMENTATION_STATUS: class=io.github.mesteriis.rune.keyboard.qa.SmartTypingComposingInstrumentedTest
INSTRUMENTATION_STATUS: current=147
INSTRUMENTATION_STATUS: id=AndroidJUnitRunner
INSTRUMENTATION_STATUS: numtests=161
INSTRUMENTATION_STATUS: stream=
INSTRUMENTATION_STATUS: test=wordAndLeadingBoundaryComposeAndDeleteWithoutReplayingCommittedText
INSTRUMENTATION_STATUS_CODE: 1
INSTRUMENTATION_STATUS: class=io.github.mesteriis.rune.keyboard.qa.SmartTypingComposingInstrumentedTest
INSTRUMENTATION_STATUS: current=147
INSTRUMENTATION_STATUS: id=AndroidJUnitRunner
INSTRUMENTATION_STATUS: numtests=161
INSTRUMENTATION_STATUS: stream=.
INSTRUMENTATION_STATUS: test=wordAndLeadingBoundaryComposeAndDeleteWithoutReplayingCommittedText
INSTRUMENTATION_STATUS_CODE: 0
INSTRUMENTATION_STATUS: class=io.github.mesteriis.rune.keyboard.qa.SmartTypingSettingsInstrumentedTest
INSTRUMENTATION_STATUS: current=148
INSTRUMENTATION_STATUS: id=AndroidJUnitRunner
INSTRUMENTATION_STATUS: numtests=161
INSTRUMENTATION_STATUS: stream=
io.github.mesteriis.rune.keyboard.qa.SmartTypingSettingsInstrumentedTest:
INSTRUMENTATION_STATUS: test=spellingAndStripChangesPreserveMechanicalUndoAndIndependentDoubleSpace
INSTRUMENTATION_STATUS_CODE: 1
INSTRUMENTATION_STATUS: class=io.github.mesteriis.rune.keyboard.qa.SmartTypingSettingsInstrumentedTest
INSTRUMENTATION_STATUS: current=148
INSTRUMENTATION_STATUS: id=AndroidJUnitRunner
INSTRUMENTATION_STATUS: numtests=161
INSTRUMENTATION_STATUS: stream=.
INSTRUMENTATION_STATUS: test=spellingAndStripChangesPreserveMechanicalUndoAndIndependentDoubleSpace
INSTRUMENTATION_STATUS_CODE: 0
INSTRUMENTATION_STATUS: class=io.github.mesteriis.rune.keyboard.qa.SmartTypingSettingsInstrumentedTest
INSTRUMENTATION_STATUS: current=149
INSTRUMENTATION_STATUS: id=AndroidJUnitRunner
INSTRUMENTATION_STATUS: numtests=161
INSTRUMENTATION_STATUS: stream=
INSTRUMENTATION_STATUS: test=stripToggleCancelAndPrivateTransitionCannotResurrectOldCandidateContent
INSTRUMENTATION_STATUS_CODE: 1
INSTRUMENTATION_STATUS: class=io.github.mesteriis.rune.keyboard.qa.SmartTypingSettingsInstrumentedTest
INSTRUMENTATION_STATUS: current=149
INSTRUMENTATION_STATUS: id=AndroidJUnitRunner
INSTRUMENTATION_STATUS: numtests=161
INSTRUMENTATION_STATUS: stream=.
INSTRUMENTATION_STATUS: test=stripToggleCancelAndPrivateTransitionCannotResurrectOldCandidateContent
INSTRUMENTATION_STATUS_CODE: 0
INSTRUMENTATION_STATUS: class=io.github.mesteriis.rune.keyboard.qa.SmartTypingSettingsInstrumentedTest
INSTRUMENTATION_STATUS: current=150
INSTRUMENTATION_STATUS: id=AndroidJUnitRunner
INSTRUMENTATION_STATUS: numtests=161
INSTRUMENTATION_STATUS: stream=
INSTRUMENTATION_STATUS: test=disablingSpellingCancelsHeldCorrectionWithoutEditorMutation
INSTRUMENTATION_STATUS_CODE: 1
INSTRUMENTATION_STATUS: class=io.github.mesteriis.rune.keyboard.qa.SmartTypingSettingsInstrumentedTest
INSTRUMENTATION_STATUS: current=150
INSTRUMENTATION_STATUS: id=AndroidJUnitRunner
INSTRUMENTATION_STATUS: numtests=161
INSTRUMENTATION_STATUS: stream=.
INSTRUMENTATION_STATUS: test=disablingSpellingCancelsHeldCorrectionWithoutEditorMutation
INSTRUMENTATION_STATUS_CODE: 0
INSTRUMENTATION_STATUS: class=io.github.mesteriis.rune.keyboard.qa.SmartTypingSettingsInstrumentedTest
INSTRUMENTATION_STATUS: current=151
INSTRUMENTATION_STATUS: id=AndroidJUnitRunner
INSTRUMENTATION_STATUS: numtests=161
INSTRUMENTATION_STATUS: stream=
INSTRUMENTATION_STATUS: test=liveOffDropsCorrectionsAndEnableWaitsForExplicitEdit
INSTRUMENTATION_STATUS_CODE: 1
INSTRUMENTATION_STATUS: class=io.github.mesteriis.rune.keyboard.qa.SmartTypingSettingsInstrumentedTest
INSTRUMENTATION_STATUS: current=151
INSTRUMENTATION_STATUS: id=AndroidJUnitRunner
INSTRUMENTATION_STATUS: numtests=161
INSTRUMENTATION_STATUS: stream=.
INSTRUMENTATION_STATUS: test=liveOffDropsCorrectionsAndEnableWaitsForExplicitEdit
INSTRUMENTATION_STATUS_CODE: 0
INSTRUMENTATION_STATUS: class=io.github.mesteriis.rune.keyboard.qa.SmartTypingSettingsInstrumentedTest
INSTRUMENTATION_STATUS: current=152
INSTRUMENTATION_STATUS: id=AndroidJUnitRunner
INSTRUMENTATION_STATUS: numtests=161
INSTRUMENTATION_STATUS: stream=
INSTRUMENTATION_STATUS: test=stripBothDirectionsAndRepeatedTogglesPreserveHeldKeyAndSingleRelease
INSTRUMENTATION_STATUS_CODE: 1
INSTRUMENTATION_STATUS: class=io.github.mesteriis.rune.keyboard.qa.SmartTypingSettingsInstrumentedTest
INSTRUMENTATION_STATUS: current=152
INSTRUMENTATION_STATUS: id=AndroidJUnitRunner
INSTRUMENTATION_STATUS: numtests=161
INSTRUMENTATION_STATUS: stream=.
INSTRUMENTATION_STATUS: test=stripBothDirectionsAndRepeatedTogglesPreserveHeldKeyAndSingleRelease
INSTRUMENTATION_STATUS_CODE: 0
INSTRUMENTATION_STATUS: class=io.github.mesteriis.rune.keyboard.qa.SmartTypingSettingsInstrumentedTest
INSTRUMENTATION_STATUS: current=153
INSTRUMENTATION_STATUS: id=AndroidJUnitRunner
INSTRUMENTATION_STATUS: numtests=161
INSTRUMENTATION_STATUS: stream=
INSTRUMENTATION_STATUS: test=controlsPersistIndependentlyAndExplainCurrentCapabilities
INSTRUMENTATION_STATUS_CODE: 1
INSTRUMENTATION_STATUS: class=io.github.mesteriis.rune.keyboard.qa.SmartTypingSettingsInstrumentedTest
INSTRUMENTATION_STATUS: current=153
INSTRUMENTATION_STATUS: id=AndroidJUnitRunner
INSTRUMENTATION_STATUS: numtests=161
INSTRUMENTATION_STATUS: stream=.
INSTRUMENTATION_STATUS: test=controlsPersistIndependentlyAndExplainCurrentCapabilities
INSTRUMENTATION_STATUS_CODE: 0
INSTRUMENTATION_STATUS: class=io.github.mesteriis.rune.keyboard.qa.TypingDiagnosticsInstrumentedTest
INSTRUMENTATION_STATUS: current=154
INSTRUMENTATION_STATUS: id=AndroidJUnitRunner
INSTRUMENTATION_STATUS: numtests=161
INSTRUMENTATION_STATUS: stream=
io.github.mesteriis.rune.keyboard.qa.TypingDiagnosticsInstrumentedTest:
INSTRUMENTATION_STATUS: test=recreationDuringSecondConfirmationLeavesTextOff
INSTRUMENTATION_STATUS_CODE: 1
INSTRUMENTATION_STATUS: class=io.github.mesteriis.rune.keyboard.qa.TypingDiagnosticsInstrumentedTest
INSTRUMENTATION_STATUS: current=154
INSTRUMENTATION_STATUS: id=AndroidJUnitRunner
INSTRUMENTATION_STATUS: numtests=161
INSTRUMENTATION_STATUS: stream=.
INSTRUMENTATION_STATUS: test=recreationDuringSecondConfirmationLeavesTextOff
INSTRUMENTATION_STATUS_CODE: 0
INSTRUMENTATION_STATUS: class=io.github.mesteriis.rune.keyboard.qa.TypingDiagnosticsInstrumentedTest
INSTRUMENTATION_STATUS: current=155
INSTRUMENTATION_STATUS: id=AndroidJUnitRunner
INSTRUMENTATION_STATUS: numtests=161
INSTRUMENTATION_STATUS: stream=
INSTRUMENTATION_STATUS: test=consentStartsWithFreshRuneInputAndDisableStopsTextOnly
INSTRUMENTATION_STATUS_CODE: 1
INSTRUMENTATION_STATUS: class=io.github.mesteriis.rune.keyboard.qa.TypingDiagnosticsInstrumentedTest
INSTRUMENTATION_STATUS: current=155
INSTRUMENTATION_STATUS: id=AndroidJUnitRunner
INSTRUMENTATION_STATUS: numtests=161
INSTRUMENTATION_STATUS: stream=.
INSTRUMENTATION_STATUS: test=consentStartsWithFreshRuneInputAndDisableStopsTextOnly
INSTRUMENTATION_STATUS_CODE: 0
INSTRUMENTATION_STATUS: class=io.github.mesteriis.rune.keyboard.qa.TypingDiagnosticsInstrumentedTest
INSTRUMENTATION_STATUS: current=156
INSTRUMENTATION_STATUS: id=AndroidJUnitRunner
INSTRUMENTATION_STATUS: numtests=161
INSTRUMENTATION_STATUS: stream=
INSTRUMENTATION_STATUS: test=managementDeleteDisablesBothAndRemovesManagedLogs
INSTRUMENTATION_STATUS_CODE: 1
INSTRUMENTATION_STATUS: class=io.github.mesteriis.rune.keyboard.qa.TypingDiagnosticsInstrumentedTest
INSTRUMENTATION_STATUS: current=156
INSTRUMENTATION_STATUS: id=AndroidJUnitRunner
INSTRUMENTATION_STATUS: numtests=161
INSTRUMENTATION_STATUS: stream=.
INSTRUMENTATION_STATUS: test=managementDeleteDisablesBothAndRemovesManagedLogs
INSTRUMENTATION_STATUS_CODE: 0
INSTRUMENTATION_STATUS: class=io.github.mesteriis.rune.keyboard.qa.TypingDiagnosticsInstrumentedTest
INSTRUMENTATION_STATUS: current=157
INSTRUMENTATION_STATUS: id=AndroidJUnitRunner
INSTRUMENTATION_STATUS: numtests=161
INSTRUMENTATION_STATUS: stream=
INSTRUMENTATION_STATUS: test=actualCandidateDecisionUndoAndSensitiveExclusionsReachSeparateStreams
INSTRUMENTATION_STATUS_CODE: 1
INSTRUMENTATION_STATUS: class=io.github.mesteriis.rune.keyboard.qa.TypingDiagnosticsInstrumentedTest
INSTRUMENTATION_STATUS: current=157
INSTRUMENTATION_STATUS: id=AndroidJUnitRunner
INSTRUMENTATION_STATUS: numtests=161
INSTRUMENTATION_STATUS: stream=.
INSTRUMENTATION_STATUS: test=actualCandidateDecisionUndoAndSensitiveExclusionsReachSeparateStreams
INSTRUMENTATION_STATUS_CODE: 0
INSTRUMENTATION_STATUS: class=io.github.mesteriis.rune.keyboard.qa.TypingDiagnosticsInstrumentedTest
INSTRUMENTATION_STATUS: current=158
INSTRUMENTATION_STATUS: id=AndroidJUnitRunner
INSTRUMENTATION_STATUS: numtests=161
INSTRUMENTATION_STATUS: stream=
INSTRUMENTATION_STATUS: test=twoConfirmationsCancelIndependentlyAndSwitchesRemainIndependent
INSTRUMENTATION_STATUS_CODE: 1
INSTRUMENTATION_STATUS: class=io.github.mesteriis.rune.keyboard.qa.TypingDiagnosticsInstrumentedTest
INSTRUMENTATION_STATUS: current=158
INSTRUMENTATION_STATUS: id=AndroidJUnitRunner
INSTRUMENTATION_STATUS: numtests=161
INSTRUMENTATION_STATUS: stream=.
INSTRUMENTATION_STATUS: test=twoConfirmationsCancelIndependentlyAndSwitchesRemainIndependent
INSTRUMENTATION_STATUS_CODE: 0
INSTRUMENTATION_STATUS: class=io.github.mesteriis.rune.keyboard.smarttyping.lexicon.PackedLexiconAssetsInstrumentedTest
INSTRUMENTATION_STATUS: current=159
INSTRUMENTATION_STATUS: id=AndroidJUnitRunner
INSTRUMENTATION_STATUS: numtests=161
INSTRUMENTATION_STATUS: stream=
io.github.mesteriis.rune.keyboard.smarttyping.lexicon.PackedLexiconAssetsInstrumentedTest:
INSTRUMENTATION_STATUS: test=packagedMappingsNoticesAndExactReferencesAreAvailableOffMainThread
INSTRUMENTATION_STATUS_CODE: 1
INSTRUMENTATION_STATUS: canonical_case_contract=v1 language=0 wall_ns=255912708 cpu_ns=231327045
INSTRUMENTATION_STATUS_CODE: 0
INSTRUMENTATION_STATUS: canonical_case_contract=v1 language=1 wall_ns=17587792 cpu_ns=15010001
INSTRUMENTATION_STATUS_CODE: 0
INSTRUMENTATION_STATUS: canonical_case_contract=v1 language=2 wall_ns=185877041 cpu_ns=171426710
INSTRUMENTATION_STATUS_CODE: 0
INSTRUMENTATION_STATUS: packed_reader_contract=v1 language=0 open_ns=361918 load_ns=245435625 cpu_ns=237843583 mapped_bytes=5388002 words=121255 nodes=272385 references=8 java_before=8526560 java_after=9263840 pss_kib_before=96417 pss_kib_after=102479
INSTRUMENTATION_STATUS_CODE: 0
INSTRUMENTATION_STATUS: packed_reader_contract=v1 language=1 open_ns=106790 load_ns=1254613959 cpu_ns=1211688832 mapped_bytes=25190742 words=668267 nodes=1250979 references=8 java_before=9263840 java_after=7756512 pss_kib_before=102479 pss_kib_after=125599
INSTRUMENTATION_STATUS_CODE: 0
INSTRUMENTATION_STATUS: packed_reader_contract=v1 language=2 open_ns=106124 load_ns=2918441960 cpu_ns=2803342193 mapped_bytes=46351852 words=1436553 nodes=2255866 references=8 java_before=7756512 java_after=8280800 pss_kib_before=125599 pss_kib_after=171279
INSTRUMENTATION_STATUS_CODE: 0
INSTRUMENTATION_STATUS: class=io.github.mesteriis.rune.keyboard.smarttyping.lexicon.PackedLexiconAssetsInstrumentedTest
INSTRUMENTATION_STATUS: current=159
INSTRUMENTATION_STATUS: id=AndroidJUnitRunner
INSTRUMENTATION_STATUS: numtests=161
INSTRUMENTATION_STATUS: stream=.
INSTRUMENTATION_STATUS: test=packagedMappingsNoticesAndExactReferencesAreAvailableOffMainThread
INSTRUMENTATION_STATUS_CODE: 0
INSTRUMENTATION_STATUS: class=io.github.mesteriis.rune.keyboard.smarttyping.lexicon.TopSevenInstrumentedTest
INSTRUMENTATION_STATUS: current=160
INSTRUMENTATION_STATUS: id=AndroidJUnitRunner
INSTRUMENTATION_STATUS: numtests=161
INSTRUMENTATION_STATUS: stream=
io.github.mesteriis.rune.keyboard.smarttyping.lexicon.TopSevenInstrumentedTest:
INSTRUMENTATION_STATUS: test=requestedWidthsPreserveCertifiedPrefixes
INSTRUMENTATION_STATUS_CODE: 1
INSTRUMENTATION_STATUS: candidate_width_measurement=v1 id=0 maximum=1 round=0 wall_ns=1910667 cpu_ns=1897083 states=1475 verified=13 completion=0 alternatives=1
INSTRUMENTATION_STATUS_CODE: 0
INSTRUMENTATION_STATUS: candidate_width_measurement=v1 id=0 maximum=3 round=0 wall_ns=6245458 cpu_ns=6219250 states=4713 verified=13 completion=0 alternatives=3
INSTRUMENTATION_STATUS_CODE: 0
INSTRUMENTATION_STATUS: candidate_width_measurement=v1 id=0 maximum=7 round=0 wall_ns=10745041 cpu_ns=10679793 states=8192 verified=13 completion=3 alternatives=7
INSTRUMENTATION_STATUS_CODE: 0
INSTRUMENTATION_STATUS: candidate_width_measurement=v1 id=1 maximum=7 round=0 wall_ns=1121208 cpu_ns=1100208 states=1438 verified=13 completion=0 alternatives=7
INSTRUMENTATION_STATUS_CODE: 0
INSTRUMENTATION_STATUS: candidate_width_measurement=v1 id=1 maximum=3 round=0 wall_ns=457459 cpu_ns=384584 states=444 verified=9 completion=0 alternatives=3
INSTRUMENTATION_STATUS_CODE: 0
INSTRUMENTATION_STATUS: candidate_width_measurement=v1 id=1 maximum=1 round=0 wall_ns=370917 cpu_ns=362374 states=444 verified=9 completion=0 alternatives=1
INSTRUMENTATION_STATUS_CODE: 0
INSTRUMENTATION_STATUS: candidate_width_measurement=v1 id=2 maximum=1 round=0 wall_ns=2067417 cpu_ns=2066542 states=1689 verified=2 completion=0 alternatives=1
INSTRUMENTATION_STATUS_CODE: 0
INSTRUMENTATION_STATUS: candidate_width_measurement=v1 id=2 maximum=3 round=0 wall_ns=8901334 cpu_ns=8689999 states=6379 verified=5 completion=0 alternatives=3
INSTRUMENTATION_STATUS_CODE: 0
INSTRUMENTATION_STATUS: candidate_width_measurement=v1 id=2 maximum=7 round=0 wall_ns=11058500 cpu_ns=11017250 states=8192 verified=5 completion=3 alternatives=5
INSTRUMENTATION_STATUS_CODE: 0
INSTRUMENTATION_STATUS: candidate_width_measurement=v1 id=3 maximum=7 round=0 wall_ns=7487042 cpu_ns=7447123 states=6441 verified=57 completion=0 alternatives=7
INSTRUMENTATION_STATUS_CODE: 0
INSTRUMENTATION_STATUS: candidate_width_measurement=v1 id=3 maximum=3 round=0 wall_ns=3223291 cpu_ns=3172917 states=2646 verified=46 completion=0 alternatives=3
INSTRUMENTATION_STATUS_CODE: 0
INSTRUMENTATION_STATUS: candidate_width_measurement=v1 id=3 maximum=1 round=0 wall_ns=1977667 cpu_ns=1932833 states=1775 verified=17 completion=0 alternatives=1
INSTRUMENTATION_STATUS_CODE: 0
INSTRUMENTATION_STATUS: candidate_width_measurement=v1 id=4 maximum=1 round=0 wall_ns=1977542 cpu_ns=1978166 states=1562 verified=7 completion=0 alternatives=1
INSTRUMENTATION_STATUS_CODE: 0
INSTRUMENTATION_STATUS: candidate_width_measurement=v1 id=4 maximum=3 round=0 wall_ns=6034334 cpu_ns=5964707 states=4569 verified=7 completion=0 alternatives=3
INSTRUMENTATION_STATUS_CODE: 0
INSTRUMENTATION_STATUS: candidate_width_measurement=v1 id=4 maximum=7 round=0 wall_ns=11057167 cpu_ns=10884290 states=8192 verified=7 completion=3 alternatives=7
INSTRUMENTATION_STATUS_CODE: 0
INSTRUMENTATION_STATUS: candidate_width_measurement=v1 id=5 maximum=7 round=0 wall_ns=2448375 cpu_ns=2387417 states=2139 verified=59 completion=0 alternatives=7
INSTRUMENTATION_STATUS_CODE: 0
INSTRUMENTATION_STATUS: candidate_width_measurement=v1 id=5 maximum=3 round=0 wall_ns=2555584 cpu_ns=2513084 states=2139 verified=59 completion=0 alternatives=3
INSTRUMENTATION_STATUS_CODE: 0
INSTRUMENTATION_STATUS: candidate_width_measurement=v1 id=5 maximum=1 round=0 wall_ns=507334 cpu_ns=505291 states=514 verified=11 completion=0 alternatives=1
INSTRUMENTATION_STATUS_CODE: 0
INSTRUMENTATION_STATUS: candidate_width_measurement=v1 id=6 maximum=1 round=0 wall_ns=1591625 cpu_ns=1539668 states=1463 verified=6 completion=0 alternatives=1
INSTRUMENTATION_STATUS_CODE: 0
INSTRUMENTATION_STATUS: candidate_width_measurement=v1 id=6 maximum=3 round=0 wall_ns=6214250 cpu_ns=6177501 states=5398 verified=16 completion=0 alternatives=3
INSTRUMENTATION_STATUS_CODE: 0
INSTRUMENTATION_STATUS: candidate_width_measurement=v1 id=6 maximum=7 round=0 wall_ns=6401291 cpu_ns=6254043 states=5398 verified=16 completion=0 alternatives=7
INSTRUMENTATION_STATUS_CODE: 0
INSTRUMENTATION_STATUS: candidate_width_measurement=v1 id=7 maximum=7 round=0 wall_ns=9551084 cpu_ns=8712294 states=5678 verified=45 completion=0 alternatives=7
INSTRUMENTATION_STATUS_CODE: 0
INSTRUMENTATION_STATUS: candidate_width_measurement=v1 id=7 maximum=3 round=0 wall_ns=2455792 cpu_ns=2430667 states=1851 verified=8 completion=0 alternatives=3
INSTRUMENTATION_STATUS_CODE: 0
INSTRUMENTATION_STATUS: candidate_width_measurement=v1 id=7 maximum=1 round=0 wall_ns=2440375 cpu_ns=2386459 states=1851 verified=8 completion=0 alternatives=1
INSTRUMENTATION_STATUS_CODE: 0
INSTRUMENTATION_STATUS: candidate_width_measurement=v1 id=8 maximum=1 round=0 wall_ns=561459 cpu_ns=562084 states=327 verified=18 completion=0 alternatives=1
INSTRUMENTATION_STATUS_CODE: 0
INSTRUMENTATION_STATUS: candidate_width_measurement=v1 id=8 maximum=3 round=0 wall_ns=2383917 cpu_ns=2376792 states=1503 verified=64 completion=4 alternatives=3
INSTRUMENTATION_STATUS_CODE: 0
INSTRUMENTATION_STATUS: candidate_width_measurement=v1 id=8 maximum=7 round=0 wall_ns=2341667 cpu_ns=2342334 states=1503 verified=64 completion=4 alternatives=7
INSTRUMENTATION_STATUS_CODE: 0
INSTRUMENTATION_STATUS: candidate_width_measurement=v1 id=9 maximum=7 round=0 wall_ns=5448375 cpu_ns=5363166 states=4662 verified=13 completion=0 alternatives=7
INSTRUMENTATION_STATUS_CODE: 0
INSTRUMENTATION_STATUS: candidate_width_measurement=v1 id=9 maximum=3 round=0 wall_ns=1401375 cpu_ns=1402083 states=1282 verified=10 completion=0 alternatives=3
INSTRUMENTATION_STATUS_CODE: 0
INSTRUMENTATION_STATUS: candidate_width_measurement=v1 id=9 maximum=1 round=0 wall_ns=375708 cpu_ns=373709 states=358 verified=4 completion=0 alternatives=1
INSTRUMENTATION_STATUS_CODE: 0
INSTRUMENTATION_STATUS: candidate_width_measurement=v1 id=10 maximum=1 round=0 wall_ns=405917 cpu_ns=406542 states=422 verified=20 completion=0 alternatives=1
INSTRUMENTATION_STATUS_CODE: 0
INSTRUMENTATION_STATUS: candidate_width_measurement=v1 id=10 maximum=3 round=0 wall_ns=399333 cpu_ns=393958 states=422 verified=20 completion=0 alternatives=3
INSTRUMENTATION_STATUS_CODE: 0
INSTRUMENTATION_STATUS: candidate_width_measurement=v1 id=10 maximum=7 round=0 wall_ns=1522625 cpu_ns=1464374 states=1917 verified=42 completion=0 alternatives=7
INSTRUMENTATION_STATUS_CODE: 0
INSTRUMENTATION_STATUS: candidate_width_measurement=v1 id=11 maximum=7 round=0 wall_ns=11516667 cpu_ns=11463834 states=8192 verified=49 completion=3 alternatives=7
INSTRUMENTATION_STATUS_CODE: 0
INSTRUMENTATION_STATUS: candidate_width_measurement=v1 id=11 maximum=3 round=0 wall_ns=2765042 cpu_ns=2765792 states=2058 verified=28 completion=0 alternatives=3
INSTRUMENTATION_STATUS_CODE: 0
INSTRUMENTATION_STATUS: candidate_width_measurement=v1 id=11 maximum=1 round=0 wall_ns=2779750 cpu_ns=2779292 states=2058 verified=28 completion=0 alternatives=1
INSTRUMENTATION_STATUS_CODE: 0
INSTRUMENTATION_STATUS: candidate_width_measurement=v1 id=12 maximum=1 round=0 wall_ns=309375 cpu_ns=295959 states=324 verified=4 completion=0 alternatives=1
INSTRUMENTATION_STATUS_CODE: 0
INSTRUMENTATION_STATUS: candidate_width_measurement=v1 id=12 maximum=3 round=0 wall_ns=402750 cpu_ns=375042 states=420 verified=5 completion=0 alternatives=3
INSTRUMENTATION_STATUS_CODE: 0
INSTRUMENTATION_STATUS: candidate_width_measurement=v1 id=12 maximum=7 round=0 wall_ns=1619542 cpu_ns=1611958 states=1986 verified=15 completion=0 alternatives=7
INSTRUMENTATION_STATUS_CODE: 0
INSTRUMENTATION_STATUS: candidate_width_measurement=v1 id=13 maximum=7 round=0 wall_ns=3773333 cpu_ns=3749125 states=2999 verified=64 completion=4 alternatives=7
INSTRUMENTATION_STATUS_CODE: 0
INSTRUMENTATION_STATUS: candidate_width_measurement=v1 id=13 maximum=3 round=0 wall_ns=2340625 cpu_ns=2326418 states=1861 verified=44 completion=0 alternatives=3
INSTRUMENTATION_STATUS_CODE: 0
INSTRUMENTATION_STATUS: candidate_width_measurement=v1 id=13 maximum=1 round=0 wall_ns=830417 cpu_ns=808042 states=599 verified=26 completion=0 alternatives=1
INSTRUMENTATION_STATUS_CODE: 0
INSTRUMENTATION_STATUS: candidate_width_measurement=v1 id=14 maximum=1 round=0 wall_ns=2830375 cpu_ns=2727001 states=1930 verified=1 completion=0 alternatives=1
INSTRUMENTATION_STATUS_CODE: 0
INSTRUMENTATION_STATUS: candidate_width_measurement=v1 id=14 maximum=3 round=0 wall_ns=12440459 cpu_ns=12393708 states=8192 verified=1 completion=3 alternatives=1
INSTRUMENTATION_STATUS_CODE: 0
INSTRUMENTATION_STATUS: candidate_width_measurement=v1 id=14 maximum=7 round=0 wall_ns=12374458 cpu_ns=12307709 states=8192 verified=1 completion=3 alternatives=1
INSTRUMENTATION_STATUS_CODE: 0
INSTRUMENTATION_STATUS: candidate_width_measurement=v1 id=15 maximum=7 round=0 wall_ns=1034292 cpu_ns=1019125 states=1324 verified=9 completion=0 alternatives=7
INSTRUMENTATION_STATUS_CODE: 0
INSTRUMENTATION_STATUS: candidate_width_measurement=v1 id=15 maximum=3 round=0 wall_ns=996791 cpu_ns=988958 states=1324 verified=9 completion=0 alternatives=3
INSTRUMENTATION_STATUS_CODE: 0
INSTRUMENTATION_STATUS: candidate_width_measurement=v1 id=15 maximum=1 round=0 wall_ns=224625 cpu_ns=221958 states=250 verified=3 completion=0 alternatives=1
INSTRUMENTATION_STATUS_CODE: 0
INSTRUMENTATION_STATUS: candidate_width_measurement=v1 id=16 maximum=1 round=0 wall_ns=1938083 cpu_ns=1938792 states=1607 verified=13 completion=0 alternatives=1
INSTRUMENTATION_STATUS_CODE: 0
INSTRUMENTATION_STATUS: candidate_width_measurement=v1 id=16 maximum=3 round=0 wall_ns=1922167 cpu_ns=1885082 states=1607 verified=13 completion=0 alternatives=3
INSTRUMENTATION_STATUS_CODE: 0
INSTRUMENTATION_STATUS: candidate_width_measurement=v1 id=16 maximum=7 round=0 wall_ns=10150459 cpu_ns=10088207 states=8192 verified=14 completion=3 alternatives=7
INSTRUMENTATION_STATUS_CODE: 0
INSTRUMENTATION_STATUS: candidate_width_measurement=v1 id=17 maximum=7 round=0 wall_ns=11089292 cpu_ns=10915500 states=8192 verified=2 completion=3 alternatives=2
INSTRUMENTATION_STATUS_CODE: 0
INSTRUMENTATION_STATUS: candidate_width_measurement=v1 id=17 maximum=3 round=0 wall_ns=12325875 cpu_ns=11325625 states=8192 verified=2 completion=3 alternatives=2
INSTRUMENTATION_STATUS_CODE: 0
INSTRUMENTATION_STATUS: candidate_width_measurement=v1 id=17 maximum=1 round=0 wall_ns=2532041 cpu_ns=2492749 states=1517 verified=1 completion=0 alternatives=1
INSTRUMENTATION_STATUS_CODE: 0
INSTRUMENTATION_STATUS: candidate_width_measurement=v1 id=18 maximum=1 round=0 wall_ns=414959 cpu_ns=403541 states=411 verified=4 completion=0 alternatives=1
INSTRUMENTATION_STATUS_CODE: 0
INSTRUMENTATION_STATUS: candidate_width_measurement=v1 id=18 maximum=3 round=0 wall_ns=1653542 cpu_ns=1626625 states=2064 verified=5 completion=0 alternatives=3
INSTRUMENTATION_STATUS_CODE: 0
INSTRUMENTATION_STATUS: candidate_width_measurement=v1 id=18 maximum=7 round=0 wall_ns=2528833 cpu_ns=2511542 states=3409 verified=5 completion=0 alternatives=5
INSTRUMENTATION_STATUS_CODE: 0
INSTRUMENTATION_STATUS: candidate_width_measurement=v1 id=19 maximum=7 round=0 wall_ns=951833 cpu_ns=923500 states=1121 verified=50 completion=0 alternatives=7
INSTRUMENTATION_STATUS_CODE: 0
INSTRUMENTATION_STATUS: candidate_width_measurement=v1 id=19 maximum=3 round=0 wall_ns=342917 cpu_ns=300375 states=292 verified=29 completion=0 alternatives=3
INSTRUMENTATION_STATUS_CODE: 0
INSTRUMENTATION_STATUS: candidate_width_measurement=v1 id=19 maximum=1 round=0 wall_ns=352583 cpu_ns=343209 states=292 verified=29 completion=0 alternatives=1
INSTRUMENTATION_STATUS_CODE: 0
INSTRUMENTATION_STATUS: candidate_width_measurement=v1 id=20 maximum=1 round=0 wall_ns=5041125 cpu_ns=4998416 states=2619 verified=64 completion=4 alternatives=1
INSTRUMENTATION_STATUS_CODE: 0
INSTRUMENTATION_STATUS: candidate_width_measurement=v1 id=20 maximum=3 round=0 wall_ns=4810500 cpu_ns=4775001 states=2619 verified=64 completion=4 alternatives=3
INSTRUMENTATION_STATUS_CODE: 0
INSTRUMENTATION_STATUS: candidate_width_measurement=v1 id=20 maximum=7 round=0 wall_ns=4895500 cpu_ns=4750709 states=2619 verified=64 completion=4 alternatives=7
INSTRUMENTATION_STATUS_CODE: 0
INSTRUMENTATION_STATUS: candidate_width_measurement=v1 id=21 maximum=7 round=0 wall_ns=11582542 cpu_ns=11501291 states=5806 verified=21 completion=0 alternatives=7
INSTRUMENTATION_STATUS_CODE: 0
INSTRUMENTATION_STATUS: candidate_width_measurement=v1 id=21 maximum=3 round=0 wall_ns=3811958 cpu_ns=3787168 states=2111 verified=12 completion=0 alternatives=3
INSTRUMENTATION_STATUS_CODE: 0
INSTRUMENTATION_STATUS: candidate_width_measurement=v1 id=21 maximum=1 round=0 wall_ns=3892709 cpu_ns=3861416 states=2111 verified=12 completion=0 alternatives=1
INSTRUMENTATION_STATUS_CODE: 0
INSTRUMENTATION_STATUS: candidate_width_measurement=v1 id=22 maximum=1 round=0 wall_ns=304209 cpu_ns=304833 states=293 verified=2 completion=0 alternatives=1
INSTRUMENTATION_STATUS_CODE: 0
INSTRUMENTATION_STATUS: candidate_width_measurement=v1 id=22 maximum=3 round=0 wall_ns=1820208 cpu_ns=1802666 states=1928 verified=10 completion=0 alternatives=3
INSTRUMENTATION_STATUS_CODE: 0
INSTRUMENTATION_STATUS: candidate_width_measurement=v1 id=22 maximum=7 round=0 wall_ns=1926792 cpu_ns=1844249 states=1928 verified=10 completion=0 alternatives=7
INSTRUMENTATION_STATUS_CODE: 0
INSTRUMENTATION_STATUS: candidate_width_measurement=v1 id=23 maximum=7 round=0 wall_ns=1480417 cpu_ns=1476458 states=1455 verified=24 completion=0 alternatives=7
INSTRUMENTATION_STATUS_CODE: 0
INSTRUMENTATION_STATUS: candidate_width_measurement=v1 id=23 maximum=3 round=0 wall_ns=272917 cpu_ns=265000 states=253 verified=3 completion=0 alternatives=3
INSTRUMENTATION_STATUS_CODE: 0
INSTRUMENTATION_STATUS: candidate_width_measurement=v1 id=23 maximum=1 round=0 wall_ns=265542 cpu_ns=261625 states=253 verified=3 completion=0 alternatives=1
INSTRUMENTATION_STATUS_CODE: 0
INSTRUMENTATION_STATUS: candidate_width_measurement=v1 id=24 maximum=1 round=0 wall_ns=223083 cpu_ns=221416 states=192 verified=11 completion=0 alternatives=1
INSTRUMENTATION_STATUS_CODE: 0
INSTRUMENTATION_STATUS: candidate_width_measurement=v1 id=24 maximum=3 round=0 wall_ns=214583 cpu_ns=196707 states=192 verified=11 completion=0 alternatives=3
INSTRUMENTATION_STATUS_CODE: 0
INSTRUMENTATION_STATUS: candidate_width_measurement=v1 id=24 maximum=7 round=0 wall_ns=864125 cpu_ns=853624 states=1273 verified=29 completion=0 alternatives=7
INSTRUMENTATION_STATUS_CODE: 0
INSTRUMENTATION_STATUS: candidate_width_measurement=v1 id=25 maximum=7 round=0 wall_ns=9601875 cpu_ns=9546083 states=6796 verified=11 completion=0 alternatives=7
INSTRUMENTATION_STATUS_CODE: 0
INSTRUMENTATION_STATUS: candidate_width_measurement=v1 id=25 maximum=3 round=0 wall_ns=9708666 cpu_ns=9448416 states=6796 verified=11 completion=0 alternatives=3
INSTRUMENTATION_STATUS_CODE: 0
INSTRUMENTATION_STATUS: candidate_width_measurement=v1 id=25 maximum=1 round=0 wall_ns=2244875 cpu_ns=2217250 states=1614 verified=6 completion=0 alternatives=1
INSTRUMENTATION_STATUS_CODE: 0
INSTRUMENTATION_STATUS: candidate_width_measurement=v1 id=26 maximum=1 round=0 wall_ns=2849417 cpu_ns=2850291 states=1814 verified=31 completion=0 alternatives=1
INSTRUMENTATION_STATUS_CODE: 0
INSTRUMENTATION_STATUS: candidate_width_measurement=v1 id=26 maximum=3 round=0 wall_ns=7704250 cpu_ns=7664418 states=4889 verified=39 completion=0 alternatives=3
INSTRUMENTATION_STATUS_CODE: 0
INSTRUMENTATION_STATUS: candidate_width_measurement=v1 id=26 maximum=7 round=0 wall_ns=7677584 cpu_ns=7638333 states=4889 verified=39 completion=0 alternatives=7
INSTRUMENTATION_STATUS_CODE: 0
INSTRUMENTATION_STATUS: candidate_width_measurement=v1 id=27 maximum=7 round=0 wall_ns=1698833 cpu_ns=1669168 states=1508 verified=8 completion=0 alternatives=7
INSTRUMENTATION_STATUS_CODE: 0
INSTRUMENTATION_STATUS: candidate_width_measurement=v1 id=27 maximum=3 round=0 wall_ns=379333 cpu_ns=380250 states=280 verified=6 completion=0 alternatives=3
INSTRUMENTATION_STATUS_CODE: 0
INSTRUMENTATION_STATUS: candidate_width_measurement=v1 id=27 maximum=1 round=0 wall_ns=357125 cpu_ns=357791 states=280 verified=6 completion=0 alternatives=1
INSTRUMENTATION_STATUS_CODE: 0
INSTRUMENTATION_STATUS: candidate_width_measurement=v1 id=28 maximum=1 round=0 wall_ns=588042 cpu_ns=588667 states=336 verified=13 completion=0 alternatives=1
INSTRUMENTATION_STATUS_CODE: 0
INSTRUMENTATION_STATUS: candidate_width_measurement=v1 id=28 maximum=3 round=0 wall_ns=2685750 cpu_ns=2506332 states=1466 verified=53 completion=0 alternatives=3
INSTRUMENTATION_STATUS_CODE: 0
INSTRUMENTATION_STATUS: candidate_width_measurement=v1 id=28 maximum=7 round=0 wall_ns=6799250 cpu_ns=6727167 states=4469 verified=63 completion=0 alternatives=7
INSTRUMENTATION_STATUS_CODE: 0
INSTRUMENTATION_STATUS: candidate_width_measurement=v1 id=29 maximum=7 round=0 wall_ns=12749541 cpu_ns=11715169 states=7060 verified=55 completion=0 alternatives=7
INSTRUMENTATION_STATUS_CODE: 0
INSTRUMENTATION_STATUS: candidate_width_measurement=v1 id=29 maximum=3 round=0 wall_ns=2996083 cpu_ns=2979250 states=1750 verified=28 completion=0 alternatives=3
INSTRUMENTATION_STATUS_CODE: 0
INSTRUMENTATION_STATUS: candidate_width_measurement=v1 id=29 maximum=1 round=0 wall_ns=3253083 cpu_ns=3218832 states=1750 verified=28 completion=0 alternatives=1
INSTRUMENTATION_STATUS_CODE: 0
INSTRUMENTATION_STATUS: candidate_width_measurement=v1 id=30 maximum=1 round=0 wall_ns=3786166 cpu_ns=3756376 states=2206 verified=64 completion=4 alternatives=1
INSTRUMENTATION_STATUS_CODE: 0
INSTRUMENTATION_STATUS: candidate_width_measurement=v1 id=30 maximum=3 round=0 wall_ns=3618583 cpu_ns=3568709 states=2206 verified=64 completion=4 alternatives=3
INSTRUMENTATION_STATUS_CODE: 0
INSTRUMENTATION_STATUS: candidate_width_measurement=v1 id=30 maximum=7 round=0 wall_ns=3693334 cpu_ns=3667208 states=2206 verified=64 completion=4 alternatives=7
INSTRUMENTATION_STATUS_CODE: 0
INSTRUMENTATION_STATUS: candidate_width_measurement=v1 id=31 maximum=7 round=0 wall_ns=11831708 cpu_ns=11764208 states=6727 verified=12 completion=0 alternatives=7
INSTRUMENTATION_STATUS_CODE: 0
INSTRUMENTATION_STATUS: candidate_width_measurement=v1 id=31 maximum=3 round=0 wall_ns=3993542 cpu_ns=3959333 states=2464 verified=5 completion=0 alternatives=3
INSTRUMENTATION_STATUS_CODE: 0
INSTRUMENTATION_STATUS: candidate_width_measurement=v1 id=31 maximum=1 round=0 wall_ns=3363792 cpu_ns=3337501 states=2079 verified=2 completion=0 alternatives=1
INSTRUMENTATION_STATUS_CODE: 0
INSTRUMENTATION_STATUS: candidate_width_measurement=v1 id=32 maximum=1 round=0 wall_ns=3168125 cpu_ns=3129084 states=1787 verified=39 completion=0 alternatives=1
INSTRUMENTATION_STATUS_CODE: 0
INSTRUMENTATION_STATUS: candidate_width_measurement=v1 id=32 maximum=3 round=0 wall_ns=3022375 cpu_ns=3023125 states=1787 verified=39 completion=0 alternatives=3
INSTRUMENTATION_STATUS_CODE: 0
INSTRUMENTATION_STATUS: candidate_width_measurement=v1 id=32 maximum=7 round=0 wall_ns=8175042 cpu_ns=8091708 states=5006 verified=47 completion=0 alternatives=7
INSTRUMENTATION_STATUS_CODE: 0
INSTRUMENTATION_STATUS: candidate_width_measurement=v1 id=33 maximum=7 round=0 wall_ns=4331834 cpu_ns=4264500 states=3501 verified=18 completion=0 alternatives=7
INSTRUMENTATION_STATUS_CODE: 0
INSTRUMENTATION_STATUS: candidate_width_measurement=v1 id=33 maximum=3 round=0 wall_ns=4197667 cpu_ns=4153834 states=3501 verified=18 completion=0 alternatives=3
INSTRUMENTATION_STATUS_CODE: 0
INSTRUMENTATION_STATUS: candidate_width_measurement=v1 id=33 maximum=1 round=0 wall_ns=1693250 cpu_ns=1693708 states=1398 verified=12 completion=0 alternatives=1
INSTRUMENTATION_STATUS_CODE: 0
INSTRUMENTATION_STATUS: candidate_width_measurement=v1 id=34 maximum=1 round=0 wall_ns=4546417 cpu_ns=4505166 states=2542 verified=22 completion=0 alternatives=1
INSTRUMENTATION_STATUS_CODE: 0
INSTRUMENTATION_STATUS: candidate_width_measurement=v1 id=34 maximum=3 round=0 wall_ns=4668708 cpu_ns=4583125 states=2542 verified=22 completion=0 alternatives=3
INSTRUMENTATION_STATUS_CODE: 0
INSTRUMENTATION_STATUS: candidate_width_measurement=v1 id=34 maximum=7 round=0 wall_ns=14545833 cpu_ns=14430750 states=8192 verified=26 completion=3 alternatives=7
INSTRUMENTATION_STATUS_CODE: 0
INSTRUMENTATION_STATUS: candidate_width_measurement=v1 id=35 maximum=7 round=0 wall_ns=11554708 cpu_ns=11499165 states=8192 verified=25 completion=3 alternatives=7
INSTRUMENTATION_STATUS_CODE: 0
INSTRUMENTATION_STATUS: candidate_width_measurement=v1 id=35 maximum=3 round=0 wall_ns=2840542 cpu_ns=2801458 states=1844 verified=23 completion=0 alternatives=3
INSTRUMENTATION_STATUS_CODE: 0
INSTRUMENTATION_STATUS: candidate_width_measurement=v1 id=35 maximum=1 round=0 wall_ns=2755167 cpu_ns=2729208 states=1844 verified=23 completion=0 alternatives=1
INSTRUMENTATION_STATUS_CODE: 0
INSTRUMENTATION_STATUS: candidate_width_measurement=v1 id=36 maximum=1 round=0 wall_ns=585167 cpu_ns=571250 states=367 verified=9 completion=0 alternatives=1
INSTRUMENTATION_STATUS_CODE: 0
INSTRUMENTATION_STATUS: candidate_width_measurement=v1 id=36 maximum=3 round=0 wall_ns=3665750 cpu_ns=3632875 states=2213 verified=48 completion=0 alternatives=3
INSTRUMENTATION_STATUS_CODE: 0
INSTRUMENTATION_STATUS: candidate_width_measurement=v1 id=36 maximum=7 round=0 wall_ns=3699584 cpu_ns=3676541 states=2213 verified=48 completion=0 alternatives=7
INSTRUMENTATION_STATUS_CODE: 0
INSTRUMENTATION_STATUS: candidate_width_measurement=v1 id=37 maximum=7 round=0 wall_ns=16178791 cpu_ns=16057459 states=8192 verified=5 completion=3 alternatives=5
INSTRUMENTATION_STATUS_CODE: 0
INSTRUMENTATION_STATUS: candidate_width_measurement=v1 id=37 maximum=3 round=0 wall_ns=17383208 cpu_ns=16471001 states=8192 verified=5 completion=3 alternatives=3
INSTRUMENTATION_STATUS_CODE: 0
INSTRUMENTATION_STATUS: candidate_width_measurement=v1 id=37 maximum=1 round=0 wall_ns=2571209 cpu_ns=2386876 states=1093 verified=5 completion=0 alternatives=1
INSTRUMENTATION_STATUS_CODE: 0
INSTRUMENTATION_STATUS: candidate_width_measurement=v1 id=38 maximum=1 round=0 wall_ns=1197083 cpu_ns=1141582 states=537 verified=6 completion=0 alternatives=1
INSTRUMENTATION_STATUS_CODE: 0
INSTRUMENTATION_STATUS: candidate_width_measurement=v1 id=38 maximum=3 round=0 wall_ns=5405584 cpu_ns=5208542 states=2434 verified=28 completion=0 alternatives=3
INSTRUMENTATION_STATUS_CODE: 0
INSTRUMENTATION_STATUS: candidate_width_measurement=v1 id=38 maximum=7 round=0 wall_ns=16144125 cpu_ns=15913874 states=8192 verified=29 completion=3 alternatives=7
INSTRUMENTATION_STATUS_CODE: 0
INSTRUMENTATION_STATUS: candidate_width_measurement=v1 id=39 maximum=7 round=0 wall_ns=3393167 cpu_ns=3230375 states=1873 verified=64 completion=4 alternatives=7
INSTRUMENTATION_STATUS_CODE: 0
INSTRUMENTATION_STATUS: candidate_width_measurement=v1 id=39 maximum=3 round=0 wall_ns=3213334 cpu_ns=3098165 states=1873 verified=64 completion=4 alternatives=3
INSTRUMENTATION_STATUS_CODE: 0
INSTRUMENTATION_STATUS: candidate_width_measurement=v1 id=39 maximum=1 round=0 wall_ns=982375 cpu_ns=904373 states=412 verified=23 completion=0 alternatives=1
INSTRUMENTATION_STATUS_CODE: 0
INSTRUMENTATION_STATUS: candidate_width_measurement=v1 id=40 maximum=1 round=0 wall_ns=567542 cpu_ns=487084 states=310 verified=33 completion=0 alternatives=1
INSTRUMENTATION_STATUS_CODE: 0
INSTRUMENTATION_STATUS: candidate_width_measurement=v1 id=40 maximum=3 round=0 wall_ns=554916 cpu_ns=425125 states=310 verified=33 completion=0 alternatives=3
INSTRUMENTATION_STATUS_CODE: 0
INSTRUMENTATION_STATUS: candidate_width_measurement=v1 id=40 maximum=7 round=0 wall_ns=962709 cpu_ns=886542 states=1119 verified=42 completion=0 alternatives=7
INSTRUMENTATION_STATUS_CODE: 0
INSTRUMENTATION_STATUS: candidate_width_measurement=v1 id=41 maximum=7 round=0 wall_ns=2702042 cpu_ns=2608251 states=3007 verified=13 completion=0 alternatives=7
INSTRUMENTATION_STATUS_CODE: 0
INSTRUMENTATION_STATUS: candidate_width_measurement=v1 id=41 maximum=3 round=0 wall_ns=1535291 cpu_ns=1417960 states=1616 verified=9 completion=0 alternatives=3
INSTRUMENTATION_STATUS_CODE: 0
INSTRUMENTATION_STATUS: candidate_width_measurement=v1 id=41 maximum=1 round=0 wall_ns=505084 cpu_ns=404624 states=353 verified=5 completion=0 alternatives=1
INSTRUMENTATION_STATUS_CODE: 0
INSTRUMENTATION_STATUS: candidate_width_measurement=v1 id=42 maximum=1 round=0 wall_ns=437292 cpu_ns=364458 states=236 verified=23 completion=0 alternatives=1
INSTRUMENTATION_STATUS_CODE: 0
INSTRUMENTATION_STATUS: candidate_width_measurement=v1 id=42 maximum=3 round=0 wall_ns=582834 cpu_ns=455000 states=401 verified=27 completion=0 alternatives=3
INSTRUMENTATION_STATUS_CODE: 0
INSTRUMENTATION_STATUS: candidate_width_measurement=v1 id=42 maximum=7 round=0 wall_ns=1046667 cpu_ns=976666 states=1399 verified=41 completion=0 alternatives=7
INSTRUMENTATION_STATUS_CODE: 0
INSTRUMENTATION_STATUS: candidate_width_measurement=v1 id=43 maximum=7 round=0 wall_ns=6838875 cpu_ns=6631917 states=4904 verified=13 completion=0 alternatives=7
INSTRUMENTATION_STATUS_CODE: 0
INSTRUMENTATION_STATUS: candidate_width_measurement=v1 id=43 maximum=3 round=0 wall_ns=2416750 cpu_ns=2157958 states=1640 verified=7 completion=0 alternatives=3
INSTRUMENTATION_STATUS_CODE: 0
INSTRUMENTATION_STATUS: candidate_width_measurement=v1 id=43 maximum=1 round=0 wall_ns=2258708 cpu_ns=2125165 states=1640 verified=7 completion=0 alternatives=1
INSTRUMENTATION_STATUS_CODE: 0
INSTRUMENTATION_STATUS: candidate_width_measurement=v1 id=44 maximum=1 round=0 wall_ns=721334 cpu_ns=622416 states=612 verified=5 completion=0 alternatives=1
INSTRUMENTATION_STATUS_CODE: 0
INSTRUMENTATION_STATUS: candidate_width_measurement=v1 id=44 maximum=3 round=0 wall_ns=1441292 cpu_ns=1364208 states=1492 verified=7 completion=0 alternatives=3
INSTRUMENTATION_STATUS_CODE: 0
INSTRUMENTATION_STATUS: candidate_width_measurement=v1 id=44 maximum=7 round=0 wall_ns=2329833 cpu_ns=2196459 states=2455 verified=10 completion=0 alternatives=4
INSTRUMENTATION_STATUS_CODE: 0
INSTRUMENTATION_STATUS: candidate_width_measurement=v1 id=45 maximum=7 round=0 wall_ns=24875 cpu_ns=25459 states=28 verified=0 completion=2 alternatives=0
INSTRUMENTATION_STATUS_CODE: 0
INSTRUMENTATION_STATUS: candidate_width_measurement=v1 id=45 maximum=3 round=0 wall_ns=24166 cpu_ns=23709 states=28 verified=0 completion=2 alternatives=0
INSTRUMENTATION_STATUS_CODE: 0
INSTRUMENTATION_STATUS: candidate_width_measurement=v1 id=45 maximum=1 round=0 wall_ns=23500 cpu_ns=24000 states=28 verified=0 completion=2 alternatives=0
INSTRUMENTATION_STATUS_CODE: 0
INSTRUMENTATION_STATUS: candidate_width_measurement=v1 id=46 maximum=1 round=0 wall_ns=1085000 cpu_ns=961499 states=724 verified=11 completion=0 alternatives=1
INSTRUMENTATION_STATUS_CODE: 0
INSTRUMENTATION_STATUS: candidate_width_measurement=v1 id=46 maximum=3 round=0 wall_ns=1040666 cpu_ns=943250 states=724 verified=11 completion=0 alternatives=3
INSTRUMENTATION_STATUS_CODE: 0
INSTRUMENTATION_STATUS: candidate_width_measurement=v1 id=46 maximum=7 round=0 wall_ns=3154167 cpu_ns=3113542 states=2202 verified=27 completion=0 alternatives=7
INSTRUMENTATION_STATUS_CODE: 0
INSTRUMENTATION_STATUS: candidate_width_measurement=v1 id=47 maximum=7 round=0 wall_ns=13271208 cpu_ns=13205792 states=8192 verified=16 completion=3 alternatives=7
INSTRUMENTATION_STATUS_CODE: 0
INSTRUMENTATION_STATUS: candidate_width_measurement=v1 id=47 maximum=3 round=0 wall_ns=3990625 cpu_ns=3950168 states=2580 verified=16 completion=0 alternatives=3
INSTRUMENTATION_STATUS_CODE: 0
INSTRUMENTATION_STATUS: candidate_width_measurement=v1 id=47 maximum=1 round=0 wall_ns=2703250 cpu_ns=2634707 states=1621 verified=16 completion=0 alternatives=1
INSTRUMENTATION_STATUS_CODE: 0
INSTRUMENTATION_STATUS: candidate_width_measurement=v1 id=48 maximum=1 round=0 wall_ns=2410041 cpu_ns=2410625 states=1680 verified=21 completion=0 alternatives=1
INSTRUMENTATION_STATUS_CODE: 0
INSTRUMENTATION_STATUS: candidate_width_measurement=v1 id=48 maximum=3 round=0 wall_ns=2490583 cpu_ns=2325918 states=1680 verified=21 completion=0 alternatives=3
INSTRUMENTATION_STATUS_CODE: 0
INSTRUMENTATION_STATUS: candidate_width_measurement=v1 id=48 maximum=7 round=0 wall_ns=2542333 cpu_ns=2469292 states=1680 verified=21 completion=0 alternatives=7
INSTRUMENTATION_STATUS_CODE: 0
INSTRUMENTATION_STATUS: candidate_width_measurement=v1 id=49 maximum=7 round=0 wall_ns=1441375 cpu_ns=1442083 states=1514 verified=18 completion=0 alternatives=7
INSTRUMENTATION_STATUS_CODE: 0
INSTRUMENTATION_STATUS: candidate_width_measurement=v1 id=49 maximum=3 round=0 wall_ns=1548791 cpu_ns=1488125 states=1514 verified=18 completion=0 alternatives=3
INSTRUMENTATION_STATUS_CODE: 0
INSTRUMENTATION_STATUS: candidate_width_measurement=v1 id=49 maximum=1 round=0 wall_ns=314834 cpu_ns=306082 states=296 verified=5 completion=0 alternatives=1
INSTRUMENTATION_STATUS_CODE: 0
INSTRUMENTATION_STATUS: candidate_width_measurement=v1 id=50 maximum=1 round=0 wall_ns=437791 cpu_ns=438250 states=322 verified=8 completion=0 alternatives=1
INSTRUMENTATION_STATUS_CODE: 0
INSTRUMENTATION_STATUS: candidate_width_measurement=v1 id=50 maximum=3 round=0 wall_ns=2876333 cpu_ns=2810707 states=1892 verified=64 completion=4 alternatives=3
INSTRUMENTATION_STATUS_CODE: 0
INSTRUMENTATION_STATUS: candidate_width_measurement=v1 id=50 maximum=7 round=0 wall_ns=2789667 cpu_ns=2764042 states=1892 verified=64 completion=4 alternatives=7
INSTRUMENTATION_STATUS_CODE: 0
INSTRUMENTATION_STATUS: candidate_width_measurement=v1 id=51 maximum=7 round=0 wall_ns=711416 cpu_ns=669584 states=740 verified=11 completion=0 alternatives=7
INSTRUMENTATION_STATUS_CODE: 0
INSTRUMENTATION_STATUS: candidate_width_measurement=v1 id=51 maximum=3 round=0 wall_ns=493709 cpu_ns=453833 states=448 verified=11 completion=0 alternatives=3
INSTRUMENTATION_STATUS_CODE: 0
INSTRUMENTATION_STATUS: candidate_width_measurement=v1 id=51 maximum=1 round=0 wall_ns=455125 cpu_ns=435249 states=448 verified=11 completion=0 alternatives=1
INSTRUMENTATION_STATUS_CODE: 0
INSTRUMENTATION_STATUS: candidate_width_measurement=v1 id=52 maximum=1 round=0 wall_ns=3269542 cpu_ns=3237624 states=2008 verified=3 completion=0 alternatives=1
INSTRUMENTATION_STATUS_CODE: 0
INSTRUMENTATION_STATUS: candidate_width_measurement=v1 id=52 maximum=3 round=0 wall_ns=14908250 cpu_ns=13947044 states=8192 verified=4 completion=3 alternatives=3
INSTRUMENTATION_STATUS_CODE: 0
INSTRUMENTATION_STATUS: candidate_width_measurement=v1 id=52 maximum=7 round=0 wall_ns=13947667 cpu_ns=13853375 states=8192 verified=4 completion=3 alternatives=4
INSTRUMENTATION_STATUS_CODE: 0
INSTRUMENTATION_STATUS: candidate_width_measurement=v1 id=53 maximum=7 round=0 wall_ns=1593666 cpu_ns=1516084 states=1667 verified=10 completion=0 alternatives=7
INSTRUMENTATION_STATUS_CODE: 0
INSTRUMENTATION_STATUS: candidate_width_measurement=v1 id=53 maximum=3 round=0 wall_ns=514458 cpu_ns=493250 states=455 verified=6 completion=0 alternatives=3
INSTRUMENTATION_STATUS_CODE: 0
INSTRUMENTATION_STATUS: candidate_width_measurement=v1 id=53 maximum=1 round=0 wall_ns=525250 cpu_ns=453750 states=312 verified=4 completion=0 alternatives=1
INSTRUMENTATION_STATUS_CODE: 0
INSTRUMENTATION_STATUS: candidate_width_measurement=v1 id=54 maximum=1 round=0 wall_ns=2262625 cpu_ns=2114542 states=1412 verified=12 completion=0 alternatives=1
INSTRUMENTATION_STATUS_CODE: 0
INSTRUMENTATION_STATUS: candidate_width_measurement=v1 id=54 maximum=3 round=0 wall_ns=6418041 cpu_ns=6333291 states=4405 verified=14 completion=0 alternatives=3
INSTRUMENTATION_STATUS_CODE: 0
INSTRUMENTATION_STATUS: candidate_width_measurement=v1 id=54 maximum=7 round=0 wall_ns=11343583 cpu_ns=11178959 states=8192 verified=14 completion=3 alternatives=7
INSTRUMENTATION_STATUS_CODE: 0
INSTRUMENTATION_STATUS: candidate_width_measurement=v1 id=55 maximum=7 round=0 wall_ns=11340875 cpu_ns=11246249 states=6979 verified=13 completion=0 alternatives=7
INSTRUMENTATION_STATUS_CODE: 0
INSTRUMENTATION_STATUS: candidate_width_measurement=v1 id=55 maximum=3 round=0 wall_ns=11339458 cpu_ns=11138250 states=6979 verified=13 completion=0 alternatives=3
INSTRUMENTATION_STATUS_CODE: 0
INSTRUMENTATION_STATUS: candidate_width_measurement=v1 id=55 maximum=1 round=0 wall_ns=3591625 cpu_ns=3478626 states=2276 verified=10 completion=0 alternatives=1
INSTRUMENTATION_STATUS_CODE: 0
INSTRUMENTATION_STATUS: candidate_width_measurement=v1 id=56 maximum=1 round=0 wall_ns=1257208 cpu_ns=1178123 states=1277 verified=8 completion=0 alternatives=1
INSTRUMENTATION_STATUS_CODE: 0
INSTRUMENTATION_STATUS: candidate_width_measurement=v1 id=56 maximum=3 round=0 wall_ns=1251750 cpu_ns=1136043 states=1277 verified=8 completion=0 alternatives=3
INSTRUMENTATION_STATUS_CODE: 0
INSTRUMENTATION_STATUS: candidate_width_measurement=v1 id=56 maximum=7 round=0 wall_ns=1222542 cpu_ns=1167333 states=1277 verified=8 completion=0 alternatives=7
INSTRUMENTATION_STATUS_CODE: 0
INSTRUMENTATION_STATUS: candidate_width_measurement=v1 id=57 maximum=7 round=0 wall_ns=13762542 cpu_ns=13607583 states=8192 verified=3 completion=3 alternatives=3
INSTRUMENTATION_STATUS_CODE: 0
INSTRUMENTATION_STATUS: candidate_width_measurement=v1 id=57 maximum=3 round=0 wall_ns=13801417 cpu_ns=13581709 states=8192 verified=3 completion=3 alternatives=3
INSTRUMENTATION_STATUS_CODE: 0
INSTRUMENTATION_STATUS: candidate_width_measurement=v1 id=57 maximum=1 round=0 wall_ns=2843417 cpu_ns=2713209 states=1609 verified=3 completion=0 alternatives=1
INSTRUMENTATION_STATUS_CODE: 0
INSTRUMENTATION_STATUS: candidate_width_measurement=v1 id=58 maximum=1 round=0 wall_ns=717041 cpu_ns=633041 states=349 verified=5 completion=0 alternatives=1
INSTRUMENTATION_STATUS_CODE: 0
INSTRUMENTATION_STATUS: candidate_width_measurement=v1 id=58 maximum=3 round=0 wall_ns=3464583 cpu_ns=3332793 states=2200 verified=48 completion=0 alternatives=3
INSTRUMENTATION_STATUS_CODE: 0
INSTRUMENTATION_STATUS: candidate_width_measurement=v1 id=58 maximum=7 round=0 wall_ns=3383416 cpu_ns=3274334 states=2200 verified=48 completion=0 alternatives=7
INSTRUMENTATION_STATUS_CODE: 0
INSTRUMENTATION_STATUS: candidate_width_measurement=v1 id=59 maximum=7 round=0 wall_ns=7976917 cpu_ns=7873458 states=5151 verified=15 completion=0 alternatives=7
INSTRUMENTATION_STATUS_CODE: 0
INSTRUMENTATION_STATUS: candidate_width_measurement=v1 id=59 maximum=3 round=0 wall_ns=4172792 cpu_ns=4047083 states=2741 verified=13 completion=0 alternatives=3
INSTRUMENTATION_STATUS_CODE: 0
INSTRUMENTATION_STATUS: candidate_width_measurement=v1 id=59 maximum=1 round=0 wall_ns=2362542 cpu_ns=2241626 states=1483 verified=9 completion=0 alternatives=1
INSTRUMENTATION_STATUS_CODE: 0
INSTRUMENTATION_STATUS: candidate_width_measurement=v1 id=0 maximum=7 round=1 wall_ns=13004542 cpu_ns=11940917 states=8192 verified=13 completion=3 alternatives=7
INSTRUMENTATION_STATUS_CODE: 0
INSTRUMENTATION_STATUS: candidate_width_measurement=v1 id=0 maximum=3 round=1 wall_ns=6934667 cpu_ns=6803542 states=4713 verified=13 completion=0 alternatives=3
INSTRUMENTATION_STATUS_CODE: 0
INSTRUMENTATION_STATUS: candidate_width_measurement=v1 id=0 maximum=1 round=1 wall_ns=2165875 cpu_ns=2017542 states=1475 verified=13 completion=0 alternatives=1
INSTRUMENTATION_STATUS_CODE: 0
INSTRUMENTATION_STATUS: candidate_width_measurement=v1 id=1 maximum=1 round=1 wall_ns=637750 cpu_ns=555334 states=444 verified=9 completion=0 alternatives=1
INSTRUMENTATION_STATUS_CODE: 0
INSTRUMENTATION_STATUS: candidate_width_measurement=v1 id=1 maximum=3 round=1 wall_ns=618916 cpu_ns=486164 states=444 verified=9 completion=0 alternatives=3
INSTRUMENTATION_STATUS_CODE: 0
INSTRUMENTATION_STATUS: candidate_width_measurement=v1 id=1 maximum=7 round=1 wall_ns=1328417 cpu_ns=1266709 states=1438 verified=13 completion=0 alternatives=7
INSTRUMENTATION_STATUS_CODE: 0
INSTRUMENTATION_STATUS: candidate_width_measurement=v1 id=2 maximum=7 round=1 wall_ns=11654333 cpu_ns=11525960 states=8192 verified=5 completion=3 alternatives=5
INSTRUMENTATION_STATUS_CODE: 0
INSTRUMENTATION_STATUS: candidate_width_measurement=v1 id=2 maximum=3 round=1 wall_ns=9416709 cpu_ns=9220209 states=6379 verified=5 completion=0 alternatives=3
INSTRUMENTATION_STATUS_CODE: 0
INSTRUMENTATION_STATUS: candidate_width_measurement=v1 id=2 maximum=1 round=1 wall_ns=2290792 cpu_ns=2192167 states=1689 verified=2 completion=0 alternatives=1
INSTRUMENTATION_STATUS_CODE: 0
INSTRUMENTATION_STATUS: candidate_width_measurement=v1 id=3 maximum=1 round=1 wall_ns=2241417 cpu_ns=2126791 states=1775 verified=17 completion=0 alternatives=1
INSTRUMENTATION_STATUS_CODE: 0
INSTRUMENTATION_STATUS: candidate_width_measurement=v1 id=3 maximum=3 round=1 wall_ns=3621125 cpu_ns=3544459 states=2646 verified=46 completion=0 alternatives=3
INSTRUMENTATION_STATUS_CODE: 0
INSTRUMENTATION_STATUS: candidate_width_measurement=v1 id=3 maximum=7 round=1 wall_ns=8234542 cpu_ns=8103375 states=6441 verified=57 completion=0 alternatives=7
INSTRUMENTATION_STATUS_CODE: 0
INSTRUMENTATION_STATUS: candidate_width_measurement=v1 id=4 maximum=7 round=1 wall_ns=11352375 cpu_ns=11140042 states=8192 verified=7 completion=3 alternatives=7
INSTRUMENTATION_STATUS_CODE: 0
INSTRUMENTATION_STATUS: candidate_width_measurement=v1 id=4 maximum=3 round=1 wall_ns=6140083 cpu_ns=6043041 states=4569 verified=7 completion=0 alternatives=3
INSTRUMENTATION_STATUS_CODE: 0
INSTRUMENTATION_STATUS: candidate_width_measurement=v1 id=4 maximum=1 round=1 wall_ns=2184083 cpu_ns=1971751 states=1562 verified=7 completion=0 alternatives=1
INSTRUMENTATION_STATUS_CODE: 0
INSTRUMENTATION_STATUS: candidate_width_measurement=v1 id=5 maximum=1 round=1 wall_ns=699458 cpu_ns=596834 states=514 verified=11 completion=0 alternatives=1
INSTRUMENTATION_STATUS_CODE: 0
INSTRUMENTATION_STATUS: candidate_width_measurement=v1 id=5 maximum=3 round=1 wall_ns=2619709 cpu_ns=2503043 states=2139 verified=59 completion=0 alternatives=3
INSTRUMENTATION_STATUS_CODE: 0
INSTRUMENTATION_STATUS: candidate_width_measurement=v1 id=5 maximum=7 round=1 wall_ns=2699250 cpu_ns=2602042 states=2139 verified=59 completion=0 alternatives=7
INSTRUMENTATION_STATUS_CODE: 0
INSTRUMENTATION_STATUS: candidate_width_measurement=v1 id=6 maximum=7 round=1 wall_ns=6642958 cpu_ns=6491750 states=5398 verified=16 completion=0 alternatives=7
INSTRUMENTATION_STATUS_CODE: 0
INSTRUMENTATION_STATUS: candidate_width_measurement=v1 id=6 maximum=3 round=1 wall_ns=6369208 cpu_ns=6230040 states=5398 verified=16 completion=0 alternatives=3
INSTRUMENTATION_STATUS_CODE: 0
INSTRUMENTATION_STATUS: candidate_width_measurement=v1 id=6 maximum=1 round=1 wall_ns=1964500 cpu_ns=1884583 states=1463 verified=6 completion=0 alternatives=1
INSTRUMENTATION_STATUS_CODE: 0
INSTRUMENTATION_STATUS: candidate_width_measurement=v1 id=7 maximum=1 round=1 wall_ns=2751375 cpu_ns=2639707 states=1851 verified=8 completion=0 alternatives=1
INSTRUMENTATION_STATUS_CODE: 0
INSTRUMENTATION_STATUS: candidate_width_measurement=v1 id=7 maximum=3 round=1 wall_ns=2581541 cpu_ns=2485834 states=1851 verified=8 completion=0 alternatives=3
INSTRUMENTATION_STATUS_CODE: 0
INSTRUMENTATION_STATUS: candidate_width_measurement=v1 id=7 maximum=7 round=1 wall_ns=8693541 cpu_ns=8610084 states=5678 verified=45 completion=0 alternatives=7
INSTRUMENTATION_STATUS_CODE: 0
INSTRUMENTATION_STATUS: candidate_width_measurement=v1 id=8 maximum=7 round=1 wall_ns=3744708 cpu_ns=2767415 states=1503 verified=64 completion=4 alternatives=7
INSTRUMENTATION_STATUS_CODE: 0
INSTRUMENTATION_STATUS: candidate_width_measurement=v1 id=8 maximum=3 round=1 wall_ns=2670083 cpu_ns=2553916 states=1503 verified=64 completion=4 alternatives=3
INSTRUMENTATION_STATUS_CODE: 0
INSTRUMENTATION_STATUS: candidate_width_measurement=v1 id=8 maximum=1 round=1 wall_ns=755500 cpu_ns=635542 states=327 verified=18 completion=0 alternatives=1
INSTRUMENTATION_STATUS_CODE: 0
INSTRUMENTATION_STATUS: candidate_width_measurement=v1 id=9 maximum=1 round=1 wall_ns=565708 cpu_ns=479916 states=358 verified=4 completion=0 alternatives=1
INSTRUMENTATION_STATUS_CODE: 0
INSTRUMENTATION_STATUS: candidate_width_measurement=v1 id=9 maximum=3 round=1 wall_ns=1760667 cpu_ns=1540207 states=1282 verified=10 completion=0 alternatives=3
INSTRUMENTATION_STATUS_CODE: 0
INSTRUMENTATION_STATUS: candidate_width_measurement=v1 id=9 maximum=7 round=1 wall_ns=5584167 cpu_ns=5430167 states=4662 verified=13 completion=0 alternatives=7
INSTRUMENTATION_STATUS_CODE: 0
INSTRUMENTATION_STATUS: candidate_width_measurement=v1 id=10 maximum=7 round=1 wall_ns=1612541 cpu_ns=1495750 states=1917 verified=42 completion=0 alternatives=7
INSTRUMENTATION_STATUS_CODE: 0
INSTRUMENTATION_STATUS: candidate_width_measurement=v1 id=10 maximum=3 round=1 wall_ns=645791 cpu_ns=517666 states=422 verified=20 completion=0 alternatives=3
INSTRUMENTATION_STATUS_CODE: 0
INSTRUMENTATION_STATUS: candidate_width_measurement=v1 id=10 maximum=1 round=1 wall_ns=552625 cpu_ns=462332 states=422 verified=20 completion=0 alternatives=1
INSTRUMENTATION_STATUS_CODE: 0
INSTRUMENTATION_STATUS: candidate_width_measurement=v1 id=11 maximum=1 round=1 wall_ns=3050500 cpu_ns=2926627 states=2058 verified=28 completion=0 alternatives=1
INSTRUMENTATION_STATUS_CODE: 0
INSTRUMENTATION_STATUS: candidate_width_measurement=v1 id=11 maximum=3 round=1 wall_ns=2955958 cpu_ns=2826209 states=2058 verified=28 completion=0 alternatives=3
INSTRUMENTATION_STATUS_CODE: 0
INSTRUMENTATION_STATUS: candidate_width_measurement=v1 id=11 maximum=7 round=1 wall_ns=11601083 cpu_ns=11477541 states=8192 verified=49 completion=3 alternatives=7
INSTRUMENTATION_STATUS_CODE: 0
INSTRUMENTATION_STATUS: candidate_width_measurement=v1 id=12 maximum=7 round=1 wall_ns=1861667 cpu_ns=1789751 states=1986 verified=15 completion=0 alternatives=7
INSTRUMENTATION_STATUS_CODE: 0
INSTRUMENTATION_STATUS: candidate_width_measurement=v1 id=12 maximum=3 round=1 wall_ns=589750 cpu_ns=523708 states=420 verified=5 completion=0 alternatives=3
INSTRUMENTATION_STATUS_CODE: 0
INSTRUMENTATION_STATUS: candidate_width_measurement=v1 id=12 maximum=1 round=1 wall_ns=462250 cpu_ns=390166 states=324 verified=4 completion=0 alternatives=1
INSTRUMENTATION_STATUS_CODE: 0
INSTRUMENTATION_STATUS: candidate_width_measurement=v1 id=13 maximum=1 round=1 wall_ns=1141417 cpu_ns=1035165 states=599 verified=26 completion=0 alternatives=1
INSTRUMENTATION_STATUS_CODE: 0
INSTRUMENTATION_STATUS: candidate_width_measurement=v1 id=13 maximum=3 round=1 wall_ns=2514125 cpu_ns=2419042 states=1861 verified=44 completion=0 alternatives=3
INSTRUMENTATION_STATUS_CODE: 0
INSTRUMENTATION_STATUS: candidate_width_measurement=v1 id=13 maximum=7 round=1 wall_ns=4178042 cpu_ns=4002625 states=2999 verified=64 completion=4 alternatives=7
INSTRUMENTATION_STATUS_CODE: 0
INSTRUMENTATION_STATUS: candidate_width_measurement=v1 id=14 maximum=7 round=1 wall_ns=12604958 cpu_ns=12403500 states=8192 verified=1 completion=3 alternatives=1
INSTRUMENTATION_STATUS_CODE: 0
INSTRUMENTATION_STATUS: candidate_width_measurement=v1 id=14 maximum=3 round=1 wall_ns=13036250 cpu_ns=12890877 states=8192 verified=1 completion=3 alternatives=1
INSTRUMENTATION_STATUS_CODE: 0
INSTRUMENTATION_STATUS: candidate_width_measurement=v1 id=14 maximum=1 round=1 wall_ns=3087667 cpu_ns=2960708 states=1930 verified=1 completion=0 alternatives=1
INSTRUMENTATION_STATUS_CODE: 0
INSTRUMENTATION_STATUS: candidate_width_measurement=v1 id=15 maximum=1 round=1 wall_ns=455791 cpu_ns=363084 states=250 verified=3 completion=0 alternatives=1
INSTRUMENTATION_STATUS_CODE: 0
INSTRUMENTATION_STATUS: candidate_width_measurement=v1 id=15 maximum=3 round=1 wall_ns=1297125 cpu_ns=1201125 states=1324 verified=9 completion=0 alternatives=3
INSTRUMENTATION_STATUS_CODE: 0
INSTRUMENTATION_STATUS: candidate_width_measurement=v1 id=15 maximum=7 round=1 wall_ns=1183292 cpu_ns=1120541 states=1324 verified=9 completion=0 alternatives=7
INSTRUMENTATION_STATUS_CODE: 0
INSTRUMENTATION_STATUS: candidate_width_measurement=v1 id=16 maximum=7 round=1 wall_ns=10729458 cpu_ns=10611041 states=8192 verified=14 completion=3 alternatives=7
INSTRUMENTATION_STATUS_CODE: 0
INSTRUMENTATION_STATUS: candidate_width_measurement=v1 id=16 maximum=3 round=1 wall_ns=2287001 cpu_ns=2183458 states=1607 verified=13 completion=0 alternatives=3
INSTRUMENTATION_STATUS_CODE: 0
INSTRUMENTATION_STATUS: candidate_width_measurement=v1 id=16 maximum=1 round=1 wall_ns=2378833 cpu_ns=2254500 states=1607 verified=13 completion=0 alternatives=1
INSTRUMENTATION_STATUS_CODE: 0
INSTRUMENTATION_STATUS: candidate_width_measurement=v1 id=17 maximum=1 round=1 wall_ns=2000583 cpu_ns=1880375 states=1517 verified=1 completion=0 alternatives=1
INSTRUMENTATION_STATUS_CODE: 0
INSTRUMENTATION_STATUS: candidate_width_measurement=v1 id=17 maximum=3 round=1 wall_ns=11682417 cpu_ns=11466375 states=8192 verified=2 completion=3 alternatives=2
INSTRUMENTATION_STATUS_CODE: 0
INSTRUMENTATION_STATUS: candidate_width_measurement=v1 id=17 maximum=7 round=1 wall_ns=12499375 cpu_ns=11478543 states=8192 verified=2 completion=3 alternatives=2
INSTRUMENTATION_STATUS_CODE: 0
INSTRUMENTATION_STATUS: candidate_width_measurement=v1 id=18 maximum=7 round=1 wall_ns=2877542 cpu_ns=2755459 states=3409 verified=5 completion=0 alternatives=5
INSTRUMENTATION_STATUS_CODE: 0
INSTRUMENTATION_STATUS: candidate_width_measurement=v1 id=18 maximum=3 round=1 wall_ns=1798542 cpu_ns=1651333 states=2064 verified=5 completion=0 alternatives=3
INSTRUMENTATION_STATUS_CODE: 0
INSTRUMENTATION_STATUS: candidate_width_measurement=v1 id=18 maximum=1 round=1 wall_ns=536542 cpu_ns=457499 states=411 verified=4 completion=0 alternatives=1
INSTRUMENTATION_STATUS_CODE: 0
INSTRUMENTATION_STATUS: candidate_width_measurement=v1 id=19 maximum=1 round=1 wall_ns=482875 cpu_ns=424834 states=292 verified=29 completion=0 alternatives=1
INSTRUMENTATION_STATUS_CODE: 0
INSTRUMENTATION_STATUS: candidate_width_measurement=v1 id=19 maximum=3 round=1 wall_ns=493750 cpu_ns=354749 states=292 verified=29 completion=0 alternatives=3
INSTRUMENTATION_STATUS_CODE: 0
INSTRUMENTATION_STATUS: candidate_width_measurement=v1 id=19 maximum=7 round=1 wall_ns=1121875 cpu_ns=1016707 states=1121 verified=50 completion=0 alternatives=7
INSTRUMENTATION_STATUS_CODE: 0
INSTRUMENTATION_STATUS: candidate_width_measurement=v1 id=20 maximum=7 round=1 wall_ns=5252125 cpu_ns=5121414 states=2619 verified=64 completion=4 alternatives=7
INSTRUMENTATION_STATUS_CODE: 0
INSTRUMENTATION_STATUS: candidate_width_measurement=v1 id=20 maximum=3 round=1 wall_ns=4877667 cpu_ns=4737414 states=2619 verified=64 completion=4 alternatives=3
INSTRUMENTATION_STATUS_CODE: 0
INSTRUMENTATION_STATUS: candidate_width_measurement=v1 id=20 maximum=1 round=1 wall_ns=4750625 cpu_ns=4602708 states=2619 verified=64 completion=4 alternatives=1
INSTRUMENTATION_STATUS_CODE: 0
INSTRUMENTATION_STATUS: candidate_width_measurement=v1 id=21 maximum=1 round=1 wall_ns=4263167 cpu_ns=4167249 states=2111 verified=12 completion=0 alternatives=1
INSTRUMENTATION_STATUS_CODE: 0
INSTRUMENTATION_STATUS: candidate_width_measurement=v1 id=21 maximum=3 round=1 wall_ns=4093875 cpu_ns=3986041 states=2111 verified=12 completion=0 alternatives=3
INSTRUMENTATION_STATUS_CODE: 0
INSTRUMENTATION_STATUS: candidate_width_measurement=v1 id=21 maximum=7 round=1 wall_ns=11531167 cpu_ns=11397168 states=5806 verified=21 completion=0 alternatives=7
INSTRUMENTATION_STATUS_CODE: 0
INSTRUMENTATION_STATUS: candidate_width_measurement=v1 id=22 maximum=7 round=1 wall_ns=1974625 cpu_ns=1901250 states=1928 verified=10 completion=0 alternatives=7
INSTRUMENTATION_STATUS_CODE: 0
INSTRUMENTATION_STATUS: candidate_width_measurement=v1 id=22 maximum=3 round=1 wall_ns=1990750 cpu_ns=1855292 states=1928 verified=10 completion=0 alternatives=3
INSTRUMENTATION_STATUS_CODE: 0
INSTRUMENTATION_STATUS: candidate_width_measurement=v1 id=22 maximum=1 round=1 wall_ns=464250 cpu_ns=406167 states=293 verified=2 completion=0 alternatives=1
INSTRUMENTATION_STATUS_CODE: 0
INSTRUMENTATION_STATUS: candidate_width_measurement=v1 id=23 maximum=1 round=1 wall_ns=463375 cpu_ns=395876 states=253 verified=3 completion=0 alternatives=1
INSTRUMENTATION_STATUS_CODE: 0
INSTRUMENTATION_STATUS: candidate_width_measurement=v1 id=23 maximum=3 round=1 wall_ns=434625 cpu_ns=339458 states=253 verified=3 completion=0 alternatives=3
INSTRUMENTATION_STATUS_CODE: 0
INSTRUMENTATION_STATUS: candidate_width_measurement=v1 id=23 maximum=7 round=1 wall_ns=1710375 cpu_ns=1603751 states=1455 verified=24 completion=0 alternatives=7
INSTRUMENTATION_STATUS_CODE: 0
INSTRUMENTATION_STATUS: candidate_width_measurement=v1 id=24 maximum=7 round=1 wall_ns=1049792 cpu_ns=992916 states=1273 verified=29 completion=0 alternatives=7
INSTRUMENTATION_STATUS_CODE: 0
INSTRUMENTATION_STATUS: candidate_width_measurement=v1 id=24 maximum=3 round=1 wall_ns=290875 cpu_ns=262042 states=192 verified=11 completion=0 alternatives=3
INSTRUMENTATION_STATUS_CODE: 0
INSTRUMENTATION_STATUS: candidate_width_measurement=v1 id=24 maximum=1 round=1 wall_ns=303083 cpu_ns=274750 states=192 verified=11 completion=0 alternatives=1
INSTRUMENTATION_STATUS_CODE: 0
INSTRUMENTATION_STATUS: candidate_width_measurement=v1 id=25 maximum=1 round=1 wall_ns=2491666 cpu_ns=2376958 states=1614 verified=6 completion=0 alternatives=1
INSTRUMENTATION_STATUS_CODE: 0
INSTRUMENTATION_STATUS: candidate_width_measurement=v1 id=25 maximum=3 round=1 wall_ns=10020583 cpu_ns=9845955 states=6796 verified=11 completion=0 alternatives=3
INSTRUMENTATION_STATUS_CODE: 0
INSTRUMENTATION_STATUS: candidate_width_measurement=v1 id=25 maximum=7 round=1 wall_ns=9782917 cpu_ns=9658210 states=6796 verified=11 completion=0 alternatives=7
INSTRUMENTATION_STATUS_CODE: 0
INSTRUMENTATION_STATUS: candidate_width_measurement=v1 id=26 maximum=7 round=1 wall_ns=7779625 cpu_ns=7610793 states=4889 verified=39 completion=0 alternatives=7
INSTRUMENTATION_STATUS_CODE: 0
INSTRUMENTATION_STATUS: candidate_width_measurement=v1 id=26 maximum=3 round=1 wall_ns=7516584 cpu_ns=7393210 states=4889 verified=39 completion=0 alternatives=3
INSTRUMENTATION_STATUS_CODE: 0
INSTRUMENTATION_STATUS: candidate_width_measurement=v1 id=26 maximum=1 round=1 wall_ns=3037708 cpu_ns=2868250 states=1814 verified=31 completion=0 alternatives=1
INSTRUMENTATION_STATUS_CODE: 0
INSTRUMENTATION_STATUS: candidate_width_measurement=v1 id=27 maximum=1 round=1 wall_ns=590625 cpu_ns=466083 states=280 verified=6 completion=0 alternatives=1
INSTRUMENTATION_STATUS_CODE: 0
INSTRUMENTATION_STATUS: candidate_width_measurement=v1 id=27 maximum=3 round=1 wall_ns=534458 cpu_ns=462959 states=280 verified=6 completion=0 alternatives=3
INSTRUMENTATION_STATUS_CODE: 0
INSTRUMENTATION_STATUS: candidate_width_measurement=v1 id=27 maximum=7 round=1 wall_ns=1741459 cpu_ns=1625585 states=1508 verified=8 completion=0 alternatives=7
INSTRUMENTATION_STATUS_CODE: 0
INSTRUMENTATION_STATUS: candidate_width_measurement=v1 id=28 maximum=7 round=1 wall_ns=6795500 cpu_ns=6666916 states=4469 verified=63 completion=0 alternatives=7
INSTRUMENTATION_STATUS_CODE: 0
INSTRUMENTATION_STATUS: candidate_width_measurement=v1 id=28 maximum=3 round=1 wall_ns=2740625 cpu_ns=2657250 states=1466 verified=53 completion=0 alternatives=3
INSTRUMENTATION_STATUS_CODE: 0
INSTRUMENTATION_STATUS: candidate_width_measurement=v1 id=28 maximum=1 round=1 wall_ns=874958 cpu_ns=713583 states=336 verified=13 completion=0 alternatives=1
INSTRUMENTATION_STATUS_CODE: 0
INSTRUMENTATION_STATUS: candidate_width_measurement=v1 id=29 maximum=1 round=1 wall_ns=3048666 cpu_ns=2977708 states=1750 verified=28 completion=0 alternatives=1
INSTRUMENTATION_STATUS_CODE: 0
INSTRUMENTATION_STATUS: candidate_width_measurement=v1 id=29 maximum=3 round=1 wall_ns=2876125 cpu_ns=2803416 states=1750 verified=28 completion=0 alternatives=3
INSTRUMENTATION_STATUS_CODE: 0
INSTRUMENTATION_STATUS: candidate_width_measurement=v1 id=29 maximum=7 round=1 wall_ns=12199833 cpu_ns=11215543 states=7060 verified=55 completion=0 alternatives=7
INSTRUMENTATION_STATUS_CODE: 0
INSTRUMENTATION_STATUS: candidate_width_measurement=v1 id=30 maximum=7 round=1 wall_ns=3643125 cpu_ns=3618001 states=2206 verified=64 completion=4 alternatives=7
INSTRUMENTATION_STATUS_CODE: 0
INSTRUMENTATION_STATUS: candidate_width_measurement=v1 id=30 maximum=3 round=1 wall_ns=3521417 cpu_ns=3496834 states=2206 verified=64 completion=4 alternatives=3
INSTRUMENTATION_STATUS_CODE: 0
INSTRUMENTATION_STATUS: candidate_width_measurement=v1 id=30 maximum=1 round=1 wall_ns=3498166 cpu_ns=3473166 states=2206 verified=64 completion=4 alternatives=1
INSTRUMENTATION_STATUS_CODE: 0
INSTRUMENTATION_STATUS: candidate_width_measurement=v1 id=31 maximum=1 round=1 wall_ns=3382166 cpu_ns=3320499 states=2079 verified=2 completion=0 alternatives=1
INSTRUMENTATION_STATUS_CODE: 0
INSTRUMENTATION_STATUS: candidate_width_measurement=v1 id=31 maximum=3 round=1 wall_ns=3987208 cpu_ns=3900250 states=2464 verified=5 completion=0 alternatives=3
INSTRUMENTATION_STATUS_CODE: 0
INSTRUMENTATION_STATUS: candidate_width_measurement=v1 id=31 maximum=7 round=1 wall_ns=11580084 cpu_ns=11507250 states=6727 verified=12 completion=0 alternatives=7
INSTRUMENTATION_STATUS_CODE: 0
INSTRUMENTATION_STATUS: candidate_width_measurement=v1 id=32 maximum=7 round=1 wall_ns=8023917 cpu_ns=7981042 states=5006 verified=47 completion=0 alternatives=7
INSTRUMENTATION_STATUS_CODE: 0
INSTRUMENTATION_STATUS: candidate_width_measurement=v1 id=32 maximum=3 round=1 wall_ns=3059792 cpu_ns=2978124 states=1787 verified=39 completion=0 alternatives=3
INSTRUMENTATION_STATUS_CODE: 0
INSTRUMENTATION_STATUS: candidate_width_measurement=v1 id=32 maximum=1 round=1 wall_ns=3048417 cpu_ns=3024459 states=1787 verified=39 completion=0 alternatives=1
INSTRUMENTATION_STATUS_CODE: 0
INSTRUMENTATION_STATUS: candidate_width_measurement=v1 id=33 maximum=1 round=1 wall_ns=1742875 cpu_ns=1743625 states=1398 verified=12 completion=0 alternatives=1
INSTRUMENTATION_STATUS_CODE: 0
INSTRUMENTATION_STATUS: candidate_width_measurement=v1 id=33 maximum=3 round=1 wall_ns=4310291 cpu_ns=4273626 states=3501 verified=18 completion=0 alternatives=3
INSTRUMENTATION_STATUS_CODE: 0
INSTRUMENTATION_STATUS: candidate_width_measurement=v1 id=33 maximum=7 round=1 wall_ns=4298375 cpu_ns=4272958 states=3501 verified=18 completion=0 alternatives=7
INSTRUMENTATION_STATUS_CODE: 0
INSTRUMENTATION_STATUS: candidate_width_measurement=v1 id=34 maximum=7 round=1 wall_ns=14337875 cpu_ns=14248291 states=8192 verified=26 completion=3 alternatives=7
INSTRUMENTATION_STATUS_CODE: 0
INSTRUMENTATION_STATUS: candidate_width_measurement=v1 id=34 maximum=3 round=1 wall_ns=4536750 cpu_ns=4499708 states=2542 verified=22 completion=0 alternatives=3
INSTRUMENTATION_STATUS_CODE: 0
INSTRUMENTATION_STATUS: candidate_width_measurement=v1 id=34 maximum=1 round=1 wall_ns=4516417 cpu_ns=4484625 states=2542 verified=22 completion=0 alternatives=1
INSTRUMENTATION_STATUS_CODE: 0
INSTRUMENTATION_STATUS: candidate_width_measurement=v1 id=35 maximum=1 round=1 wall_ns=2873208 cpu_ns=2795834 states=1844 verified=23 completion=0 alternatives=1
INSTRUMENTATION_STATUS_CODE: 0
INSTRUMENTATION_STATUS: candidate_width_measurement=v1 id=35 maximum=3 round=1 wall_ns=2768458 cpu_ns=2718000 states=1844 verified=23 completion=0 alternatives=3
INSTRUMENTATION_STATUS_CODE: 0
INSTRUMENTATION_STATUS: candidate_width_measurement=v1 id=35 maximum=7 round=1 wall_ns=11368792 cpu_ns=11310333 states=8192 verified=25 completion=3 alternatives=7
INSTRUMENTATION_STATUS_CODE: 0
INSTRUMENTATION_STATUS: candidate_width_measurement=v1 id=36 maximum=7 round=1 wall_ns=3707125 cpu_ns=3678542 states=2213 verified=48 completion=0 alternatives=7
INSTRUMENTATION_STATUS_CODE: 0
INSTRUMENTATION_STATUS: candidate_width_measurement=v1 id=36 maximum=3 round=1 wall_ns=3643625 cpu_ns=3598250 states=2213 verified=48 completion=0 alternatives=3
INSTRUMENTATION_STATUS_CODE: 0
INSTRUMENTATION_STATUS: candidate_width_measurement=v1 id=36 maximum=1 round=1 wall_ns=595916 cpu_ns=580251 states=367 verified=9 completion=0 alternatives=1
INSTRUMENTATION_STATUS_CODE: 0
INSTRUMENTATION_STATUS: candidate_width_measurement=v1 id=37 maximum=1 round=1 wall_ns=2396000 cpu_ns=2351875 states=1093 verified=5 completion=0 alternatives=1
INSTRUMENTATION_STATUS_CODE: 0
INSTRUMENTATION_STATUS: candidate_width_measurement=v1 id=37 maximum=3 round=1 wall_ns=16308250 cpu_ns=16168084 states=8192 verified=5 completion=3 alternatives=3
INSTRUMENTATION_STATUS_CODE: 0
INSTRUMENTATION_STATUS: candidate_width_measurement=v1 id=37 maximum=7 round=1 wall_ns=17633542 cpu_ns=16607750 states=8192 verified=5 completion=3 alternatives=5
INSTRUMENTATION_STATUS_CODE: 0
INSTRUMENTATION_STATUS: candidate_width_measurement=v1 id=38 maximum=7 round=1 wall_ns=15824375 cpu_ns=15705082 states=8192 verified=29 completion=3 alternatives=7
INSTRUMENTATION_STATUS_CODE: 0
INSTRUMENTATION_STATUS: candidate_width_measurement=v1 id=38 maximum=3 round=1 wall_ns=5263625 cpu_ns=5121415 states=2434 verified=28 completion=0 alternatives=3
INSTRUMENTATION_STATUS_CODE: 0
INSTRUMENTATION_STATUS: candidate_width_measurement=v1 id=38 maximum=1 round=1 wall_ns=975958 cpu_ns=976209 states=537 verified=6 completion=0 alternatives=1
INSTRUMENTATION_STATUS_CODE: 0
INSTRUMENTATION_STATUS: candidate_width_measurement=v1 id=39 maximum=1 round=1 wall_ns=778500 cpu_ns=770417 states=412 verified=23 completion=0 alternatives=1
INSTRUMENTATION_STATUS_CODE: 0
INSTRUMENTATION_STATUS: candidate_width_measurement=v1 id=39 maximum=3 round=1 wall_ns=3118417 cpu_ns=3039624 states=1873 verified=64 completion=4 alternatives=3
INSTRUMENTATION_STATUS_CODE: 0
INSTRUMENTATION_STATUS: candidate_width_measurement=v1 id=39 maximum=7 round=1 wall_ns=3034542 cpu_ns=2951625 states=1873 verified=64 completion=4 alternatives=7
INSTRUMENTATION_STATUS_CODE: 0
INSTRUMENTATION_STATUS: candidate_width_measurement=v1 id=40 maximum=7 round=1 wall_ns=823375 cpu_ns=806458 states=1119 verified=42 completion=0 alternatives=7
INSTRUMENTATION_STATUS_CODE: 0
INSTRUMENTATION_STATUS: candidate_width_measurement=v1 id=40 maximum=3 round=1 wall_ns=342333 cpu_ns=326792 states=310 verified=33 completion=0 alternatives=3
INSTRUMENTATION_STATUS_CODE: 0
INSTRUMENTATION_STATUS: candidate_width_measurement=v1 id=40 maximum=1 round=1 wall_ns=331667 cpu_ns=300041 states=310 verified=33 completion=0 alternatives=1
INSTRUMENTATION_STATUS_CODE: 0
INSTRUMENTATION_STATUS: candidate_width_measurement=v1 id=41 maximum=1 round=1 wall_ns=338334 cpu_ns=338917 states=353 verified=5 completion=0 alternatives=1
INSTRUMENTATION_STATUS_CODE: 0
INSTRUMENTATION_STATUS: candidate_width_measurement=v1 id=41 maximum=3 round=1 wall_ns=1392625 cpu_ns=1368000 states=1616 verified=9 completion=0 alternatives=3
INSTRUMENTATION_STATUS_CODE: 0
INSTRUMENTATION_STATUS: candidate_width_measurement=v1 id=41 maximum=7 round=1 wall_ns=2530625 cpu_ns=2508875 states=3007 verified=13 completion=0 alternatives=7
INSTRUMENTATION_STATUS_CODE: 0
INSTRUMENTATION_STATUS: candidate_width_measurement=v1 id=42 maximum=7 round=1 wall_ns=929125 cpu_ns=813875 states=1399 verified=41 completion=0 alternatives=7
INSTRUMENTATION_STATUS_CODE: 0
INSTRUMENTATION_STATUS: candidate_width_measurement=v1 id=42 maximum=3 round=1 wall_ns=323584 cpu_ns=312542 states=401 verified=27 completion=0 alternatives=3
INSTRUMENTATION_STATUS_CODE: 0
INSTRUMENTATION_STATUS: candidate_width_measurement=v1 id=42 maximum=1 round=1 wall_ns=235333 cpu_ns=215708 states=236 verified=23 completion=0 alternatives=1
INSTRUMENTATION_STATUS_CODE: 0
INSTRUMENTATION_STATUS: candidate_width_measurement=v1 id=43 maximum=1 round=1 wall_ns=2180167 cpu_ns=2154584 states=1640 verified=7 completion=0 alternatives=1
INSTRUMENTATION_STATUS_CODE: 0
INSTRUMENTATION_STATUS: candidate_width_measurement=v1 id=43 maximum=3 round=1 wall_ns=2061208 cpu_ns=2061791 states=1640 verified=7 completion=0 alternatives=3
INSTRUMENTATION_STATUS_CODE: 0
INSTRUMENTATION_STATUS: candidate_width_measurement=v1 id=43 maximum=7 round=1 wall_ns=6888708 cpu_ns=6696668 states=4904 verified=13 completion=0 alternatives=7
INSTRUMENTATION_STATUS_CODE: 0
INSTRUMENTATION_STATUS: candidate_width_measurement=v1 id=44 maximum=7 round=1 wall_ns=2239166 cpu_ns=2130459 states=2455 verified=10 completion=0 alternatives=4
INSTRUMENTATION_STATUS_CODE: 0
INSTRUMENTATION_STATUS: candidate_width_measurement=v1 id=44 maximum=3 round=1 wall_ns=1274000 cpu_ns=1219374 states=1492 verified=7 completion=0 alternatives=3
INSTRUMENTATION_STATUS_CODE: 0
INSTRUMENTATION_STATUS: candidate_width_measurement=v1 id=44 maximum=1 round=1 wall_ns=537458 cpu_ns=530751 states=612 verified=5 completion=0 alternatives=1
INSTRUMENTATION_STATUS_CODE: 0
INSTRUMENTATION_STATUS: candidate_width_measurement=v1 id=45 maximum=1 round=1 wall_ns=22958 cpu_ns=23541 states=28 verified=0 completion=2 alternatives=0
INSTRUMENTATION_STATUS_CODE: 0
INSTRUMENTATION_STATUS: candidate_width_measurement=v1 id=45 maximum=3 round=1 wall_ns=22667 cpu_ns=11417 states=28 verified=0 completion=2 alternatives=0
INSTRUMENTATION_STATUS_CODE: 0
INSTRUMENTATION_STATUS: candidate_width_measurement=v1 id=45 maximum=7 round=1 wall_ns=22542 cpu_ns=23042 states=28 verified=0 completion=2 alternatives=0
INSTRUMENTATION_STATUS_CODE: 0
INSTRUMENTATION_STATUS: candidate_width_measurement=v1 id=46 maximum=7 round=1 wall_ns=3008958 cpu_ns=2974959 states=2202 verified=27 completion=0 alternatives=7
INSTRUMENTATION_STATUS_CODE: 0
INSTRUMENTATION_STATUS: candidate_width_measurement=v1 id=46 maximum=3 round=1 wall_ns=961750 cpu_ns=960709 states=724 verified=11 completion=0 alternatives=3
INSTRUMENTATION_STATUS_CODE: 0
INSTRUMENTATION_STATUS: candidate_width_measurement=v1 id=46 maximum=1 round=1 wall_ns=996125 cpu_ns=955042 states=724 verified=11 completion=0 alternatives=1
INSTRUMENTATION_STATUS_CODE: 0
INSTRUMENTATION_STATUS: candidate_width_measurement=v1 id=47 maximum=1 round=1 wall_ns=2626833 cpu_ns=2627417 states=1621 verified=16 completion=0 alternatives=1
INSTRUMENTATION_STATUS_CODE: 0
INSTRUMENTATION_STATUS: candidate_width_measurement=v1 id=47 maximum=3 round=1 wall_ns=4029916 cpu_ns=3926209 states=2580 verified=16 completion=0 alternatives=3
INSTRUMENTATION_STATUS_CODE: 0
INSTRUMENTATION_STATUS: candidate_width_measurement=v1 id=47 maximum=7 round=1 wall_ns=13565584 cpu_ns=13448999 states=8192 verified=16 completion=3 alternatives=7
INSTRUMENTATION_STATUS_CODE: 0
INSTRUMENTATION_STATUS: candidate_width_measurement=v1 id=48 maximum=7 round=1 wall_ns=2589916 cpu_ns=2488415 states=1680 verified=21 completion=0 alternatives=7
INSTRUMENTATION_STATUS_CODE: 0
INSTRUMENTATION_STATUS: candidate_width_measurement=v1 id=48 maximum=3 round=1 wall_ns=2395667 cpu_ns=2395000 states=1680 verified=21 completion=0 alternatives=3
INSTRUMENTATION_STATUS_CODE: 0
INSTRUMENTATION_STATUS: candidate_width_measurement=v1 id=48 maximum=1 round=1 wall_ns=2477292 cpu_ns=2438624 states=1680 verified=21 completion=0 alternatives=1
INSTRUMENTATION_STATUS_CODE: 0
INSTRUMENTATION_STATUS: candidate_width_measurement=v1 id=49 maximum=1 round=1 wall_ns=312333 cpu_ns=306750 states=296 verified=5 completion=0 alternatives=1
INSTRUMENTATION_STATUS_CODE: 0
INSTRUMENTATION_STATUS: candidate_width_measurement=v1 id=49 maximum=3 round=1 wall_ns=1428083 cpu_ns=1401584 states=1514 verified=18 completion=0 alternatives=3
INSTRUMENTATION_STATUS_CODE: 0
INSTRUMENTATION_STATUS: candidate_width_measurement=v1 id=49 maximum=7 round=1 wall_ns=1441666 cpu_ns=1412042 states=1514 verified=18 completion=0 alternatives=7
INSTRUMENTATION_STATUS_CODE: 0
INSTRUMENTATION_STATUS: candidate_width_measurement=v1 id=50 maximum=7 round=1 wall_ns=2805875 cpu_ns=2806500 states=1892 verified=64 completion=4 alternatives=7
INSTRUMENTATION_STATUS_CODE: 0
INSTRUMENTATION_STATUS: candidate_width_measurement=v1 id=50 maximum=3 round=1 wall_ns=2808333 cpu_ns=2809083 states=1892 verified=64 completion=4 alternatives=3
INSTRUMENTATION_STATUS_CODE: 0
INSTRUMENTATION_STATUS: candidate_width_measurement=v1 id=50 maximum=1 round=1 wall_ns=551667 cpu_ns=461208 states=322 verified=8 completion=0 alternatives=1
INSTRUMENTATION_STATUS_CODE: 0
INSTRUMENTATION_STATUS: candidate_width_measurement=v1 id=51 maximum=1 round=1 wall_ns=557500 cpu_ns=509418 states=448 verified=11 completion=0 alternatives=1
INSTRUMENTATION_STATUS_CODE: 0
INSTRUMENTATION_STATUS: candidate_width_measurement=v1 id=51 maximum=3 round=1 wall_ns=463041 cpu_ns=446249 states=448 verified=11 completion=0 alternatives=3
INSTRUMENTATION_STATUS_CODE: 0
INSTRUMENTATION_STATUS: candidate_width_measurement=v1 id=51 maximum=7 round=1 wall_ns=699125 cpu_ns=682458 states=740 verified=11 completion=0 alternatives=7
INSTRUMENTATION_STATUS_CODE: 0
INSTRUMENTATION_STATUS: candidate_width_measurement=v1 id=52 maximum=7 round=1 wall_ns=15082292 cpu_ns=14120252 states=8192 verified=4 completion=3 alternatives=4
INSTRUMENTATION_STATUS_CODE: 0
INSTRUMENTATION_STATUS: candidate_width_measurement=v1 id=52 maximum=3 round=1 wall_ns=13684292 cpu_ns=13611248 states=8192 verified=4 completion=3 alternatives=3
INSTRUMENTATION_STATUS_CODE: 0
INSTRUMENTATION_STATUS: candidate_width_measurement=v1 id=52 maximum=1 round=1 wall_ns=3227125 cpu_ns=3172209 states=2008 verified=3 completion=0 alternatives=1
INSTRUMENTATION_STATUS_CODE: 0
INSTRUMENTATION_STATUS: candidate_width_measurement=v1 id=53 maximum=1 round=1 wall_ns=312000 cpu_ns=300291 states=312 verified=4 completion=0 alternatives=1
INSTRUMENTATION_STATUS_CODE: 0
INSTRUMENTATION_STATUS: candidate_width_measurement=v1 id=53 maximum=3 round=1 wall_ns=439833 cpu_ns=440500 states=455 verified=6 completion=0 alternatives=3
INSTRUMENTATION_STATUS_CODE: 0
INSTRUMENTATION_STATUS: candidate_width_measurement=v1 id=53 maximum=7 round=1 wall_ns=1508667 cpu_ns=1442082 states=1667 verified=10 completion=0 alternatives=7
INSTRUMENTATION_STATUS_CODE: 0
INSTRUMENTATION_STATUS: candidate_width_measurement=v1 id=54 maximum=7 round=1 wall_ns=11266625 cpu_ns=11189750 states=8192 verified=14 completion=3 alternatives=7
INSTRUMENTATION_STATUS_CODE: 0
INSTRUMENTATION_STATUS: candidate_width_measurement=v1 id=54 maximum=3 round=1 wall_ns=6202750 cpu_ns=6129084 states=4405 verified=14 completion=0 alternatives=3
INSTRUMENTATION_STATUS_CODE: 0
INSTRUMENTATION_STATUS: candidate_width_measurement=v1 id=54 maximum=1 round=1 wall_ns=1989375 cpu_ns=1964457 states=1412 verified=12 completion=0 alternatives=1
INSTRUMENTATION_STATUS_CODE: 0
INSTRUMENTATION_STATUS: candidate_width_measurement=v1 id=55 maximum=1 round=1 wall_ns=3331750 cpu_ns=3274500 states=2276 verified=10 completion=0 alternatives=1
INSTRUMENTATION_STATUS_CODE: 0
INSTRUMENTATION_STATUS: candidate_width_measurement=v1 id=55 maximum=3 round=1 wall_ns=10858750 cpu_ns=10771708 states=6979 verified=13 completion=0 alternatives=3
INSTRUMENTATION_STATUS_CODE: 0
INSTRUMENTATION_STATUS: candidate_width_measurement=v1 id=55 maximum=7 round=1 wall_ns=10688250 cpu_ns=10649876 states=6979 verified=13 completion=0 alternatives=7
INSTRUMENTATION_STATUS_CODE: 0
INSTRUMENTATION_STATUS: candidate_width_measurement=v1 id=56 maximum=7 round=1 wall_ns=1241709 cpu_ns=1137041 states=1277 verified=8 completion=0 alternatives=7
INSTRUMENTATION_STATUS_CODE: 0
INSTRUMENTATION_STATUS: candidate_width_measurement=v1 id=56 maximum=3 round=1 wall_ns=1078334 cpu_ns=1072959 states=1277 verified=8 completion=0 alternatives=3
INSTRUMENTATION_STATUS_CODE: 0
INSTRUMENTATION_STATUS: candidate_width_measurement=v1 id=56 maximum=1 round=1 wall_ns=1044959 cpu_ns=1044541 states=1277 verified=8 completion=0 alternatives=1
INSTRUMENTATION_STATUS_CODE: 0
INSTRUMENTATION_STATUS: candidate_width_measurement=v1 id=57 maximum=1 round=1 wall_ns=2568417 cpu_ns=2538626 states=1609 verified=3 completion=0 alternatives=1
INSTRUMENTATION_STATUS_CODE: 0
INSTRUMENTATION_STATUS: candidate_width_measurement=v1 id=57 maximum=3 round=1 wall_ns=13263167 cpu_ns=13146500 states=8192 verified=3 completion=3 alternatives=3
INSTRUMENTATION_STATUS_CODE: 0
INSTRUMENTATION_STATUS: candidate_width_measurement=v1 id=57 maximum=7 round=1 wall_ns=13653167 cpu_ns=13529919 states=8192 verified=3 completion=3 alternatives=3
INSTRUMENTATION_STATUS_CODE: 0
INSTRUMENTATION_STATUS: candidate_width_measurement=v1 id=58 maximum=7 round=1 wall_ns=3274584 cpu_ns=3247626 states=2200 verified=48 completion=0 alternatives=7
INSTRUMENTATION_STATUS_CODE: 0
INSTRUMENTATION_STATUS: candidate_width_measurement=v1 id=58 maximum=3 round=1 wall_ns=3125416 cpu_ns=3121416 states=2200 verified=48 completion=0 alternatives=3
INSTRUMENTATION_STATUS_CODE: 0
INSTRUMENTATION_STATUS: candidate_width_measurement=v1 id=58 maximum=1 round=1 wall_ns=538292 cpu_ns=513750 states=349 verified=5 completion=0 alternatives=1
INSTRUMENTATION_STATUS_CODE: 0
INSTRUMENTATION_STATUS: candidate_width_measurement=v1 id=59 maximum=1 round=1 wall_ns=2068625 cpu_ns=2044875 states=1483 verified=9 completion=0 alternatives=1
INSTRUMENTATION_STATUS_CODE: 0
INSTRUMENTATION_STATUS: candidate_width_measurement=v1 id=59 maximum=3 round=1 wall_ns=3799208 cpu_ns=3735042 states=2741 verified=13 completion=0 alternatives=3
INSTRUMENTATION_STATUS_CODE: 0
INSTRUMENTATION_STATUS: candidate_width_measurement=v1 id=59 maximum=7 round=1 wall_ns=7770666 cpu_ns=7595957 states=5151 verified=15 completion=0 alternatives=7
INSTRUMENTATION_STATUS_CODE: 0
INSTRUMENTATION_STATUS: candidate_width_measurement=v1 id=0 maximum=1 round=2 wall_ns=2939000 cpu_ns=2097125 states=1475 verified=13 completion=0 alternatives=1
INSTRUMENTATION_STATUS_CODE: 0
INSTRUMENTATION_STATUS: candidate_width_measurement=v1 id=0 maximum=3 round=2 wall_ns=6766125 cpu_ns=6658333 states=4713 verified=13 completion=0 alternatives=3
INSTRUMENTATION_STATUS_CODE: 0
INSTRUMENTATION_STATUS: candidate_width_measurement=v1 id=0 maximum=7 round=2 wall_ns=11201917 cpu_ns=11021333 states=8192 verified=13 completion=3 alternatives=7
INSTRUMENTATION_STATUS_CODE: 0
INSTRUMENTATION_STATUS: candidate_width_measurement=v1 id=1 maximum=7 round=2 wall_ns=1321708 cpu_ns=1223333 states=1438 verified=13 completion=0 alternatives=7
INSTRUMENTATION_STATUS_CODE: 0
INSTRUMENTATION_STATUS: candidate_width_measurement=v1 id=1 maximum=3 round=2 wall_ns=603125 cpu_ns=488542 states=444 verified=9 completion=0 alternatives=3
INSTRUMENTATION_STATUS_CODE: 0
INSTRUMENTATION_STATUS: candidate_width_measurement=v1 id=1 maximum=1 round=2 wall_ns=570917 cpu_ns=420832 states=444 verified=9 completion=0 alternatives=1
INSTRUMENTATION_STATUS_CODE: 0
INSTRUMENTATION_STATUS: candidate_width_measurement=v1 id=2 maximum=1 round=2 wall_ns=2164375 cpu_ns=2124750 states=1689 verified=2 completion=0 alternatives=1
INSTRUMENTATION_STATUS_CODE: 0
INSTRUMENTATION_STATUS: candidate_width_measurement=v1 id=2 maximum=3 round=2 wall_ns=8850917 cpu_ns=8673917 states=6379 verified=5 completion=0 alternatives=3
INSTRUMENTATION_STATUS_CODE: 0
INSTRUMENTATION_STATUS: candidate_width_measurement=v1 id=2 maximum=7 round=2 wall_ns=11432708 cpu_ns=11277041 states=8192 verified=5 completion=3 alternatives=5
INSTRUMENTATION_STATUS_CODE: 0
INSTRUMENTATION_STATUS: candidate_width_measurement=v1 id=3 maximum=7 round=2 wall_ns=7632542 cpu_ns=7590668 states=6441 verified=57 completion=0 alternatives=7
INSTRUMENTATION_STATUS_CODE: 0
INSTRUMENTATION_STATUS: candidate_width_measurement=v1 id=3 maximum=3 round=2 wall_ns=3289084 cpu_ns=3247500 states=2646 verified=46 completion=0 alternatives=3
INSTRUMENTATION_STATUS_CODE: 0
INSTRUMENTATION_STATUS: candidate_width_measurement=v1 id=3 maximum=1 round=2 wall_ns=2048666 cpu_ns=2007043 states=1775 verified=17 completion=0 alternatives=1
INSTRUMENTATION_STATUS_CODE: 0
INSTRUMENTATION_STATUS: candidate_width_measurement=v1 id=4 maximum=1 round=2 wall_ns=2028833 cpu_ns=2029875 states=1562 verified=7 completion=0 alternatives=1
INSTRUMENTATION_STATUS_CODE: 0
INSTRUMENTATION_STATUS: candidate_width_measurement=v1 id=4 maximum=3 round=2 wall_ns=6286583 cpu_ns=6179501 states=4569 verified=7 completion=0 alternatives=3
INSTRUMENTATION_STATUS_CODE: 0
INSTRUMENTATION_STATUS: candidate_width_measurement=v1 id=4 maximum=7 round=2 wall_ns=11405333 cpu_ns=11356541 states=8192 verified=7 completion=3 alternatives=7
INSTRUMENTATION_STATUS_CODE: 0
INSTRUMENTATION_STATUS: candidate_width_measurement=v1 id=5 maximum=7 round=2 wall_ns=2563542 cpu_ns=2565000 states=2139 verified=59 completion=0 alternatives=7
INSTRUMENTATION_STATUS_CODE: 0
INSTRUMENTATION_STATUS: candidate_width_measurement=v1 id=5 maximum=3 round=2 wall_ns=2622584 cpu_ns=2417958 states=2139 verified=59 completion=0 alternatives=3
INSTRUMENTATION_STATUS_CODE: 0
INSTRUMENTATION_STATUS: candidate_width_measurement=v1 id=5 maximum=1 round=2 wall_ns=512084 cpu_ns=512750 states=514 verified=11 completion=0 alternatives=1
INSTRUMENTATION_STATUS_CODE: 0
INSTRUMENTATION_STATUS: candidate_width_measurement=v1 id=6 maximum=1 round=2 wall_ns=1593083 cpu_ns=1507958 states=1463 verified=6 completion=0 alternatives=1
INSTRUMENTATION_STATUS_CODE: 0
INSTRUMENTATION_STATUS: candidate_width_measurement=v1 id=6 maximum=3 round=2 wall_ns=6540084 cpu_ns=6300876 states=5398 verified=16 completion=0 alternatives=3
INSTRUMENTATION_STATUS_CODE: 0
INSTRUMENTATION_STATUS: candidate_width_measurement=v1 id=6 maximum=7 round=2 wall_ns=6555333 cpu_ns=6489874 states=5398 verified=16 completion=0 alternatives=7
INSTRUMENTATION_STATUS_CODE: 0
INSTRUMENTATION_STATUS: candidate_width_measurement=v1 id=7 maximum=7 round=2 wall_ns=10138625 cpu_ns=9083248 states=5678 verified=45 completion=0 alternatives=7
INSTRUMENTATION_STATUS_CODE: 0
INSTRUMENTATION_STATUS: candidate_width_measurement=v1 id=7 maximum=3 round=2 wall_ns=2981417 cpu_ns=2926292 states=1851 verified=8 completion=0 alternatives=3
INSTRUMENTATION_STATUS_CODE: 0
INSTRUMENTATION_STATUS: candidate_width_measurement=v1 id=7 maximum=1 round=2 wall_ns=2453750 cpu_ns=2404250 states=1851 verified=8 completion=0 alternatives=1
INSTRUMENTATION_STATUS_CODE: 0
INSTRUMENTATION_STATUS: candidate_width_measurement=v1 id=8 maximum=1 round=2 wall_ns=549583 cpu_ns=550291 states=327 verified=18 completion=0 alternatives=1
INSTRUMENTATION_STATUS_CODE: 0
INSTRUMENTATION_STATUS: candidate_width_measurement=v1 id=8 maximum=3 round=2 wall_ns=2413750 cpu_ns=2345291 states=1503 verified=64 completion=4 alternatives=3
INSTRUMENTATION_STATUS_CODE: 0
INSTRUMENTATION_STATUS: candidate_width_measurement=v1 id=8 maximum=7 round=2 wall_ns=2482292 cpu_ns=2315750 states=1503 verified=64 completion=4 alternatives=7
INSTRUMENTATION_STATUS_CODE: 0
INSTRUMENTATION_STATUS: candidate_width_measurement=v1 id=9 maximum=7 round=2 wall_ns=5402708 cpu_ns=5363166 states=4662 verified=13 completion=0 alternatives=7
INSTRUMENTATION_STATUS_CODE: 0
INSTRUMENTATION_STATUS: candidate_width_measurement=v1 id=9 maximum=3 round=2 wall_ns=1396208 cpu_ns=1384500 states=1282 verified=10 completion=0 alternatives=3
INSTRUMENTATION_STATUS_CODE: 0
INSTRUMENTATION_STATUS: candidate_width_measurement=v1 id=9 maximum=1 round=2 wall_ns=367208 cpu_ns=338000 states=358 verified=4 completion=0 alternatives=1
INSTRUMENTATION_STATUS_CODE: 0
INSTRUMENTATION_STATUS: candidate_width_measurement=v1 id=10 maximum=1 round=2 wall_ns=393583 cpu_ns=388250 states=422 verified=20 completion=0 alternatives=1
INSTRUMENTATION_STATUS_CODE: 0
INSTRUMENTATION_STATUS: candidate_width_measurement=v1 id=10 maximum=3 round=2 wall_ns=469875 cpu_ns=413417 states=422 verified=20 completion=0 alternatives=3
INSTRUMENTATION_STATUS_CODE: 0
INSTRUMENTATION_STATUS: candidate_width_measurement=v1 id=10 maximum=7 round=2 wall_ns=1402666 cpu_ns=1360417 states=1917 verified=42 completion=0 alternatives=7
INSTRUMENTATION_STATUS_CODE: 0
INSTRUMENTATION_STATUS: candidate_width_measurement=v1 id=11 maximum=7 round=2 wall_ns=11622042 cpu_ns=11505125 states=8192 verified=49 completion=3 alternatives=7
INSTRUMENTATION_STATUS_CODE: 0
INSTRUMENTATION_STATUS: candidate_width_measurement=v1 id=11 maximum=3 round=2 wall_ns=2713375 cpu_ns=2713292 states=2058 verified=28 completion=0 alternatives=3
INSTRUMENTATION_STATUS_CODE: 0
INSTRUMENTATION_STATUS: candidate_width_measurement=v1 id=11 maximum=1 round=2 wall_ns=2977333 cpu_ns=2865044 states=2058 verified=28 completion=0 alternatives=1
INSTRUMENTATION_STATUS_CODE: 0
INSTRUMENTATION_STATUS: candidate_width_measurement=v1 id=12 maximum=1 round=2 wall_ns=311667 cpu_ns=312375 states=324 verified=4 completion=0 alternatives=1
INSTRUMENTATION_STATUS_CODE: 0
INSTRUMENTATION_STATUS: candidate_width_measurement=v1 id=12 maximum=3 round=2 wall_ns=407375 cpu_ns=390167 states=420 verified=5 completion=0 alternatives=3
INSTRUMENTATION_STATUS_CODE: 0
INSTRUMENTATION_STATUS: candidate_width_measurement=v1 id=12 maximum=7 round=2 wall_ns=1676000 cpu_ns=1643250 states=1986 verified=15 completion=0 alternatives=7
INSTRUMENTATION_STATUS_CODE: 0
INSTRUMENTATION_STATUS: candidate_width_measurement=v1 id=13 maximum=7 round=2 wall_ns=3866791 cpu_ns=3801707 states=2999 verified=64 completion=4 alternatives=7
INSTRUMENTATION_STATUS_CODE: 0
INSTRUMENTATION_STATUS: candidate_width_measurement=v1 id=13 maximum=3 round=2 wall_ns=2286792 cpu_ns=2248791 states=1861 verified=44 completion=0 alternatives=3
INSTRUMENTATION_STATUS_CODE: 0
INSTRUMENTATION_STATUS: candidate_width_measurement=v1 id=13 maximum=1 round=2 wall_ns=852292 cpu_ns=838167 states=599 verified=26 completion=0 alternatives=1
INSTRUMENTATION_STATUS_CODE: 0
INSTRUMENTATION_STATUS: candidate_width_measurement=v1 id=14 maximum=1 round=2 wall_ns=2732916 cpu_ns=2696626 states=1930 verified=1 completion=0 alternatives=1
INSTRUMENTATION_STATUS_CODE: 0
INSTRUMENTATION_STATUS: candidate_width_measurement=v1 id=14 maximum=3 round=2 wall_ns=12533875 cpu_ns=12453999 states=8192 verified=1 completion=3 alternatives=1
INSTRUMENTATION_STATUS_CODE: 0
INSTRUMENTATION_STATUS: candidate_width_measurement=v1 id=14 maximum=7 round=2 wall_ns=12333000 cpu_ns=12275584 states=8192 verified=1 completion=3 alternatives=1
INSTRUMENTATION_STATUS_CODE: 0
INSTRUMENTATION_STATUS: candidate_width_measurement=v1 id=15 maximum=7 round=2 wall_ns=1014250 cpu_ns=1015125 states=1324 verified=9 completion=0 alternatives=7
INSTRUMENTATION_STATUS_CODE: 0
INSTRUMENTATION_STATUS: candidate_width_measurement=v1 id=15 maximum=3 round=2 wall_ns=1017042 cpu_ns=1017792 states=1324 verified=9 completion=0 alternatives=3
INSTRUMENTATION_STATUS_CODE: 0
INSTRUMENTATION_STATUS: candidate_width_measurement=v1 id=15 maximum=1 round=2 wall_ns=287875 cpu_ns=235332 states=250 verified=3 completion=0 alternatives=1
INSTRUMENTATION_STATUS_CODE: 0
INSTRUMENTATION_STATUS: candidate_width_measurement=v1 id=16 maximum=1 round=2 wall_ns=1940875 cpu_ns=1940000 states=1607 verified=13 completion=0 alternatives=1
INSTRUMENTATION_STATUS_CODE: 0
INSTRUMENTATION_STATUS: candidate_width_measurement=v1 id=16 maximum=3 round=2 wall_ns=2166083 cpu_ns=2026500 states=1607 verified=13 completion=0 alternatives=3
INSTRUMENTATION_STATUS_CODE: 0
INSTRUMENTATION_STATUS: candidate_width_measurement=v1 id=16 maximum=7 round=2 wall_ns=10429167 cpu_ns=10252792 states=8192 verified=14 completion=3 alternatives=7
INSTRUMENTATION_STATUS_CODE: 0
INSTRUMENTATION_STATUS: candidate_width_measurement=v1 id=17 maximum=7 round=2 wall_ns=12164750 cpu_ns=11175335 states=8192 verified=2 completion=3 alternatives=2
INSTRUMENTATION_STATUS_CODE: 0
INSTRUMENTATION_STATUS: candidate_width_measurement=v1 id=17 maximum=3 round=2 wall_ns=11198084 cpu_ns=10993042 states=8192 verified=2 completion=3 alternatives=2
INSTRUMENTATION_STATUS_CODE: 0
INSTRUMENTATION_STATUS: candidate_width_measurement=v1 id=17 maximum=1 round=2 wall_ns=2017333 cpu_ns=1879292 states=1517 verified=1 completion=0 alternatives=1
INSTRUMENTATION_STATUS_CODE: 0
INSTRUMENTATION_STATUS: candidate_width_measurement=v1 id=18 maximum=1 round=2 wall_ns=763917 cpu_ns=528708 states=411 verified=4 completion=0 alternatives=1
INSTRUMENTATION_STATUS_CODE: 0
INSTRUMENTATION_STATUS: candidate_width_measurement=v1 id=18 maximum=3 round=2 wall_ns=1765084 cpu_ns=1640417 states=2064 verified=5 completion=0 alternatives=3
INSTRUMENTATION_STATUS_CODE: 0
INSTRUMENTATION_STATUS: candidate_width_measurement=v1 id=18 maximum=7 round=2 wall_ns=2678750 cpu_ns=2574666 states=3409 verified=5 completion=0 alternatives=5
INSTRUMENTATION_STATUS_CODE: 0
INSTRUMENTATION_STATUS: candidate_width_measurement=v1 id=19 maximum=7 round=2 wall_ns=1035958 cpu_ns=958751 states=1121 verified=50 completion=0 alternatives=7
INSTRUMENTATION_STATUS_CODE: 0
INSTRUMENTATION_STATUS: candidate_width_measurement=v1 id=19 maximum=3 round=2 wall_ns=456041 cpu_ns=367375 states=292 verified=29 completion=0 alternatives=3
INSTRUMENTATION_STATUS_CODE: 0
INSTRUMENTATION_STATUS: candidate_width_measurement=v1 id=19 maximum=1 round=2 wall_ns=513625 cpu_ns=444084 states=292 verified=29 completion=0 alternatives=1
INSTRUMENTATION_STATUS_CODE: 0
INSTRUMENTATION_STATUS: candidate_width_measurement=v1 id=20 maximum=1 round=2 wall_ns=5010417 cpu_ns=4948375 states=2619 verified=64 completion=4 alternatives=1
INSTRUMENTATION_STATUS_CODE: 0
INSTRUMENTATION_STATUS: candidate_width_measurement=v1 id=20 maximum=3 round=2 wall_ns=4630875 cpu_ns=4586168 states=2619 verified=64 completion=4 alternatives=3
INSTRUMENTATION_STATUS_CODE: 0
INSTRUMENTATION_STATUS: candidate_width_measurement=v1 id=20 maximum=7 round=2 wall_ns=4558042 cpu_ns=4476500 states=2619 verified=64 completion=4 alternatives=7
INSTRUMENTATION_STATUS_CODE: 0
INSTRUMENTATION_STATUS: candidate_width_measurement=v1 id=21 maximum=7 round=2 wall_ns=11518708 cpu_ns=11425167 states=5806 verified=21 completion=0 alternatives=7
INSTRUMENTATION_STATUS_CODE: 0
INSTRUMENTATION_STATUS: candidate_width_measurement=v1 id=21 maximum=3 round=2 wall_ns=4117459 cpu_ns=3972500 states=2111 verified=12 completion=0 alternatives=3
INSTRUMENTATION_STATUS_CODE: 0
INSTRUMENTATION_STATUS: candidate_width_measurement=v1 id=21 maximum=1 round=2 wall_ns=4063250 cpu_ns=3953126 states=2111 verified=12 completion=0 alternatives=1
INSTRUMENTATION_STATUS_CODE: 0
INSTRUMENTATION_STATUS: candidate_width_measurement=v1 id=22 maximum=1 round=2 wall_ns=473791 cpu_ns=397833 states=293 verified=2 completion=0 alternatives=1
INSTRUMENTATION_STATUS_CODE: 0
INSTRUMENTATION_STATUS: candidate_width_measurement=v1 id=22 maximum=3 round=2 wall_ns=1954042 cpu_ns=1831750 states=1928 verified=10 completion=0 alternatives=3
INSTRUMENTATION_STATUS_CODE: 0
INSTRUMENTATION_STATUS: candidate_width_measurement=v1 id=22 maximum=7 round=2 wall_ns=1917375 cpu_ns=1837334 states=1928 verified=10 completion=0 alternatives=7
INSTRUMENTATION_STATUS_CODE: 0
INSTRUMENTATION_STATUS: candidate_width_measurement=v1 id=23 maximum=7 round=2 wall_ns=1639542 cpu_ns=1555667 states=1455 verified=24 completion=0 alternatives=7
INSTRUMENTATION_STATUS_CODE: 0
INSTRUMENTATION_STATUS: candidate_width_measurement=v1 id=23 maximum=3 round=2 wall_ns=389417 cpu_ns=293834 states=253 verified=3 completion=0 alternatives=3
INSTRUMENTATION_STATUS_CODE: 0
INSTRUMENTATION_STATUS: candidate_width_measurement=v1 id=23 maximum=1 round=2 wall_ns=443625 cpu_ns=353458 states=253 verified=3 completion=0 alternatives=1
INSTRUMENTATION_STATUS_CODE: 0
INSTRUMENTATION_STATUS: candidate_width_measurement=v1 id=24 maximum=1 round=2 wall_ns=385625 cpu_ns=304292 states=192 verified=11 completion=0 alternatives=1
INSTRUMENTATION_STATUS_CODE: 0
INSTRUMENTATION_STATUS: candidate_width_measurement=v1 id=24 maximum=3 round=2 wall_ns=404542 cpu_ns=306584 states=192 verified=11 completion=0 alternatives=3
INSTRUMENTATION_STATUS_CODE: 0
INSTRUMENTATION_STATUS: candidate_width_measurement=v1 id=24 maximum=7 round=2 wall_ns=1080541 cpu_ns=951918 states=1273 verified=29 completion=0 alternatives=7
INSTRUMENTATION_STATUS_CODE: 0
INSTRUMENTATION_STATUS: candidate_width_measurement=v1 id=25 maximum=7 round=2 wall_ns=10090333 cpu_ns=9939291 states=6796 verified=11 completion=0 alternatives=7
INSTRUMENTATION_STATUS_CODE: 0
INSTRUMENTATION_STATUS: candidate_width_measurement=v1 id=25 maximum=3 round=2 wall_ns=9864500 cpu_ns=9698040 states=6796 verified=11 completion=0 alternatives=3
INSTRUMENTATION_STATUS_CODE: 0
INSTRUMENTATION_STATUS: candidate_width_measurement=v1 id=25 maximum=1 round=2 wall_ns=2339333 cpu_ns=2270415 states=1614 verified=6 completion=0 alternatives=1
INSTRUMENTATION_STATUS_CODE: 0
INSTRUMENTATION_STATUS: candidate_width_measurement=v1 id=26 maximum=1 round=2 wall_ns=3102209 cpu_ns=2978709 states=1814 verified=31 completion=0 alternatives=1
INSTRUMENTATION_STATUS_CODE: 0
INSTRUMENTATION_STATUS: candidate_width_measurement=v1 id=26 maximum=3 round=2 wall_ns=7742625 cpu_ns=7582958 states=4889 verified=39 completion=0 alternatives=3
INSTRUMENTATION_STATUS_CODE: 0
INSTRUMENTATION_STATUS: candidate_width_measurement=v1 id=26 maximum=7 round=2 wall_ns=7423417 cpu_ns=7302374 states=4889 verified=39 completion=0 alternatives=7
INSTRUMENTATION_STATUS_CODE: 0
INSTRUMENTATION_STATUS: candidate_width_measurement=v1 id=27 maximum=7 round=2 wall_ns=1679958 cpu_ns=1604252 states=1508 verified=8 completion=0 alternatives=7
INSTRUMENTATION_STATUS_CODE: 0
INSTRUMENTATION_STATUS: candidate_width_measurement=v1 id=27 maximum=3 round=2 wall_ns=549125 cpu_ns=459916 states=280 verified=6 completion=0 alternatives=3
INSTRUMENTATION_STATUS_CODE: 0
INSTRUMENTATION_STATUS: candidate_width_measurement=v1 id=27 maximum=1 round=2 wall_ns=574708 cpu_ns=474293 states=280 verified=6 completion=0 alternatives=1
INSTRUMENTATION_STATUS_CODE: 0
INSTRUMENTATION_STATUS: candidate_width_measurement=v1 id=28 maximum=1 round=2 wall_ns=754125 cpu_ns=677833 states=336 verified=13 completion=0 alternatives=1
INSTRUMENTATION_STATUS_CODE: 0
INSTRUMENTATION_STATUS: candidate_width_measurement=v1 id=28 maximum=3 round=2 wall_ns=2693625 cpu_ns=2575878 states=1466 verified=53 completion=0 alternatives=3
INSTRUMENTATION_STATUS_CODE: 0
INSTRUMENTATION_STATUS: candidate_width_measurement=v1 id=28 maximum=7 round=2 wall_ns=7803833 cpu_ns=6858542 states=4469 verified=63 completion=0 alternatives=7
INSTRUMENTATION_STATUS_CODE: 0
INSTRUMENTATION_STATUS: candidate_width_measurement=v1 id=29 maximum=7 round=2 wall_ns=11450041 cpu_ns=11336834 states=7060 verified=55 completion=0 alternatives=7
INSTRUMENTATION_STATUS_CODE: 0
INSTRUMENTATION_STATUS: candidate_width_measurement=v1 id=29 maximum=3 round=2 wall_ns=3023584 cpu_ns=2955666 states=1750 verified=28 completion=0 alternatives=3
INSTRUMENTATION_STATUS_CODE: 0
INSTRUMENTATION_STATUS: candidate_width_measurement=v1 id=29 maximum=1 round=2 wall_ns=2845583 cpu_ns=2719417 states=1750 verified=28 completion=0 alternatives=1
INSTRUMENTATION_STATUS_CODE: 0
INSTRUMENTATION_STATUS: candidate_width_measurement=v1 id=30 maximum=1 round=2 wall_ns=3646583 cpu_ns=3606542 states=2206 verified=64 completion=4 alternatives=1
INSTRUMENTATION_STATUS_CODE: 0
INSTRUMENTATION_STATUS: candidate_width_measurement=v1 id=30 maximum=3 round=2 wall_ns=3452958 cpu_ns=3410126 states=2206 verified=64 completion=4 alternatives=3
INSTRUMENTATION_STATUS_CODE: 0
INSTRUMENTATION_STATUS: candidate_width_measurement=v1 id=30 maximum=7 round=2 wall_ns=3532666 cpu_ns=3468000 states=2206 verified=64 completion=4 alternatives=7
INSTRUMENTATION_STATUS_CODE: 0
INSTRUMENTATION_STATUS: candidate_width_measurement=v1 id=31 maximum=7 round=2 wall_ns=11646333 cpu_ns=11539749 states=6727 verified=12 completion=0 alternatives=7
INSTRUMENTATION_STATUS_CODE: 0
INSTRUMENTATION_STATUS: candidate_width_measurement=v1 id=31 maximum=3 round=2 wall_ns=3929875 cpu_ns=3890748 states=2464 verified=5 completion=0 alternatives=3
INSTRUMENTATION_STATUS_CODE: 0
INSTRUMENTATION_STATUS: candidate_width_measurement=v1 id=31 maximum=1 round=2 wall_ns=3264083 cpu_ns=3234709 states=2079 verified=2 completion=0 alternatives=1
INSTRUMENTATION_STATUS_CODE: 0
INSTRUMENTATION_STATUS: candidate_width_measurement=v1 id=32 maximum=1 round=2 wall_ns=3090750 cpu_ns=3076958 states=1787 verified=39 completion=0 alternatives=1
INSTRUMENTATION_STATUS_CODE: 0
INSTRUMENTATION_STATUS: candidate_width_measurement=v1 id=32 maximum=3 round=2 wall_ns=2993334 cpu_ns=2962416 states=1787 verified=39 completion=0 alternatives=3
INSTRUMENTATION_STATUS_CODE: 0
INSTRUMENTATION_STATUS: candidate_width_measurement=v1 id=32 maximum=7 round=2 wall_ns=8037167 cpu_ns=8001833 states=5006 verified=47 completion=0 alternatives=7
INSTRUMENTATION_STATUS_CODE: 0
INSTRUMENTATION_STATUS: candidate_width_measurement=v1 id=33 maximum=7 round=2 wall_ns=4327542 cpu_ns=4299084 states=3501 verified=18 completion=0 alternatives=7
INSTRUMENTATION_STATUS_CODE: 0
INSTRUMENTATION_STATUS: candidate_width_measurement=v1 id=33 maximum=3 round=2 wall_ns=4184584 cpu_ns=4144126 states=3501 verified=18 completion=0 alternatives=3
INSTRUMENTATION_STATUS_CODE: 0
INSTRUMENTATION_STATUS: candidate_width_measurement=v1 id=33 maximum=1 round=2 wall_ns=1668125 cpu_ns=1621334 states=1398 verified=12 completion=0 alternatives=1
INSTRUMENTATION_STATUS_CODE: 0
INSTRUMENTATION_STATUS: candidate_width_measurement=v1 id=34 maximum=1 round=2 wall_ns=4576709 cpu_ns=4551792 states=2542 verified=22 completion=0 alternatives=1
INSTRUMENTATION_STATUS_CODE: 0
INSTRUMENTATION_STATUS: candidate_width_measurement=v1 id=34 maximum=3 round=2 wall_ns=4646375 cpu_ns=4497544 states=2542 verified=22 completion=0 alternatives=3
INSTRUMENTATION_STATUS_CODE: 0
INSTRUMENTATION_STATUS: candidate_width_measurement=v1 id=34 maximum=7 round=2 wall_ns=14365375 cpu_ns=14286249 states=8192 verified=26 completion=3 alternatives=7
INSTRUMENTATION_STATUS_CODE: 0
INSTRUMENTATION_STATUS: candidate_width_measurement=v1 id=35 maximum=7 round=2 wall_ns=11699500 cpu_ns=11634958 states=8192 verified=25 completion=3 alternatives=7
INSTRUMENTATION_STATUS_CODE: 0
INSTRUMENTATION_STATUS: candidate_width_measurement=v1 id=35 maximum=3 round=2 wall_ns=2795333 cpu_ns=2768875 states=1844 verified=23 completion=0 alternatives=3
INSTRUMENTATION_STATUS_CODE: 0
INSTRUMENTATION_STATUS: candidate_width_measurement=v1 id=35 maximum=1 round=2 wall_ns=2920083 cpu_ns=2852958 states=1844 verified=23 completion=0 alternatives=1
INSTRUMENTATION_STATUS_CODE: 0
INSTRUMENTATION_STATUS: candidate_width_measurement=v1 id=36 maximum=1 round=2 wall_ns=1321584 cpu_ns=743168 states=367 verified=9 completion=0 alternatives=1
INSTRUMENTATION_STATUS_CODE: 0
INSTRUMENTATION_STATUS: candidate_width_measurement=v1 id=36 maximum=3 round=2 wall_ns=3699500 cpu_ns=3670708 states=2213 verified=48 completion=0 alternatives=3
INSTRUMENTATION_STATUS_CODE: 0
INSTRUMENTATION_STATUS: candidate_width_measurement=v1 id=36 maximum=7 round=2 wall_ns=3641541 cpu_ns=3604833 states=2213 verified=48 completion=0 alternatives=7
INSTRUMENTATION_STATUS_CODE: 0
INSTRUMENTATION_STATUS: candidate_width_measurement=v1 id=37 maximum=7 round=2 wall_ns=16704917 cpu_ns=16624125 states=8192 verified=5 completion=3 alternatives=5
INSTRUMENTATION_STATUS_CODE: 0
INSTRUMENTATION_STATUS: candidate_width_measurement=v1 id=37 maximum=3 round=2 wall_ns=15953959 cpu_ns=15781875 states=8192 verified=5 completion=3 alternatives=3
INSTRUMENTATION_STATUS_CODE: 0
INSTRUMENTATION_STATUS: candidate_width_measurement=v1 id=37 maximum=1 round=2 wall_ns=2527625 cpu_ns=2375834 states=1093 verified=5 completion=0 alternatives=1
INSTRUMENTATION_STATUS_CODE: 0
INSTRUMENTATION_STATUS: candidate_width_measurement=v1 id=38 maximum=1 round=2 wall_ns=1018666 cpu_ns=1018709 states=537 verified=6 completion=0 alternatives=1
INSTRUMENTATION_STATUS_CODE: 0
INSTRUMENTATION_STATUS: candidate_width_measurement=v1 id=38 maximum=3 round=2 wall_ns=5195958 cpu_ns=5149416 states=2434 verified=28 completion=0 alternatives=3
INSTRUMENTATION_STATUS_CODE: 0
INSTRUMENTATION_STATUS: candidate_width_measurement=v1 id=38 maximum=7 round=2 wall_ns=15955375 cpu_ns=15810124 states=8192 verified=29 completion=3 alternatives=7
INSTRUMENTATION_STATUS_CODE: 0
INSTRUMENTATION_STATUS: candidate_width_measurement=v1 id=39 maximum=7 round=2 wall_ns=3425250 cpu_ns=3240041 states=1873 verified=64 completion=4 alternatives=7
INSTRUMENTATION_STATUS_CODE: 0
INSTRUMENTATION_STATUS: candidate_width_measurement=v1 id=39 maximum=3 round=2 wall_ns=3239083 cpu_ns=3146833 states=1873 verified=64 completion=4 alternatives=3
INSTRUMENTATION_STATUS_CODE: 0
INSTRUMENTATION_STATUS: candidate_width_measurement=v1 id=39 maximum=1 round=2 wall_ns=987042 cpu_ns=800167 states=412 verified=23 completion=0 alternatives=1
INSTRUMENTATION_STATUS_CODE: 0
INSTRUMENTATION_STATUS: candidate_width_measurement=v1 id=40 maximum=1 round=2 wall_ns=499875 cpu_ns=440625 states=310 verified=33 completion=0 alternatives=1
INSTRUMENTATION_STATUS_CODE: 0
INSTRUMENTATION_STATUS: candidate_width_measurement=v1 id=40 maximum=3 round=2 wall_ns=437000 cpu_ns=329708 states=310 verified=33 completion=0 alternatives=3
INSTRUMENTATION_STATUS_CODE: 0
INSTRUMENTATION_STATUS: candidate_width_measurement=v1 id=40 maximum=7 round=2 wall_ns=983041 cpu_ns=873791 states=1119 verified=42 completion=0 alternatives=7
INSTRUMENTATION_STATUS_CODE: 0
INSTRUMENTATION_STATUS: candidate_width_measurement=v1 id=41 maximum=7 round=2 wall_ns=2705000 cpu_ns=2617250 states=3007 verified=13 completion=0 alternatives=7
INSTRUMENTATION_STATUS_CODE: 0
INSTRUMENTATION_STATUS: candidate_width_measurement=v1 id=41 maximum=3 round=2 wall_ns=1567083 cpu_ns=1463499 states=1616 verified=9 completion=0 alternatives=3
INSTRUMENTATION_STATUS_CODE: 0
INSTRUMENTATION_STATUS: candidate_width_measurement=v1 id=41 maximum=1 round=2 wall_ns=542042 cpu_ns=458543 states=353 verified=5 completion=0 alternatives=1
INSTRUMENTATION_STATUS_CODE: 0
INSTRUMENTATION_STATUS: candidate_width_measurement=v1 id=42 maximum=1 round=2 wall_ns=410625 cpu_ns=333835 states=236 verified=23 completion=0 alternatives=1
INSTRUMENTATION_STATUS_CODE: 0
INSTRUMENTATION_STATUS: candidate_width_measurement=v1 id=42 maximum=3 round=2 wall_ns=523750 cpu_ns=443625 states=401 verified=27 completion=0 alternatives=3
INSTRUMENTATION_STATUS_CODE: 0
INSTRUMENTATION_STATUS: candidate_width_measurement=v1 id=42 maximum=7 round=2 wall_ns=978375 cpu_ns=888458 states=1399 verified=41 completion=0 alternatives=7
INSTRUMENTATION_STATUS_CODE: 0
INSTRUMENTATION_STATUS: candidate_width_measurement=v1 id=43 maximum=7 round=2 wall_ns=6788250 cpu_ns=6711210 states=4904 verified=13 completion=0 alternatives=7
INSTRUMENTATION_STATUS_CODE: 0
INSTRUMENTATION_STATUS: candidate_width_measurement=v1 id=43 maximum=3 round=2 wall_ns=2082958 cpu_ns=2052791 states=1640 verified=7 completion=0 alternatives=3
INSTRUMENTATION_STATUS_CODE: 0
INSTRUMENTATION_STATUS: candidate_width_measurement=v1 id=43 maximum=1 round=2 wall_ns=2153458 cpu_ns=2053457 states=1640 verified=7 completion=0 alternatives=1
INSTRUMENTATION_STATUS_CODE: 0
INSTRUMENTATION_STATUS: candidate_width_measurement=v1 id=44 maximum=1 round=2 wall_ns=537750 cpu_ns=538292 states=612 verified=5 completion=0 alternatives=1
INSTRUMENTATION_STATUS_CODE: 0
INSTRUMENTATION_STATUS: candidate_width_measurement=v1 id=44 maximum=3 round=2 wall_ns=1284583 cpu_ns=1270916 states=1492 verified=7 completion=0 alternatives=3
INSTRUMENTATION_STATUS_CODE: 0
INSTRUMENTATION_STATUS: candidate_width_measurement=v1 id=44 maximum=7 round=2 wall_ns=2076125 cpu_ns=2031583 states=2455 verified=10 completion=0 alternatives=4
INSTRUMENTATION_STATUS_CODE: 0
INSTRUMENTATION_STATUS: candidate_width_measurement=v1 id=45 maximum=7 round=2 wall_ns=25375 cpu_ns=25917 states=28 verified=0 completion=2 alternatives=0
INSTRUMENTATION_STATUS_CODE: 0
INSTRUMENTATION_STATUS: candidate_width_measurement=v1 id=45 maximum=3 round=2 wall_ns=24459 cpu_ns=24542 states=28 verified=0 completion=2 alternatives=0
INSTRUMENTATION_STATUS_CODE: 0
INSTRUMENTATION_STATUS: candidate_width_measurement=v1 id=45 maximum=1 round=2 wall_ns=21625 cpu_ns=0 states=28 verified=0 completion=2 alternatives=0
INSTRUMENTATION_STATUS_CODE: 0
INSTRUMENTATION_STATUS: candidate_width_measurement=v1 id=46 maximum=1 round=2 wall_ns=1270500 cpu_ns=1136833 states=724 verified=11 completion=0 alternatives=1
INSTRUMENTATION_STATUS_CODE: 0
INSTRUMENTATION_STATUS: candidate_width_measurement=v1 id=46 maximum=3 round=2 wall_ns=1181542 cpu_ns=1098331 states=724 verified=11 completion=0 alternatives=3
INSTRUMENTATION_STATUS_CODE: 0
INSTRUMENTATION_STATUS: candidate_width_measurement=v1 id=46 maximum=7 round=2 wall_ns=3415541 cpu_ns=3257750 states=2202 verified=27 completion=0 alternatives=7
INSTRUMENTATION_STATUS_CODE: 0
INSTRUMENTATION_STATUS: candidate_width_measurement=v1 id=47 maximum=7 round=2 wall_ns=13553208 cpu_ns=13440792 states=8192 verified=16 completion=3 alternatives=7
INSTRUMENTATION_STATUS_CODE: 0
INSTRUMENTATION_STATUS: candidate_width_measurement=v1 id=47 maximum=3 round=2 wall_ns=4271958 cpu_ns=4125750 states=2580 verified=16 completion=0 alternatives=3
INSTRUMENTATION_STATUS_CODE: 0
INSTRUMENTATION_STATUS: candidate_width_measurement=v1 id=47 maximum=1 round=2 wall_ns=2846500 cpu_ns=2729627 states=1621 verified=16 completion=0 alternatives=1
INSTRUMENTATION_STATUS_CODE: 0
INSTRUMENTATION_STATUS: candidate_width_measurement=v1 id=48 maximum=1 round=2 wall_ns=2698375 cpu_ns=2587085 states=1680 verified=21 completion=0 alternatives=1
INSTRUMENTATION_STATUS_CODE: 0
INSTRUMENTATION_STATUS: candidate_width_measurement=v1 id=48 maximum=3 round=2 wall_ns=2587625 cpu_ns=2449041 states=1680 verified=21 completion=0 alternatives=3
INSTRUMENTATION_STATUS_CODE: 0
INSTRUMENTATION_STATUS: candidate_width_measurement=v1 id=48 maximum=7 round=2 wall_ns=2762625 cpu_ns=2580875 states=1680 verified=21 completion=0 alternatives=7
INSTRUMENTATION_STATUS_CODE: 0
INSTRUMENTATION_STATUS: candidate_width_measurement=v1 id=49 maximum=7 round=2 wall_ns=2583542 cpu_ns=1891041 states=1514 verified=18 completion=0 alternatives=7
INSTRUMENTATION_STATUS_CODE: 0
INSTRUMENTATION_STATUS: candidate_width_measurement=v1 id=49 maximum=3 round=2 wall_ns=1452625 cpu_ns=1453792 states=1514 verified=18 completion=0 alternatives=3
INSTRUMENTATION_STATUS_CODE: 0
INSTRUMENTATION_STATUS: candidate_width_measurement=v1 id=49 maximum=1 round=2 wall_ns=395042 cpu_ns=299417 states=296 verified=5 completion=0 alternatives=1
INSTRUMENTATION_STATUS_CODE: 0
INSTRUMENTATION_STATUS: candidate_width_measurement=v1 id=50 maximum=1 round=2 wall_ns=451667 cpu_ns=452416 states=322 verified=8 completion=0 alternatives=1
INSTRUMENTATION_STATUS_CODE: 0
INSTRUMENTATION_STATUS: candidate_width_measurement=v1 id=50 maximum=3 round=2 wall_ns=2820417 cpu_ns=2792625 states=1892 verified=64 completion=4 alternatives=3
INSTRUMENTATION_STATUS_CODE: 0
INSTRUMENTATION_STATUS: candidate_width_measurement=v1 id=50 maximum=7 round=2 wall_ns=2772416 cpu_ns=2765417 states=1892 verified=64 completion=4 alternatives=7
INSTRUMENTATION_STATUS_CODE: 0
INSTRUMENTATION_STATUS: candidate_width_measurement=v1 id=51 maximum=7 round=2 wall_ns=680500 cpu_ns=681250 states=740 verified=11 completion=0 alternatives=7
INSTRUMENTATION_STATUS_CODE: 0
INSTRUMENTATION_STATUS: candidate_width_measurement=v1 id=51 maximum=3 round=2 wall_ns=501458 cpu_ns=433917 states=448 verified=11 completion=0 alternatives=3
INSTRUMENTATION_STATUS_CODE: 0
INSTRUMENTATION_STATUS: candidate_width_measurement=v1 id=51 maximum=1 round=2 wall_ns=447125 cpu_ns=447750 states=448 verified=11 completion=0 alternatives=1
INSTRUMENTATION_STATUS_CODE: 0
INSTRUMENTATION_STATUS: candidate_width_measurement=v1 id=52 maximum=1 round=2 wall_ns=3200500 cpu_ns=3109166 states=2008 verified=3 completion=0 alternatives=1
INSTRUMENTATION_STATUS_CODE: 0
INSTRUMENTATION_STATUS: candidate_width_measurement=v1 id=52 maximum=3 round=2 wall_ns=13703625 cpu_ns=13636042 states=8192 verified=4 completion=3 alternatives=3
INSTRUMENTATION_STATUS_CODE: 0
INSTRUMENTATION_STATUS: candidate_width_measurement=v1 id=52 maximum=7 round=2 wall_ns=13450042 cpu_ns=13311165 states=8192 verified=4 completion=3 alternatives=4
INSTRUMENTATION_STATUS_CODE: 0
INSTRUMENTATION_STATUS: candidate_width_measurement=v1 id=53 maximum=7 round=2 wall_ns=1414167 cpu_ns=1405125 states=1667 verified=10 completion=0 alternatives=7
INSTRUMENTATION_STATUS_CODE: 0
INSTRUMENTATION_STATUS: candidate_width_measurement=v1 id=53 maximum=3 round=2 wall_ns=422083 cpu_ns=358125 states=455 verified=6 completion=0 alternatives=3
INSTRUMENTATION_STATUS_CODE: 0
INSTRUMENTATION_STATUS: candidate_width_measurement=v1 id=53 maximum=1 round=2 wall_ns=290792 cpu_ns=277458 states=312 verified=4 completion=0 alternatives=1
INSTRUMENTATION_STATUS_CODE: 0
INSTRUMENTATION_STATUS: candidate_width_measurement=v1 id=54 maximum=1 round=2 wall_ns=1991458 cpu_ns=1964874 states=1412 verified=12 completion=0 alternatives=1
INSTRUMENTATION_STATUS_CODE: 0
INSTRUMENTATION_STATUS: candidate_width_measurement=v1 id=54 maximum=3 round=2 wall_ns=6099000 cpu_ns=6052499 states=4405 verified=14 completion=0 alternatives=3
INSTRUMENTATION_STATUS_CODE: 0
INSTRUMENTATION_STATUS: candidate_width_measurement=v1 id=54 maximum=7 round=2 wall_ns=11175500 cpu_ns=11125875 states=8192 verified=14 completion=3 alternatives=7
INSTRUMENTATION_STATUS_CODE: 0
INSTRUMENTATION_STATUS: candidate_width_measurement=v1 id=55 maximum=7 round=2 wall_ns=10851750 cpu_ns=10801998 states=6979 verified=13 completion=0 alternatives=7
INSTRUMENTATION_STATUS_CODE: 0
INSTRUMENTATION_STATUS: candidate_width_measurement=v1 id=55 maximum=3 round=2 wall_ns=10926000 cpu_ns=10815125 states=6979 verified=13 completion=0 alternatives=3
INSTRUMENTATION_STATUS_CODE: 0
INSTRUMENTATION_STATUS: candidate_width_measurement=v1 id=55 maximum=1 round=2 wall_ns=3318333 cpu_ns=3281334 states=2276 verified=10 completion=0 alternatives=1
INSTRUMENTATION_STATUS_CODE: 0
INSTRUMENTATION_STATUS: candidate_width_measurement=v1 id=56 maximum=1 round=2 wall_ns=1021375 cpu_ns=1013251 states=1277 verified=8 completion=0 alternatives=1
INSTRUMENTATION_STATUS_CODE: 0
INSTRUMENTATION_STATUS: candidate_width_measurement=v1 id=56 maximum=3 round=2 wall_ns=1022916 cpu_ns=987791 states=1277 verified=8 completion=0 alternatives=3
INSTRUMENTATION_STATUS_CODE: 0
INSTRUMENTATION_STATUS: candidate_width_measurement=v1 id=56 maximum=7 round=2 wall_ns=1035166 cpu_ns=1015250 states=1277 verified=8 completion=0 alternatives=7
INSTRUMENTATION_STATUS_CODE: 0
INSTRUMENTATION_STATUS: candidate_width_measurement=v1 id=57 maximum=7 round=2 wall_ns=13079208 cpu_ns=12931834 states=8192 verified=3 completion=3 alternatives=3
INSTRUMENTATION_STATUS_CODE: 0
INSTRUMENTATION_STATUS: candidate_width_measurement=v1 id=57 maximum=3 round=2 wall_ns=12955292 cpu_ns=12862834 states=8192 verified=3 completion=3 alternatives=3
INSTRUMENTATION_STATUS_CODE: 0
INSTRUMENTATION_STATUS: candidate_width_measurement=v1 id=57 maximum=1 round=2 wall_ns=3476709 cpu_ns=2657166 states=1609 verified=3 completion=0 alternatives=1
INSTRUMENTATION_STATUS_CODE: 0
INSTRUMENTATION_STATUS: candidate_width_measurement=v1 id=58 maximum=1 round=2 wall_ns=482375 cpu_ns=474666 states=349 verified=5 completion=0 alternatives=1
INSTRUMENTATION_STATUS_CODE: 0
INSTRUMENTATION_STATUS: candidate_width_measurement=v1 id=58 maximum=3 round=2 wall_ns=3260625 cpu_ns=3218333 states=2200 verified=48 completion=0 alternatives=3
INSTRUMENTATION_STATUS_CODE: 0
INSTRUMENTATION_STATUS: candidate_width_measurement=v1 id=58 maximum=7 round=2 wall_ns=3106375 cpu_ns=3060125 states=2200 verified=48 completion=0 alternatives=7
INSTRUMENTATION_STATUS_CODE: 0
INSTRUMENTATION_STATUS: candidate_width_measurement=v1 id=59 maximum=7 round=2 wall_ns=7645333 cpu_ns=7604249 states=5151 verified=15 completion=0 alternatives=7
INSTRUMENTATION_STATUS_CODE: 0
INSTRUMENTATION_STATUS: candidate_width_measurement=v1 id=59 maximum=3 round=2 wall_ns=3869709 cpu_ns=3846583 states=2741 verified=13 completion=0 alternatives=3
INSTRUMENTATION_STATUS_CODE: 0
INSTRUMENTATION_STATUS: candidate_width_measurement=v1 id=59 maximum=1 round=2 wall_ns=2066834 cpu_ns=2052958 states=1483 verified=9 completion=0 alternatives=1
INSTRUMENTATION_STATUS_CODE: 0
INSTRUMENTATION_STATUS: candidate_width_measurement=v1 id=0 maximum=7 round=3 wall_ns=10988542 cpu_ns=10876959 states=8192 verified=13 completion=3 alternatives=7
INSTRUMENTATION_STATUS_CODE: 0
INSTRUMENTATION_STATUS: candidate_width_measurement=v1 id=0 maximum=3 round=3 wall_ns=6373916 cpu_ns=6329832 states=4713 verified=13 completion=0 alternatives=3
INSTRUMENTATION_STATUS_CODE: 0
INSTRUMENTATION_STATUS: candidate_width_measurement=v1 id=0 maximum=1 round=3 wall_ns=1889500 cpu_ns=1835125 states=1475 verified=13 completion=0 alternatives=1
INSTRUMENTATION_STATUS_CODE: 0
INSTRUMENTATION_STATUS: candidate_width_measurement=v1 id=1 maximum=1 round=3 wall_ns=475042 cpu_ns=371292 states=444 verified=9 completion=0 alternatives=1
INSTRUMENTATION_STATUS_CODE: 0
INSTRUMENTATION_STATUS: candidate_width_measurement=v1 id=1 maximum=3 round=3 wall_ns=386875 cpu_ns=379124 states=444 verified=9 completion=0 alternatives=3
INSTRUMENTATION_STATUS_CODE: 0
INSTRUMENTATION_STATUS: candidate_width_measurement=v1 id=1 maximum=7 round=3 wall_ns=1054750 cpu_ns=1055500 states=1438 verified=13 completion=0 alternatives=7
INSTRUMENTATION_STATUS_CODE: 0
INSTRUMENTATION_STATUS: candidate_width_measurement=v1 id=2 maximum=7 round=3 wall_ns=11476625 cpu_ns=11421999 states=8192 verified=5 completion=3 alternatives=5
INSTRUMENTATION_STATUS_CODE: 0
INSTRUMENTATION_STATUS: candidate_width_measurement=v1 id=2 maximum=3 round=3 wall_ns=8806708 cpu_ns=8748125 states=6379 verified=5 completion=0 alternatives=3
INSTRUMENTATION_STATUS_CODE: 0
INSTRUMENTATION_STATUS: candidate_width_measurement=v1 id=2 maximum=1 round=3 wall_ns=2192792 cpu_ns=2100209 states=1689 verified=2 completion=0 alternatives=1
INSTRUMENTATION_STATUS_CODE: 0
INSTRUMENTATION_STATUS: candidate_width_measurement=v1 id=3 maximum=1 round=3 wall_ns=2210208 cpu_ns=2213208 states=1775 verified=17 completion=0 alternatives=1
INSTRUMENTATION_STATUS_CODE: 0
INSTRUMENTATION_STATUS: candidate_width_measurement=v1 id=3 maximum=3 round=3 wall_ns=3792708 cpu_ns=3727042 states=2646 verified=46 completion=0 alternatives=3
INSTRUMENTATION_STATUS_CODE: 0
INSTRUMENTATION_STATUS: candidate_width_measurement=v1 id=3 maximum=7 round=3 wall_ns=7629541 cpu_ns=7593166 states=6441 verified=57 completion=0 alternatives=7
INSTRUMENTATION_STATUS_CODE: 0
INSTRUMENTATION_STATUS: candidate_width_measurement=v1 id=4 maximum=7 round=3 wall_ns=11057083 cpu_ns=11018083 states=8192 verified=7 completion=3 alternatives=7
INSTRUMENTATION_STATUS_CODE: 0
INSTRUMENTATION_STATUS: candidate_width_measurement=v1 id=4 maximum=3 round=3 wall_ns=6139541 cpu_ns=6060043 states=4569 verified=7 completion=0 alternatives=3
INSTRUMENTATION_STATUS_CODE: 0
INSTRUMENTATION_STATUS: candidate_width_measurement=v1 id=4 maximum=1 round=3 wall_ns=1978333 cpu_ns=1979209 states=1562 verified=7 completion=0 alternatives=1
INSTRUMENTATION_STATUS_CODE: 0
INSTRUMENTATION_STATUS: candidate_width_measurement=v1 id=5 maximum=1 round=3 wall_ns=523958 cpu_ns=523918 states=514 verified=11 completion=0 alternatives=1
INSTRUMENTATION_STATUS_CODE: 0
INSTRUMENTATION_STATUS: candidate_width_measurement=v1 id=5 maximum=3 round=3 wall_ns=2657042 cpu_ns=2613792 states=2139 verified=59 completion=0 alternatives=3
INSTRUMENTATION_STATUS_CODE: 0
INSTRUMENTATION_STATUS: candidate_width_measurement=v1 id=5 maximum=7 round=3 wall_ns=3702333 cpu_ns=2702126 states=2139 verified=59 completion=0 alternatives=7
INSTRUMENTATION_STATUS_CODE: 0
INSTRUMENTATION_STATUS: candidate_width_measurement=v1 id=6 maximum=7 round=3 wall_ns=6377959 cpu_ns=6313791 states=5398 verified=16 completion=0 alternatives=7
INSTRUMENTATION_STATUS_CODE: 0
INSTRUMENTATION_STATUS: candidate_width_measurement=v1 id=6 maximum=3 round=3 wall_ns=6317917 cpu_ns=6279041 states=5398 verified=16 completion=0 alternatives=3
INSTRUMENTATION_STATUS_CODE: 0
INSTRUMENTATION_STATUS: candidate_width_measurement=v1 id=6 maximum=1 round=3 wall_ns=1529042 cpu_ns=1507708 states=1463 verified=6 completion=0 alternatives=1
INSTRUMENTATION_STATUS_CODE: 0
INSTRUMENTATION_STATUS: candidate_width_measurement=v1 id=7 maximum=1 round=3 wall_ns=2411875 cpu_ns=2387834 states=1851 verified=8 completion=0 alternatives=1
INSTRUMENTATION_STATUS_CODE: 0
INSTRUMENTATION_STATUS: candidate_width_measurement=v1 id=7 maximum=3 round=3 wall_ns=2323666 cpu_ns=2323376 states=1851 verified=8 completion=0 alternatives=3
INSTRUMENTATION_STATUS_CODE: 0
INSTRUMENTATION_STATUS: candidate_width_measurement=v1 id=7 maximum=7 round=3 wall_ns=8590417 cpu_ns=8483332 states=5678 verified=45 completion=0 alternatives=7
INSTRUMENTATION_STATUS_CODE: 0
INSTRUMENTATION_STATUS: candidate_width_measurement=v1 id=8 maximum=7 round=3 wall_ns=2293292 cpu_ns=2280834 states=1503 verified=64 completion=4 alternatives=7
INSTRUMENTATION_STATUS_CODE: 0
INSTRUMENTATION_STATUS: candidate_width_measurement=v1 id=8 maximum=3 round=3 wall_ns=2332416 cpu_ns=2288084 states=1503 verified=64 completion=4 alternatives=3
INSTRUMENTATION_STATUS_CODE: 0
INSTRUMENTATION_STATUS: candidate_width_measurement=v1 id=8 maximum=1 round=3 wall_ns=534000 cpu_ns=463249 states=327 verified=18 completion=0 alternatives=1
INSTRUMENTATION_STATUS_CODE: 0
INSTRUMENTATION_STATUS: candidate_width_measurement=v1 id=9 maximum=1 round=3 wall_ns=364667 cpu_ns=365334 states=358 verified=4 completion=0 alternatives=1
INSTRUMENTATION_STATUS_CODE: 0
INSTRUMENTATION_STATUS: candidate_width_measurement=v1 id=9 maximum=3 round=3 wall_ns=1458791 cpu_ns=1436042 states=1282 verified=10 completion=0 alternatives=3
INSTRUMENTATION_STATUS_CODE: 0
INSTRUMENTATION_STATUS: candidate_width_measurement=v1 id=9 maximum=7 round=3 wall_ns=5296958 cpu_ns=5271750 states=4662 verified=13 completion=0 alternatives=7
INSTRUMENTATION_STATUS_CODE: 0
INSTRUMENTATION_STATUS: candidate_width_measurement=v1 id=10 maximum=7 round=3 wall_ns=1359167 cpu_ns=1359708 states=1917 verified=42 completion=0 alternatives=7
INSTRUMENTATION_STATUS_CODE: 0
INSTRUMENTATION_STATUS: candidate_width_measurement=v1 id=10 maximum=3 round=3 wall_ns=397375 cpu_ns=365166 states=422 verified=20 completion=0 alternatives=3
INSTRUMENTATION_STATUS_CODE: 0
INSTRUMENTATION_STATUS: candidate_width_measurement=v1 id=10 maximum=1 round=3 wall_ns=382959 cpu_ns=363792 states=422 verified=20 completion=0 alternatives=1
INSTRUMENTATION_STATUS_CODE: 0
INSTRUMENTATION_STATUS: candidate_width_measurement=v1 id=11 maximum=1 round=3 wall_ns=2784375 cpu_ns=2777292 states=2058 verified=28 completion=0 alternatives=1
INSTRUMENTATION_STATUS_CODE: 0
INSTRUMENTATION_STATUS: candidate_width_measurement=v1 id=11 maximum=3 round=3 wall_ns=2860250 cpu_ns=2791958 states=2058 verified=28 completion=0 alternatives=3
INSTRUMENTATION_STATUS_CODE: 0
INSTRUMENTATION_STATUS: candidate_width_measurement=v1 id=11 maximum=7 round=3 wall_ns=11529292 cpu_ns=11457582 states=8192 verified=49 completion=3 alternatives=7
INSTRUMENTATION_STATUS_CODE: 0
INSTRUMENTATION_STATUS: candidate_width_measurement=v1 id=12 maximum=7 round=3 wall_ns=1631917 cpu_ns=1555125 states=1986 verified=15 completion=0 alternatives=7
INSTRUMENTATION_STATUS_CODE: 0
INSTRUMENTATION_STATUS: candidate_width_measurement=v1 id=12 maximum=3 round=3 wall_ns=387958 cpu_ns=388209 states=420 verified=5 completion=0 alternatives=3
INSTRUMENTATION_STATUS_CODE: 0
INSTRUMENTATION_STATUS: candidate_width_measurement=v1 id=12 maximum=1 round=3 wall_ns=301625 cpu_ns=299917 states=324 verified=4 completion=0 alternatives=1
INSTRUMENTATION_STATUS_CODE: 0
INSTRUMENTATION_STATUS: candidate_width_measurement=v1 id=13 maximum=1 round=3 wall_ns=982042 cpu_ns=921333 states=599 verified=26 completion=0 alternatives=1
INSTRUMENTATION_STATUS_CODE: 0
INSTRUMENTATION_STATUS: candidate_width_measurement=v1 id=13 maximum=3 round=3 wall_ns=2346417 cpu_ns=2315792 states=1861 verified=44 completion=0 alternatives=3
INSTRUMENTATION_STATUS_CODE: 0
INSTRUMENTATION_STATUS: candidate_width_measurement=v1 id=13 maximum=7 round=3 wall_ns=3642084 cpu_ns=3603542 states=2999 verified=64 completion=4 alternatives=7
INSTRUMENTATION_STATUS_CODE: 0
INSTRUMENTATION_STATUS: candidate_width_measurement=v1 id=14 maximum=7 round=3 wall_ns=12453834 cpu_ns=12389959 states=8192 verified=1 completion=3 alternatives=1
INSTRUMENTATION_STATUS_CODE: 0
INSTRUMENTATION_STATUS: candidate_width_measurement=v1 id=14 maximum=3 round=3 wall_ns=12297083 cpu_ns=12228083 states=8192 verified=1 completion=3 alternatives=1
INSTRUMENTATION_STATUS_CODE: 0
INSTRUMENTATION_STATUS: candidate_width_measurement=v1 id=14 maximum=1 round=3 wall_ns=2731291 cpu_ns=2660751 states=1930 verified=1 completion=0 alternatives=1
INSTRUMENTATION_STATUS_CODE: 0
INSTRUMENTATION_STATUS: candidate_width_measurement=v1 id=15 maximum=1 round=3 wall_ns=230500 cpu_ns=207541 states=250 verified=3 completion=0 alternatives=1
INSTRUMENTATION_STATUS_CODE: 0
INSTRUMENTATION_STATUS: candidate_width_measurement=v1 id=15 maximum=3 round=3 wall_ns=1067667 cpu_ns=998667 states=1324 verified=9 completion=0 alternatives=3
INSTRUMENTATION_STATUS_CODE: 0
INSTRUMENTATION_STATUS: candidate_width_measurement=v1 id=15 maximum=7 round=3 wall_ns=1308542 cpu_ns=1091043 states=1324 verified=9 completion=0 alternatives=7
INSTRUMENTATION_STATUS_CODE: 0
INSTRUMENTATION_STATUS: candidate_width_measurement=v1 id=16 maximum=7 round=3 wall_ns=11059542 cpu_ns=10486041 states=8192 verified=14 completion=3 alternatives=7
INSTRUMENTATION_STATUS_CODE: 0
INSTRUMENTATION_STATUS: candidate_width_measurement=v1 id=16 maximum=3 round=3 wall_ns=1946291 cpu_ns=1838918 states=1607 verified=13 completion=0 alternatives=3
INSTRUMENTATION_STATUS_CODE: 0
INSTRUMENTATION_STATUS: candidate_width_measurement=v1 id=16 maximum=1 round=3 wall_ns=1926584 cpu_ns=1914834 states=1607 verified=13 completion=0 alternatives=1
INSTRUMENTATION_STATUS_CODE: 0
INSTRUMENTATION_STATUS: candidate_width_measurement=v1 id=17 maximum=1 round=3 wall_ns=1805250 cpu_ns=1756375 states=1517 verified=1 completion=0 alternatives=1
INSTRUMENTATION_STATUS_CODE: 0
INSTRUMENTATION_STATUS: candidate_width_measurement=v1 id=17 maximum=3 round=3 wall_ns=11097750 cpu_ns=11005125 states=8192 verified=2 completion=3 alternatives=2
INSTRUMENTATION_STATUS_CODE: 0
INSTRUMENTATION_STATUS: candidate_width_measurement=v1 id=17 maximum=7 round=3 wall_ns=10676333 cpu_ns=10637000 states=8192 verified=2 completion=3 alternatives=2
INSTRUMENTATION_STATUS_CODE: 0
INSTRUMENTATION_STATUS: candidate_width_measurement=v1 id=18 maximum=7 round=3 wall_ns=2523458 cpu_ns=2511834 states=3409 verified=5 completion=0 alternatives=5
INSTRUMENTATION_STATUS_CODE: 0
INSTRUMENTATION_STATUS: candidate_width_measurement=v1 id=18 maximum=3 round=3 wall_ns=1534500 cpu_ns=1495208 states=2064 verified=5 completion=0 alternatives=3
INSTRUMENTATION_STATUS_CODE: 0
INSTRUMENTATION_STATUS: candidate_width_measurement=v1 id=18 maximum=1 round=3 wall_ns=342917 cpu_ns=324875 states=411 verified=4 completion=0 alternatives=1
INSTRUMENTATION_STATUS_CODE: 0
INSTRUMENTATION_STATUS: candidate_width_measurement=v1 id=19 maximum=1 round=3 wall_ns=334833 cpu_ns=335541 states=292 verified=29 completion=0 alternatives=1
INSTRUMENTATION_STATUS_CODE: 0
INSTRUMENTATION_STATUS: candidate_width_measurement=v1 id=19 maximum=3 round=3 wall_ns=372125 cpu_ns=357292 states=292 verified=29 completion=0 alternatives=3
INSTRUMENTATION_STATUS_CODE: 0
INSTRUMENTATION_STATUS: candidate_width_measurement=v1 id=19 maximum=7 round=3 wall_ns=953750 cpu_ns=917583 states=1121 verified=50 completion=0 alternatives=7
INSTRUMENTATION_STATUS_CODE: 0
INSTRUMENTATION_STATUS: candidate_width_measurement=v1 id=20 maximum=7 round=3 wall_ns=5059000 cpu_ns=4949290 states=2619 verified=64 completion=4 alternatives=7
INSTRUMENTATION_STATUS_CODE: 0
INSTRUMENTATION_STATUS: candidate_width_measurement=v1 id=20 maximum=3 round=3 wall_ns=4744333 cpu_ns=4611832 states=2619 verified=64 completion=4 alternatives=3
INSTRUMENTATION_STATUS_CODE: 0
INSTRUMENTATION_STATUS: candidate_width_measurement=v1 id=20 maximum=1 round=3 wall_ns=4691208 cpu_ns=4543833 states=2619 verified=64 completion=4 alternatives=1
INSTRUMENTATION_STATUS_CODE: 0
INSTRUMENTATION_STATUS: candidate_width_measurement=v1 id=21 maximum=1 round=3 wall_ns=4134417 cpu_ns=4020584 states=2111 verified=12 completion=0 alternatives=1
INSTRUMENTATION_STATUS_CODE: 0
INSTRUMENTATION_STATUS: candidate_width_measurement=v1 id=21 maximum=3 round=3 wall_ns=3943709 cpu_ns=3861542 states=2111 verified=12 completion=0 alternatives=3
INSTRUMENTATION_STATUS_CODE: 0
INSTRUMENTATION_STATUS: candidate_width_measurement=v1 id=21 maximum=7 round=3 wall_ns=11331666 cpu_ns=11139958 states=5806 verified=21 completion=0 alternatives=7
INSTRUMENTATION_STATUS_CODE: 0
INSTRUMENTATION_STATUS: candidate_width_measurement=v1 id=22 maximum=7 round=3 wall_ns=1995542 cpu_ns=1855748 states=1928 verified=10 completion=0 alternatives=7
INSTRUMENTATION_STATUS_CODE: 0
INSTRUMENTATION_STATUS: candidate_width_measurement=v1 id=22 maximum=3 round=3 wall_ns=1902417 cpu_ns=1840751 states=1928 verified=10 completion=0 alternatives=3
INSTRUMENTATION_STATUS_CODE: 0
INSTRUMENTATION_STATUS: candidate_width_measurement=v1 id=22 maximum=1 round=3 wall_ns=441125 cpu_ns=355625 states=293 verified=2 completion=0 alternatives=1
INSTRUMENTATION_STATUS_CODE: 0
INSTRUMENTATION_STATUS: candidate_width_measurement=v1 id=23 maximum=1 round=3 wall_ns=356667 cpu_ns=271791 states=253 verified=3 completion=0 alternatives=1
INSTRUMENTATION_STATUS_CODE: 0
INSTRUMENTATION_STATUS: candidate_width_measurement=v1 id=23 maximum=3 round=3 wall_ns=309500 cpu_ns=208249 states=253 verified=3 completion=0 alternatives=3
INSTRUMENTATION_STATUS_CODE: 0
INSTRUMENTATION_STATUS: candidate_width_measurement=v1 id=23 maximum=7 round=3 wall_ns=1709417 cpu_ns=1536041 states=1455 verified=24 completion=0 alternatives=7
INSTRUMENTATION_STATUS_CODE: 0
INSTRUMENTATION_STATUS: candidate_width_measurement=v1 id=24 maximum=7 round=3 wall_ns=1015583 cpu_ns=949042 states=1273 verified=29 completion=0 alternatives=7
INSTRUMENTATION_STATUS_CODE: 0
INSTRUMENTATION_STATUS: candidate_width_measurement=v1 id=24 maximum=3 round=3 wall_ns=443458 cpu_ns=278333 states=192 verified=11 completion=0 alternatives=3
INSTRUMENTATION_STATUS_CODE: 0
INSTRUMENTATION_STATUS: candidate_width_measurement=v1 id=24 maximum=1 round=3 wall_ns=414584 cpu_ns=325791 states=192 verified=11 completion=0 alternatives=1
INSTRUMENTATION_STATUS_CODE: 0
INSTRUMENTATION_STATUS: candidate_width_measurement=v1 id=25 maximum=1 round=3 wall_ns=2526583 cpu_ns=2397083 states=1614 verified=6 completion=0 alternatives=1
INSTRUMENTATION_STATUS_CODE: 0
INSTRUMENTATION_STATUS: candidate_width_measurement=v1 id=25 maximum=3 round=3 wall_ns=9954917 cpu_ns=9705082 states=6796 verified=11 completion=0 alternatives=3
INSTRUMENTATION_STATUS_CODE: 0
INSTRUMENTATION_STATUS: candidate_width_measurement=v1 id=25 maximum=7 round=3 wall_ns=10909250 cpu_ns=9855417 states=6796 verified=11 completion=0 alternatives=7
INSTRUMENTATION_STATUS_CODE: 0
INSTRUMENTATION_STATUS: candidate_width_measurement=v1 id=26 maximum=7 round=3 wall_ns=7659917 cpu_ns=7552958 states=4889 verified=39 completion=0 alternatives=7
INSTRUMENTATION_STATUS_CODE: 0
INSTRUMENTATION_STATUS: candidate_width_measurement=v1 id=26 maximum=3 round=3 wall_ns=7382583 cpu_ns=7283208 states=4889 verified=39 completion=0 alternatives=3
INSTRUMENTATION_STATUS_CODE: 0
INSTRUMENTATION_STATUS: candidate_width_measurement=v1 id=26 maximum=1 round=3 wall_ns=2896750 cpu_ns=2827417 states=1814 verified=31 completion=0 alternatives=1
INSTRUMENTATION_STATUS_CODE: 0
INSTRUMENTATION_STATUS: candidate_width_measurement=v1 id=27 maximum=1 round=3 wall_ns=635917 cpu_ns=480332 states=280 verified=6 completion=0 alternatives=1
INSTRUMENTATION_STATUS_CODE: 0
INSTRUMENTATION_STATUS: candidate_width_measurement=v1 id=27 maximum=3 round=3 wall_ns=547667 cpu_ns=423418 states=280 verified=6 completion=0 alternatives=3
INSTRUMENTATION_STATUS_CODE: 0
INSTRUMENTATION_STATUS: candidate_width_measurement=v1 id=27 maximum=7 round=3 wall_ns=1690708 cpu_ns=1606667 states=1508 verified=8 completion=0 alternatives=7
INSTRUMENTATION_STATUS_CODE: 0
INSTRUMENTATION_STATUS: candidate_width_measurement=v1 id=28 maximum=7 round=3 wall_ns=6763625 cpu_ns=6658126 states=4469 verified=63 completion=0 alternatives=7
INSTRUMENTATION_STATUS_CODE: 0
INSTRUMENTATION_STATUS: candidate_width_measurement=v1 id=28 maximum=3 round=3 wall_ns=2711208 cpu_ns=2582834 states=1466 verified=53 completion=0 alternatives=3
INSTRUMENTATION_STATUS_CODE: 0
INSTRUMENTATION_STATUS: candidate_width_measurement=v1 id=28 maximum=1 round=3 wall_ns=746875 cpu_ns=653625 states=336 verified=13 completion=0 alternatives=1
INSTRUMENTATION_STATUS_CODE: 0
INSTRUMENTATION_STATUS: candidate_width_measurement=v1 id=29 maximum=1 round=3 wall_ns=3060542 cpu_ns=2947458 states=1750 verified=28 completion=0 alternatives=1
INSTRUMENTATION_STATUS_CODE: 0
INSTRUMENTATION_STATUS: candidate_width_measurement=v1 id=29 maximum=3 round=3 wall_ns=2989708 cpu_ns=2876500 states=1750 verified=28 completion=0 alternatives=3
INSTRUMENTATION_STATUS_CODE: 0
INSTRUMENTATION_STATUS: candidate_width_measurement=v1 id=29 maximum=7 round=3 wall_ns=11224917 cpu_ns=11042498 states=7060 verified=55 completion=0 alternatives=7
INSTRUMENTATION_STATUS_CODE: 0
INSTRUMENTATION_STATUS: candidate_width_measurement=v1 id=30 maximum=7 round=3 wall_ns=3766541 cpu_ns=3645500 states=2206 verified=64 completion=4 alternatives=7
INSTRUMENTATION_STATUS_CODE: 0
INSTRUMENTATION_STATUS: candidate_width_measurement=v1 id=30 maximum=3 round=3 wall_ns=3671833 cpu_ns=3518583 states=2206 verified=64 completion=4 alternatives=3
INSTRUMENTATION_STATUS_CODE: 0
INSTRUMENTATION_STATUS: candidate_width_measurement=v1 id=30 maximum=1 round=3 wall_ns=3584000 cpu_ns=3419667 states=2206 verified=64 completion=4 alternatives=1
INSTRUMENTATION_STATUS_CODE: 0
INSTRUMENTATION_STATUS: candidate_width_measurement=v1 id=31 maximum=1 round=3 wall_ns=3442208 cpu_ns=3338751 states=2079 verified=2 completion=0 alternatives=1
INSTRUMENTATION_STATUS_CODE: 0
INSTRUMENTATION_STATUS: candidate_width_measurement=v1 id=31 maximum=3 round=3 wall_ns=4165750 cpu_ns=4057875 states=2464 verified=5 completion=0 alternatives=3
INSTRUMENTATION_STATUS_CODE: 0
INSTRUMENTATION_STATUS: candidate_width_measurement=v1 id=31 maximum=7 round=3 wall_ns=11644750 cpu_ns=11549167 states=6727 verified=12 completion=0 alternatives=7
INSTRUMENTATION_STATUS_CODE: 0
INSTRUMENTATION_STATUS: candidate_width_measurement=v1 id=32 maximum=7 round=3 wall_ns=8080583 cpu_ns=7887876 states=5006 verified=47 completion=0 alternatives=7
INSTRUMENTATION_STATUS_CODE: 0
INSTRUMENTATION_STATUS: candidate_width_measurement=v1 id=32 maximum=3 round=3 wall_ns=3371875 cpu_ns=3153420 states=1787 verified=39 completion=0 alternatives=3
INSTRUMENTATION_STATUS_CODE: 0
INSTRUMENTATION_STATUS: candidate_width_measurement=v1 id=32 maximum=1 round=3 wall_ns=3349833 cpu_ns=3167459 states=1787 verified=39 completion=0 alternatives=1
INSTRUMENTATION_STATUS_CODE: 0
INSTRUMENTATION_STATUS: candidate_width_measurement=v1 id=33 maximum=1 round=3 wall_ns=1987542 cpu_ns=1880959 states=1398 verified=12 completion=0 alternatives=1
INSTRUMENTATION_STATUS_CODE: 0
INSTRUMENTATION_STATUS: candidate_width_measurement=v1 id=33 maximum=3 round=3 wall_ns=4362791 cpu_ns=4266125 states=3501 verified=18 completion=0 alternatives=3
INSTRUMENTATION_STATUS_CODE: 0
INSTRUMENTATION_STATUS: candidate_width_measurement=v1 id=33 maximum=7 round=3 wall_ns=4344750 cpu_ns=4214999 states=3501 verified=18 completion=0 alternatives=7
INSTRUMENTATION_STATUS_CODE: 0
INSTRUMENTATION_STATUS: candidate_width_measurement=v1 id=34 maximum=7 round=3 wall_ns=16209291 cpu_ns=14766832 states=8192 verified=26 completion=3 alternatives=7
INSTRUMENTATION_STATUS_CODE: 0
INSTRUMENTATION_STATUS: candidate_width_measurement=v1 id=34 maximum=3 round=3 wall_ns=4758584 cpu_ns=4624833 states=2542 verified=22 completion=0 alternatives=3
INSTRUMENTATION_STATUS_CODE: 0
INSTRUMENTATION_STATUS: candidate_width_measurement=v1 id=34 maximum=1 round=3 wall_ns=4678458 cpu_ns=4577876 states=2542 verified=22 completion=0 alternatives=1
INSTRUMENTATION_STATUS_CODE: 0
INSTRUMENTATION_STATUS: candidate_width_measurement=v1 id=35 maximum=1 round=3 wall_ns=2982875 cpu_ns=2911708 states=1844 verified=23 completion=0 alternatives=1
INSTRUMENTATION_STATUS_CODE: 0
INSTRUMENTATION_STATUS: candidate_width_measurement=v1 id=35 maximum=3 round=3 wall_ns=3064042 cpu_ns=2903084 states=1844 verified=23 completion=0 alternatives=3
INSTRUMENTATION_STATUS_CODE: 0
INSTRUMENTATION_STATUS: candidate_width_measurement=v1 id=35 maximum=7 round=3 wall_ns=11680417 cpu_ns=11459835 states=8192 verified=25 completion=3 alternatives=7
INSTRUMENTATION_STATUS_CODE: 0
INSTRUMENTATION_STATUS: candidate_width_measurement=v1 id=36 maximum=7 round=3 wall_ns=3865083 cpu_ns=3742958 states=2213 verified=48 completion=0 alternatives=7
INSTRUMENTATION_STATUS_CODE: 0
INSTRUMENTATION_STATUS: candidate_width_measurement=v1 id=36 maximum=3 round=3 wall_ns=3775417 cpu_ns=3649416 states=2213 verified=48 completion=0 alternatives=3
INSTRUMENTATION_STATUS_CODE: 0
INSTRUMENTATION_STATUS: candidate_width_measurement=v1 id=36 maximum=1 round=3 wall_ns=791166 cpu_ns=693418 states=367 verified=9 completion=0 alternatives=1
INSTRUMENTATION_STATUS_CODE: 0
INSTRUMENTATION_STATUS: candidate_width_measurement=v1 id=37 maximum=1 round=3 wall_ns=2613750 cpu_ns=2436873 states=1093 verified=5 completion=0 alternatives=1
INSTRUMENTATION_STATUS_CODE: 0
INSTRUMENTATION_STATUS: candidate_width_measurement=v1 id=37 maximum=3 round=3 wall_ns=16335083 cpu_ns=16151625 states=8192 verified=5 completion=3 alternatives=3
INSTRUMENTATION_STATUS_CODE: 0
INSTRUMENTATION_STATUS: candidate_width_measurement=v1 id=37 maximum=7 round=3 wall_ns=16061917 cpu_ns=15797749 states=8192 verified=5 completion=3 alternatives=5
INSTRUMENTATION_STATUS_CODE: 0
INSTRUMENTATION_STATUS: candidate_width_measurement=v1 id=38 maximum=7 round=3 wall_ns=15914500 cpu_ns=15781039 states=8192 verified=29 completion=3 alternatives=7
INSTRUMENTATION_STATUS_CODE: 0
INSTRUMENTATION_STATUS: candidate_width_measurement=v1 id=38 maximum=3 round=3 wall_ns=5414375 cpu_ns=5204626 states=2434 verified=28 completion=0 alternatives=3
INSTRUMENTATION_STATUS_CODE: 0
INSTRUMENTATION_STATUS: candidate_width_measurement=v1 id=38 maximum=1 round=3 wall_ns=1170250 cpu_ns=1083459 states=537 verified=6 completion=0 alternatives=1
INSTRUMENTATION_STATUS_CODE: 0
INSTRUMENTATION_STATUS: candidate_width_measurement=v1 id=39 maximum=1 round=3 wall_ns=980875 cpu_ns=920958 states=412 verified=23 completion=0 alternatives=1
INSTRUMENTATION_STATUS_CODE: 0
INSTRUMENTATION_STATUS: candidate_width_measurement=v1 id=39 maximum=3 round=3 wall_ns=3702542 cpu_ns=3333374 states=1873 verified=64 completion=4 alternatives=3
INSTRUMENTATION_STATUS_CODE: 0
INSTRUMENTATION_STATUS: candidate_width_measurement=v1 id=39 maximum=7 round=3 wall_ns=2997875 cpu_ns=2966209 states=1873 verified=64 completion=4 alternatives=7
INSTRUMENTATION_STATUS_CODE: 0
INSTRUMENTATION_STATUS: candidate_width_measurement=v1 id=40 maximum=7 round=3 wall_ns=1057292 cpu_ns=955002 states=1119 verified=42 completion=0 alternatives=7
INSTRUMENTATION_STATUS_CODE: 0
INSTRUMENTATION_STATUS: candidate_width_measurement=v1 id=40 maximum=3 round=3 wall_ns=487541 cpu_ns=401751 states=310 verified=33 completion=0 alternatives=3
INSTRUMENTATION_STATUS_CODE: 0
INSTRUMENTATION_STATUS: candidate_width_measurement=v1 id=40 maximum=1 round=3 wall_ns=569333 cpu_ns=456542 states=310 verified=33 completion=0 alternatives=1
INSTRUMENTATION_STATUS_CODE: 0
INSTRUMENTATION_STATUS: candidate_width_measurement=v1 id=41 maximum=1 round=3 wall_ns=560750 cpu_ns=493084 states=353 verified=5 completion=0 alternatives=1
INSTRUMENTATION_STATUS_CODE: 0
INSTRUMENTATION_STATUS: candidate_width_measurement=v1 id=41 maximum=3 round=3 wall_ns=1505167 cpu_ns=1354960 states=1616 verified=9 completion=0 alternatives=3
INSTRUMENTATION_STATUS_CODE: 0
INSTRUMENTATION_STATUS: candidate_width_measurement=v1 id=41 maximum=7 round=3 wall_ns=2572791 cpu_ns=2505958 states=3007 verified=13 completion=0 alternatives=7
INSTRUMENTATION_STATUS_CODE: 0
INSTRUMENTATION_STATUS: candidate_width_measurement=v1 id=42 maximum=7 round=3 wall_ns=972333 cpu_ns=867500 states=1399 verified=41 completion=0 alternatives=7
INSTRUMENTATION_STATUS_CODE: 0
INSTRUMENTATION_STATUS: candidate_width_measurement=v1 id=42 maximum=3 round=3 wall_ns=421625 cpu_ns=377292 states=401 verified=27 completion=0 alternatives=3
INSTRUMENTATION_STATUS_CODE: 0
INSTRUMENTATION_STATUS: candidate_width_measurement=v1 id=42 maximum=1 round=3 wall_ns=415500 cpu_ns=363043 states=236 verified=23 completion=0 alternatives=1
INSTRUMENTATION_STATUS_CODE: 0
INSTRUMENTATION_STATUS: candidate_width_measurement=v1 id=43 maximum=1 round=3 wall_ns=2246458 cpu_ns=2158416 states=1640 verified=7 completion=0 alternatives=1
INSTRUMENTATION_STATUS_CODE: 0
INSTRUMENTATION_STATUS: candidate_width_measurement=v1 id=43 maximum=3 round=3 wall_ns=2236792 cpu_ns=2144544 states=1640 verified=7 completion=0 alternatives=3
INSTRUMENTATION_STATUS_CODE: 0
INSTRUMENTATION_STATUS: candidate_width_measurement=v1 id=43 maximum=7 round=3 wall_ns=6987042 cpu_ns=6708708 states=4904 verified=13 completion=0 alternatives=7
INSTRUMENTATION_STATUS_CODE: 0
INSTRUMENTATION_STATUS: candidate_width_measurement=v1 id=44 maximum=7 round=3 wall_ns=2164875 cpu_ns=2071458 states=2455 verified=10 completion=0 alternatives=4
INSTRUMENTATION_STATUS_CODE: 0
INSTRUMENTATION_STATUS: candidate_width_measurement=v1 id=44 maximum=3 round=3 wall_ns=2356708 cpu_ns=1576750 states=1492 verified=7 completion=0 alternatives=3
INSTRUMENTATION_STATUS_CODE: 0
INSTRUMENTATION_STATUS: candidate_width_measurement=v1 id=44 maximum=1 round=3 wall_ns=535875 cpu_ns=536291 states=612 verified=5 completion=0 alternatives=1
INSTRUMENTATION_STATUS_CODE: 0
INSTRUMENTATION_STATUS: candidate_width_measurement=v1 id=45 maximum=1 round=3 wall_ns=22208 cpu_ns=17125 states=28 verified=0 completion=2 alternatives=0
INSTRUMENTATION_STATUS_CODE: 0
INSTRUMENTATION_STATUS: candidate_width_measurement=v1 id=45 maximum=3 round=3 wall_ns=21709 cpu_ns=1917 states=28 verified=0 completion=2 alternatives=0
INSTRUMENTATION_STATUS_CODE: 0
INSTRUMENTATION_STATUS: candidate_width_measurement=v1 id=45 maximum=7 round=3 wall_ns=21917 cpu_ns=12334 states=28 verified=0 completion=2 alternatives=0
INSTRUMENTATION_STATUS_CODE: 0
INSTRUMENTATION_STATUS: candidate_width_measurement=v1 id=46 maximum=7 round=3 wall_ns=3097750 cpu_ns=3081291 states=2202 verified=27 completion=0 alternatives=7
INSTRUMENTATION_STATUS_CODE: 0
INSTRUMENTATION_STATUS: candidate_width_measurement=v1 id=46 maximum=3 round=3 wall_ns=1113167 cpu_ns=934500 states=724 verified=11 completion=0 alternatives=3
INSTRUMENTATION_STATUS_CODE: 0
INSTRUMENTATION_STATUS: candidate_width_measurement=v1 id=46 maximum=1 round=3 wall_ns=1222583 cpu_ns=1046999 states=724 verified=11 completion=0 alternatives=1
INSTRUMENTATION_STATUS_CODE: 0
INSTRUMENTATION_STATUS: candidate_width_measurement=v1 id=47 maximum=1 round=3 wall_ns=2888542 cpu_ns=2762623 states=1621 verified=16 completion=0 alternatives=1
INSTRUMENTATION_STATUS_CODE: 0
INSTRUMENTATION_STATUS: candidate_width_measurement=v1 id=47 maximum=3 round=3 wall_ns=4081500 cpu_ns=3998832 states=2580 verified=16 completion=0 alternatives=3
INSTRUMENTATION_STATUS_CODE: 0
INSTRUMENTATION_STATUS: candidate_width_measurement=v1 id=47 maximum=7 round=3 wall_ns=13425834 cpu_ns=13294250 states=8192 verified=16 completion=3 alternatives=7
INSTRUMENTATION_STATUS_CODE: 0
INSTRUMENTATION_STATUS: candidate_width_measurement=v1 id=48 maximum=7 round=3 wall_ns=2733542 cpu_ns=2560750 states=1680 verified=21 completion=0 alternatives=7
INSTRUMENTATION_STATUS_CODE: 0
INSTRUMENTATION_STATUS: candidate_width_measurement=v1 id=48 maximum=3 round=3 wall_ns=2565750 cpu_ns=2470126 states=1680 verified=21 completion=0 alternatives=3
INSTRUMENTATION_STATUS_CODE: 0
INSTRUMENTATION_STATUS: candidate_width_measurement=v1 id=48 maximum=1 round=3 wall_ns=2554916 cpu_ns=2497668 states=1680 verified=21 completion=0 alternatives=1
INSTRUMENTATION_STATUS_CODE: 0
INSTRUMENTATION_STATUS: candidate_width_measurement=v1 id=49 maximum=1 round=3 wall_ns=678875 cpu_ns=561916 states=296 verified=5 completion=0 alternatives=1
INSTRUMENTATION_STATUS_CODE: 0
INSTRUMENTATION_STATUS: candidate_width_measurement=v1 id=49 maximum=3 round=3 wall_ns=1563458 cpu_ns=1478875 states=1514 verified=18 completion=0 alternatives=3
INSTRUMENTATION_STATUS_CODE: 0
INSTRUMENTATION_STATUS: candidate_width_measurement=v1 id=49 maximum=7 round=3 wall_ns=1490125 cpu_ns=1433416 states=1514 verified=18 completion=0 alternatives=7
INSTRUMENTATION_STATUS_CODE: 0
INSTRUMENTATION_STATUS: candidate_width_measurement=v1 id=50 maximum=7 round=3 wall_ns=2774042 cpu_ns=2774792 states=1892 verified=64 completion=4 alternatives=7
INSTRUMENTATION_STATUS_CODE: 0
INSTRUMENTATION_STATUS: candidate_width_measurement=v1 id=50 maximum=3 round=3 wall_ns=2789000 cpu_ns=2765083 states=1892 verified=64 completion=4 alternatives=3
INSTRUMENTATION_STATUS_CODE: 0
INSTRUMENTATION_STATUS: candidate_width_measurement=v1 id=50 maximum=1 round=3 wall_ns=430375 cpu_ns=390624 states=322 verified=8 completion=0 alternatives=1
INSTRUMENTATION_STATUS_CODE: 0
INSTRUMENTATION_STATUS: candidate_width_measurement=v1 id=51 maximum=1 round=3 wall_ns=448875 cpu_ns=449417 states=448 verified=11 completion=0 alternatives=1
INSTRUMENTATION_STATUS_CODE: 0
INSTRUMENTATION_STATUS: candidate_width_measurement=v1 id=51 maximum=3 round=3 wall_ns=452000 cpu_ns=452667 states=448 verified=11 completion=0 alternatives=3
INSTRUMENTATION_STATUS_CODE: 0
INSTRUMENTATION_STATUS: candidate_width_measurement=v1 id=51 maximum=7 round=3 wall_ns=675209 cpu_ns=669834 states=740 verified=11 completion=0 alternatives=7
INSTRUMENTATION_STATUS_CODE: 0
INSTRUMENTATION_STATUS: candidate_width_measurement=v1 id=52 maximum=7 round=3 wall_ns=13921459 cpu_ns=13726501 states=8192 verified=4 completion=3 alternatives=4
INSTRUMENTATION_STATUS_CODE: 0
INSTRUMENTATION_STATUS: candidate_width_measurement=v1 id=52 maximum=3 round=3 wall_ns=13606834 cpu_ns=13512708 states=8192 verified=4 completion=3 alternatives=3
INSTRUMENTATION_STATUS_CODE: 0
INSTRUMENTATION_STATUS: candidate_width_measurement=v1 id=52 maximum=1 round=3 wall_ns=3116333 cpu_ns=3102583 states=2008 verified=3 completion=0 alternatives=1
INSTRUMENTATION_STATUS_CODE: 0
INSTRUMENTATION_STATUS: candidate_width_measurement=v1 id=53 maximum=1 round=3 wall_ns=309208 cpu_ns=268792 states=312 verified=4 completion=0 alternatives=1
INSTRUMENTATION_STATUS_CODE: 0
INSTRUMENTATION_STATUS: candidate_width_measurement=v1 id=53 maximum=3 round=3 wall_ns=434750 cpu_ns=393917 states=455 verified=6 completion=0 alternatives=3
INSTRUMENTATION_STATUS_CODE: 0
INSTRUMENTATION_STATUS: candidate_width_measurement=v1 id=53 maximum=7 round=3 wall_ns=1415458 cpu_ns=1415458 states=1667 verified=10 completion=0 alternatives=7
INSTRUMENTATION_STATUS_CODE: 0
INSTRUMENTATION_STATUS: candidate_width_measurement=v1 id=54 maximum=7 round=3 wall_ns=11412625 cpu_ns=11360000 states=8192 verified=14 completion=3 alternatives=7
INSTRUMENTATION_STATUS_CODE: 0
INSTRUMENTATION_STATUS: candidate_width_measurement=v1 id=54 maximum=3 round=3 wall_ns=6113833 cpu_ns=6075417 states=4405 verified=14 completion=0 alternatives=3
INSTRUMENTATION_STATUS_CODE: 0
INSTRUMENTATION_STATUS: candidate_width_measurement=v1 id=54 maximum=1 round=3 wall_ns=1958750 cpu_ns=1929208 states=1412 verified=12 completion=0 alternatives=1
INSTRUMENTATION_STATUS_CODE: 0
INSTRUMENTATION_STATUS: candidate_width_measurement=v1 id=55 maximum=1 round=3 wall_ns=3522125 cpu_ns=3454251 states=2276 verified=10 completion=0 alternatives=1
INSTRUMENTATION_STATUS_CODE: 0
INSTRUMENTATION_STATUS: candidate_width_measurement=v1 id=55 maximum=3 round=3 wall_ns=11122916 cpu_ns=11066499 states=6979 verified=13 completion=0 alternatives=3
INSTRUMENTATION_STATUS_CODE: 0
INSTRUMENTATION_STATUS: candidate_width_measurement=v1 id=55 maximum=7 round=3 wall_ns=12889584 cpu_ns=11335290 states=6979 verified=13 completion=0 alternatives=7
INSTRUMENTATION_STATUS_CODE: 0
INSTRUMENTATION_STATUS: candidate_width_measurement=v1 id=56 maximum=7 round=3 wall_ns=1164334 cpu_ns=1137750 states=1277 verified=8 completion=0 alternatives=7
INSTRUMENTATION_STATUS_CODE: 0
INSTRUMENTATION_STATUS: candidate_width_measurement=v1 id=56 maximum=3 round=3 wall_ns=1020542 cpu_ns=1000792 states=1277 verified=8 completion=0 alternatives=3
INSTRUMENTATION_STATUS_CODE: 0
INSTRUMENTATION_STATUS: candidate_width_measurement=v1 id=56 maximum=1 round=3 wall_ns=1010084 cpu_ns=993458 states=1277 verified=8 completion=0 alternatives=1
INSTRUMENTATION_STATUS_CODE: 0
INSTRUMENTATION_STATUS: candidate_width_measurement=v1 id=57 maximum=1 round=3 wall_ns=2579292 cpu_ns=2554166 states=1609 verified=3 completion=0 alternatives=1
INSTRUMENTATION_STATUS_CODE: 0
INSTRUMENTATION_STATUS: candidate_width_measurement=v1 id=57 maximum=3 round=3 wall_ns=13247125 cpu_ns=13197958 states=8192 verified=3 completion=3 alternatives=3
INSTRUMENTATION_STATUS_CODE: 0
INSTRUMENTATION_STATUS: candidate_width_measurement=v1 id=57 maximum=7 round=3 wall_ns=12965333 cpu_ns=12847917 states=8192 verified=3 completion=3 alternatives=3
INSTRUMENTATION_STATUS_CODE: 0
INSTRUMENTATION_STATUS: candidate_width_measurement=v1 id=58 maximum=7 round=3 wall_ns=3244834 cpu_ns=3219626 states=2200 verified=48 completion=0 alternatives=7
INSTRUMENTATION_STATUS_CODE: 0
INSTRUMENTATION_STATUS: candidate_width_measurement=v1 id=58 maximum=3 round=3 wall_ns=3076750 cpu_ns=3077417 states=2200 verified=48 completion=0 alternatives=3
INSTRUMENTATION_STATUS_CODE: 0
INSTRUMENTATION_STATUS: candidate_width_measurement=v1 id=58 maximum=1 round=3 wall_ns=584667 cpu_ns=478625 states=349 verified=5 completion=0 alternatives=1
INSTRUMENTATION_STATUS_CODE: 0
INSTRUMENTATION_STATUS: candidate_width_measurement=v1 id=59 maximum=1 round=3 wall_ns=2050542 cpu_ns=2043250 states=1483 verified=9 completion=0 alternatives=1
INSTRUMENTATION_STATUS_CODE: 0
INSTRUMENTATION_STATUS: candidate_width_measurement=v1 id=59 maximum=3 round=3 wall_ns=3913958 cpu_ns=3874959 states=2741 verified=13 completion=0 alternatives=3
INSTRUMENTATION_STATUS_CODE: 0
INSTRUMENTATION_STATUS: candidate_width_measurement=v1 id=59 maximum=7 round=3 wall_ns=7448542 cpu_ns=7399415 states=5151 verified=15 completion=0 alternatives=7
INSTRUMENTATION_STATUS_CODE: 0
INSTRUMENTATION_STATUS: candidate_width_measurement=v1 id=0 maximum=1 round=4 wall_ns=2234208 cpu_ns=2075667 states=1475 verified=13 completion=0 alternatives=1
INSTRUMENTATION_STATUS_CODE: 0
INSTRUMENTATION_STATUS: candidate_width_measurement=v1 id=0 maximum=3 round=4 wall_ns=6410750 cpu_ns=6319958 states=4713 verified=13 completion=0 alternatives=3
INSTRUMENTATION_STATUS_CODE: 0
INSTRUMENTATION_STATUS: candidate_width_measurement=v1 id=0 maximum=7 round=4 wall_ns=10816000 cpu_ns=10724458 states=8192 verified=13 completion=3 alternatives=7
INSTRUMENTATION_STATUS_CODE: 0
INSTRUMENTATION_STATUS: candidate_width_measurement=v1 id=1 maximum=7 round=4 wall_ns=1096084 cpu_ns=1096708 states=1438 verified=13 completion=0 alternatives=7
INSTRUMENTATION_STATUS_CODE: 0
INSTRUMENTATION_STATUS: candidate_width_measurement=v1 id=1 maximum=3 round=4 wall_ns=548959 cpu_ns=479792 states=444 verified=9 completion=0 alternatives=3
INSTRUMENTATION_STATUS_CODE: 0
INSTRUMENTATION_STATUS: candidate_width_measurement=v1 id=1 maximum=1 round=4 wall_ns=361916 cpu_ns=362625 states=444 verified=9 completion=0 alternatives=1
INSTRUMENTATION_STATUS_CODE: 0
INSTRUMENTATION_STATUS: candidate_width_measurement=v1 id=2 maximum=1 round=4 wall_ns=2083875 cpu_ns=2058916 states=1689 verified=2 completion=0 alternatives=1
INSTRUMENTATION_STATUS_CODE: 0
INSTRUMENTATION_STATUS: candidate_width_measurement=v1 id=2 maximum=3 round=4 wall_ns=8800833 cpu_ns=8742710 states=6379 verified=5 completion=0 alternatives=3
INSTRUMENTATION_STATUS_CODE: 0
INSTRUMENTATION_STATUS: candidate_width_measurement=v1 id=2 maximum=7 round=4 wall_ns=11003292 cpu_ns=10949499 states=8192 verified=5 completion=3 alternatives=5
INSTRUMENTATION_STATUS_CODE: 0
INSTRUMENTATION_STATUS: candidate_width_measurement=v1 id=3 maximum=7 round=4 wall_ns=8800125 cpu_ns=7855833 states=6441 verified=57 completion=0 alternatives=7
INSTRUMENTATION_STATUS_CODE: 0
INSTRUMENTATION_STATUS: candidate_width_measurement=v1 id=3 maximum=3 round=4 wall_ns=3219542 cpu_ns=3197041 states=2646 verified=46 completion=0 alternatives=3
INSTRUMENTATION_STATUS_CODE: 0
INSTRUMENTATION_STATUS: candidate_width_measurement=v1 id=3 maximum=1 round=4 wall_ns=1931333 cpu_ns=1932083 states=1775 verified=17 completion=0 alternatives=1
INSTRUMENTATION_STATUS_CODE: 0
INSTRUMENTATION_STATUS: candidate_width_measurement=v1 id=4 maximum=1 round=4 wall_ns=1966709 cpu_ns=1942416 states=1562 verified=7 completion=0 alternatives=1
INSTRUMENTATION_STATUS_CODE: 0
INSTRUMENTATION_STATUS: candidate_width_measurement=v1 id=4 maximum=3 round=4 wall_ns=6153375 cpu_ns=6049000 states=4569 verified=7 completion=0 alternatives=3
INSTRUMENTATION_STATUS_CODE: 0
INSTRUMENTATION_STATUS: candidate_width_measurement=v1 id=4 maximum=7 round=4 wall_ns=10947917 cpu_ns=10884750 states=8192 verified=7 completion=3 alternatives=7
INSTRUMENTATION_STATUS_CODE: 0
INSTRUMENTATION_STATUS: candidate_width_measurement=v1 id=5 maximum=7 round=4 wall_ns=2445917 cpu_ns=2401374 states=2139 verified=59 completion=0 alternatives=7
INSTRUMENTATION_STATUS_CODE: 0
INSTRUMENTATION_STATUS: candidate_width_measurement=v1 id=5 maximum=3 round=4 wall_ns=2352917 cpu_ns=2353208 states=2139 verified=59 completion=0 alternatives=3
INSTRUMENTATION_STATUS_CODE: 0
INSTRUMENTATION_STATUS: candidate_width_measurement=v1 id=5 maximum=1 round=4 wall_ns=506416 cpu_ns=466583 states=514 verified=11 completion=0 alternatives=1
INSTRUMENTATION_STATUS_CODE: 0
INSTRUMENTATION_STATUS: candidate_width_measurement=v1 id=6 maximum=1 round=4 wall_ns=1643500 cpu_ns=1575292 states=1463 verified=6 completion=0 alternatives=1
INSTRUMENTATION_STATUS_CODE: 0
INSTRUMENTATION_STATUS: candidate_width_measurement=v1 id=6 maximum=3 round=4 wall_ns=6283750 cpu_ns=6166707 states=5398 verified=16 completion=0 alternatives=3
INSTRUMENTATION_STATUS_CODE: 0
INSTRUMENTATION_STATUS: candidate_width_measurement=v1 id=6 maximum=7 round=4 wall_ns=6190917 cpu_ns=6133124 states=5398 verified=16 completion=0 alternatives=7
INSTRUMENTATION_STATUS_CODE: 0
INSTRUMENTATION_STATUS: candidate_width_measurement=v1 id=7 maximum=7 round=4 wall_ns=8440625 cpu_ns=8351792 states=5678 verified=45 completion=0 alternatives=7
INSTRUMENTATION_STATUS_CODE: 0
INSTRUMENTATION_STATUS: candidate_width_measurement=v1 id=7 maximum=3 round=4 wall_ns=2377958 cpu_ns=2301624 states=1851 verified=8 completion=0 alternatives=3
INSTRUMENTATION_STATUS_CODE: 0
INSTRUMENTATION_STATUS: candidate_width_measurement=v1 id=7 maximum=1 round=4 wall_ns=2369208 cpu_ns=2294958 states=1851 verified=8 completion=0 alternatives=1
INSTRUMENTATION_STATUS_CODE: 0
INSTRUMENTATION_STATUS: candidate_width_measurement=v1 id=8 maximum=1 round=4 wall_ns=527666 cpu_ns=528250 states=327 verified=18 completion=0 alternatives=1
INSTRUMENTATION_STATUS_CODE: 0
INSTRUMENTATION_STATUS: candidate_width_measurement=v1 id=8 maximum=3 round=4 wall_ns=2381750 cpu_ns=2284624 states=1503 verified=64 completion=4 alternatives=3
INSTRUMENTATION_STATUS_CODE: 0
INSTRUMENTATION_STATUS: candidate_width_measurement=v1 id=8 maximum=7 round=4 wall_ns=2281417 cpu_ns=2280083 states=1503 verified=64 completion=4 alternatives=7
INSTRUMENTATION_STATUS_CODE: 0
INSTRUMENTATION_STATUS: candidate_width_measurement=v1 id=9 maximum=7 round=4 wall_ns=5342791 cpu_ns=5294043 states=4662 verified=13 completion=0 alternatives=7
INSTRUMENTATION_STATUS_CODE: 0
INSTRUMENTATION_STATUS: candidate_width_measurement=v1 id=9 maximum=3 round=4 wall_ns=1385209 cpu_ns=1385958 states=1282 verified=10 completion=0 alternatives=3
INSTRUMENTATION_STATUS_CODE: 0
INSTRUMENTATION_STATUS: candidate_width_measurement=v1 id=9 maximum=1 round=4 wall_ns=361417 cpu_ns=324417 states=358 verified=4 completion=0 alternatives=1
INSTRUMENTATION_STATUS_CODE: 0
INSTRUMENTATION_STATUS: candidate_width_measurement=v1 id=10 maximum=1 round=4 wall_ns=391667 cpu_ns=382959 states=422 verified=20 completion=0 alternatives=1
INSTRUMENTATION_STATUS_CODE: 0
INSTRUMENTATION_STATUS: candidate_width_measurement=v1 id=10 maximum=3 round=4 wall_ns=380583 cpu_ns=380792 states=422 verified=20 completion=0 alternatives=3
INSTRUMENTATION_STATUS_CODE: 0
INSTRUMENTATION_STATUS: candidate_width_measurement=v1 id=10 maximum=7 round=4 wall_ns=1359042 cpu_ns=1315666 states=1917 verified=42 completion=0 alternatives=7
INSTRUMENTATION_STATUS_CODE: 0
INSTRUMENTATION_STATUS: candidate_width_measurement=v1 id=11 maximum=7 round=4 wall_ns=11364083 cpu_ns=11277416 states=8192 verified=49 completion=3 alternatives=7
INSTRUMENTATION_STATUS_CODE: 0
INSTRUMENTATION_STATUS: candidate_width_measurement=v1 id=11 maximum=3 round=4 wall_ns=2880541 cpu_ns=2765874 states=2058 verified=28 completion=0 alternatives=3
INSTRUMENTATION_STATUS_CODE: 0
INSTRUMENTATION_STATUS: candidate_width_measurement=v1 id=11 maximum=1 round=4 wall_ns=3789209 cpu_ns=2946124 states=2058 verified=28 completion=0 alternatives=1
INSTRUMENTATION_STATUS_CODE: 0
INSTRUMENTATION_STATUS: candidate_width_measurement=v1 id=12 maximum=1 round=4 wall_ns=316750 cpu_ns=317500 states=324 verified=4 completion=0 alternatives=1
INSTRUMENTATION_STATUS_CODE: 0
INSTRUMENTATION_STATUS: candidate_width_measurement=v1 id=12 maximum=3 round=4 wall_ns=388333 cpu_ns=372167 states=420 verified=5 completion=0 alternatives=3
INSTRUMENTATION_STATUS_CODE: 0
INSTRUMENTATION_STATUS: candidate_width_measurement=v1 id=12 maximum=7 round=4 wall_ns=1597584 cpu_ns=1573126 states=1986 verified=15 completion=0 alternatives=7
INSTRUMENTATION_STATUS_CODE: 0
INSTRUMENTATION_STATUS: candidate_width_measurement=v1 id=13 maximum=7 round=4 wall_ns=3765500 cpu_ns=3714124 states=2999 verified=64 completion=4 alternatives=7
INSTRUMENTATION_STATUS_CODE: 0
INSTRUMENTATION_STATUS: candidate_width_measurement=v1 id=13 maximum=3 round=4 wall_ns=2296208 cpu_ns=2266709 states=1861 verified=44 completion=0 alternatives=3
INSTRUMENTATION_STATUS_CODE: 0
INSTRUMENTATION_STATUS: candidate_width_measurement=v1 id=13 maximum=1 round=4 wall_ns=819125 cpu_ns=819584 states=599 verified=26 completion=0 alternatives=1
INSTRUMENTATION_STATUS_CODE: 0
INSTRUMENTATION_STATUS: candidate_width_measurement=v1 id=14 maximum=1 round=4 wall_ns=2777708 cpu_ns=2738375 states=1930 verified=1 completion=0 alternatives=1
INSTRUMENTATION_STATUS_CODE: 0
INSTRUMENTATION_STATUS: candidate_width_measurement=v1 id=14 maximum=3 round=4 wall_ns=12558000 cpu_ns=12393707 states=8192 verified=1 completion=3 alternatives=1
INSTRUMENTATION_STATUS_CODE: 0
INSTRUMENTATION_STATUS: candidate_width_measurement=v1 id=14 maximum=7 round=4 wall_ns=12520417 cpu_ns=12448583 states=8192 verified=1 completion=3 alternatives=1
INSTRUMENTATION_STATUS_CODE: 0
INSTRUMENTATION_STATUS: candidate_width_measurement=v1 id=15 maximum=7 round=4 wall_ns=981875 cpu_ns=982542 states=1324 verified=9 completion=0 alternatives=7
INSTRUMENTATION_STATUS_CODE: 0
INSTRUMENTATION_STATUS: candidate_width_measurement=v1 id=15 maximum=3 round=4 wall_ns=1100041 cpu_ns=958542 states=1324 verified=9 completion=0 alternatives=3
INSTRUMENTATION_STATUS_CODE: 0
INSTRUMENTATION_STATUS: candidate_width_measurement=v1 id=15 maximum=1 round=4 wall_ns=232125 cpu_ns=218501 states=250 verified=3 completion=0 alternatives=1
INSTRUMENTATION_STATUS_CODE: 0
INSTRUMENTATION_STATUS: candidate_width_measurement=v1 id=16 maximum=1 round=4 wall_ns=2065583 cpu_ns=2019541 states=1607 verified=13 completion=0 alternatives=1
INSTRUMENTATION_STATUS_CODE: 0
INSTRUMENTATION_STATUS: candidate_width_measurement=v1 id=16 maximum=3 round=4 wall_ns=1913375 cpu_ns=1784792 states=1607 verified=13 completion=0 alternatives=3
INSTRUMENTATION_STATUS_CODE: 0
INSTRUMENTATION_STATUS: candidate_width_measurement=v1 id=16 maximum=7 round=4 wall_ns=10496542 cpu_ns=10416916 states=8192 verified=14 completion=3 alternatives=7
INSTRUMENTATION_STATUS_CODE: 0
INSTRUMENTATION_STATUS: candidate_width_measurement=v1 id=17 maximum=7 round=4 wall_ns=10796333 cpu_ns=10758293 states=8192 verified=2 completion=3 alternatives=2
INSTRUMENTATION_STATUS_CODE: 0
INSTRUMENTATION_STATUS: candidate_width_measurement=v1 id=17 maximum=3 round=4 wall_ns=10897291 cpu_ns=10870750 states=8192 verified=2 completion=3 alternatives=2
INSTRUMENTATION_STATUS_CODE: 0
INSTRUMENTATION_STATUS: candidate_width_measurement=v1 id=17 maximum=1 round=4 wall_ns=1802667 cpu_ns=1778708 states=1517 verified=1 completion=0 alternatives=1
INSTRUMENTATION_STATUS_CODE: 0
INSTRUMENTATION_STATUS: candidate_width_measurement=v1 id=18 maximum=1 round=4 wall_ns=343000 cpu_ns=330543 states=411 verified=4 completion=0 alternatives=1
INSTRUMENTATION_STATUS_CODE: 0
INSTRUMENTATION_STATUS: candidate_width_measurement=v1 id=18 maximum=3 round=4 wall_ns=1547333 cpu_ns=1537333 states=2064 verified=5 completion=0 alternatives=3
INSTRUMENTATION_STATUS_CODE: 0
INSTRUMENTATION_STATUS: candidate_width_measurement=v1 id=18 maximum=7 round=4 wall_ns=2497084 cpu_ns=2473624 states=3409 verified=5 completion=0 alternatives=5
INSTRUMENTATION_STATUS_CODE: 0
INSTRUMENTATION_STATUS: candidate_width_measurement=v1 id=19 maximum=7 round=4 wall_ns=878625 cpu_ns=879292 states=1121 verified=50 completion=0 alternatives=7
INSTRUMENTATION_STATUS_CODE: 0
INSTRUMENTATION_STATUS: candidate_width_measurement=v1 id=19 maximum=3 round=4 wall_ns=325125 cpu_ns=313833 states=292 verified=29 completion=0 alternatives=3
INSTRUMENTATION_STATUS_CODE: 0
INSTRUMENTATION_STATUS: candidate_width_measurement=v1 id=19 maximum=1 round=4 wall_ns=315750 cpu_ns=316292 states=292 verified=29 completion=0 alternatives=1
INSTRUMENTATION_STATUS_CODE: 0
INSTRUMENTATION_STATUS: candidate_width_measurement=v1 id=20 maximum=1 round=4 wall_ns=4819458 cpu_ns=4793041 states=2619 verified=64 completion=4 alternatives=1
INSTRUMENTATION_STATUS_CODE: 0
INSTRUMENTATION_STATUS: candidate_width_measurement=v1 id=20 maximum=3 round=4 wall_ns=4627541 cpu_ns=4591167 states=2619 verified=64 completion=4 alternatives=3
INSTRUMENTATION_STATUS_CODE: 0
INSTRUMENTATION_STATUS: candidate_width_measurement=v1 id=20 maximum=7 round=4 wall_ns=4893750 cpu_ns=4623708 states=2619 verified=64 completion=4 alternatives=7
INSTRUMENTATION_STATUS_CODE: 0
INSTRUMENTATION_STATUS: candidate_width_measurement=v1 id=21 maximum=7 round=4 wall_ns=11846834 cpu_ns=11760626 states=5806 verified=21 completion=0 alternatives=7
INSTRUMENTATION_STATUS_CODE: 0
INSTRUMENTATION_STATUS: candidate_width_measurement=v1 id=21 maximum=3 round=4 wall_ns=3876542 cpu_ns=3723958 states=2111 verified=12 completion=0 alternatives=3
INSTRUMENTATION_STATUS_CODE: 0
INSTRUMENTATION_STATUS: candidate_width_measurement=v1 id=21 maximum=1 round=4 wall_ns=3817292 cpu_ns=3776249 states=2111 verified=12 completion=0 alternatives=1
INSTRUMENTATION_STATUS_CODE: 0
INSTRUMENTATION_STATUS: candidate_width_measurement=v1 id=22 maximum=1 round=4 wall_ns=425083 cpu_ns=365709 states=293 verified=2 completion=0 alternatives=1
INSTRUMENTATION_STATUS_CODE: 0
INSTRUMENTATION_STATUS: candidate_width_measurement=v1 id=22 maximum=3 round=4 wall_ns=1742250 cpu_ns=1742584 states=1928 verified=10 completion=0 alternatives=3
INSTRUMENTATION_STATUS_CODE: 0
INSTRUMENTATION_STATUS: candidate_width_measurement=v1 id=22 maximum=7 round=4 wall_ns=1709833 cpu_ns=1665500 states=1928 verified=10 completion=0 alternatives=7
INSTRUMENTATION_STATUS_CODE: 0
INSTRUMENTATION_STATUS: candidate_width_measurement=v1 id=23 maximum=7 round=4 wall_ns=1478959 cpu_ns=1456083 states=1455 verified=24 completion=0 alternatives=7
INSTRUMENTATION_STATUS_CODE: 0
INSTRUMENTATION_STATUS: candidate_width_measurement=v1 id=23 maximum=3 round=4 wall_ns=268500 cpu_ns=219250 states=253 verified=3 completion=0 alternatives=3
INSTRUMENTATION_STATUS_CODE: 0
INSTRUMENTATION_STATUS: candidate_width_measurement=v1 id=23 maximum=1 round=4 wall_ns=252459 cpu_ns=253125 states=253 verified=3 completion=0 alternatives=1
INSTRUMENTATION_STATUS_CODE: 0
INSTRUMENTATION_STATUS: candidate_width_measurement=v1 id=24 maximum=1 round=4 wall_ns=204417 cpu_ns=190375 states=192 verified=11 completion=0 alternatives=1
INSTRUMENTATION_STATUS_CODE: 0
INSTRUMENTATION_STATUS: candidate_width_measurement=v1 id=24 maximum=3 round=4 wall_ns=200792 cpu_ns=185666 states=192 verified=11 completion=0 alternatives=3
INSTRUMENTATION_STATUS_CODE: 0
INSTRUMENTATION_STATUS: candidate_width_measurement=v1 id=24 maximum=7 round=4 wall_ns=930417 cpu_ns=850251 states=1273 verified=29 completion=0 alternatives=7
INSTRUMENTATION_STATUS_CODE: 0
INSTRUMENTATION_STATUS: candidate_width_measurement=v1 id=25 maximum=7 round=4 wall_ns=10087958 cpu_ns=9948748 states=6796 verified=11 completion=0 alternatives=7
INSTRUMENTATION_STATUS_CODE: 0
INSTRUMENTATION_STATUS: candidate_width_measurement=v1 id=25 maximum=3 round=4 wall_ns=9517042 cpu_ns=9407667 states=6796 verified=11 completion=0 alternatives=3
INSTRUMENTATION_STATUS_CODE: 0
INSTRUMENTATION_STATUS: candidate_width_measurement=v1 id=25 maximum=1 round=4 wall_ns=2170792 cpu_ns=2171083 states=1614 verified=6 completion=0 alternatives=1
INSTRUMENTATION_STATUS_CODE: 0
INSTRUMENTATION_STATUS: candidate_width_measurement=v1 id=26 maximum=1 round=4 wall_ns=2877709 cpu_ns=2823792 states=1814 verified=31 completion=0 alternatives=1
INSTRUMENTATION_STATUS_CODE: 0
INSTRUMENTATION_STATUS: candidate_width_measurement=v1 id=26 maximum=3 round=4 wall_ns=7386625 cpu_ns=7328666 states=4889 verified=39 completion=0 alternatives=3
INSTRUMENTATION_STATUS_CODE: 0
INSTRUMENTATION_STATUS: candidate_width_measurement=v1 id=26 maximum=7 round=4 wall_ns=7401750 cpu_ns=7267083 states=4889 verified=39 completion=0 alternatives=7
INSTRUMENTATION_STATUS_CODE: 0
INSTRUMENTATION_STATUS: candidate_width_measurement=v1 id=27 maximum=7 round=4 wall_ns=1539375 cpu_ns=1540083 states=1508 verified=8 completion=0 alternatives=7
INSTRUMENTATION_STATUS_CODE: 0
INSTRUMENTATION_STATUS: candidate_width_measurement=v1 id=27 maximum=3 round=4 wall_ns=346250 cpu_ns=324875 states=280 verified=6 completion=0 alternatives=3
INSTRUMENTATION_STATUS_CODE: 0
INSTRUMENTATION_STATUS: candidate_width_measurement=v1 id=27 maximum=1 round=4 wall_ns=433333 cpu_ns=283084 states=280 verified=6 completion=0 alternatives=1
INSTRUMENTATION_STATUS_CODE: 0
INSTRUMENTATION_STATUS: candidate_width_measurement=v1 id=28 maximum=1 round=4 wall_ns=563917 cpu_ns=564542 states=336 verified=13 completion=0 alternatives=1
INSTRUMENTATION_STATUS_CODE: 0
INSTRUMENTATION_STATUS: candidate_width_measurement=v1 id=28 maximum=3 round=4 wall_ns=2536125 cpu_ns=2512124 states=1466 verified=53 completion=0 alternatives=3
INSTRUMENTATION_STATUS_CODE: 0
INSTRUMENTATION_STATUS: candidate_width_measurement=v1 id=28 maximum=7 round=4 wall_ns=6622666 cpu_ns=6512083 states=4469 verified=63 completion=0 alternatives=7
INSTRUMENTATION_STATUS_CODE: 0
INSTRUMENTATION_STATUS: candidate_width_measurement=v1 id=29 maximum=7 round=4 wall_ns=11071500 cpu_ns=11009499 states=7060 verified=55 completion=0 alternatives=7
INSTRUMENTATION_STATUS_CODE: 0
INSTRUMENTATION_STATUS: candidate_width_measurement=v1 id=29 maximum=3 round=4 wall_ns=2841417 cpu_ns=2762084 states=1750 verified=28 completion=0 alternatives=3
INSTRUMENTATION_STATUS_CODE: 0
INSTRUMENTATION_STATUS: candidate_width_measurement=v1 id=29 maximum=1 round=4 wall_ns=2804167 cpu_ns=2781208 states=1750 verified=28 completion=0 alternatives=1
INSTRUMENTATION_STATUS_CODE: 0
INSTRUMENTATION_STATUS: candidate_width_measurement=v1 id=30 maximum=1 round=4 wall_ns=3506250 cpu_ns=3485792 states=2206 verified=64 completion=4 alternatives=1
INSTRUMENTATION_STATUS_CODE: 0
INSTRUMENTATION_STATUS: candidate_width_measurement=v1 id=30 maximum=3 round=4 wall_ns=3482625 cpu_ns=3394457 states=2206 verified=64 completion=4 alternatives=3
INSTRUMENTATION_STATUS_CODE: 0
INSTRUMENTATION_STATUS: candidate_width_measurement=v1 id=30 maximum=7 round=4 wall_ns=4614958 cpu_ns=3729044 states=2206 verified=64 completion=4 alternatives=7
INSTRUMENTATION_STATUS_CODE: 0
INSTRUMENTATION_STATUS: candidate_width_measurement=v1 id=31 maximum=7 round=4 wall_ns=11853750 cpu_ns=11798750 states=6727 verified=12 completion=0 alternatives=7
INSTRUMENTATION_STATUS_CODE: 0
INSTRUMENTATION_STATUS: candidate_width_measurement=v1 id=31 maximum=3 round=4 wall_ns=3956084 cpu_ns=3852625 states=2464 verified=5 completion=0 alternatives=3
INSTRUMENTATION_STATUS_CODE: 0
INSTRUMENTATION_STATUS: candidate_width_measurement=v1 id=31 maximum=1 round=4 wall_ns=3325167 cpu_ns=3255750 states=2079 verified=2 completion=0 alternatives=1
INSTRUMENTATION_STATUS_CODE: 0
INSTRUMENTATION_STATUS: candidate_width_measurement=v1 id=32 maximum=1 round=4 wall_ns=3094917 cpu_ns=3093458 states=1787 verified=39 completion=0 alternatives=1
INSTRUMENTATION_STATUS_CODE: 0
INSTRUMENTATION_STATUS: candidate_width_measurement=v1 id=32 maximum=3 round=4 wall_ns=3062167 cpu_ns=3031251 states=1787 verified=39 completion=0 alternatives=3
INSTRUMENTATION_STATUS_CODE: 0
INSTRUMENTATION_STATUS: candidate_width_measurement=v1 id=32 maximum=7 round=4 wall_ns=8052041 cpu_ns=8008500 states=5006 verified=47 completion=0 alternatives=7
INSTRUMENTATION_STATUS_CODE: 0
INSTRUMENTATION_STATUS: candidate_width_measurement=v1 id=33 maximum=7 round=4 wall_ns=4441875 cpu_ns=4358124 states=3501 verified=18 completion=0 alternatives=7
INSTRUMENTATION_STATUS_CODE: 0
INSTRUMENTATION_STATUS: candidate_width_measurement=v1 id=33 maximum=3 round=4 wall_ns=4121458 cpu_ns=4095500 states=3501 verified=18 completion=0 alternatives=3
INSTRUMENTATION_STATUS_CODE: 0
INSTRUMENTATION_STATUS: candidate_width_measurement=v1 id=33 maximum=1 round=4 wall_ns=1768250 cpu_ns=1720751 states=1398 verified=12 completion=0 alternatives=1
INSTRUMENTATION_STATUS_CODE: 0
INSTRUMENTATION_STATUS: candidate_width_measurement=v1 id=34 maximum=1 round=4 wall_ns=4526916 cpu_ns=4501126 states=2542 verified=22 completion=0 alternatives=1
INSTRUMENTATION_STATUS_CODE: 0
INSTRUMENTATION_STATUS: candidate_width_measurement=v1 id=34 maximum=3 round=4 wall_ns=4619541 cpu_ns=4470792 states=2542 verified=22 completion=0 alternatives=3
INSTRUMENTATION_STATUS_CODE: 0
INSTRUMENTATION_STATUS: candidate_width_measurement=v1 id=34 maximum=7 round=4 wall_ns=14341292 cpu_ns=14214249 states=8192 verified=26 completion=3 alternatives=7
INSTRUMENTATION_STATUS_CODE: 0
INSTRUMENTATION_STATUS: candidate_width_measurement=v1 id=35 maximum=7 round=4 wall_ns=11703958 cpu_ns=11653290 states=8192 verified=25 completion=3 alternatives=7
INSTRUMENTATION_STATUS_CODE: 0
INSTRUMENTATION_STATUS: candidate_width_measurement=v1 id=35 maximum=3 round=4 wall_ns=2920250 cpu_ns=2818375 states=1844 verified=23 completion=0 alternatives=3
INSTRUMENTATION_STATUS_CODE: 0
INSTRUMENTATION_STATUS: candidate_width_measurement=v1 id=35 maximum=1 round=4 wall_ns=3190708 cpu_ns=3166666 states=1844 verified=23 completion=0 alternatives=1
INSTRUMENTATION_STATUS_CODE: 0
INSTRUMENTATION_STATUS: candidate_width_measurement=v1 id=36 maximum=1 round=4 wall_ns=586167 cpu_ns=586792 states=367 verified=9 completion=0 alternatives=1
INSTRUMENTATION_STATUS_CODE: 0
INSTRUMENTATION_STATUS: candidate_width_measurement=v1 id=36 maximum=3 round=4 wall_ns=3743875 cpu_ns=3700376 states=2213 verified=48 completion=0 alternatives=3
INSTRUMENTATION_STATUS_CODE: 0
INSTRUMENTATION_STATUS: candidate_width_measurement=v1 id=36 maximum=7 round=4 wall_ns=3613042 cpu_ns=3556209 states=2213 verified=48 completion=0 alternatives=7
INSTRUMENTATION_STATUS_CODE: 0
INSTRUMENTATION_STATUS: candidate_width_measurement=v1 id=37 maximum=7 round=4 wall_ns=16550708 cpu_ns=16432001 states=8192 verified=5 completion=3 alternatives=5
INSTRUMENTATION_STATUS_CODE: 0
INSTRUMENTATION_STATUS: candidate_width_measurement=v1 id=37 maximum=3 round=4 wall_ns=15939250 cpu_ns=15768583 states=8192 verified=5 completion=3 alternatives=3
INSTRUMENTATION_STATUS_CODE: 0
INSTRUMENTATION_STATUS: candidate_width_measurement=v1 id=37 maximum=1 round=4 wall_ns=2531000 cpu_ns=2392498 states=1093 verified=5 completion=0 alternatives=1
INSTRUMENTATION_STATUS_CODE: 0
INSTRUMENTATION_STATUS: candidate_width_measurement=v1 id=38 maximum=1 round=4 wall_ns=2021667 cpu_ns=1198249 states=537 verified=6 completion=0 alternatives=1
INSTRUMENTATION_STATUS_CODE: 0
INSTRUMENTATION_STATUS: candidate_width_measurement=v1 id=38 maximum=3 round=4 wall_ns=5425083 cpu_ns=5350041 states=2434 verified=28 completion=0 alternatives=3
INSTRUMENTATION_STATUS_CODE: 0
INSTRUMENTATION_STATUS: candidate_width_measurement=v1 id=38 maximum=7 round=4 wall_ns=15755708 cpu_ns=15649418 states=8192 verified=29 completion=3 alternatives=7
INSTRUMENTATION_STATUS_CODE: 0
INSTRUMENTATION_STATUS: candidate_width_measurement=v1 id=39 maximum=7 round=4 wall_ns=3047542 cpu_ns=3042333 states=1873 verified=64 completion=4 alternatives=7
INSTRUMENTATION_STATUS_CODE: 0
INSTRUMENTATION_STATUS: candidate_width_measurement=v1 id=39 maximum=3 round=4 wall_ns=3122334 cpu_ns=3041793 states=1873 verified=64 completion=4 alternatives=3
INSTRUMENTATION_STATUS_CODE: 0
INSTRUMENTATION_STATUS: candidate_width_measurement=v1 id=39 maximum=1 round=4 wall_ns=772625 cpu_ns=754833 states=412 verified=23 completion=0 alternatives=1
INSTRUMENTATION_STATUS_CODE: 0
INSTRUMENTATION_STATUS: candidate_width_measurement=v1 id=40 maximum=1 round=4 wall_ns=355875 cpu_ns=356500 states=310 verified=33 completion=0 alternatives=1
INSTRUMENTATION_STATUS_CODE: 0
INSTRUMENTATION_STATUS: candidate_width_measurement=v1 id=40 maximum=3 round=4 wall_ns=317000 cpu_ns=305792 states=310 verified=33 completion=0 alternatives=3
INSTRUMENTATION_STATUS_CODE: 0
INSTRUMENTATION_STATUS: candidate_width_measurement=v1 id=40 maximum=7 round=4 wall_ns=753958 cpu_ns=710750 states=1119 verified=42 completion=0 alternatives=7
INSTRUMENTATION_STATUS_CODE: 0
INSTRUMENTATION_STATUS: candidate_width_measurement=v1 id=41 maximum=7 round=4 wall_ns=2740208 cpu_ns=2610542 states=3007 verified=13 completion=0 alternatives=7
INSTRUMENTATION_STATUS_CODE: 0
INSTRUMENTATION_STATUS: candidate_width_measurement=v1 id=41 maximum=3 round=4 wall_ns=1270583 cpu_ns=1237833 states=1616 verified=9 completion=0 alternatives=3
INSTRUMENTATION_STATUS_CODE: 0
INSTRUMENTATION_STATUS: candidate_width_measurement=v1 id=41 maximum=1 round=4 wall_ns=333416 cpu_ns=324083 states=353 verified=5 completion=0 alternatives=1
INSTRUMENTATION_STATUS_CODE: 0
INSTRUMENTATION_STATUS: candidate_width_measurement=v1 id=42 maximum=1 round=4 wall_ns=224958 cpu_ns=225542 states=236 verified=23 completion=0 alternatives=1
INSTRUMENTATION_STATUS_CODE: 0
INSTRUMENTATION_STATUS: candidate_width_measurement=v1 id=42 maximum=3 round=4 wall_ns=316500 cpu_ns=292750 states=401 verified=27 completion=0 alternatives=3
INSTRUMENTATION_STATUS_CODE: 0
INSTRUMENTATION_STATUS: candidate_width_measurement=v1 id=42 maximum=7 round=4 wall_ns=749917 cpu_ns=746499 states=1399 verified=41 completion=0 alternatives=7
INSTRUMENTATION_STATUS_CODE: 0
INSTRUMENTATION_STATUS: candidate_width_measurement=v1 id=43 maximum=7 round=4 wall_ns=6585250 cpu_ns=6548041 states=4904 verified=13 completion=0 alternatives=7
INSTRUMENTATION_STATUS_CODE: 0
INSTRUMENTATION_STATUS: candidate_width_measurement=v1 id=43 maximum=3 round=4 wall_ns=2204917 cpu_ns=2110667 states=1640 verified=7 completion=0 alternatives=3
INSTRUMENTATION_STATUS_CODE: 0
INSTRUMENTATION_STATUS: candidate_width_measurement=v1 id=43 maximum=1 round=4 wall_ns=2070000 cpu_ns=2043333 states=1640 verified=7 completion=0 alternatives=1
INSTRUMENTATION_STATUS_CODE: 0
INSTRUMENTATION_STATUS: candidate_width_measurement=v1 id=44 maximum=1 round=4 wall_ns=523417 cpu_ns=524000 states=612 verified=5 completion=0 alternatives=1
INSTRUMENTATION_STATUS_CODE: 0
INSTRUMENTATION_STATUS: candidate_width_measurement=v1 id=44 maximum=3 round=4 wall_ns=1288375 cpu_ns=1250584 states=1492 verified=7 completion=0 alternatives=3
INSTRUMENTATION_STATUS_CODE: 0
INSTRUMENTATION_STATUS: candidate_width_measurement=v1 id=44 maximum=7 round=4 wall_ns=2100000 cpu_ns=2045208 states=2455 verified=10 completion=0 alternatives=4
INSTRUMENTATION_STATUS_CODE: 0
INSTRUMENTATION_STATUS: candidate_width_measurement=v1 id=45 maximum=7 round=4 wall_ns=25084 cpu_ns=25708 states=28 verified=0 completion=2 alternatives=0
INSTRUMENTATION_STATUS_CODE: 0
INSTRUMENTATION_STATUS: candidate_width_measurement=v1 id=45 maximum=3 round=4 wall_ns=25416 cpu_ns=0 states=28 verified=0 completion=2 alternatives=0
INSTRUMENTATION_STATUS_CODE: 0
INSTRUMENTATION_STATUS: candidate_width_measurement=v1 id=45 maximum=1 round=4 wall_ns=23958 cpu_ns=24542 states=28 verified=0 completion=2 alternatives=0
INSTRUMENTATION_STATUS_CODE: 0
INSTRUMENTATION_STATUS: candidate_width_measurement=v1 id=46 maximum=1 round=4 wall_ns=1100417 cpu_ns=1002375 states=724 verified=11 completion=0 alternatives=1
INSTRUMENTATION_STATUS_CODE: 0
INSTRUMENTATION_STATUS: candidate_width_measurement=v1 id=46 maximum=3 round=4 wall_ns=1008750 cpu_ns=980959 states=724 verified=11 completion=0 alternatives=3
INSTRUMENTATION_STATUS_CODE: 0
INSTRUMENTATION_STATUS: candidate_width_measurement=v1 id=46 maximum=7 round=4 wall_ns=3087000 cpu_ns=3073916 states=2202 verified=27 completion=0 alternatives=7
INSTRUMENTATION_STATUS_CODE: 0
INSTRUMENTATION_STATUS: candidate_width_measurement=v1 id=47 maximum=7 round=4 wall_ns=13722166 cpu_ns=13599375 states=8192 verified=16 completion=3 alternatives=7
INSTRUMENTATION_STATUS_CODE: 0
INSTRUMENTATION_STATUS: candidate_width_measurement=v1 id=47 maximum=3 round=4 wall_ns=4032666 cpu_ns=4008500 states=2580 verified=16 completion=0 alternatives=3
INSTRUMENTATION_STATUS_CODE: 0
INSTRUMENTATION_STATUS: candidate_width_measurement=v1 id=47 maximum=1 round=4 wall_ns=2734250 cpu_ns=2622207 states=1621 verified=16 completion=0 alternatives=1
INSTRUMENTATION_STATUS_CODE: 0
INSTRUMENTATION_STATUS: candidate_width_measurement=v1 id=48 maximum=1 round=4 wall_ns=2472709 cpu_ns=2467917 states=1680 verified=21 completion=0 alternatives=1
INSTRUMENTATION_STATUS_CODE: 0
INSTRUMENTATION_STATUS: candidate_width_measurement=v1 id=48 maximum=3 round=4 wall_ns=2490709 cpu_ns=2411542 states=1680 verified=21 completion=0 alternatives=3
INSTRUMENTATION_STATUS_CODE: 0
INSTRUMENTATION_STATUS: candidate_width_measurement=v1 id=48 maximum=7 round=4 wall_ns=2483625 cpu_ns=2435916 states=1680 verified=21 completion=0 alternatives=7
INSTRUMENTATION_STATUS_CODE: 0
INSTRUMENTATION_STATUS: candidate_width_measurement=v1 id=49 maximum=7 round=4 wall_ns=1467000 cpu_ns=1467708 states=1514 verified=18 completion=0 alternatives=7
INSTRUMENTATION_STATUS_CODE: 0
INSTRUMENTATION_STATUS: candidate_width_measurement=v1 id=49 maximum=3 round=4 wall_ns=1437542 cpu_ns=1400917 states=1514 verified=18 completion=0 alternatives=3
INSTRUMENTATION_STATUS_CODE: 0
INSTRUMENTATION_STATUS: candidate_width_measurement=v1 id=49 maximum=1 round=4 wall_ns=303500 cpu_ns=303876 states=296 verified=5 completion=0 alternatives=1
INSTRUMENTATION_STATUS_CODE: 0
INSTRUMENTATION_STATUS: candidate_width_measurement=v1 id=50 maximum=1 round=4 wall_ns=445125 cpu_ns=445875 states=322 verified=8 completion=0 alternatives=1
INSTRUMENTATION_STATUS_CODE: 0
INSTRUMENTATION_STATUS: candidate_width_measurement=v1 id=50 maximum=3 round=4 wall_ns=2823000 cpu_ns=2742833 states=1892 verified=64 completion=4 alternatives=3
INSTRUMENTATION_STATUS_CODE: 0
INSTRUMENTATION_STATUS: candidate_width_measurement=v1 id=50 maximum=7 round=4 wall_ns=2928125 cpu_ns=2847417 states=1892 verified=64 completion=4 alternatives=7
INSTRUMENTATION_STATUS_CODE: 0
INSTRUMENTATION_STATUS: candidate_width_measurement=v1 id=51 maximum=7 round=4 wall_ns=736833 cpu_ns=715125 states=740 verified=11 completion=0 alternatives=7
INSTRUMENTATION_STATUS_CODE: 0
INSTRUMENTATION_STATUS: candidate_width_measurement=v1 id=51 maximum=3 round=4 wall_ns=465375 cpu_ns=466250 states=448 verified=11 completion=0 alternatives=3
INSTRUMENTATION_STATUS_CODE: 0
INSTRUMENTATION_STATUS: candidate_width_measurement=v1 id=51 maximum=1 round=4 wall_ns=572542 cpu_ns=448416 states=448 verified=11 completion=0 alternatives=1
INSTRUMENTATION_STATUS_CODE: 0
INSTRUMENTATION_STATUS: candidate_width_measurement=v1 id=52 maximum=1 round=4 wall_ns=3339750 cpu_ns=3303125 states=2008 verified=3 completion=0 alternatives=1
INSTRUMENTATION_STATUS_CODE: 0
INSTRUMENTATION_STATUS: candidate_width_measurement=v1 id=52 maximum=3 round=4 wall_ns=16007917 cpu_ns=14949040 states=8192 verified=4 completion=3 alternatives=3
INSTRUMENTATION_STATUS_CODE: 0
INSTRUMENTATION_STATUS: candidate_width_measurement=v1 id=52 maximum=7 round=4 wall_ns=14054750 cpu_ns=13975041 states=8192 verified=4 completion=3 alternatives=4
INSTRUMENTATION_STATUS_CODE: 0
INSTRUMENTATION_STATUS: candidate_width_measurement=v1 id=53 maximum=7 round=4 wall_ns=1544292 cpu_ns=1498624 states=1667 verified=10 completion=0 alternatives=7
INSTRUMENTATION_STATUS_CODE: 0
INSTRUMENTATION_STATUS: candidate_width_measurement=v1 id=53 maximum=3 round=4 wall_ns=447959 cpu_ns=449000 states=455 verified=6 completion=0 alternatives=3
INSTRUMENTATION_STATUS_CODE: 0
INSTRUMENTATION_STATUS: candidate_width_measurement=v1 id=53 maximum=1 round=4 wall_ns=315125 cpu_ns=316000 states=312 verified=4 completion=0 alternatives=1
INSTRUMENTATION_STATUS_CODE: 0
INSTRUMENTATION_STATUS: candidate_width_measurement=v1 id=54 maximum=1 round=4 wall_ns=2104458 cpu_ns=2092416 states=1412 verified=12 completion=0 alternatives=1
INSTRUMENTATION_STATUS_CODE: 0
INSTRUMENTATION_STATUS: candidate_width_measurement=v1 id=54 maximum=3 round=4 wall_ns=6312541 cpu_ns=6257374 states=4405 verified=14 completion=0 alternatives=3
INSTRUMENTATION_STATUS_CODE: 0
INSTRUMENTATION_STATUS: candidate_width_measurement=v1 id=54 maximum=7 round=4 wall_ns=11499458 cpu_ns=11431500 states=8192 verified=14 completion=3 alternatives=7
INSTRUMENTATION_STATUS_CODE: 0
INSTRUMENTATION_STATUS: candidate_width_measurement=v1 id=55 maximum=7 round=4 wall_ns=11145375 cpu_ns=11029626 states=6979 verified=13 completion=0 alternatives=7
INSTRUMENTATION_STATUS_CODE: 0
INSTRUMENTATION_STATUS: candidate_width_measurement=v1 id=55 maximum=3 round=4 wall_ns=11673375 cpu_ns=11622415 states=6979 verified=13 completion=0 alternatives=3
INSTRUMENTATION_STATUS_CODE: 0
INSTRUMENTATION_STATUS: candidate_width_measurement=v1 id=55 maximum=1 round=4 wall_ns=3517750 cpu_ns=3488376 states=2276 verified=10 completion=0 alternatives=1
INSTRUMENTATION_STATUS_CODE: 0
INSTRUMENTATION_STATUS: candidate_width_measurement=v1 id=56 maximum=1 round=4 wall_ns=1583541 cpu_ns=1557625 states=1277 verified=8 completion=0 alternatives=1
INSTRUMENTATION_STATUS_CODE: 0
INSTRUMENTATION_STATUS: candidate_width_measurement=v1 id=56 maximum=3 round=4 wall_ns=1484667 cpu_ns=1443083 states=1277 verified=8 completion=0 alternatives=3
INSTRUMENTATION_STATUS_CODE: 0
INSTRUMENTATION_STATUS: candidate_width_measurement=v1 id=56 maximum=7 round=4 wall_ns=1362083 cpu_ns=1348708 states=1277 verified=8 completion=0 alternatives=7
INSTRUMENTATION_STATUS_CODE: 0
INSTRUMENTATION_STATUS: candidate_width_measurement=v1 id=57 maximum=7 round=4 wall_ns=13292917 cpu_ns=13219957 states=8192 verified=3 completion=3 alternatives=3
INSTRUMENTATION_STATUS_CODE: 0
INSTRUMENTATION_STATUS: candidate_width_measurement=v1 id=57 maximum=3 round=4 wall_ns=13250584 cpu_ns=13190001 states=8192 verified=3 completion=3 alternatives=3
INSTRUMENTATION_STATUS_CODE: 0
INSTRUMENTATION_STATUS: candidate_width_measurement=v1 id=57 maximum=1 round=4 wall_ns=2516125 cpu_ns=2492582 states=1609 verified=3 completion=0 alternatives=1
INSTRUMENTATION_STATUS_CODE: 0
INSTRUMENTATION_STATUS: candidate_width_measurement=v1 id=58 maximum=1 round=4 wall_ns=483584 cpu_ns=484417 states=349 verified=5 completion=0 alternatives=1
INSTRUMENTATION_STATUS_CODE: 0
INSTRUMENTATION_STATUS: candidate_width_measurement=v1 id=58 maximum=3 round=4 wall_ns=4195375 cpu_ns=3950460 states=2200 verified=48 completion=0 alternatives=3
INSTRUMENTATION_STATUS_CODE: 0
INSTRUMENTATION_STATUS: candidate_width_measurement=v1 id=58 maximum=7 round=4 wall_ns=3659375 cpu_ns=3449583 states=2200 verified=48 completion=0 alternatives=7
INSTRUMENTATION_STATUS_CODE: 0
INSTRUMENTATION_STATUS: candidate_width_measurement=v1 id=59 maximum=7 round=4 wall_ns=8846917 cpu_ns=7794334 states=5151 verified=15 completion=0 alternatives=7
INSTRUMENTATION_STATUS_CODE: 0
INSTRUMENTATION_STATUS: candidate_width_measurement=v1 id=59 maximum=3 round=4 wall_ns=3957167 cpu_ns=3909750 states=2741 verified=13 completion=0 alternatives=3
INSTRUMENTATION_STATUS_CODE: 0
INSTRUMENTATION_STATUS: candidate_width_measurement=v1 id=59 maximum=1 round=4 wall_ns=2212583 cpu_ns=2138125 states=1483 verified=9 completion=0 alternatives=1
INSTRUMENTATION_STATUS_CODE: 0
INSTRUMENTATION_STATUS: class=io.github.mesteriis.rune.keyboard.smarttyping.lexicon.TopSevenInstrumentedTest
INSTRUMENTATION_STATUS: current=160
INSTRUMENTATION_STATUS: id=AndroidJUnitRunner
INSTRUMENTATION_STATUS: numtests=161
INSTRUMENTATION_STATUS: stream=.
INSTRUMENTATION_STATUS: test=requestedWidthsPreserveCertifiedPrefixes
INSTRUMENTATION_STATUS_CODE: 0
INSTRUMENTATION_STATUS: class=io.github.mesteriis.rune.keyboard.smarttyping.lexicon.TopSevenInstrumentedTest
INSTRUMENTATION_STATUS: current=161
INSTRUMENTATION_STATUS: id=AndroidJUnitRunner
INSTRUMENTATION_STATUS: numtests=161
INSTRUMENTATION_STATUS: stream=
INSTRUMENTATION_STATUS: test=packedTopSevenAndExhaustiveComparison
INSTRUMENTATION_STATUS_CODE: 1
INSTRUMENTATION_STATUS: top_seven_measurement=v1 id=0 strategy=0 round=0 wall_ns=2471250 cpu_ns=2471750 states=8192 verified=17 completion=3 alternatives=7
INSTRUMENTATION_STATUS_CODE: 0
INSTRUMENTATION_STATUS: top_seven_measurement=v1 id=0 strategy=1 round=0 wall_ns=12353667 cpu_ns=11337835 states=8192 verified=13 completion=3 alternatives=7
INSTRUMENTATION_STATUS_CODE: 0
INSTRUMENTATION_STATUS: top_seven_measurement=v1 id=1 strategy=1 round=0 wall_ns=1098084 cpu_ns=1088833 states=1438 verified=13 completion=0 alternatives=7
INSTRUMENTATION_STATUS_CODE: 0
INSTRUMENTATION_STATUS: top_seven_measurement=v1 id=1 strategy=0 round=0 wall_ns=756584 cpu_ns=688833 states=2144 verified=14 completion=0 alternatives=7
INSTRUMENTATION_STATUS_CODE: 0
INSTRUMENTATION_STATUS: top_seven_measurement=v1 id=2 strategy=0 round=0 wall_ns=2405875 cpu_ns=2382249 states=8192 verified=10 completion=3 alternatives=7
INSTRUMENTATION_STATUS_CODE: 0
INSTRUMENTATION_STATUS: top_seven_measurement=v1 id=2 strategy=1 round=0 wall_ns=10981167 cpu_ns=10916083 states=8192 verified=5 completion=3 alternatives=5
INSTRUMENTATION_STATUS_CODE: 0
INSTRUMENTATION_STATUS: top_seven_measurement=v1 id=3 strategy=1 round=0 wall_ns=7634708 cpu_ns=7556875 states=6441 verified=57 completion=0 alternatives=7
INSTRUMENTATION_STATUS_CODE: 0
INSTRUMENTATION_STATUS: top_seven_measurement=v1 id=3 strategy=0 round=0 wall_ns=2427000 cpu_ns=2416625 states=8192 verified=33 completion=3 alternatives=7
INSTRUMENTATION_STATUS_CODE: 0
INSTRUMENTATION_STATUS: top_seven_measurement=v1 id=4 strategy=0 round=0 wall_ns=2412000 cpu_ns=2387541 states=8192 verified=7 completion=3 alternatives=7
INSTRUMENTATION_STATUS_CODE: 0
INSTRUMENTATION_STATUS: top_seven_measurement=v1 id=4 strategy=1 round=0 wall_ns=10799166 cpu_ns=10717125 states=8192 verified=7 completion=3 alternatives=7
INSTRUMENTATION_STATUS_CODE: 0
INSTRUMENTATION_STATUS: top_seven_measurement=v1 id=5 strategy=1 round=0 wall_ns=2360875 cpu_ns=2318334 states=2139 verified=59 completion=0 alternatives=7
INSTRUMENTATION_STATUS_CODE: 0
INSTRUMENTATION_STATUS: top_seven_measurement=v1 id=5 strategy=0 round=0 wall_ns=2578917 cpu_ns=2534125 states=8192 verified=49 completion=3 alternatives=7
INSTRUMENTATION_STATUS_CODE: 0
INSTRUMENTATION_STATUS: top_seven_measurement=v1 id=6 strategy=0 round=0 wall_ns=2689708 cpu_ns=2646750 states=8192 verified=37 completion=3 alternatives=7
INSTRUMENTATION_STATUS_CODE: 0
INSTRUMENTATION_STATUS: top_seven_measurement=v1 id=6 strategy=1 round=0 wall_ns=6152833 cpu_ns=6073125 states=5398 verified=16 completion=0 alternatives=7
INSTRUMENTATION_STATUS_CODE: 0
INSTRUMENTATION_STATUS: top_seven_measurement=v1 id=7 strategy=1 round=0 wall_ns=8391291 cpu_ns=8334918 states=5678 verified=45 completion=0 alternatives=7
INSTRUMENTATION_STATUS_CODE: 0
INSTRUMENTATION_STATUS: top_seven_measurement=v1 id=7 strategy=0 round=0 wall_ns=2109625 cpu_ns=2067499 states=4050 verified=64 completion=4 alternatives=7
INSTRUMENTATION_STATUS_CODE: 0
INSTRUMENTATION_STATUS: top_seven_measurement=v1 id=8 strategy=0 round=0 wall_ns=1229125 cpu_ns=1210457 states=1838 verified=64 completion=4 alternatives=7
INSTRUMENTATION_STATUS_CODE: 0
INSTRUMENTATION_STATUS: top_seven_measurement=v1 id=8 strategy=1 round=0 wall_ns=2331708 cpu_ns=2283875 states=1503 verified=64 completion=4 alternatives=7
INSTRUMENTATION_STATUS_CODE: 0
INSTRUMENTATION_STATUS: top_seven_measurement=v1 id=9 strategy=1 round=0 wall_ns=5325833 cpu_ns=5285000 states=4662 verified=13 completion=0 alternatives=7
INSTRUMENTATION_STATUS_CODE: 0
INSTRUMENTATION_STATUS: top_seven_measurement=v1 id=9 strategy=0 round=0 wall_ns=2290875 cpu_ns=2253083 states=8192 verified=13 completion=3 alternatives=7
INSTRUMENTATION_STATUS_CODE: 0
INSTRUMENTATION_STATUS: top_seven_measurement=v1 id=10 strategy=0 round=0 wall_ns=1041833 cpu_ns=958833 states=3038 verified=57 completion=0 alternatives=7
INSTRUMENTATION_STATUS_CODE: 0
INSTRUMENTATION_STATUS: top_seven_measurement=v1 id=10 strategy=1 round=0 wall_ns=1371750 cpu_ns=1325209 states=1917 verified=42 completion=0 alternatives=7
INSTRUMENTATION_STATUS_CODE: 0
INSTRUMENTATION_STATUS: top_seven_measurement=v1 id=11 strategy=1 round=0 wall_ns=11240834 cpu_ns=11181917 states=8192 verified=49 completion=3 alternatives=7
INSTRUMENTATION_STATUS_CODE: 0
INSTRUMENTATION_STATUS: top_seven_measurement=v1 id=11 strategy=0 round=0 wall_ns=2645042 cpu_ns=2634082 states=8192 verified=34 completion=3 alternatives=7
INSTRUMENTATION_STATUS_CODE: 0
INSTRUMENTATION_STATUS: top_seven_measurement=v1 id=12 strategy=0 round=0 wall_ns=1006375 cpu_ns=982124 states=3316 verified=21 completion=0 alternatives=7
INSTRUMENTATION_STATUS_CODE: 0
INSTRUMENTATION_STATUS: top_seven_measurement=v1 id=12 strategy=1 round=0 wall_ns=1596791 cpu_ns=1597458 states=1986 verified=15 completion=0 alternatives=7
INSTRUMENTATION_STATUS_CODE: 0
INSTRUMENTATION_STATUS: top_seven_measurement=v1 id=13 strategy=1 round=0 wall_ns=3761292 cpu_ns=3696668 states=2999 verified=64 completion=4 alternatives=7
INSTRUMENTATION_STATUS_CODE: 0
INSTRUMENTATION_STATUS: top_seven_measurement=v1 id=13 strategy=0 round=0 wall_ns=3889291 cpu_ns=2873083 states=8192 verified=42 completion=3 alternatives=7
INSTRUMENTATION_STATUS_CODE: 0
INSTRUMENTATION_STATUS: top_seven_measurement=v1 id=14 strategy=0 round=0 wall_ns=2474708 cpu_ns=2326250 states=8192 verified=0 completion=3 alternatives=0
INSTRUMENTATION_STATUS_CODE: 0
INSTRUMENTATION_STATUS: top_seven_measurement=v1 id=14 strategy=1 round=0 wall_ns=12759126 cpu_ns=12610083 states=8192 verified=1 completion=3 alternatives=1
INSTRUMENTATION_STATUS_CODE: 0
INSTRUMENTATION_STATUS: top_seven_measurement=v1 id=15 strategy=1 round=0 wall_ns=1148458 cpu_ns=1063582 states=1324 verified=9 completion=0 alternatives=7
INSTRUMENTATION_STATUS_CODE: 0
INSTRUMENTATION_STATUS: top_seven_measurement=v1 id=15 strategy=0 round=0 wall_ns=896958 cpu_ns=776582 states=2138 verified=16 completion=0 alternatives=7
INSTRUMENTATION_STATUS_CODE: 0
INSTRUMENTATION_STATUS: top_seven_measurement=v1 id=16 strategy=0 round=0 wall_ns=2548167 cpu_ns=2486709 states=8192 verified=15 completion=3 alternatives=7
INSTRUMENTATION_STATUS_CODE: 0
INSTRUMENTATION_STATUS: top_seven_measurement=v1 id=16 strategy=1 round=0 wall_ns=10527125 cpu_ns=10363416 states=8192 verified=14 completion=3 alternatives=7
INSTRUMENTATION_STATUS_CODE: 0
INSTRUMENTATION_STATUS: top_seven_measurement=v1 id=17 strategy=1 round=0 wall_ns=10982625 cpu_ns=10853667 states=8192 verified=2 completion=3 alternatives=2
INSTRUMENTATION_STATUS_CODE: 0
INSTRUMENTATION_STATUS: top_seven_measurement=v1 id=17 strategy=0 round=0 wall_ns=2334916 cpu_ns=2278376 states=8192 verified=1 completion=3 alternatives=1
INSTRUMENTATION_STATUS_CODE: 0
INSTRUMENTATION_STATUS: top_seven_measurement=v1 id=18 strategy=0 round=0 wall_ns=1082000 cpu_ns=952168 states=3409 verified=5 completion=0 alternatives=5
INSTRUMENTATION_STATUS_CODE: 0
INSTRUMENTATION_STATUS: top_seven_measurement=v1 id=18 strategy=1 round=0 wall_ns=2637500 cpu_ns=2569334 states=3409 verified=5 completion=0 alternatives=5
INSTRUMENTATION_STATUS_CODE: 0
INSTRUMENTATION_STATUS: top_seven_measurement=v1 id=19 strategy=1 round=0 wall_ns=1215500 cpu_ns=1053584 states=1121 verified=50 completion=0 alternatives=7
INSTRUMENTATION_STATUS_CODE: 0
INSTRUMENTATION_STATUS: top_seven_measurement=v1 id=19 strategy=0 round=0 wall_ns=946333 cpu_ns=776291 states=1668 verified=52 completion=0 alternatives=7
INSTRUMENTATION_STATUS_CODE: 0
INSTRUMENTATION_STATUS: top_seven_measurement=v1 id=20 strategy=0 round=0 wall_ns=2906583 cpu_ns=2777126 states=8192 verified=12 completion=3 alternatives=7
INSTRUMENTATION_STATUS_CODE: 0
INSTRUMENTATION_STATUS: top_seven_measurement=v1 id=20 strategy=1 round=0 wall_ns=4926083 cpu_ns=4830207 states=2619 verified=64 completion=4 alternatives=7
INSTRUMENTATION_STATUS_CODE: 0
INSTRUMENTATION_STATUS: top_seven_measurement=v1 id=21 strategy=1 round=0 wall_ns=11519875 cpu_ns=11422957 states=5806 verified=21 completion=0 alternatives=7
INSTRUMENTATION_STATUS_CODE: 0
INSTRUMENTATION_STATUS: top_seven_measurement=v1 id=21 strategy=0 round=0 wall_ns=3692458 cpu_ns=3560457 states=8192 verified=44 completion=3 alternatives=7
INSTRUMENTATION_STATUS_CODE: 0
INSTRUMENTATION_STATUS: top_seven_measurement=v1 id=22 strategy=0 round=0 wall_ns=816583 cpu_ns=739792 states=1937 verified=11 completion=0 alternatives=7
INSTRUMENTATION_STATUS_CODE: 0
INSTRUMENTATION_STATUS: top_seven_measurement=v1 id=22 strategy=1 round=0 wall_ns=1932458 cpu_ns=1822543 states=1928 verified=10 completion=0 alternatives=7
INSTRUMENTATION_STATUS_CODE: 0
INSTRUMENTATION_STATUS: top_seven_measurement=v1 id=23 strategy=1 round=0 wall_ns=1677833 cpu_ns=1546792 states=1455 verified=24 completion=0 alternatives=7
INSTRUMENTATION_STATUS_CODE: 0
INSTRUMENTATION_STATUS: top_seven_measurement=v1 id=23 strategy=0 round=0 wall_ns=797083 cpu_ns=723375 states=1462 verified=25 completion=0 alternatives=7
INSTRUMENTATION_STATUS_CODE: 0
INSTRUMENTATION_STATUS: top_seven_measurement=v1 id=24 strategy=0 round=0 wall_ns=592208 cpu_ns=515625 states=1273 verified=29 completion=0 alternatives=7
INSTRUMENTATION_STATUS_CODE: 0
INSTRUMENTATION_STATUS: top_seven_measurement=v1 id=24 strategy=1 round=0 wall_ns=1063750 cpu_ns=972042 states=1273 verified=29 completion=0 alternatives=7
INSTRUMENTATION_STATUS_CODE: 0
INSTRUMENTATION_STATUS: top_seven_measurement=v1 id=25 strategy=1 round=0 wall_ns=10023333 cpu_ns=9917999 states=6796 verified=11 completion=0 alternatives=7
INSTRUMENTATION_STATUS_CODE: 0
INSTRUMENTATION_STATUS: top_seven_measurement=v1 id=25 strategy=0 round=0 wall_ns=2777916 cpu_ns=2735833 states=8192 verified=18 completion=3 alternatives=7
INSTRUMENTATION_STATUS_CODE: 0
INSTRUMENTATION_STATUS: top_seven_measurement=v1 id=26 strategy=0 round=0 wall_ns=2822125 cpu_ns=2660333 states=8192 verified=22 completion=3 alternatives=7
INSTRUMENTATION_STATUS_CODE: 0
INSTRUMENTATION_STATUS: top_seven_measurement=v1 id=26 strategy=1 round=0 wall_ns=7706000 cpu_ns=7592166 states=4889 verified=39 completion=0 alternatives=7
INSTRUMENTATION_STATUS_CODE: 0
INSTRUMENTATION_STATUS: top_seven_measurement=v1 id=27 strategy=1 round=0 wall_ns=1948209 cpu_ns=1748459 states=1508 verified=8 completion=0 alternatives=7
INSTRUMENTATION_STATUS_CODE: 0
INSTRUMENTATION_STATUS: top_seven_measurement=v1 id=27 strategy=0 round=0 wall_ns=893875 cpu_ns=749709 states=1508 verified=8 completion=0 alternatives=7
INSTRUMENTATION_STATUS_CODE: 0
INSTRUMENTATION_STATUS: top_seven_measurement=v1 id=28 strategy=0 round=0 wall_ns=2143584 cpu_ns=1971792 states=2798 verified=64 completion=4 alternatives=7
INSTRUMENTATION_STATUS_CODE: 0
INSTRUMENTATION_STATUS: top_seven_measurement=v1 id=28 strategy=1 round=0 wall_ns=6773750 cpu_ns=6662666 states=4469 verified=63 completion=0 alternatives=7
INSTRUMENTATION_STATUS_CODE: 0
INSTRUMENTATION_STATUS: top_seven_measurement=v1 id=29 strategy=1 round=0 wall_ns=12395833 cpu_ns=11416792 states=7060 verified=55 completion=0 alternatives=7
INSTRUMENTATION_STATUS_CODE: 0
INSTRUMENTATION_STATUS: top_seven_measurement=v1 id=29 strategy=0 round=0 wall_ns=3185666 cpu_ns=3027626 states=6682 verified=64 completion=4 alternatives=7
INSTRUMENTATION_STATUS_CODE: 0
INSTRUMENTATION_STATUS: top_seven_measurement=v1 id=30 strategy=0 round=0 wall_ns=3065667 cpu_ns=2925250 states=7644 verified=64 completion=4 alternatives=7
INSTRUMENTATION_STATUS_CODE: 0
INSTRUMENTATION_STATUS: top_seven_measurement=v1 id=30 strategy=1 round=0 wall_ns=3636708 cpu_ns=3516791 states=2206 verified=64 completion=4 alternatives=7
INSTRUMENTATION_STATUS_CODE: 0
INSTRUMENTATION_STATUS: top_seven_measurement=v1 id=31 strategy=1 round=0 wall_ns=11687792 cpu_ns=11535207 states=6727 verified=12 completion=0 alternatives=7
INSTRUMENTATION_STATUS_CODE: 0
INSTRUMENTATION_STATUS: top_seven_measurement=v1 id=31 strategy=0 round=0 wall_ns=3161792 cpu_ns=3060501 states=8192 verified=27 completion=3 alternatives=7
INSTRUMENTATION_STATUS_CODE: 0
INSTRUMENTATION_STATUS: top_seven_measurement=v1 id=32 strategy=0 round=0 wall_ns=3204583 cpu_ns=3115084 states=8192 verified=47 completion=3 alternatives=7
INSTRUMENTATION_STATUS_CODE: 0
INSTRUMENTATION_STATUS: top_seven_measurement=v1 id=32 strategy=1 round=0 wall_ns=8340292 cpu_ns=8151209 states=5006 verified=47 completion=0 alternatives=7
INSTRUMENTATION_STATUS_CODE: 0
INSTRUMENTATION_STATUS: top_seven_measurement=v1 id=33 strategy=1 round=0 wall_ns=4459708 cpu_ns=4347083 states=3501 verified=18 completion=0 alternatives=7
INSTRUMENTATION_STATUS_CODE: 0
INSTRUMENTATION_STATUS: top_seven_measurement=v1 id=33 strategy=0 round=0 wall_ns=2886291 cpu_ns=2792792 states=8192 verified=41 completion=3 alternatives=7
INSTRUMENTATION_STATUS_CODE: 0
INSTRUMENTATION_STATUS: top_seven_measurement=v1 id=34 strategy=0 round=0 wall_ns=2399417 cpu_ns=2341252 states=8192 verified=5 completion=3 alternatives=5
INSTRUMENTATION_STATUS_CODE: 0
INSTRUMENTATION_STATUS: top_seven_measurement=v1 id=34 strategy=1 round=0 wall_ns=14560709 cpu_ns=14502127 states=8192 verified=26 completion=3 alternatives=7
INSTRUMENTATION_STATUS_CODE: 0
INSTRUMENTATION_STATUS: top_seven_measurement=v1 id=35 strategy=1 round=0 wall_ns=11954458 cpu_ns=11888291 states=8192 verified=25 completion=3 alternatives=7
INSTRUMENTATION_STATUS_CODE: 0
INSTRUMENTATION_STATUS: top_seven_measurement=v1 id=35 strategy=0 round=0 wall_ns=2925041 cpu_ns=2808585 states=8192 verified=26 completion=3 alternatives=7
INSTRUMENTATION_STATUS_CODE: 0
INSTRUMENTATION_STATUS: top_seven_measurement=v1 id=36 strategy=0 round=0 wall_ns=2448000 cpu_ns=2420958 states=8192 verified=13 completion=3 alternatives=7
INSTRUMENTATION_STATUS_CODE: 0
INSTRUMENTATION_STATUS: top_seven_measurement=v1 id=36 strategy=1 round=0 wall_ns=3711584 cpu_ns=3689125 states=2213 verified=48 completion=0 alternatives=7
INSTRUMENTATION_STATUS_CODE: 0
INSTRUMENTATION_STATUS: top_seven_measurement=v1 id=37 strategy=1 round=0 wall_ns=16448166 cpu_ns=16353750 states=8192 verified=5 completion=3 alternatives=5
INSTRUMENTATION_STATUS_CODE: 0
INSTRUMENTATION_STATUS: top_seven_measurement=v1 id=37 strategy=0 round=0 wall_ns=2606500 cpu_ns=2565791 states=8192 verified=5 completion=3 alternatives=5
INSTRUMENTATION_STATUS_CODE: 0
INSTRUMENTATION_STATUS: top_seven_measurement=v1 id=38 strategy=0 round=0 wall_ns=2593417 cpu_ns=2594375 states=8192 verified=5 completion=3 alternatives=5
INSTRUMENTATION_STATUS_CODE: 0
INSTRUMENTATION_STATUS: top_seven_measurement=v1 id=38 strategy=1 round=0 wall_ns=15727042 cpu_ns=15661583 states=8192 verified=29 completion=3 alternatives=7
INSTRUMENTATION_STATUS_CODE: 0
INSTRUMENTATION_STATUS: top_seven_measurement=v1 id=39 strategy=1 round=0 wall_ns=3109917 cpu_ns=3085375 states=1873 verified=64 completion=4 alternatives=7
INSTRUMENTATION_STATUS_CODE: 0
INSTRUMENTATION_STATUS: top_seven_measurement=v1 id=39 strategy=0 round=0 wall_ns=2160333 cpu_ns=2134916 states=4858 verified=64 completion=4 alternatives=7
INSTRUMENTATION_STATUS_CODE: 0
INSTRUMENTATION_STATUS: top_seven_measurement=v1 id=40 strategy=0 round=0 wall_ns=850500 cpu_ns=851375 states=1943 verified=60 completion=0 alternatives=7
INSTRUMENTATION_STATUS_CODE: 0
INSTRUMENTATION_STATUS: top_seven_measurement=v1 id=40 strategy=1 round=0 wall_ns=672166 cpu_ns=658333 states=1119 verified=42 completion=0 alternatives=7
INSTRUMENTATION_STATUS_CODE: 0
INSTRUMENTATION_STATUS: top_seven_measurement=v1 id=41 strategy=1 round=0 wall_ns=2489041 cpu_ns=2455125 states=3007 verified=13 completion=0 alternatives=7
INSTRUMENTATION_STATUS_CODE: 0
INSTRUMENTATION_STATUS: top_seven_measurement=v1 id=41 strategy=0 round=0 wall_ns=816083 cpu_ns=816834 states=3014 verified=13 completion=0 alternatives=7
INSTRUMENTATION_STATUS_CODE: 0
INSTRUMENTATION_STATUS: top_seven_measurement=v1 id=42 strategy=0 round=0 wall_ns=885958 cpu_ns=886667 states=2621 verified=56 completion=0 alternatives=7
INSTRUMENTATION_STATUS_CODE: 0
INSTRUMENTATION_STATUS: top_seven_measurement=v1 id=42 strategy=1 round=0 wall_ns=778500 cpu_ns=735874 states=1399 verified=41 completion=0 alternatives=7
INSTRUMENTATION_STATUS_CODE: 0
INSTRUMENTATION_STATUS: top_seven_measurement=v1 id=43 strategy=1 round=0 wall_ns=7820417 cpu_ns=6805373 states=4904 verified=13 completion=0 alternatives=7
INSTRUMENTATION_STATUS_CODE: 0
INSTRUMENTATION_STATUS: top_seven_measurement=v1 id=43 strategy=0 round=0 wall_ns=3261292 cpu_ns=3225959 states=8192 verified=50 completion=3 alternatives=7
INSTRUMENTATION_STATUS_CODE: 0
INSTRUMENTATION_STATUS: top_seven_measurement=v1 id=44 strategy=0 round=0 wall_ns=711709 cpu_ns=712375 states=2455 verified=10 completion=0 alternatives=4
INSTRUMENTATION_STATUS_CODE: 0
INSTRUMENTATION_STATUS: top_seven_measurement=v1 id=44 strategy=1 round=0 wall_ns=2140334 cpu_ns=2126125 states=2455 verified=10 completion=0 alternatives=4
INSTRUMENTATION_STATUS_CODE: 0
INSTRUMENTATION_STATUS: top_seven_measurement=v1 id=45 strategy=1 round=0 wall_ns=20250 cpu_ns=7709 states=28 verified=0 completion=2 alternatives=0
INSTRUMENTATION_STATUS_CODE: 0
INSTRUMENTATION_STATUS: top_seven_measurement=v1 id=45 strategy=0 round=0 wall_ns=123458 cpu_ns=65875 states=28 verified=0 completion=2 alternatives=0
INSTRUMENTATION_STATUS_CODE: 0
INSTRUMENTATION_STATUS: top_seven_measurement=v1 id=46 strategy=0 round=0 wall_ns=1615375 cpu_ns=1561125 states=2906 verified=64 completion=4 alternatives=7
INSTRUMENTATION_STATUS_CODE: 0
INSTRUMENTATION_STATUS: top_seven_measurement=v1 id=46 strategy=1 round=0 wall_ns=2938958 cpu_ns=2873291 states=2202 verified=27 completion=0 alternatives=7
INSTRUMENTATION_STATUS_CODE: 0
INSTRUMENTATION_STATUS: top_seven_measurement=v1 id=47 strategy=1 round=0 wall_ns=13205500 cpu_ns=13152166 states=8192 verified=16 completion=3 alternatives=7
INSTRUMENTATION_STATUS_CODE: 0
INSTRUMENTATION_STATUS: top_seven_measurement=v1 id=47 strategy=0 round=0 wall_ns=2906459 cpu_ns=2840333 states=8192 verified=16 completion=3 alternatives=7
INSTRUMENTATION_STATUS_CODE: 0
INSTRUMENTATION_STATUS: top_seven_measurement=v1 id=48 strategy=0 round=0 wall_ns=2604500 cpu_ns=2496335 states=5158 verified=64 completion=4 alternatives=7
INSTRUMENTATION_STATUS_CODE: 0
INSTRUMENTATION_STATUS: top_seven_measurement=v1 id=48 strategy=1 round=0 wall_ns=2485875 cpu_ns=2437875 states=1680 verified=21 completion=0 alternatives=7
INSTRUMENTATION_STATUS_CODE: 0
INSTRUMENTATION_STATUS: top_seven_measurement=v1 id=49 strategy=1 round=0 wall_ns=1450584 cpu_ns=1381999 states=1514 verified=18 completion=0 alternatives=7
INSTRUMENTATION_STATUS_CODE: 0
INSTRUMENTATION_STATUS: top_seven_measurement=v1 id=49 strategy=0 round=0 wall_ns=527250 cpu_ns=520083 states=1514 verified=18 completion=0 alternatives=7
INSTRUMENTATION_STATUS_CODE: 0
INSTRUMENTATION_STATUS: top_seven_measurement=v1 id=50 strategy=0 round=0 wall_ns=1342084 cpu_ns=1340791 states=2296 verified=64 completion=4 alternatives=7
INSTRUMENTATION_STATUS_CODE: 0
INSTRUMENTATION_STATUS: top_seven_measurement=v1 id=50 strategy=1 round=0 wall_ns=2763375 cpu_ns=2740833 states=1892 verified=64 completion=4 alternatives=7
INSTRUMENTATION_STATUS_CODE: 0
INSTRUMENTATION_STATUS: top_seven_measurement=v1 id=51 strategy=1 round=0 wall_ns=670833 cpu_ns=648417 states=740 verified=11 completion=0 alternatives=7
INSTRUMENTATION_STATUS_CODE: 0
INSTRUMENTATION_STATUS: top_seven_measurement=v1 id=51 strategy=0 round=0 wall_ns=1070208 cpu_ns=1044874 states=3145 verified=33 completion=0 alternatives=7
INSTRUMENTATION_STATUS_CODE: 0
INSTRUMENTATION_STATUS: top_seven_measurement=v1 id=52 strategy=0 round=0 wall_ns=2452583 cpu_ns=2453250 states=8192 verified=4 completion=3 alternatives=4
INSTRUMENTATION_STATUS_CODE: 0
INSTRUMENTATION_STATUS: top_seven_measurement=v1 id=52 strategy=1 round=0 wall_ns=13551209 cpu_ns=13483498 states=8192 verified=4 completion=3 alternatives=4
INSTRUMENTATION_STATUS_CODE: 0
INSTRUMENTATION_STATUS: top_seven_measurement=v1 id=53 strategy=1 round=0 wall_ns=1407584 cpu_ns=1385625 states=1667 verified=10 completion=0 alternatives=7
INSTRUMENTATION_STATUS_CODE: 0
INSTRUMENTATION_STATUS: top_seven_measurement=v1 id=53 strategy=0 round=0 wall_ns=849125 cpu_ns=843375 states=2924 verified=17 completion=0 alternatives=7
INSTRUMENTATION_STATUS_CODE: 0
INSTRUMENTATION_STATUS: top_seven_measurement=v1 id=54 strategy=0 round=0 wall_ns=2590667 cpu_ns=2567999 states=8192 verified=20 completion=3 alternatives=7
INSTRUMENTATION_STATUS_CODE: 0
INSTRUMENTATION_STATUS: top_seven_measurement=v1 id=54 strategy=1 round=0 wall_ns=11176250 cpu_ns=11034751 states=8192 verified=14 completion=3 alternatives=7
INSTRUMENTATION_STATUS_CODE: 0
INSTRUMENTATION_STATUS: top_seven_measurement=v1 id=55 strategy=1 round=0 wall_ns=10714417 cpu_ns=10653041 states=6979 verified=13 completion=0 alternatives=7
INSTRUMENTATION_STATUS_CODE: 0
INSTRUMENTATION_STATUS: top_seven_measurement=v1 id=55 strategy=0 round=0 wall_ns=2647291 cpu_ns=2648083 states=8192 verified=23 completion=3 alternatives=7
INSTRUMENTATION_STATUS_CODE: 0
INSTRUMENTATION_STATUS: top_seven_measurement=v1 id=56 strategy=0 round=0 wall_ns=663708 cpu_ns=664375 states=2318 verified=12 completion=0 alternatives=7
INSTRUMENTATION_STATUS_CODE: 0
INSTRUMENTATION_STATUS: top_seven_measurement=v1 id=56 strategy=1 round=0 wall_ns=1019792 cpu_ns=971751 states=1277 verified=8 completion=0 alternatives=7
INSTRUMENTATION_STATUS_CODE: 0
INSTRUMENTATION_STATUS: top_seven_measurement=v1 id=57 strategy=1 round=0 wall_ns=12969167 cpu_ns=12880164 states=8192 verified=3 completion=3 alternatives=3
INSTRUMENTATION_STATUS_CODE: 0
INSTRUMENTATION_STATUS: top_seven_measurement=v1 id=57 strategy=0 round=0 wall_ns=2431208 cpu_ns=2402416 states=8192 verified=6 completion=3 alternatives=6
INSTRUMENTATION_STATUS_CODE: 0
INSTRUMENTATION_STATUS: top_seven_measurement=v1 id=58 strategy=0 round=0 wall_ns=1104333 cpu_ns=1104959 states=970 verified=64 completion=4 alternatives=7
INSTRUMENTATION_STATUS_CODE: 0
INSTRUMENTATION_STATUS: top_seven_measurement=v1 id=58 strategy=1 round=0 wall_ns=3122875 cpu_ns=3094125 states=2200 verified=48 completion=0 alternatives=7
INSTRUMENTATION_STATUS_CODE: 0
INSTRUMENTATION_STATUS: top_seven_measurement=v1 id=59 strategy=1 round=0 wall_ns=8642750 cpu_ns=7721333 states=5151 verified=15 completion=0 alternatives=7
INSTRUMENTATION_STATUS_CODE: 0
INSTRUMENTATION_STATUS: top_seven_measurement=v1 id=59 strategy=0 round=0 wall_ns=2534875 cpu_ns=2509458 states=8192 verified=14 completion=3 alternatives=7
INSTRUMENTATION_STATUS_CODE: 0
INSTRUMENTATION_STATUS: top_seven_measurement=v1 id=0 strategy=1 round=1 wall_ns=10888500 cpu_ns=10801001 states=8192 verified=13 completion=3 alternatives=7
INSTRUMENTATION_STATUS_CODE: 0
INSTRUMENTATION_STATUS: top_seven_measurement=v1 id=0 strategy=0 round=1 wall_ns=2482917 cpu_ns=2482707 states=8192 verified=17 completion=3 alternatives=7
INSTRUMENTATION_STATUS_CODE: 0
INSTRUMENTATION_STATUS: top_seven_measurement=v1 id=1 strategy=0 round=1 wall_ns=615750 cpu_ns=612208 states=2144 verified=14 completion=0 alternatives=7
INSTRUMENTATION_STATUS_CODE: 0
INSTRUMENTATION_STATUS: top_seven_measurement=v1 id=1 strategy=1 round=1 wall_ns=1088917 cpu_ns=1076125 states=1438 verified=13 completion=0 alternatives=7
INSTRUMENTATION_STATUS_CODE: 0
INSTRUMENTATION_STATUS: top_seven_measurement=v1 id=2 strategy=1 round=1 wall_ns=10991083 cpu_ns=10914792 states=8192 verified=5 completion=3 alternatives=5
INSTRUMENTATION_STATUS_CODE: 0
INSTRUMENTATION_STATUS: top_seven_measurement=v1 id=2 strategy=0 round=1 wall_ns=2372459 cpu_ns=2373125 states=8192 verified=10 completion=3 alternatives=7
INSTRUMENTATION_STATUS_CODE: 0
INSTRUMENTATION_STATUS: top_seven_measurement=v1 id=3 strategy=0 round=1 wall_ns=2423167 cpu_ns=2395458 states=8192 verified=33 completion=3 alternatives=7
INSTRUMENTATION_STATUS_CODE: 0
INSTRUMENTATION_STATUS: top_seven_measurement=v1 id=3 strategy=1 round=1 wall_ns=7370791 cpu_ns=7333042 states=6441 verified=57 completion=0 alternatives=7
INSTRUMENTATION_STATUS_CODE: 0
INSTRUMENTATION_STATUS: top_seven_measurement=v1 id=4 strategy=1 round=1 wall_ns=11066000 cpu_ns=11007583 states=8192 verified=7 completion=3 alternatives=7
INSTRUMENTATION_STATUS_CODE: 0
INSTRUMENTATION_STATUS: top_seven_measurement=v1 id=4 strategy=0 round=1 wall_ns=2275500 cpu_ns=2272041 states=8192 verified=7 completion=3 alternatives=7
INSTRUMENTATION_STATUS_CODE: 0
INSTRUMENTATION_STATUS: top_seven_measurement=v1 id=5 strategy=0 round=1 wall_ns=2545208 cpu_ns=2520792 states=8192 verified=49 completion=3 alternatives=7
INSTRUMENTATION_STATUS_CODE: 0
INSTRUMENTATION_STATUS: top_seven_measurement=v1 id=5 strategy=1 round=1 wall_ns=2382791 cpu_ns=2344543 states=2139 verified=59 completion=0 alternatives=7
INSTRUMENTATION_STATUS_CODE: 0
INSTRUMENTATION_STATUS: top_seven_measurement=v1 id=6 strategy=1 round=1 wall_ns=6193125 cpu_ns=6152457 states=5398 verified=16 completion=0 alternatives=7
INSTRUMENTATION_STATUS_CODE: 0
INSTRUMENTATION_STATUS: top_seven_measurement=v1 id=6 strategy=0 round=1 wall_ns=2658875 cpu_ns=2601874 states=8192 verified=37 completion=3 alternatives=7
INSTRUMENTATION_STATUS_CODE: 0
INSTRUMENTATION_STATUS: top_seven_measurement=v1 id=7 strategy=0 round=1 wall_ns=2020500 cpu_ns=2021208 states=4050 verified=64 completion=4 alternatives=7
INSTRUMENTATION_STATUS_CODE: 0
INSTRUMENTATION_STATUS: top_seven_measurement=v1 id=7 strategy=1 round=1 wall_ns=8388334 cpu_ns=8327458 states=5678 verified=45 completion=0 alternatives=7
INSTRUMENTATION_STATUS_CODE: 0
INSTRUMENTATION_STATUS: top_seven_measurement=v1 id=8 strategy=1 round=1 wall_ns=2287375 cpu_ns=2288041 states=1503 verified=64 completion=4 alternatives=7
INSTRUMENTATION_STATUS_CODE: 0
INSTRUMENTATION_STATUS: top_seven_measurement=v1 id=8 strategy=0 round=1 wall_ns=1179625 cpu_ns=1180250 states=1838 verified=64 completion=4 alternatives=7
INSTRUMENTATION_STATUS_CODE: 0
INSTRUMENTATION_STATUS: top_seven_measurement=v1 id=9 strategy=0 round=1 wall_ns=2207583 cpu_ns=2208208 states=8192 verified=13 completion=3 alternatives=7
INSTRUMENTATION_STATUS_CODE: 0
INSTRUMENTATION_STATUS: top_seven_measurement=v1 id=9 strategy=1 round=1 wall_ns=5254250 cpu_ns=5209293 states=4662 verified=13 completion=0 alternatives=7
INSTRUMENTATION_STATUS_CODE: 0
INSTRUMENTATION_STATUS: top_seven_measurement=v1 id=10 strategy=1 round=1 wall_ns=1350709 cpu_ns=1332084 states=1917 verified=42 completion=0 alternatives=7
INSTRUMENTATION_STATUS_CODE: 0
INSTRUMENTATION_STATUS: top_seven_measurement=v1 id=10 strategy=0 round=1 wall_ns=1007833 cpu_ns=974875 states=3038 verified=57 completion=0 alternatives=7
INSTRUMENTATION_STATUS_CODE: 0
INSTRUMENTATION_STATUS: top_seven_measurement=v1 id=11 strategy=0 round=1 wall_ns=2786250 cpu_ns=2757543 states=8192 verified=34 completion=3 alternatives=7
INSTRUMENTATION_STATUS_CODE: 0
INSTRUMENTATION_STATUS: top_seven_measurement=v1 id=11 strategy=1 round=1 wall_ns=12526000 cpu_ns=11571500 states=8192 verified=49 completion=3 alternatives=7
INSTRUMENTATION_STATUS_CODE: 0
INSTRUMENTATION_STATUS: top_seven_measurement=v1 id=12 strategy=1 round=1 wall_ns=1661000 cpu_ns=1639209 states=1986 verified=15 completion=0 alternatives=7
INSTRUMENTATION_STATUS_CODE: 0
INSTRUMENTATION_STATUS: top_seven_measurement=v1 id=12 strategy=0 round=1 wall_ns=973000 cpu_ns=950416 states=3316 verified=21 completion=0 alternatives=7
INSTRUMENTATION_STATUS_CODE: 0
INSTRUMENTATION_STATUS: top_seven_measurement=v1 id=13 strategy=0 round=1 wall_ns=2452916 cpu_ns=2453792 states=8192 verified=42 completion=3 alternatives=7
INSTRUMENTATION_STATUS_CODE: 0
INSTRUMENTATION_STATUS: top_seven_measurement=v1 id=13 strategy=1 round=1 wall_ns=3747750 cpu_ns=3725666 states=2999 verified=64 completion=4 alternatives=7
INSTRUMENTATION_STATUS_CODE: 0
INSTRUMENTATION_STATUS: top_seven_measurement=v1 id=14 strategy=1 round=1 wall_ns=12815834 cpu_ns=12666374 states=8192 verified=1 completion=3 alternatives=1
INSTRUMENTATION_STATUS_CODE: 0
INSTRUMENTATION_STATUS: top_seven_measurement=v1 id=14 strategy=0 round=1 wall_ns=2193750 cpu_ns=2194333 states=8192 verified=0 completion=3 alternatives=0
INSTRUMENTATION_STATUS_CODE: 0
INSTRUMENTATION_STATUS: top_seven_measurement=v1 id=15 strategy=0 round=1 wall_ns=616333 cpu_ns=603125 states=2138 verified=16 completion=0 alternatives=7
INSTRUMENTATION_STATUS_CODE: 0
INSTRUMENTATION_STATUS: top_seven_measurement=v1 id=15 strategy=1 round=1 wall_ns=1038250 cpu_ns=981167 states=1324 verified=9 completion=0 alternatives=7
INSTRUMENTATION_STATUS_CODE: 0
INSTRUMENTATION_STATUS: top_seven_measurement=v1 id=16 strategy=1 round=1 wall_ns=10102917 cpu_ns=10035125 states=8192 verified=14 completion=3 alternatives=7
INSTRUMENTATION_STATUS_CODE: 0
INSTRUMENTATION_STATUS: top_seven_measurement=v1 id=16 strategy=0 round=1 wall_ns=2333250 cpu_ns=2310751 states=8192 verified=15 completion=3 alternatives=7
INSTRUMENTATION_STATUS_CODE: 0
INSTRUMENTATION_STATUS: top_seven_measurement=v1 id=17 strategy=0 round=1 wall_ns=2188375 cpu_ns=2144292 states=8192 verified=1 completion=3 alternatives=1
INSTRUMENTATION_STATUS_CODE: 0
INSTRUMENTATION_STATUS: top_seven_measurement=v1 id=17 strategy=1 round=1 wall_ns=10749875 cpu_ns=10703959 states=8192 verified=2 completion=3 alternatives=2
INSTRUMENTATION_STATUS_CODE: 0
INSTRUMENTATION_STATUS: top_seven_measurement=v1 id=18 strategy=1 round=1 wall_ns=2505875 cpu_ns=2483667 states=3409 verified=5 completion=0 alternatives=5
INSTRUMENTATION_STATUS_CODE: 0
INSTRUMENTATION_STATUS: top_seven_measurement=v1 id=18 strategy=0 round=1 wall_ns=813208 cpu_ns=813834 states=3409 verified=5 completion=0 alternatives=5
INSTRUMENTATION_STATUS_CODE: 0
INSTRUMENTATION_STATUS: top_seven_measurement=v1 id=19 strategy=0 round=1 wall_ns=620416 cpu_ns=609083 states=1668 verified=52 completion=0 alternatives=7
INSTRUMENTATION_STATUS_CODE: 0
INSTRUMENTATION_STATUS: top_seven_measurement=v1 id=19 strategy=1 round=1 wall_ns=899875 cpu_ns=858583 states=1121 verified=50 completion=0 alternatives=7
INSTRUMENTATION_STATUS_CODE: 0
INSTRUMENTATION_STATUS: top_seven_measurement=v1 id=20 strategy=1 round=1 wall_ns=4814625 cpu_ns=4783460 states=2619 verified=64 completion=4 alternatives=7
INSTRUMENTATION_STATUS_CODE: 0
INSTRUMENTATION_STATUS: top_seven_measurement=v1 id=20 strategy=0 round=1 wall_ns=2640917 cpu_ns=2598291 states=8192 verified=12 completion=3 alternatives=7
INSTRUMENTATION_STATUS_CODE: 0
INSTRUMENTATION_STATUS: top_seven_measurement=v1 id=21 strategy=0 round=1 wall_ns=3518375 cpu_ns=3468875 states=8192 verified=44 completion=3 alternatives=7
INSTRUMENTATION_STATUS_CODE: 0
INSTRUMENTATION_STATUS: top_seven_measurement=v1 id=21 strategy=1 round=1 wall_ns=11160375 cpu_ns=11109499 states=5806 verified=21 completion=0 alternatives=7
INSTRUMENTATION_STATUS_CODE: 0
INSTRUMENTATION_STATUS: top_seven_measurement=v1 id=22 strategy=1 round=1 wall_ns=1844583 cpu_ns=1765375 states=1928 verified=10 completion=0 alternatives=7
INSTRUMENTATION_STATUS_CODE: 0
INSTRUMENTATION_STATUS: top_seven_measurement=v1 id=22 strategy=0 round=1 wall_ns=565250 cpu_ns=519583 states=1937 verified=11 completion=0 alternatives=7
INSTRUMENTATION_STATUS_CODE: 0
INSTRUMENTATION_STATUS: top_seven_measurement=v1 id=23 strategy=0 round=1 wall_ns=601125 cpu_ns=601958 states=1462 verified=25 completion=0 alternatives=7
INSTRUMENTATION_STATUS_CODE: 0
INSTRUMENTATION_STATUS: top_seven_measurement=v1 id=23 strategy=1 round=1 wall_ns=1422792 cpu_ns=1383584 states=1455 verified=24 completion=0 alternatives=7
INSTRUMENTATION_STATUS_CODE: 0
INSTRUMENTATION_STATUS: top_seven_measurement=v1 id=24 strategy=1 round=1 wall_ns=823041 cpu_ns=813458 states=1273 verified=29 completion=0 alternatives=7
INSTRUMENTATION_STATUS_CODE: 0
INSTRUMENTATION_STATUS: top_seven_measurement=v1 id=24 strategy=0 round=1 wall_ns=442833 cpu_ns=443542 states=1273 verified=29 completion=0 alternatives=7
INSTRUMENTATION_STATUS_CODE: 0
INSTRUMENTATION_STATUS: top_seven_measurement=v1 id=25 strategy=0 round=1 wall_ns=2505958 cpu_ns=2480832 states=8192 verified=18 completion=3 alternatives=7
INSTRUMENTATION_STATUS_CODE: 0
INSTRUMENTATION_STATUS: top_seven_measurement=v1 id=25 strategy=1 round=1 wall_ns=9561000 cpu_ns=9510875 states=6796 verified=11 completion=0 alternatives=7
INSTRUMENTATION_STATUS_CODE: 0
INSTRUMENTATION_STATUS: top_seven_measurement=v1 id=26 strategy=1 round=1 wall_ns=7354125 cpu_ns=7311626 states=4889 verified=39 completion=0 alternatives=7
INSTRUMENTATION_STATUS_CODE: 0
INSTRUMENTATION_STATUS: top_seven_measurement=v1 id=26 strategy=0 round=1 wall_ns=2516250 cpu_ns=2477667 states=8192 verified=22 completion=3 alternatives=7
INSTRUMENTATION_STATUS_CODE: 0
INSTRUMENTATION_STATUS: top_seven_measurement=v1 id=27 strategy=0 round=1 wall_ns=459833 cpu_ns=460292 states=1508 verified=8 completion=0 alternatives=7
INSTRUMENTATION_STATUS_CODE: 0
INSTRUMENTATION_STATUS: top_seven_measurement=v1 id=27 strategy=1 round=1 wall_ns=1486459 cpu_ns=1485292 states=1508 verified=8 completion=0 alternatives=7
INSTRUMENTATION_STATUS_CODE: 0
INSTRUMENTATION_STATUS: top_seven_measurement=v1 id=28 strategy=1 round=1 wall_ns=7574125 cpu_ns=6701039 states=4469 verified=63 completion=0 alternatives=7
INSTRUMENTATION_STATUS_CODE: 0
INSTRUMENTATION_STATUS: top_seven_measurement=v1 id=28 strategy=0 round=1 wall_ns=1642041 cpu_ns=1610041 states=2798 verified=64 completion=4 alternatives=7
INSTRUMENTATION_STATUS_CODE: 0
INSTRUMENTATION_STATUS: top_seven_measurement=v1 id=29 strategy=0 round=1 wall_ns=2828209 cpu_ns=2791876 states=6682 verified=64 completion=4 alternatives=7
INSTRUMENTATION_STATUS_CODE: 0
INSTRUMENTATION_STATUS: top_seven_measurement=v1 id=29 strategy=1 round=1 wall_ns=10985000 cpu_ns=10900207 states=7060 verified=55 completion=0 alternatives=7
INSTRUMENTATION_STATUS_CODE: 0
INSTRUMENTATION_STATUS: top_seven_measurement=v1 id=30 strategy=1 round=1 wall_ns=3612541 cpu_ns=3578041 states=2206 verified=64 completion=4 alternatives=7
INSTRUMENTATION_STATUS_CODE: 0
INSTRUMENTATION_STATUS: top_seven_measurement=v1 id=30 strategy=0 round=1 wall_ns=2838125 cpu_ns=2789167 states=7644 verified=64 completion=4 alternatives=7
INSTRUMENTATION_STATUS_CODE: 0
INSTRUMENTATION_STATUS: top_seven_measurement=v1 id=31 strategy=0 round=1 wall_ns=2922833 cpu_ns=2890791 states=8192 verified=27 completion=3 alternatives=7
INSTRUMENTATION_STATUS_CODE: 0
INSTRUMENTATION_STATUS: top_seven_measurement=v1 id=31 strategy=1 round=1 wall_ns=11337125 cpu_ns=11263622 states=6727 verified=12 completion=0 alternatives=7
INSTRUMENTATION_STATUS_CODE: 0
INSTRUMENTATION_STATUS: top_seven_measurement=v1 id=32 strategy=1 round=1 wall_ns=7892334 cpu_ns=7851999 states=5006 verified=47 completion=0 alternatives=7
INSTRUMENTATION_STATUS_CODE: 0
INSTRUMENTATION_STATUS: top_seven_measurement=v1 id=32 strategy=0 round=1 wall_ns=3035375 cpu_ns=3013792 states=8192 verified=47 completion=3 alternatives=7
INSTRUMENTATION_STATUS_CODE: 0
INSTRUMENTATION_STATUS: top_seven_measurement=v1 id=33 strategy=0 round=1 wall_ns=2698041 cpu_ns=2640000 states=8192 verified=41 completion=3 alternatives=7
INSTRUMENTATION_STATUS_CODE: 0
INSTRUMENTATION_STATUS: top_seven_measurement=v1 id=33 strategy=1 round=1 wall_ns=4150083 cpu_ns=4120959 states=3501 verified=18 completion=0 alternatives=7
INSTRUMENTATION_STATUS_CODE: 0
INSTRUMENTATION_STATUS: top_seven_measurement=v1 id=34 strategy=1 round=1 wall_ns=14177750 cpu_ns=14066959 states=8192 verified=26 completion=3 alternatives=7
INSTRUMENTATION_STATUS_CODE: 0
INSTRUMENTATION_STATUS: top_seven_measurement=v1 id=34 strategy=0 round=1 wall_ns=2387375 cpu_ns=2388459 states=8192 verified=5 completion=3 alternatives=5
INSTRUMENTATION_STATUS_CODE: 0
INSTRUMENTATION_STATUS: top_seven_measurement=v1 id=35 strategy=0 round=1 wall_ns=2716042 cpu_ns=2656833 states=8192 verified=26 completion=3 alternatives=7
INSTRUMENTATION_STATUS_CODE: 0
INSTRUMENTATION_STATUS: top_seven_measurement=v1 id=35 strategy=1 round=1 wall_ns=11435333 cpu_ns=11354750 states=8192 verified=25 completion=3 alternatives=7
INSTRUMENTATION_STATUS_CODE: 0
INSTRUMENTATION_STATUS: top_seven_measurement=v1 id=36 strategy=1 round=1 wall_ns=3730084 cpu_ns=3706291 states=2213 verified=48 completion=0 alternatives=7
INSTRUMENTATION_STATUS_CODE: 0
INSTRUMENTATION_STATUS: top_seven_measurement=v1 id=36 strategy=0 round=1 wall_ns=2958750 cpu_ns=2770457 states=8192 verified=13 completion=3 alternatives=7
INSTRUMENTATION_STATUS_CODE: 0
INSTRUMENTATION_STATUS: top_seven_measurement=v1 id=37 strategy=0 round=1 wall_ns=2744042 cpu_ns=2666750 states=8192 verified=5 completion=3 alternatives=5
INSTRUMENTATION_STATUS_CODE: 0
INSTRUMENTATION_STATUS: top_seven_measurement=v1 id=37 strategy=1 round=1 wall_ns=16133500 cpu_ns=16070249 states=8192 verified=5 completion=3 alternatives=5
INSTRUMENTATION_STATUS_CODE: 0
INSTRUMENTATION_STATUS: top_seven_measurement=v1 id=38 strategy=1 round=1 wall_ns=15776583 cpu_ns=15697957 states=8192 verified=29 completion=3 alternatives=7
INSTRUMENTATION_STATUS_CODE: 0
INSTRUMENTATION_STATUS: top_seven_measurement=v1 id=38 strategy=0 round=1 wall_ns=2473166 cpu_ns=2435041 states=8192 verified=5 completion=3 alternatives=5
INSTRUMENTATION_STATUS_CODE: 0
INSTRUMENTATION_STATUS: top_seven_measurement=v1 id=39 strategy=0 round=1 wall_ns=2199459 cpu_ns=2113084 states=4858 verified=64 completion=4 alternatives=7
INSTRUMENTATION_STATUS_CODE: 0
INSTRUMENTATION_STATUS: top_seven_measurement=v1 id=39 strategy=1 round=1 wall_ns=4214083 cpu_ns=3229750 states=1873 verified=64 completion=4 alternatives=7
INSTRUMENTATION_STATUS_CODE: 0
INSTRUMENTATION_STATUS: top_seven_measurement=v1 id=40 strategy=1 round=1 wall_ns=795291 cpu_ns=760792 states=1119 verified=42 completion=0 alternatives=7
INSTRUMENTATION_STATUS_CODE: 0
INSTRUMENTATION_STATUS: top_seven_measurement=v1 id=40 strategy=0 round=1 wall_ns=775042 cpu_ns=750709 states=1943 verified=60 completion=0 alternatives=7
INSTRUMENTATION_STATUS_CODE: 0
INSTRUMENTATION_STATUS: top_seven_measurement=v1 id=41 strategy=0 round=1 wall_ns=905834 cpu_ns=906542 states=3014 verified=13 completion=0 alternatives=7
INSTRUMENTATION_STATUS_CODE: 0
INSTRUMENTATION_STATUS: top_seven_measurement=v1 id=41 strategy=1 round=1 wall_ns=2385917 cpu_ns=2358832 states=3007 verified=13 completion=0 alternatives=7
INSTRUMENTATION_STATUS_CODE: 0
INSTRUMENTATION_STATUS: top_seven_measurement=v1 id=42 strategy=1 round=1 wall_ns=741458 cpu_ns=708792 states=1399 verified=41 completion=0 alternatives=7
INSTRUMENTATION_STATUS_CODE: 0
INSTRUMENTATION_STATUS: top_seven_measurement=v1 id=42 strategy=0 round=1 wall_ns=980208 cpu_ns=894959 states=2621 verified=56 completion=0 alternatives=7
INSTRUMENTATION_STATUS_CODE: 0
INSTRUMENTATION_STATUS: top_seven_measurement=v1 id=43 strategy=0 round=1 wall_ns=3336916 cpu_ns=3258042 states=8192 verified=50 completion=3 alternatives=7
INSTRUMENTATION_STATUS_CODE: 0
INSTRUMENTATION_STATUS: top_seven_measurement=v1 id=43 strategy=1 round=1 wall_ns=6404583 cpu_ns=6355125 states=4904 verified=13 completion=0 alternatives=7
INSTRUMENTATION_STATUS_CODE: 0
INSTRUMENTATION_STATUS: top_seven_measurement=v1 id=44 strategy=1 round=1 wall_ns=2034375 cpu_ns=2035084 states=2455 verified=10 completion=0 alternatives=4
INSTRUMENTATION_STATUS_CODE: 0
INSTRUMENTATION_STATUS: top_seven_measurement=v1 id=44 strategy=0 round=1 wall_ns=673416 cpu_ns=664417 states=2455 verified=10 completion=0 alternatives=4
INSTRUMENTATION_STATUS_CODE: 0
INSTRUMENTATION_STATUS: top_seven_measurement=v1 id=45 strategy=0 round=1 wall_ns=18750 cpu_ns=19333 states=28 verified=0 completion=2 alternatives=0
INSTRUMENTATION_STATUS_CODE: 0
INSTRUMENTATION_STATUS: top_seven_measurement=v1 id=45 strategy=1 round=1 wall_ns=15750 cpu_ns=0 states=28 verified=0 completion=2 alternatives=0
INSTRUMENTATION_STATUS_CODE: 0
INSTRUMENTATION_STATUS: top_seven_measurement=v1 id=46 strategy=1 round=1 wall_ns=2966375 cpu_ns=2834541 states=2202 verified=27 completion=0 alternatives=7
INSTRUMENTATION_STATUS_CODE: 0
INSTRUMENTATION_STATUS: top_seven_measurement=v1 id=46 strategy=0 round=1 wall_ns=1790916 cpu_ns=1684125 states=2906 verified=64 completion=4 alternatives=7
INSTRUMENTATION_STATUS_CODE: 0
INSTRUMENTATION_STATUS: top_seven_measurement=v1 id=47 strategy=0 round=1 wall_ns=2857959 cpu_ns=2754790 states=8192 verified=16 completion=3 alternatives=7
INSTRUMENTATION_STATUS_CODE: 0
INSTRUMENTATION_STATUS: top_seven_measurement=v1 id=47 strategy=1 round=1 wall_ns=13401083 cpu_ns=13261958 states=8192 verified=16 completion=3 alternatives=7
INSTRUMENTATION_STATUS_CODE: 0
INSTRUMENTATION_STATUS: top_seven_measurement=v1 id=48 strategy=1 round=1 wall_ns=2647625 cpu_ns=2547625 states=1680 verified=21 completion=0 alternatives=7
INSTRUMENTATION_STATUS_CODE: 0
INSTRUMENTATION_STATUS: top_seven_measurement=v1 id=48 strategy=0 round=1 wall_ns=2722917 cpu_ns=2642084 states=5158 verified=64 completion=4 alternatives=7
INSTRUMENTATION_STATUS_CODE: 0
INSTRUMENTATION_STATUS: top_seven_measurement=v1 id=49 strategy=0 round=1 wall_ns=1168000 cpu_ns=982042 states=1514 verified=18 completion=0 alternatives=7
INSTRUMENTATION_STATUS_CODE: 0
INSTRUMENTATION_STATUS: top_seven_measurement=v1 id=49 strategy=1 round=1 wall_ns=1668958 cpu_ns=1595250 states=1514 verified=18 completion=0 alternatives=7
INSTRUMENTATION_STATUS_CODE: 0
INSTRUMENTATION_STATUS: top_seven_measurement=v1 id=50 strategy=1 round=1 wall_ns=3157417 cpu_ns=3073626 states=1892 verified=64 completion=4 alternatives=7
INSTRUMENTATION_STATUS_CODE: 0
INSTRUMENTATION_STATUS: top_seven_measurement=v1 id=50 strategy=0 round=1 wall_ns=1582584 cpu_ns=1417874 states=2296 verified=64 completion=4 alternatives=7
INSTRUMENTATION_STATUS_CODE: 0
INSTRUMENTATION_STATUS: top_seven_measurement=v1 id=51 strategy=0 round=1 wall_ns=1258625 cpu_ns=1186626 states=3145 verified=33 completion=0 alternatives=7
INSTRUMENTATION_STATUS_CODE: 0
INSTRUMENTATION_STATUS: top_seven_measurement=v1 id=51 strategy=1 round=1 wall_ns=845000 cpu_ns=736626 states=740 verified=11 completion=0 alternatives=7
INSTRUMENTATION_STATUS_CODE: 0
INSTRUMENTATION_STATUS: top_seven_measurement=v1 id=52 strategy=1 round=1 wall_ns=14667500 cpu_ns=14447875 states=8192 verified=4 completion=3 alternatives=4
INSTRUMENTATION_STATUS_CODE: 0
INSTRUMENTATION_STATUS: top_seven_measurement=v1 id=52 strategy=0 round=1 wall_ns=2929125 cpu_ns=2720875 states=8192 verified=4 completion=3 alternatives=4
INSTRUMENTATION_STATUS_CODE: 0
INSTRUMENTATION_STATUS: top_seven_measurement=v1 id=53 strategy=0 round=1 wall_ns=896917 cpu_ns=858458 states=2924 verified=17 completion=0 alternatives=7
INSTRUMENTATION_STATUS_CODE: 0
INSTRUMENTATION_STATUS: top_seven_measurement=v1 id=53 strategy=1 round=1 wall_ns=1402250 cpu_ns=1341876 states=1667 verified=10 completion=0 alternatives=7
INSTRUMENTATION_STATUS_CODE: 0
INSTRUMENTATION_STATUS: top_seven_measurement=v1 id=54 strategy=1 round=1 wall_ns=11248292 cpu_ns=11126333 states=8192 verified=14 completion=3 alternatives=7
INSTRUMENTATION_STATUS_CODE: 0
INSTRUMENTATION_STATUS: top_seven_measurement=v1 id=54 strategy=0 round=1 wall_ns=2698458 cpu_ns=2698542 states=8192 verified=20 completion=3 alternatives=7
INSTRUMENTATION_STATUS_CODE: 0
INSTRUMENTATION_STATUS: top_seven_measurement=v1 id=55 strategy=0 round=1 wall_ns=2724708 cpu_ns=2696959 states=8192 verified=23 completion=3 alternatives=7
INSTRUMENTATION_STATUS_CODE: 0
INSTRUMENTATION_STATUS: top_seven_measurement=v1 id=55 strategy=1 round=1 wall_ns=10836083 cpu_ns=10717043 states=6979 verified=13 completion=0 alternatives=7
INSTRUMENTATION_STATUS_CODE: 0
INSTRUMENTATION_STATUS: top_seven_measurement=v1 id=56 strategy=1 round=1 wall_ns=1064125 cpu_ns=1064750 states=1277 verified=8 completion=0 alternatives=7
INSTRUMENTATION_STATUS_CODE: 0
INSTRUMENTATION_STATUS: top_seven_measurement=v1 id=56 strategy=0 round=1 wall_ns=650084 cpu_ns=644375 states=2318 verified=12 completion=0 alternatives=7
INSTRUMENTATION_STATUS_CODE: 0
INSTRUMENTATION_STATUS: top_seven_measurement=v1 id=57 strategy=0 round=1 wall_ns=2547708 cpu_ns=2522666 states=8192 verified=6 completion=3 alternatives=6
INSTRUMENTATION_STATUS_CODE: 0
INSTRUMENTATION_STATUS: top_seven_measurement=v1 id=57 strategy=1 round=1 wall_ns=14073083 cpu_ns=13107290 states=8192 verified=3 completion=3 alternatives=3
INSTRUMENTATION_STATUS_CODE: 0
INSTRUMENTATION_STATUS: top_seven_measurement=v1 id=58 strategy=1 round=1 wall_ns=3187750 cpu_ns=3188292 states=2200 verified=48 completion=0 alternatives=7
INSTRUMENTATION_STATUS_CODE: 0
INSTRUMENTATION_STATUS: top_seven_measurement=v1 id=58 strategy=0 round=1 wall_ns=1223875 cpu_ns=1082501 states=970 verified=64 completion=4 alternatives=7
INSTRUMENTATION_STATUS_CODE: 0
INSTRUMENTATION_STATUS: top_seven_measurement=v1 id=59 strategy=0 round=1 wall_ns=2732833 cpu_ns=2668458 states=8192 verified=14 completion=3 alternatives=7
INSTRUMENTATION_STATUS_CODE: 0
INSTRUMENTATION_STATUS: top_seven_measurement=v1 id=59 strategy=1 round=1 wall_ns=7510708 cpu_ns=7454918 states=5151 verified=15 completion=0 alternatives=7
INSTRUMENTATION_STATUS_CODE: 0
INSTRUMENTATION_STATUS: top_seven_measurement=v1 id=0 strategy=0 round=2 wall_ns=2517833 cpu_ns=2468790 states=8192 verified=17 completion=3 alternatives=7
INSTRUMENTATION_STATUS_CODE: 0
INSTRUMENTATION_STATUS: top_seven_measurement=v1 id=0 strategy=1 round=2 wall_ns=10976542 cpu_ns=10870125 states=8192 verified=13 completion=3 alternatives=7
INSTRUMENTATION_STATUS_CODE: 0
INSTRUMENTATION_STATUS: top_seven_measurement=v1 id=1 strategy=1 round=2 wall_ns=1064167 cpu_ns=1063333 states=1438 verified=13 completion=0 alternatives=7
INSTRUMENTATION_STATUS_CODE: 0
INSTRUMENTATION_STATUS: top_seven_measurement=v1 id=1 strategy=0 round=2 wall_ns=580625 cpu_ns=557584 states=2144 verified=14 completion=0 alternatives=7
INSTRUMENTATION_STATUS_CODE: 0
INSTRUMENTATION_STATUS: top_seven_measurement=v1 id=2 strategy=0 round=2 wall_ns=2689041 cpu_ns=2585291 states=8192 verified=10 completion=3 alternatives=7
INSTRUMENTATION_STATUS_CODE: 0
INSTRUMENTATION_STATUS: top_seven_measurement=v1 id=2 strategy=1 round=2 wall_ns=11133750 cpu_ns=10978418 states=8192 verified=5 completion=3 alternatives=5
INSTRUMENTATION_STATUS_CODE: 0
INSTRUMENTATION_STATUS: top_seven_measurement=v1 id=3 strategy=1 round=2 wall_ns=7441583 cpu_ns=7402960 states=6441 verified=57 completion=0 alternatives=7
INSTRUMENTATION_STATUS_CODE: 0
INSTRUMENTATION_STATUS: top_seven_measurement=v1 id=3 strategy=0 round=2 wall_ns=2432750 cpu_ns=2402790 states=8192 verified=33 completion=3 alternatives=7
INSTRUMENTATION_STATUS_CODE: 0
INSTRUMENTATION_STATUS: top_seven_measurement=v1 id=4 strategy=0 round=2 wall_ns=2354584 cpu_ns=2343209 states=8192 verified=7 completion=3 alternatives=7
INSTRUMENTATION_STATUS_CODE: 0
INSTRUMENTATION_STATUS: top_seven_measurement=v1 id=4 strategy=1 round=2 wall_ns=11102417 cpu_ns=10896916 states=8192 verified=7 completion=3 alternatives=7
INSTRUMENTATION_STATUS_CODE: 0
INSTRUMENTATION_STATUS: top_seven_measurement=v1 id=5 strategy=1 round=2 wall_ns=2496209 cpu_ns=2438458 states=2139 verified=59 completion=0 alternatives=7
INSTRUMENTATION_STATUS_CODE: 0
INSTRUMENTATION_STATUS: top_seven_measurement=v1 id=5 strategy=0 round=2 wall_ns=2533875 cpu_ns=2467125 states=8192 verified=49 completion=3 alternatives=7
INSTRUMENTATION_STATUS_CODE: 0
INSTRUMENTATION_STATUS: top_seven_measurement=v1 id=6 strategy=0 round=2 wall_ns=2667125 cpu_ns=2582125 states=8192 verified=37 completion=3 alternatives=7
INSTRUMENTATION_STATUS_CODE: 0
INSTRUMENTATION_STATUS: top_seven_measurement=v1 id=6 strategy=1 round=2 wall_ns=6268417 cpu_ns=6234625 states=5398 verified=16 completion=0 alternatives=7
INSTRUMENTATION_STATUS_CODE: 0
INSTRUMENTATION_STATUS: top_seven_measurement=v1 id=7 strategy=1 round=2 wall_ns=8414042 cpu_ns=8373207 states=5678 verified=45 completion=0 alternatives=7
INSTRUMENTATION_STATUS_CODE: 0
INSTRUMENTATION_STATUS: top_seven_measurement=v1 id=7 strategy=0 round=2 wall_ns=2075917 cpu_ns=2045458 states=4050 verified=64 completion=4 alternatives=7
INSTRUMENTATION_STATUS_CODE: 0
INSTRUMENTATION_STATUS: top_seven_measurement=v1 id=8 strategy=0 round=2 wall_ns=1235542 cpu_ns=1164333 states=1838 verified=64 completion=4 alternatives=7
INSTRUMENTATION_STATUS_CODE: 0
INSTRUMENTATION_STATUS: top_seven_measurement=v1 id=8 strategy=1 round=2 wall_ns=2293791 cpu_ns=2246624 states=1503 verified=64 completion=4 alternatives=7
INSTRUMENTATION_STATUS_CODE: 0
INSTRUMENTATION_STATUS: top_seven_measurement=v1 id=9 strategy=1 round=2 wall_ns=5217209 cpu_ns=5180417 states=4662 verified=13 completion=0 alternatives=7
INSTRUMENTATION_STATUS_CODE: 0
INSTRUMENTATION_STATUS: top_seven_measurement=v1 id=9 strategy=0 round=2 wall_ns=2295000 cpu_ns=2270832 states=8192 verified=13 completion=3 alternatives=7
INSTRUMENTATION_STATUS_CODE: 0
INSTRUMENTATION_STATUS: top_seven_measurement=v1 id=10 strategy=0 round=2 wall_ns=1031459 cpu_ns=1007750 states=3038 verified=57 completion=0 alternatives=7
INSTRUMENTATION_STATUS_CODE: 0
INSTRUMENTATION_STATUS: top_seven_measurement=v1 id=10 strategy=1 round=2 wall_ns=1517417 cpu_ns=1482292 states=1917 verified=42 completion=0 alternatives=7
INSTRUMENTATION_STATUS_CODE: 0
INSTRUMENTATION_STATUS: top_seven_measurement=v1 id=11 strategy=1 round=2 wall_ns=12453334 cpu_ns=11385790 states=8192 verified=49 completion=3 alternatives=7
INSTRUMENTATION_STATUS_CODE: 0
INSTRUMENTATION_STATUS: top_seven_measurement=v1 id=11 strategy=0 round=2 wall_ns=2732541 cpu_ns=2704542 states=8192 verified=34 completion=3 alternatives=7
INSTRUMENTATION_STATUS_CODE: 0
INSTRUMENTATION_STATUS: top_seven_measurement=v1 id=12 strategy=0 round=2 wall_ns=958167 cpu_ns=947959 states=3316 verified=21 completion=0 alternatives=7
INSTRUMENTATION_STATUS_CODE: 0
INSTRUMENTATION_STATUS: top_seven_measurement=v1 id=12 strategy=1 round=2 wall_ns=1830625 cpu_ns=1675167 states=1986 verified=15 completion=0 alternatives=7
INSTRUMENTATION_STATUS_CODE: 0
INSTRUMENTATION_STATUS: top_seven_measurement=v1 id=13 strategy=1 round=2 wall_ns=3638958 cpu_ns=3588126 states=2999 verified=64 completion=4 alternatives=7
INSTRUMENTATION_STATUS_CODE: 0
INSTRUMENTATION_STATUS: top_seven_measurement=v1 id=13 strategy=0 round=2 wall_ns=2441625 cpu_ns=2442167 states=8192 verified=42 completion=3 alternatives=7
INSTRUMENTATION_STATUS_CODE: 0
INSTRUMENTATION_STATUS: top_seven_measurement=v1 id=14 strategy=0 round=2 wall_ns=2234416 cpu_ns=2211250 states=8192 verified=0 completion=3 alternatives=0
INSTRUMENTATION_STATUS_CODE: 0
INSTRUMENTATION_STATUS: top_seven_measurement=v1 id=14 strategy=1 round=2 wall_ns=12414917 cpu_ns=12332043 states=8192 verified=1 completion=3 alternatives=1
INSTRUMENTATION_STATUS_CODE: 0
INSTRUMENTATION_STATUS: top_seven_measurement=v1 id=15 strategy=1 round=2 wall_ns=981625 cpu_ns=980166 states=1324 verified=9 completion=0 alternatives=7
INSTRUMENTATION_STATUS_CODE: 0
INSTRUMENTATION_STATUS: top_seven_measurement=v1 id=15 strategy=0 round=2 wall_ns=660500 cpu_ns=637500 states=2138 verified=16 completion=0 alternatives=7
INSTRUMENTATION_STATUS_CODE: 0
INSTRUMENTATION_STATUS: top_seven_measurement=v1 id=16 strategy=0 round=2 wall_ns=2318625 cpu_ns=2291250 states=8192 verified=15 completion=3 alternatives=7
INSTRUMENTATION_STATUS_CODE: 0
INSTRUMENTATION_STATUS: top_seven_measurement=v1 id=16 strategy=1 round=2 wall_ns=10299208 cpu_ns=10212084 states=8192 verified=14 completion=3 alternatives=7
INSTRUMENTATION_STATUS_CODE: 0
INSTRUMENTATION_STATUS: top_seven_measurement=v1 id=17 strategy=1 round=2 wall_ns=10643750 cpu_ns=10515750 states=8192 verified=2 completion=3 alternatives=2
INSTRUMENTATION_STATUS_CODE: 0
INSTRUMENTATION_STATUS: top_seven_measurement=v1 id=17 strategy=0 round=2 wall_ns=2182125 cpu_ns=2145334 states=8192 verified=1 completion=3 alternatives=1
INSTRUMENTATION_STATUS_CODE: 0
INSTRUMENTATION_STATUS: top_seven_measurement=v1 id=18 strategy=0 round=2 wall_ns=895166 cpu_ns=851332 states=3409 verified=5 completion=0 alternatives=5
INSTRUMENTATION_STATUS_CODE: 0
INSTRUMENTATION_STATUS: top_seven_measurement=v1 id=18 strategy=1 round=2 wall_ns=2528208 cpu_ns=2416000 states=3409 verified=5 completion=0 alternatives=5
INSTRUMENTATION_STATUS_CODE: 0
INSTRUMENTATION_STATUS: top_seven_measurement=v1 id=19 strategy=1 round=2 wall_ns=841250 cpu_ns=841875 states=1121 verified=50 completion=0 alternatives=7
INSTRUMENTATION_STATUS_CODE: 0
INSTRUMENTATION_STATUS: top_seven_measurement=v1 id=19 strategy=0 round=2 wall_ns=627000 cpu_ns=592250 states=1668 verified=52 completion=0 alternatives=7
INSTRUMENTATION_STATUS_CODE: 0
INSTRUMENTATION_STATUS: top_seven_measurement=v1 id=20 strategy=0 round=2 wall_ns=2739916 cpu_ns=2740667 states=8192 verified=12 completion=3 alternatives=7
INSTRUMENTATION_STATUS_CODE: 0
INSTRUMENTATION_STATUS: top_seven_measurement=v1 id=20 strategy=1 round=2 wall_ns=4785375 cpu_ns=4761290 states=2619 verified=64 completion=4 alternatives=7
INSTRUMENTATION_STATUS_CODE: 0
INSTRUMENTATION_STATUS: top_seven_measurement=v1 id=21 strategy=1 round=2 wall_ns=11333417 cpu_ns=11252167 states=5806 verified=21 completion=0 alternatives=7
INSTRUMENTATION_STATUS_CODE: 0
INSTRUMENTATION_STATUS: top_seven_measurement=v1 id=21 strategy=0 round=2 wall_ns=3449292 cpu_ns=3426208 states=8192 verified=44 completion=3 alternatives=7
INSTRUMENTATION_STATUS_CODE: 0
INSTRUMENTATION_STATUS: top_seven_measurement=v1 id=22 strategy=0 round=2 wall_ns=617792 cpu_ns=618500 states=1937 verified=11 completion=0 alternatives=7
INSTRUMENTATION_STATUS_CODE: 0
INSTRUMENTATION_STATUS: top_seven_measurement=v1 id=22 strategy=1 round=2 wall_ns=1707000 cpu_ns=1704834 states=1928 verified=10 completion=0 alternatives=7
INSTRUMENTATION_STATUS_CODE: 0
INSTRUMENTATION_STATUS: top_seven_measurement=v1 id=23 strategy=1 round=2 wall_ns=1490875 cpu_ns=1456666 states=1455 verified=24 completion=0 alternatives=7
INSTRUMENTATION_STATUS_CODE: 0
INSTRUMENTATION_STATUS: top_seven_measurement=v1 id=23 strategy=0 round=2 wall_ns=609333 cpu_ns=528376 states=1462 verified=25 completion=0 alternatives=7
INSTRUMENTATION_STATUS_CODE: 0
INSTRUMENTATION_STATUS: top_seven_measurement=v1 id=24 strategy=0 round=2 wall_ns=470375 cpu_ns=471042 states=1273 verified=29 completion=0 alternatives=7
INSTRUMENTATION_STATUS_CODE: 0
INSTRUMENTATION_STATUS: top_seven_measurement=v1 id=24 strategy=1 round=2 wall_ns=809292 cpu_ns=810041 states=1273 verified=29 completion=0 alternatives=7
INSTRUMENTATION_STATUS_CODE: 0
INSTRUMENTATION_STATUS: top_seven_measurement=v1 id=25 strategy=1 round=2 wall_ns=9939917 cpu_ns=9857750 states=6796 verified=11 completion=0 alternatives=7
INSTRUMENTATION_STATUS_CODE: 0
INSTRUMENTATION_STATUS: top_seven_measurement=v1 id=25 strategy=0 round=2 wall_ns=3265416 cpu_ns=2640917 states=8192 verified=18 completion=3 alternatives=7
INSTRUMENTATION_STATUS_CODE: 0
INSTRUMENTATION_STATUS: top_seven_measurement=v1 id=26 strategy=0 round=2 wall_ns=2514375 cpu_ns=2457999 states=8192 verified=22 completion=3 alternatives=7
INSTRUMENTATION_STATUS_CODE: 0
INSTRUMENTATION_STATUS: top_seven_measurement=v1 id=26 strategy=1 round=2 wall_ns=7563417 cpu_ns=7506165 states=4889 verified=39 completion=0 alternatives=7
INSTRUMENTATION_STATUS_CODE: 0
INSTRUMENTATION_STATUS: top_seven_measurement=v1 id=27 strategy=1 round=2 wall_ns=1535625 cpu_ns=1498041 states=1508 verified=8 completion=0 alternatives=7
INSTRUMENTATION_STATUS_CODE: 0
INSTRUMENTATION_STATUS: top_seven_measurement=v1 id=27 strategy=0 round=2 wall_ns=452958 cpu_ns=444833 states=1508 verified=8 completion=0 alternatives=7
INSTRUMENTATION_STATUS_CODE: 0
INSTRUMENTATION_STATUS: top_seven_measurement=v1 id=28 strategy=0 round=2 wall_ns=1641208 cpu_ns=1641834 states=2798 verified=64 completion=4 alternatives=7
INSTRUMENTATION_STATUS_CODE: 0
INSTRUMENTATION_STATUS: top_seven_measurement=v1 id=28 strategy=1 round=2 wall_ns=6551791 cpu_ns=6510667 states=4469 verified=63 completion=0 alternatives=7
INSTRUMENTATION_STATUS_CODE: 0
INSTRUMENTATION_STATUS: top_seven_measurement=v1 id=29 strategy=1 round=2 wall_ns=10831250 cpu_ns=10741083 states=7060 verified=55 completion=0 alternatives=7
INSTRUMENTATION_STATUS_CODE: 0
INSTRUMENTATION_STATUS: top_seven_measurement=v1 id=29 strategy=0 round=2 wall_ns=2920625 cpu_ns=2921292 states=6682 verified=64 completion=4 alternatives=7
INSTRUMENTATION_STATUS_CODE: 0
INSTRUMENTATION_STATUS: top_seven_measurement=v1 id=30 strategy=0 round=2 wall_ns=2805167 cpu_ns=2751040 states=7644 verified=64 completion=4 alternatives=7
INSTRUMENTATION_STATUS_CODE: 0
INSTRUMENTATION_STATUS: top_seven_measurement=v1 id=30 strategy=1 round=2 wall_ns=3449250 cpu_ns=3435666 states=2206 verified=64 completion=4 alternatives=7
INSTRUMENTATION_STATUS_CODE: 0
INSTRUMENTATION_STATUS: top_seven_measurement=v1 id=31 strategy=1 round=2 wall_ns=11688083 cpu_ns=11576000 states=6727 verified=12 completion=0 alternatives=7
INSTRUMENTATION_STATUS_CODE: 0
INSTRUMENTATION_STATUS: top_seven_measurement=v1 id=31 strategy=0 round=2 wall_ns=2910917 cpu_ns=2883832 states=8192 verified=27 completion=3 alternatives=7
INSTRUMENTATION_STATUS_CODE: 0
INSTRUMENTATION_STATUS: top_seven_measurement=v1 id=32 strategy=0 round=2 wall_ns=2996500 cpu_ns=2997084 states=8192 verified=47 completion=3 alternatives=7
INSTRUMENTATION_STATUS_CODE: 0
INSTRUMENTATION_STATUS: top_seven_measurement=v1 id=32 strategy=1 round=2 wall_ns=7922792 cpu_ns=7858792 states=5006 verified=47 completion=0 alternatives=7
INSTRUMENTATION_STATUS_CODE: 0
INSTRUMENTATION_STATUS: top_seven_measurement=v1 id=33 strategy=1 round=2 wall_ns=4230958 cpu_ns=4185208 states=3501 verified=18 completion=0 alternatives=7
INSTRUMENTATION_STATUS_CODE: 0
INSTRUMENTATION_STATUS: top_seven_measurement=v1 id=33 strategy=0 round=2 wall_ns=2649959 cpu_ns=2645375 states=8192 verified=41 completion=3 alternatives=7
INSTRUMENTATION_STATUS_CODE: 0
INSTRUMENTATION_STATUS: top_seven_measurement=v1 id=34 strategy=0 round=2 wall_ns=2342209 cpu_ns=2287876 states=8192 verified=5 completion=3 alternatives=5
INSTRUMENTATION_STATUS_CODE: 0
INSTRUMENTATION_STATUS: top_seven_measurement=v1 id=34 strategy=1 round=2 wall_ns=14217375 cpu_ns=14146874 states=8192 verified=26 completion=3 alternatives=7
INSTRUMENTATION_STATUS_CODE: 0
INSTRUMENTATION_STATUS: top_seven_measurement=v1 id=35 strategy=1 round=2 wall_ns=11394750 cpu_ns=11322543 states=8192 verified=25 completion=3 alternatives=7
INSTRUMENTATION_STATUS_CODE: 0
INSTRUMENTATION_STATUS: top_seven_measurement=v1 id=35 strategy=0 round=2 wall_ns=2556834 cpu_ns=2546167 states=8192 verified=26 completion=3 alternatives=7
INSTRUMENTATION_STATUS_CODE: 0
INSTRUMENTATION_STATUS: top_seven_measurement=v1 id=36 strategy=0 round=2 wall_ns=2361209 cpu_ns=2337001 states=8192 verified=13 completion=3 alternatives=7
INSTRUMENTATION_STATUS_CODE: 0
INSTRUMENTATION_STATUS: top_seven_measurement=v1 id=36 strategy=1 round=2 wall_ns=3719833 cpu_ns=3694750 states=2213 verified=48 completion=0 alternatives=7
INSTRUMENTATION_STATUS_CODE: 0
INSTRUMENTATION_STATUS: top_seven_measurement=v1 id=37 strategy=1 round=2 wall_ns=16282667 cpu_ns=16175708 states=8192 verified=5 completion=3 alternatives=5
INSTRUMENTATION_STATUS_CODE: 0
INSTRUMENTATION_STATUS: top_seven_measurement=v1 id=37 strategy=0 round=2 wall_ns=3510958 cpu_ns=2722083 states=8192 verified=5 completion=3 alternatives=5
INSTRUMENTATION_STATUS_CODE: 0
INSTRUMENTATION_STATUS: top_seven_measurement=v1 id=38 strategy=0 round=2 wall_ns=2399750 cpu_ns=2349167 states=8192 verified=5 completion=3 alternatives=5
INSTRUMENTATION_STATUS_CODE: 0
INSTRUMENTATION_STATUS: top_seven_measurement=v1 id=38 strategy=1 round=2 wall_ns=15610292 cpu_ns=15543582 states=8192 verified=29 completion=3 alternatives=7
INSTRUMENTATION_STATUS_CODE: 0
INSTRUMENTATION_STATUS: top_seven_measurement=v1 id=39 strategy=1 round=2 wall_ns=3036625 cpu_ns=3027750 states=1873 verified=64 completion=4 alternatives=7
INSTRUMENTATION_STATUS_CODE: 0
INSTRUMENTATION_STATUS: top_seven_measurement=v1 id=39 strategy=0 round=2 wall_ns=2131250 cpu_ns=2101292 states=4858 verified=64 completion=4 alternatives=7
INSTRUMENTATION_STATUS_CODE: 0
INSTRUMENTATION_STATUS: top_seven_measurement=v1 id=40 strategy=0 round=2 wall_ns=835334 cpu_ns=836083 states=1943 verified=60 completion=0 alternatives=7
INSTRUMENTATION_STATUS_CODE: 0
INSTRUMENTATION_STATUS: top_seven_measurement=v1 id=40 strategy=1 round=2 wall_ns=675250 cpu_ns=675875 states=1119 verified=42 completion=0 alternatives=7
INSTRUMENTATION_STATUS_CODE: 0
INSTRUMENTATION_STATUS: top_seven_measurement=v1 id=41 strategy=1 round=2 wall_ns=2555250 cpu_ns=2486167 states=3007 verified=13 completion=0 alternatives=7
INSTRUMENTATION_STATUS_CODE: 0
INSTRUMENTATION_STATUS: top_seven_measurement=v1 id=41 strategy=0 round=2 wall_ns=929791 cpu_ns=885042 states=3014 verified=13 completion=0 alternatives=7
INSTRUMENTATION_STATUS_CODE: 0
INSTRUMENTATION_STATUS: top_seven_measurement=v1 id=42 strategy=0 round=2 wall_ns=888166 cpu_ns=861418 states=2621 verified=56 completion=0 alternatives=7
INSTRUMENTATION_STATUS_CODE: 0
INSTRUMENTATION_STATUS: top_seven_measurement=v1 id=42 strategy=1 round=2 wall_ns=728542 cpu_ns=707292 states=1399 verified=41 completion=0 alternatives=7
INSTRUMENTATION_STATUS_CODE: 0
INSTRUMENTATION_STATUS: top_seven_measurement=v1 id=43 strategy=1 round=2 wall_ns=6530792 cpu_ns=6484334 states=4904 verified=13 completion=0 alternatives=7
INSTRUMENTATION_STATUS_CODE: 0
INSTRUMENTATION_STATUS: top_seven_measurement=v1 id=43 strategy=0 round=2 wall_ns=3217042 cpu_ns=3179750 states=8192 verified=50 completion=3 alternatives=7
INSTRUMENTATION_STATUS_CODE: 0
INSTRUMENTATION_STATUS: top_seven_measurement=v1 id=44 strategy=0 round=2 wall_ns=692166 cpu_ns=672583 states=2455 verified=10 completion=0 alternatives=4
INSTRUMENTATION_STATUS_CODE: 0
INSTRUMENTATION_STATUS: top_seven_measurement=v1 id=44 strategy=1 round=2 wall_ns=2007125 cpu_ns=2007875 states=2455 verified=10 completion=0 alternatives=4
INSTRUMENTATION_STATUS_CODE: 0
INSTRUMENTATION_STATUS: top_seven_measurement=v1 id=45 strategy=1 round=2 wall_ns=18916 cpu_ns=17750 states=28 verified=0 completion=2 alternatives=0
INSTRUMENTATION_STATUS_CODE: 0
INSTRUMENTATION_STATUS: top_seven_measurement=v1 id=45 strategy=0 round=2 wall_ns=17458 cpu_ns=36833 states=28 verified=0 completion=2 alternatives=0
INSTRUMENTATION_STATUS_CODE: 0
INSTRUMENTATION_STATUS: top_seven_measurement=v1 id=46 strategy=0 round=2 wall_ns=1635750 cpu_ns=1510583 states=2906 verified=64 completion=4 alternatives=7
INSTRUMENTATION_STATUS_CODE: 0
INSTRUMENTATION_STATUS: top_seven_measurement=v1 id=46 strategy=1 round=2 wall_ns=3146458 cpu_ns=2975083 states=2202 verified=27 completion=0 alternatives=7
INSTRUMENTATION_STATUS_CODE: 0
INSTRUMENTATION_STATUS: top_seven_measurement=v1 id=47 strategy=1 round=2 wall_ns=13530750 cpu_ns=13358793 states=8192 verified=16 completion=3 alternatives=7
INSTRUMENTATION_STATUS_CODE: 0
INSTRUMENTATION_STATUS: top_seven_measurement=v1 id=47 strategy=0 round=2 wall_ns=3139167 cpu_ns=3025833 states=8192 verified=16 completion=3 alternatives=7
INSTRUMENTATION_STATUS_CODE: 0
INSTRUMENTATION_STATUS: top_seven_measurement=v1 id=48 strategy=0 round=2 wall_ns=2702583 cpu_ns=2574751 states=5158 verified=64 completion=4 alternatives=7
INSTRUMENTATION_STATUS_CODE: 0
INSTRUMENTATION_STATUS: top_seven_measurement=v1 id=48 strategy=1 round=2 wall_ns=2608042 cpu_ns=2516751 states=1680 verified=21 completion=0 alternatives=7
INSTRUMENTATION_STATUS_CODE: 0
INSTRUMENTATION_STATUS: top_seven_measurement=v1 id=49 strategy=1 round=2 wall_ns=1636875 cpu_ns=1555501 states=1514 verified=18 completion=0 alternatives=7
INSTRUMENTATION_STATUS_CODE: 0
INSTRUMENTATION_STATUS: top_seven_measurement=v1 id=49 strategy=0 round=2 wall_ns=1036333 cpu_ns=929209 states=1514 verified=18 completion=0 alternatives=7
INSTRUMENTATION_STATUS_CODE: 0
INSTRUMENTATION_STATUS: top_seven_measurement=v1 id=50 strategy=0 round=2 wall_ns=1715209 cpu_ns=1628792 states=2296 verified=64 completion=4 alternatives=7
INSTRUMENTATION_STATUS_CODE: 0
INSTRUMENTATION_STATUS: top_seven_measurement=v1 id=50 strategy=1 round=2 wall_ns=3035375 cpu_ns=2927666 states=1892 verified=64 completion=4 alternatives=7
INSTRUMENTATION_STATUS_CODE: 0
INSTRUMENTATION_STATUS: top_seven_measurement=v1 id=51 strategy=1 round=2 wall_ns=969125 cpu_ns=821750 states=740 verified=11 completion=0 alternatives=7
INSTRUMENTATION_STATUS_CODE: 0
INSTRUMENTATION_STATUS: top_seven_measurement=v1 id=51 strategy=0 round=2 wall_ns=1219334 cpu_ns=1122457 states=3145 verified=33 completion=0 alternatives=7
INSTRUMENTATION_STATUS_CODE: 0
INSTRUMENTATION_STATUS: top_seven_measurement=v1 id=52 strategy=0 round=2 wall_ns=2659208 cpu_ns=2528125 states=8192 verified=4 completion=3 alternatives=4
INSTRUMENTATION_STATUS_CODE: 0
INSTRUMENTATION_STATUS: top_seven_measurement=v1 id=52 strategy=1 round=2 wall_ns=13743834 cpu_ns=13627917 states=8192 verified=4 completion=3 alternatives=4
INSTRUMENTATION_STATUS_CODE: 0
INSTRUMENTATION_STATUS: top_seven_measurement=v1 id=53 strategy=1 round=2 wall_ns=1574167 cpu_ns=1489041 states=1667 verified=10 completion=0 alternatives=7
INSTRUMENTATION_STATUS_CODE: 0
INSTRUMENTATION_STATUS: top_seven_measurement=v1 id=53 strategy=0 round=2 wall_ns=992459 cpu_ns=918626 states=2924 verified=17 completion=0 alternatives=7
INSTRUMENTATION_STATUS_CODE: 0
INSTRUMENTATION_STATUS: top_seven_measurement=v1 id=54 strategy=0 round=2 wall_ns=2776208 cpu_ns=2661918 states=8192 verified=20 completion=3 alternatives=7
INSTRUMENTATION_STATUS_CODE: 0
INSTRUMENTATION_STATUS: top_seven_measurement=v1 id=54 strategy=1 round=2 wall_ns=11253583 cpu_ns=11049540 states=8192 verified=14 completion=3 alternatives=7
INSTRUMENTATION_STATUS_CODE: 0
INSTRUMENTATION_STATUS: top_seven_measurement=v1 id=55 strategy=1 round=2 wall_ns=12183625 cpu_ns=11191834 states=6979 verified=13 completion=0 alternatives=7
INSTRUMENTATION_STATUS_CODE: 0
INSTRUMENTATION_STATUS: top_seven_measurement=v1 id=55 strategy=0 round=2 wall_ns=2920208 cpu_ns=2819876 states=8192 verified=23 completion=3 alternatives=7
INSTRUMENTATION_STATUS_CODE: 0
INSTRUMENTATION_STATUS: top_seven_measurement=v1 id=56 strategy=0 round=2 wall_ns=979375 cpu_ns=861332 states=2318 verified=12 completion=0 alternatives=7
INSTRUMENTATION_STATUS_CODE: 0
INSTRUMENTATION_STATUS: top_seven_measurement=v1 id=56 strategy=1 round=2 wall_ns=1170125 cpu_ns=1079625 states=1277 verified=8 completion=0 alternatives=7
INSTRUMENTATION_STATUS_CODE: 0
INSTRUMENTATION_STATUS: top_seven_measurement=v1 id=57 strategy=1 round=2 wall_ns=13168709 cpu_ns=13045499 states=8192 verified=3 completion=3 alternatives=3
INSTRUMENTATION_STATUS_CODE: 0
INSTRUMENTATION_STATUS: top_seven_measurement=v1 id=57 strategy=0 round=2 wall_ns=2648042 cpu_ns=2581333 states=8192 verified=6 completion=3 alternatives=6
INSTRUMENTATION_STATUS_CODE: 0
INSTRUMENTATION_STATUS: top_seven_measurement=v1 id=58 strategy=0 round=2 wall_ns=1138583 cpu_ns=1100209 states=970 verified=64 completion=4 alternatives=7
INSTRUMENTATION_STATUS_CODE: 0
INSTRUMENTATION_STATUS: top_seven_measurement=v1 id=58 strategy=1 round=2 wall_ns=3160292 cpu_ns=3157001 states=2200 verified=48 completion=0 alternatives=7
INSTRUMENTATION_STATUS_CODE: 0
INSTRUMENTATION_STATUS: top_seven_measurement=v1 id=59 strategy=1 round=2 wall_ns=7609459 cpu_ns=7484168 states=5151 verified=15 completion=0 alternatives=7
INSTRUMENTATION_STATUS_CODE: 0
INSTRUMENTATION_STATUS: top_seven_measurement=v1 id=59 strategy=0 round=2 wall_ns=2723667 cpu_ns=2639751 states=8192 verified=14 completion=3 alternatives=7
INSTRUMENTATION_STATUS_CODE: 0
INSTRUMENTATION_STATUS: top_seven_measurement=v1 id=0 strategy=1 round=3 wall_ns=10967208 cpu_ns=10904833 states=8192 verified=13 completion=3 alternatives=7
INSTRUMENTATION_STATUS_CODE: 0
INSTRUMENTATION_STATUS: top_seven_measurement=v1 id=0 strategy=0 round=3 wall_ns=2600542 cpu_ns=2528252 states=8192 verified=17 completion=3 alternatives=7
INSTRUMENTATION_STATUS_CODE: 0
INSTRUMENTATION_STATUS: top_seven_measurement=v1 id=1 strategy=0 round=3 wall_ns=633666 cpu_ns=634416 states=2144 verified=14 completion=0 alternatives=7
INSTRUMENTATION_STATUS_CODE: 0
INSTRUMENTATION_STATUS: top_seven_measurement=v1 id=1 strategy=1 round=3 wall_ns=1057292 cpu_ns=1049666 states=1438 verified=13 completion=0 alternatives=7
INSTRUMENTATION_STATUS_CODE: 0
INSTRUMENTATION_STATUS: top_seven_measurement=v1 id=2 strategy=1 round=3 wall_ns=11386750 cpu_ns=11337291 states=8192 verified=5 completion=3 alternatives=5
INSTRUMENTATION_STATUS_CODE: 0
INSTRUMENTATION_STATUS: top_seven_measurement=v1 id=2 strategy=0 round=3 wall_ns=2681208 cpu_ns=2635416 states=8192 verified=10 completion=3 alternatives=7
INSTRUMENTATION_STATUS_CODE: 0
INSTRUMENTATION_STATUS: top_seven_measurement=v1 id=3 strategy=0 round=3 wall_ns=2481833 cpu_ns=2453042 states=8192 verified=33 completion=3 alternatives=7
INSTRUMENTATION_STATUS_CODE: 0
INSTRUMENTATION_STATUS: top_seven_measurement=v1 id=3 strategy=1 round=3 wall_ns=7600333 cpu_ns=7554540 states=6441 verified=57 completion=0 alternatives=7
INSTRUMENTATION_STATUS_CODE: 0
INSTRUMENTATION_STATUS: top_seven_measurement=v1 id=4 strategy=1 round=3 wall_ns=11305042 cpu_ns=11114499 states=8192 verified=7 completion=3 alternatives=7
INSTRUMENTATION_STATUS_CODE: 0
INSTRUMENTATION_STATUS: top_seven_measurement=v1 id=4 strategy=0 round=3 wall_ns=2369542 cpu_ns=2370333 states=8192 verified=7 completion=3 alternatives=7
INSTRUMENTATION_STATUS_CODE: 0
INSTRUMENTATION_STATUS: top_seven_measurement=v1 id=5 strategy=0 round=3 wall_ns=2573375 cpu_ns=2524583 states=8192 verified=49 completion=3 alternatives=7
INSTRUMENTATION_STATUS_CODE: 0
INSTRUMENTATION_STATUS: top_seven_measurement=v1 id=5 strategy=1 round=3 wall_ns=2434792 cpu_ns=2409916 states=2139 verified=59 completion=0 alternatives=7
INSTRUMENTATION_STATUS_CODE: 0
INSTRUMENTATION_STATUS: top_seven_measurement=v1 id=6 strategy=1 round=3 wall_ns=6211667 cpu_ns=6170334 states=5398 verified=16 completion=0 alternatives=7
INSTRUMENTATION_STATUS_CODE: 0
INSTRUMENTATION_STATUS: top_seven_measurement=v1 id=6 strategy=0 round=3 wall_ns=2579167 cpu_ns=2555458 states=8192 verified=37 completion=3 alternatives=7
INSTRUMENTATION_STATUS_CODE: 0
INSTRUMENTATION_STATUS: top_seven_measurement=v1 id=7 strategy=0 round=3 wall_ns=2000833 cpu_ns=2001541 states=4050 verified=64 completion=4 alternatives=7
INSTRUMENTATION_STATUS_CODE: 0
INSTRUMENTATION_STATUS: top_seven_measurement=v1 id=7 strategy=1 round=3 wall_ns=9661667 cpu_ns=8680334 states=5678 verified=45 completion=0 alternatives=7
INSTRUMENTATION_STATUS_CODE: 0
INSTRUMENTATION_STATUS: top_seven_measurement=v1 id=8 strategy=1 round=3 wall_ns=2290833 cpu_ns=2291583 states=1503 verified=64 completion=4 alternatives=7
INSTRUMENTATION_STATUS_CODE: 0
INSTRUMENTATION_STATUS: top_seven_measurement=v1 id=8 strategy=0 round=3 wall_ns=1284292 cpu_ns=1208791 states=1838 verified=64 completion=4 alternatives=7
INSTRUMENTATION_STATUS_CODE: 0
INSTRUMENTATION_STATUS: top_seven_measurement=v1 id=9 strategy=0 round=3 wall_ns=2251500 cpu_ns=2238250 states=8192 verified=13 completion=3 alternatives=7
INSTRUMENTATION_STATUS_CODE: 0
INSTRUMENTATION_STATUS: top_seven_measurement=v1 id=9 strategy=1 round=3 wall_ns=5453959 cpu_ns=5414291 states=4662 verified=13 completion=0 alternatives=7
INSTRUMENTATION_STATUS_CODE: 0
INSTRUMENTATION_STATUS: top_seven_measurement=v1 id=10 strategy=1 round=3 wall_ns=1376667 cpu_ns=1377333 states=1917 verified=42 completion=0 alternatives=7
INSTRUMENTATION_STATUS_CODE: 0
INSTRUMENTATION_STATUS: top_seven_measurement=v1 id=10 strategy=0 round=3 wall_ns=1026000 cpu_ns=1008624 states=3038 verified=57 completion=0 alternatives=7
INSTRUMENTATION_STATUS_CODE: 0
INSTRUMENTATION_STATUS: top_seven_measurement=v1 id=11 strategy=0 round=3 wall_ns=2604875 cpu_ns=2605584 states=8192 verified=34 completion=3 alternatives=7
INSTRUMENTATION_STATUS_CODE: 0
INSTRUMENTATION_STATUS: top_seven_measurement=v1 id=11 strategy=1 round=3 wall_ns=11208875 cpu_ns=11147001 states=8192 verified=49 completion=3 alternatives=7
INSTRUMENTATION_STATUS_CODE: 0
INSTRUMENTATION_STATUS: top_seven_measurement=v1 id=12 strategy=1 round=3 wall_ns=1586958 cpu_ns=1564292 states=1986 verified=15 completion=0 alternatives=7
INSTRUMENTATION_STATUS_CODE: 0
INSTRUMENTATION_STATUS: top_seven_measurement=v1 id=12 strategy=0 round=3 wall_ns=1109291 cpu_ns=952916 states=3316 verified=21 completion=0 alternatives=7
INSTRUMENTATION_STATUS_CODE: 0
INSTRUMENTATION_STATUS: top_seven_measurement=v1 id=13 strategy=0 round=3 wall_ns=2462208 cpu_ns=2462917 states=8192 verified=42 completion=3 alternatives=7
INSTRUMENTATION_STATUS_CODE: 0
INSTRUMENTATION_STATUS: top_seven_measurement=v1 id=13 strategy=1 round=3 wall_ns=3632500 cpu_ns=3633292 states=2999 verified=64 completion=4 alternatives=7
INSTRUMENTATION_STATUS_CODE: 0
INSTRUMENTATION_STATUS: top_seven_measurement=v1 id=14 strategy=1 round=3 wall_ns=12819833 cpu_ns=12685916 states=8192 verified=1 completion=3 alternatives=1
INSTRUMENTATION_STATUS_CODE: 0
INSTRUMENTATION_STATUS: top_seven_measurement=v1 id=14 strategy=0 round=3 wall_ns=2244958 cpu_ns=2245750 states=8192 verified=0 completion=3 alternatives=0
INSTRUMENTATION_STATUS_CODE: 0
INSTRUMENTATION_STATUS: top_seven_measurement=v1 id=15 strategy=0 round=3 wall_ns=613833 cpu_ns=585459 states=2138 verified=16 completion=0 alternatives=7
INSTRUMENTATION_STATUS_CODE: 0
INSTRUMENTATION_STATUS: top_seven_measurement=v1 id=15 strategy=1 round=3 wall_ns=976875 cpu_ns=979667 states=1324 verified=9 completion=0 alternatives=7
INSTRUMENTATION_STATUS_CODE: 0
INSTRUMENTATION_STATUS: top_seven_measurement=v1 id=16 strategy=1 round=3 wall_ns=10295375 cpu_ns=10209708 states=8192 verified=14 completion=3 alternatives=7
INSTRUMENTATION_STATUS_CODE: 0
INSTRUMENTATION_STATUS: top_seven_measurement=v1 id=16 strategy=0 round=3 wall_ns=2399875 cpu_ns=2348417 states=8192 verified=15 completion=3 alternatives=7
INSTRUMENTATION_STATUS_CODE: 0
INSTRUMENTATION_STATUS: top_seven_measurement=v1 id=17 strategy=0 round=3 wall_ns=2256500 cpu_ns=2206957 states=8192 verified=1 completion=3 alternatives=1
INSTRUMENTATION_STATUS_CODE: 0
INSTRUMENTATION_STATUS: top_seven_measurement=v1 id=17 strategy=1 round=3 wall_ns=10786250 cpu_ns=10747626 states=8192 verified=2 completion=3 alternatives=2
INSTRUMENTATION_STATUS_CODE: 0
INSTRUMENTATION_STATUS: top_seven_measurement=v1 id=18 strategy=1 round=3 wall_ns=2637583 cpu_ns=2527540 states=3409 verified=5 completion=0 alternatives=5
INSTRUMENTATION_STATUS_CODE: 0
INSTRUMENTATION_STATUS: top_seven_measurement=v1 id=18 strategy=0 round=3 wall_ns=856625 cpu_ns=857125 states=3409 verified=5 completion=0 alternatives=5
INSTRUMENTATION_STATUS_CODE: 0
INSTRUMENTATION_STATUS: top_seven_measurement=v1 id=19 strategy=0 round=3 wall_ns=662041 cpu_ns=617042 states=1668 verified=52 completion=0 alternatives=7
INSTRUMENTATION_STATUS_CODE: 0
INSTRUMENTATION_STATUS: top_seven_measurement=v1 id=19 strategy=1 round=3 wall_ns=850209 cpu_ns=850792 states=1121 verified=50 completion=0 alternatives=7
INSTRUMENTATION_STATUS_CODE: 0
INSTRUMENTATION_STATUS: top_seven_measurement=v1 id=20 strategy=1 round=3 wall_ns=4777542 cpu_ns=4725876 states=2619 verified=64 completion=4 alternatives=7
INSTRUMENTATION_STATUS_CODE: 0
INSTRUMENTATION_STATUS: top_seven_measurement=v1 id=20 strategy=0 round=3 wall_ns=2663750 cpu_ns=2629291 states=8192 verified=12 completion=3 alternatives=7
INSTRUMENTATION_STATUS_CODE: 0
INSTRUMENTATION_STATUS: top_seven_measurement=v1 id=21 strategy=0 round=3 wall_ns=3634167 cpu_ns=3570999 states=8192 verified=44 completion=3 alternatives=7
INSTRUMENTATION_STATUS_CODE: 0
INSTRUMENTATION_STATUS: top_seven_measurement=v1 id=21 strategy=1 round=3 wall_ns=12256917 cpu_ns=11374501 states=5806 verified=21 completion=0 alternatives=7
INSTRUMENTATION_STATUS_CODE: 0
INSTRUMENTATION_STATUS: top_seven_measurement=v1 id=22 strategy=1 round=3 wall_ns=1858541 cpu_ns=1859208 states=1928 verified=10 completion=0 alternatives=7
INSTRUMENTATION_STATUS_CODE: 0
INSTRUMENTATION_STATUS: top_seven_measurement=v1 id=22 strategy=0 round=3 wall_ns=598458 cpu_ns=575458 states=1937 verified=11 completion=0 alternatives=7
INSTRUMENTATION_STATUS_CODE: 0
INSTRUMENTATION_STATUS: top_seven_measurement=v1 id=23 strategy=0 round=3 wall_ns=600459 cpu_ns=591124 states=1462 verified=25 completion=0 alternatives=7
INSTRUMENTATION_STATUS_CODE: 0
INSTRUMENTATION_STATUS: top_seven_measurement=v1 id=23 strategy=1 round=3 wall_ns=1400875 cpu_ns=1398458 states=1455 verified=24 completion=0 alternatives=7
INSTRUMENTATION_STATUS_CODE: 0
INSTRUMENTATION_STATUS: top_seven_measurement=v1 id=24 strategy=1 round=3 wall_ns=838500 cpu_ns=839125 states=1273 verified=29 completion=0 alternatives=7
INSTRUMENTATION_STATUS_CODE: 0
INSTRUMENTATION_STATUS: top_seven_measurement=v1 id=24 strategy=0 round=3 wall_ns=454291 cpu_ns=430249 states=1273 verified=29 completion=0 alternatives=7
INSTRUMENTATION_STATUS_CODE: 0
INSTRUMENTATION_STATUS: top_seven_measurement=v1 id=25 strategy=0 round=3 wall_ns=2505542 cpu_ns=2506375 states=8192 verified=18 completion=3 alternatives=7
INSTRUMENTATION_STATUS_CODE: 0
INSTRUMENTATION_STATUS: top_seven_measurement=v1 id=25 strategy=1 round=3 wall_ns=9815625 cpu_ns=9763583 states=6796 verified=11 completion=0 alternatives=7
INSTRUMENTATION_STATUS_CODE: 0
INSTRUMENTATION_STATUS: top_seven_measurement=v1 id=26 strategy=1 round=3 wall_ns=7405542 cpu_ns=7336666 states=4889 verified=39 completion=0 alternatives=7
INSTRUMENTATION_STATUS_CODE: 0
INSTRUMENTATION_STATUS: top_seven_measurement=v1 id=26 strategy=0 round=3 wall_ns=2465625 cpu_ns=2466334 states=8192 verified=22 completion=3 alternatives=7
INSTRUMENTATION_STATUS_CODE: 0
INSTRUMENTATION_STATUS: top_seven_measurement=v1 id=27 strategy=0 round=3 wall_ns=497125 cpu_ns=487750 states=1508 verified=8 completion=0 alternatives=7
INSTRUMENTATION_STATUS_CODE: 0
INSTRUMENTATION_STATUS: top_seven_measurement=v1 id=27 strategy=1 round=3 wall_ns=1496167 cpu_ns=1474667 states=1508 verified=8 completion=0 alternatives=7
INSTRUMENTATION_STATUS_CODE: 0
INSTRUMENTATION_STATUS: top_seven_measurement=v1 id=28 strategy=1 round=3 wall_ns=6476875 cpu_ns=6438793 states=4469 verified=63 completion=0 alternatives=7
INSTRUMENTATION_STATUS_CODE: 0
INSTRUMENTATION_STATUS: top_seven_measurement=v1 id=28 strategy=0 round=3 wall_ns=1622125 cpu_ns=1621917 states=2798 verified=64 completion=4 alternatives=7
INSTRUMENTATION_STATUS_CODE: 0
INSTRUMENTATION_STATUS: top_seven_measurement=v1 id=29 strategy=0 round=3 wall_ns=3038792 cpu_ns=2996459 states=6682 verified=64 completion=4 alternatives=7
INSTRUMENTATION_STATUS_CODE: 0
INSTRUMENTATION_STATUS: top_seven_measurement=v1 id=29 strategy=1 round=3 wall_ns=10787167 cpu_ns=10737750 states=7060 verified=55 completion=0 alternatives=7
INSTRUMENTATION_STATUS_CODE: 0
INSTRUMENTATION_STATUS: top_seven_measurement=v1 id=30 strategy=1 round=3 wall_ns=3539459 cpu_ns=3517374 states=2206 verified=64 completion=4 alternatives=7
INSTRUMENTATION_STATUS_CODE: 0
INSTRUMENTATION_STATUS: top_seven_measurement=v1 id=30 strategy=0 round=3 wall_ns=2810791 cpu_ns=2811541 states=7644 verified=64 completion=4 alternatives=7
INSTRUMENTATION_STATUS_CODE: 0
INSTRUMENTATION_STATUS: top_seven_measurement=v1 id=31 strategy=0 round=3 wall_ns=3072334 cpu_ns=3038959 states=8192 verified=27 completion=3 alternatives=7
INSTRUMENTATION_STATUS_CODE: 0
INSTRUMENTATION_STATUS: top_seven_measurement=v1 id=31 strategy=1 round=3 wall_ns=11446875 cpu_ns=11385874 states=6727 verified=12 completion=0 alternatives=7
INSTRUMENTATION_STATUS_CODE: 0
INSTRUMENTATION_STATUS: top_seven_measurement=v1 id=32 strategy=1 round=3 wall_ns=7963917 cpu_ns=7908333 states=5006 verified=47 completion=0 alternatives=7
INSTRUMENTATION_STATUS_CODE: 0
INSTRUMENTATION_STATUS: top_seven_measurement=v1 id=32 strategy=0 round=3 wall_ns=2964917 cpu_ns=2939375 states=8192 verified=47 completion=3 alternatives=7
INSTRUMENTATION_STATUS_CODE: 0
INSTRUMENTATION_STATUS: top_seven_measurement=v1 id=33 strategy=0 round=3 wall_ns=2751333 cpu_ns=2721000 states=8192 verified=41 completion=3 alternatives=7
INSTRUMENTATION_STATUS_CODE: 0
INSTRUMENTATION_STATUS: top_seven_measurement=v1 id=33 strategy=1 round=3 wall_ns=4139250 cpu_ns=4101793 states=3501 verified=18 completion=0 alternatives=7
INSTRUMENTATION_STATUS_CODE: 0
INSTRUMENTATION_STATUS: top_seven_measurement=v1 id=34 strategy=1 round=3 wall_ns=14201583 cpu_ns=14142208 states=8192 verified=26 completion=3 alternatives=7
INSTRUMENTATION_STATUS_CODE: 0
INSTRUMENTATION_STATUS: top_seven_measurement=v1 id=34 strategy=0 round=3 wall_ns=2351209 cpu_ns=2325458 states=8192 verified=5 completion=3 alternatives=5
INSTRUMENTATION_STATUS_CODE: 0
INSTRUMENTATION_STATUS: top_seven_measurement=v1 id=35 strategy=0 round=3 wall_ns=2537959 cpu_ns=2535458 states=8192 verified=26 completion=3 alternatives=7
INSTRUMENTATION_STATUS_CODE: 0
INSTRUMENTATION_STATUS: top_seven_measurement=v1 id=35 strategy=1 round=3 wall_ns=12503541 cpu_ns=11608168 states=8192 verified=25 completion=3 alternatives=7
INSTRUMENTATION_STATUS_CODE: 0
INSTRUMENTATION_STATUS: top_seven_measurement=v1 id=36 strategy=1 round=3 wall_ns=3670708 cpu_ns=3643958 states=2213 verified=48 completion=0 alternatives=7
INSTRUMENTATION_STATUS_CODE: 0
INSTRUMENTATION_STATUS: top_seven_measurement=v1 id=36 strategy=0 round=3 wall_ns=2372458 cpu_ns=2360959 states=8192 verified=13 completion=3 alternatives=7
INSTRUMENTATION_STATUS_CODE: 0
INSTRUMENTATION_STATUS: top_seven_measurement=v1 id=37 strategy=0 round=3 wall_ns=2524375 cpu_ns=2500793 states=8192 verified=5 completion=3 alternatives=5
INSTRUMENTATION_STATUS_CODE: 0
INSTRUMENTATION_STATUS: top_seven_measurement=v1 id=37 strategy=1 round=3 wall_ns=15924875 cpu_ns=15871041 states=8192 verified=5 completion=3 alternatives=5
INSTRUMENTATION_STATUS_CODE: 0
INSTRUMENTATION_STATUS: top_seven_measurement=v1 id=38 strategy=1 round=3 wall_ns=15684625 cpu_ns=15602832 states=8192 verified=29 completion=3 alternatives=7
INSTRUMENTATION_STATUS_CODE: 0
INSTRUMENTATION_STATUS: top_seven_measurement=v1 id=38 strategy=0 round=3 wall_ns=2406208 cpu_ns=2344541 states=8192 verified=5 completion=3 alternatives=5
INSTRUMENTATION_STATUS_CODE: 0
INSTRUMENTATION_STATUS: top_seven_measurement=v1 id=39 strategy=0 round=3 wall_ns=2075959 cpu_ns=2059083 states=4858 verified=64 completion=4 alternatives=7
INSTRUMENTATION_STATUS_CODE: 0
INSTRUMENTATION_STATUS: top_seven_measurement=v1 id=39 strategy=1 round=3 wall_ns=2960083 cpu_ns=2932749 states=1873 verified=64 completion=4 alternatives=7
INSTRUMENTATION_STATUS_CODE: 0
INSTRUMENTATION_STATUS: top_seven_measurement=v1 id=40 strategy=1 round=3 wall_ns=783792 cpu_ns=777250 states=1119 verified=42 completion=0 alternatives=7
INSTRUMENTATION_STATUS_CODE: 0
INSTRUMENTATION_STATUS: top_seven_measurement=v1 id=40 strategy=0 round=3 wall_ns=721625 cpu_ns=709416 states=1943 verified=60 completion=0 alternatives=7
INSTRUMENTATION_STATUS_CODE: 0
INSTRUMENTATION_STATUS: top_seven_measurement=v1 id=41 strategy=0 round=3 wall_ns=925583 cpu_ns=902124 states=3014 verified=13 completion=0 alternatives=7
INSTRUMENTATION_STATUS_CODE: 0
INSTRUMENTATION_STATUS: top_seven_measurement=v1 id=41 strategy=1 round=3 wall_ns=2412625 cpu_ns=2400501 states=3007 verified=13 completion=0 alternatives=7
INSTRUMENTATION_STATUS_CODE: 0
INSTRUMENTATION_STATUS: top_seven_measurement=v1 id=42 strategy=1 round=3 wall_ns=763209 cpu_ns=740499 states=1399 verified=41 completion=0 alternatives=7
INSTRUMENTATION_STATUS_CODE: 0
INSTRUMENTATION_STATUS: top_seven_measurement=v1 id=42 strategy=0 round=3 wall_ns=792375 cpu_ns=786667 states=2621 verified=56 completion=0 alternatives=7
INSTRUMENTATION_STATUS_CODE: 0
INSTRUMENTATION_STATUS: top_seven_measurement=v1 id=43 strategy=0 round=3 wall_ns=3265500 cpu_ns=3240083 states=8192 verified=50 completion=3 alternatives=7
INSTRUMENTATION_STATUS_CODE: 0
INSTRUMENTATION_STATUS: top_seven_measurement=v1 id=43 strategy=1 round=3 wall_ns=6519250 cpu_ns=6505583 states=4904 verified=13 completion=0 alternatives=7
INSTRUMENTATION_STATUS_CODE: 0
INSTRUMENTATION_STATUS: top_seven_measurement=v1 id=44 strategy=1 round=3 wall_ns=2136250 cpu_ns=2113084 states=2455 verified=10 completion=0 alternatives=4
INSTRUMENTATION_STATUS_CODE: 0
INSTRUMENTATION_STATUS: top_seven_measurement=v1 id=44 strategy=0 round=3 wall_ns=670875 cpu_ns=623125 states=2455 verified=10 completion=0 alternatives=4
INSTRUMENTATION_STATUS_CODE: 0
INSTRUMENTATION_STATUS: top_seven_measurement=v1 id=45 strategy=0 round=3 wall_ns=20250 cpu_ns=15291 states=28 verified=0 completion=2 alternatives=0
INSTRUMENTATION_STATUS_CODE: 0
INSTRUMENTATION_STATUS: top_seven_measurement=v1 id=45 strategy=1 round=3 wall_ns=17166 cpu_ns=17666 states=28 verified=0 completion=2 alternatives=0
INSTRUMENTATION_STATUS_CODE: 0
INSTRUMENTATION_STATUS: top_seven_measurement=v1 id=46 strategy=1 round=3 wall_ns=3047333 cpu_ns=3003543 states=2202 verified=27 completion=0 alternatives=7
INSTRUMENTATION_STATUS_CODE: 0
INSTRUMENTATION_STATUS: top_seven_measurement=v1 id=46 strategy=0 round=3 wall_ns=1579666 cpu_ns=1550083 states=2906 verified=64 completion=4 alternatives=7
INSTRUMENTATION_STATUS_CODE: 0
INSTRUMENTATION_STATUS: top_seven_measurement=v1 id=47 strategy=0 round=3 wall_ns=2711917 cpu_ns=2712541 states=8192 verified=16 completion=3 alternatives=7
INSTRUMENTATION_STATUS_CODE: 0
INSTRUMENTATION_STATUS: top_seven_measurement=v1 id=47 strategy=1 round=3 wall_ns=13335458 cpu_ns=13268499 states=8192 verified=16 completion=3 alternatives=7
INSTRUMENTATION_STATUS_CODE: 0
INSTRUMENTATION_STATUS: top_seven_measurement=v1 id=48 strategy=1 round=3 wall_ns=2366875 cpu_ns=2361167 states=1680 verified=21 completion=0 alternatives=7
INSTRUMENTATION_STATUS_CODE: 0
INSTRUMENTATION_STATUS: top_seven_measurement=v1 id=48 strategy=0 round=3 wall_ns=2580458 cpu_ns=2502584 states=5158 verified=64 completion=4 alternatives=7
INSTRUMENTATION_STATUS_CODE: 0
INSTRUMENTATION_STATUS: top_seven_measurement=v1 id=49 strategy=0 round=3 wall_ns=543917 cpu_ns=544625 states=1514 verified=18 completion=0 alternatives=7
INSTRUMENTATION_STATUS_CODE: 0
INSTRUMENTATION_STATUS: top_seven_measurement=v1 id=49 strategy=1 round=3 wall_ns=1455292 cpu_ns=1415709 states=1514 verified=18 completion=0 alternatives=7
INSTRUMENTATION_STATUS_CODE: 0
INSTRUMENTATION_STATUS: top_seven_measurement=v1 id=50 strategy=1 round=3 wall_ns=2738625 cpu_ns=2739083 states=1892 verified=64 completion=4 alternatives=7
INSTRUMENTATION_STATUS_CODE: 0
INSTRUMENTATION_STATUS: top_seven_measurement=v1 id=50 strategy=0 round=3 wall_ns=1375000 cpu_ns=1351542 states=2296 verified=64 completion=4 alternatives=7
INSTRUMENTATION_STATUS_CODE: 0
INSTRUMENTATION_STATUS: top_seven_measurement=v1 id=51 strategy=0 round=3 wall_ns=1009084 cpu_ns=1009750 states=3145 verified=33 completion=0 alternatives=7
INSTRUMENTATION_STATUS_CODE: 0
INSTRUMENTATION_STATUS: top_seven_measurement=v1 id=51 strategy=1 round=3 wall_ns=671042 cpu_ns=659292 states=740 verified=11 completion=0 alternatives=7
INSTRUMENTATION_STATUS_CODE: 0
INSTRUMENTATION_STATUS: top_seven_measurement=v1 id=52 strategy=1 round=3 wall_ns=13748583 cpu_ns=13592329 states=8192 verified=4 completion=3 alternatives=4
INSTRUMENTATION_STATUS_CODE: 0
INSTRUMENTATION_STATUS: top_seven_measurement=v1 id=52 strategy=0 round=3 wall_ns=2342459 cpu_ns=2343000 states=8192 verified=4 completion=3 alternatives=4
INSTRUMENTATION_STATUS_CODE: 0
INSTRUMENTATION_STATUS: top_seven_measurement=v1 id=53 strategy=0 round=3 wall_ns=902875 cpu_ns=865541 states=2924 verified=17 completion=0 alternatives=7
INSTRUMENTATION_STATUS_CODE: 0
INSTRUMENTATION_STATUS: top_seven_measurement=v1 id=53 strategy=1 round=3 wall_ns=1908500 cpu_ns=1520582 states=1667 verified=10 completion=0 alternatives=7
INSTRUMENTATION_STATUS_CODE: 0
INSTRUMENTATION_STATUS: top_seven_measurement=v1 id=54 strategy=1 round=3 wall_ns=12429792 cpu_ns=11410709 states=8192 verified=14 completion=3 alternatives=7
INSTRUMENTATION_STATUS_CODE: 0
INSTRUMENTATION_STATUS: top_seven_measurement=v1 id=54 strategy=0 round=3 wall_ns=2778375 cpu_ns=2654000 states=8192 verified=20 completion=3 alternatives=7
INSTRUMENTATION_STATUS_CODE: 0
INSTRUMENTATION_STATUS: top_seven_measurement=v1 id=55 strategy=0 round=3 wall_ns=2766375 cpu_ns=2710666 states=8192 verified=23 completion=3 alternatives=7
INSTRUMENTATION_STATUS_CODE: 0
INSTRUMENTATION_STATUS: top_seven_measurement=v1 id=55 strategy=1 round=3 wall_ns=10912542 cpu_ns=10860624 states=6979 verified=13 completion=0 alternatives=7
INSTRUMENTATION_STATUS_CODE: 0
INSTRUMENTATION_STATUS: top_seven_measurement=v1 id=56 strategy=1 round=3 wall_ns=1050333 cpu_ns=1050791 states=1277 verified=8 completion=0 alternatives=7
INSTRUMENTATION_STATUS_CODE: 0
INSTRUMENTATION_STATUS: top_seven_measurement=v1 id=56 strategy=0 round=3 wall_ns=646791 cpu_ns=625208 states=2318 verified=12 completion=0 alternatives=7
INSTRUMENTATION_STATUS_CODE: 0
INSTRUMENTATION_STATUS: top_seven_measurement=v1 id=57 strategy=0 round=3 wall_ns=2575417 cpu_ns=2457625 states=8192 verified=6 completion=3 alternatives=6
INSTRUMENTATION_STATUS_CODE: 0
INSTRUMENTATION_STATUS: top_seven_measurement=v1 id=57 strategy=1 round=3 wall_ns=12886625 cpu_ns=12835959 states=8192 verified=3 completion=3 alternatives=3
INSTRUMENTATION_STATUS_CODE: 0
INSTRUMENTATION_STATUS: top_seven_measurement=v1 id=58 strategy=1 round=3 wall_ns=3164875 cpu_ns=3138667 states=2200 verified=48 completion=0 alternatives=7
INSTRUMENTATION_STATUS_CODE: 0
INSTRUMENTATION_STATUS: top_seven_measurement=v1 id=58 strategy=0 round=3 wall_ns=1091209 cpu_ns=1086500 states=970 verified=64 completion=4 alternatives=7
INSTRUMENTATION_STATUS_CODE: 0
INSTRUMENTATION_STATUS: top_seven_measurement=v1 id=59 strategy=0 round=3 wall_ns=2608583 cpu_ns=2573248 states=8192 verified=14 completion=3 alternatives=7
INSTRUMENTATION_STATUS_CODE: 0
INSTRUMENTATION_STATUS: top_seven_measurement=v1 id=59 strategy=1 round=3 wall_ns=7389375 cpu_ns=7351584 states=5151 verified=15 completion=0 alternatives=7
INSTRUMENTATION_STATUS_CODE: 0
INSTRUMENTATION_STATUS: top_seven_measurement=v1 id=0 strategy=0 round=4 wall_ns=2471958 cpu_ns=2436667 states=8192 verified=17 completion=3 alternatives=7
INSTRUMENTATION_STATUS_CODE: 0
INSTRUMENTATION_STATUS: top_seven_measurement=v1 id=0 strategy=1 round=4 wall_ns=10880375 cpu_ns=10608957 states=8192 verified=13 completion=3 alternatives=7
INSTRUMENTATION_STATUS_CODE: 0
INSTRUMENTATION_STATUS: top_seven_measurement=v1 id=1 strategy=1 round=4 wall_ns=1143166 cpu_ns=1046625 states=1438 verified=13 completion=0 alternatives=7
INSTRUMENTATION_STATUS_CODE: 0
INSTRUMENTATION_STATUS: top_seven_measurement=v1 id=1 strategy=0 round=4 wall_ns=624250 cpu_ns=613416 states=2144 verified=14 completion=0 alternatives=7
INSTRUMENTATION_STATUS_CODE: 0
INSTRUMENTATION_STATUS: top_seven_measurement=v1 id=2 strategy=0 round=4 wall_ns=2526375 cpu_ns=2440959 states=8192 verified=10 completion=3 alternatives=7
INSTRUMENTATION_STATUS_CODE: 0
INSTRUMENTATION_STATUS: top_seven_measurement=v1 id=2 strategy=1 round=4 wall_ns=11135750 cpu_ns=11079083 states=8192 verified=5 completion=3 alternatives=5
INSTRUMENTATION_STATUS_CODE: 0
INSTRUMENTATION_STATUS: top_seven_measurement=v1 id=3 strategy=1 round=4 wall_ns=8036250 cpu_ns=7966209 states=6441 verified=57 completion=0 alternatives=7
INSTRUMENTATION_STATUS_CODE: 0
INSTRUMENTATION_STATUS: top_seven_measurement=v1 id=3 strategy=0 round=4 wall_ns=2431375 cpu_ns=2424626 states=8192 verified=33 completion=3 alternatives=7
INSTRUMENTATION_STATUS_CODE: 0
INSTRUMENTATION_STATUS: top_seven_measurement=v1 id=4 strategy=0 round=4 wall_ns=2360292 cpu_ns=2247251 states=8192 verified=7 completion=3 alternatives=7
INSTRUMENTATION_STATUS_CODE: 0
INSTRUMENTATION_STATUS: top_seven_measurement=v1 id=4 strategy=1 round=4 wall_ns=11892792 cpu_ns=11035999 states=8192 verified=7 completion=3 alternatives=7
INSTRUMENTATION_STATUS_CODE: 0
INSTRUMENTATION_STATUS: top_seven_measurement=v1 id=5 strategy=1 round=4 wall_ns=2449750 cpu_ns=2450333 states=2139 verified=59 completion=0 alternatives=7
INSTRUMENTATION_STATUS_CODE: 0
INSTRUMENTATION_STATUS: top_seven_measurement=v1 id=5 strategy=0 round=4 wall_ns=2551458 cpu_ns=2552292 states=8192 verified=49 completion=3 alternatives=7
INSTRUMENTATION_STATUS_CODE: 0
INSTRUMENTATION_STATUS: top_seven_measurement=v1 id=6 strategy=0 round=4 wall_ns=2573958 cpu_ns=2547709 states=8192 verified=37 completion=3 alternatives=7
INSTRUMENTATION_STATUS_CODE: 0
INSTRUMENTATION_STATUS: top_seven_measurement=v1 id=6 strategy=1 round=4 wall_ns=6182000 cpu_ns=6153250 states=5398 verified=16 completion=0 alternatives=7
INSTRUMENTATION_STATUS_CODE: 0
INSTRUMENTATION_STATUS: top_seven_measurement=v1 id=7 strategy=1 round=4 wall_ns=8622541 cpu_ns=8451166 states=5678 verified=45 completion=0 alternatives=7
INSTRUMENTATION_STATUS_CODE: 0
INSTRUMENTATION_STATUS: top_seven_measurement=v1 id=7 strategy=0 round=4 wall_ns=1976542 cpu_ns=1966834 states=4050 verified=64 completion=4 alternatives=7
INSTRUMENTATION_STATUS_CODE: 0
INSTRUMENTATION_STATUS: top_seven_measurement=v1 id=8 strategy=0 round=4 wall_ns=1248417 cpu_ns=1199876 states=1838 verified=64 completion=4 alternatives=7
INSTRUMENTATION_STATUS_CODE: 0
INSTRUMENTATION_STATUS: top_seven_measurement=v1 id=8 strategy=1 round=4 wall_ns=2228708 cpu_ns=2184042 states=1503 verified=64 completion=4 alternatives=7
INSTRUMENTATION_STATUS_CODE: 0
INSTRUMENTATION_STATUS: top_seven_measurement=v1 id=9 strategy=1 round=4 wall_ns=5247583 cpu_ns=5167125 states=4662 verified=13 completion=0 alternatives=7
INSTRUMENTATION_STATUS_CODE: 0
INSTRUMENTATION_STATUS: top_seven_measurement=v1 id=9 strategy=0 round=4 wall_ns=2242834 cpu_ns=2243500 states=8192 verified=13 completion=3 alternatives=7
INSTRUMENTATION_STATUS_CODE: 0
INSTRUMENTATION_STATUS: top_seven_measurement=v1 id=10 strategy=0 round=4 wall_ns=1003292 cpu_ns=1003916 states=3038 verified=57 completion=0 alternatives=7
INSTRUMENTATION_STATUS_CODE: 0
INSTRUMENTATION_STATUS: top_seven_measurement=v1 id=10 strategy=1 round=4 wall_ns=1324958 cpu_ns=1325709 states=1917 verified=42 completion=0 alternatives=7
INSTRUMENTATION_STATUS_CODE: 0
INSTRUMENTATION_STATUS: top_seven_measurement=v1 id=11 strategy=1 round=4 wall_ns=11214666 cpu_ns=11163291 states=8192 verified=49 completion=3 alternatives=7
INSTRUMENTATION_STATUS_CODE: 0
INSTRUMENTATION_STATUS: top_seven_measurement=v1 id=11 strategy=0 round=4 wall_ns=2637000 cpu_ns=2618042 states=8192 verified=34 completion=3 alternatives=7
INSTRUMENTATION_STATUS_CODE: 0
INSTRUMENTATION_STATUS: top_seven_measurement=v1 id=12 strategy=0 round=4 wall_ns=1033083 cpu_ns=1006376 states=3316 verified=21 completion=0 alternatives=7
INSTRUMENTATION_STATUS_CODE: 0
INSTRUMENTATION_STATUS: top_seven_measurement=v1 id=12 strategy=1 round=4 wall_ns=1634416 cpu_ns=1543374 states=1986 verified=15 completion=0 alternatives=7
INSTRUMENTATION_STATUS_CODE: 0
INSTRUMENTATION_STATUS: top_seven_measurement=v1 id=13 strategy=1 round=4 wall_ns=3735167 cpu_ns=3707084 states=2999 verified=64 completion=4 alternatives=7
INSTRUMENTATION_STATUS_CODE: 0
INSTRUMENTATION_STATUS: top_seven_measurement=v1 id=13 strategy=0 round=4 wall_ns=2693958 cpu_ns=2671501 states=8192 verified=42 completion=3 alternatives=7
INSTRUMENTATION_STATUS_CODE: 0
INSTRUMENTATION_STATUS: top_seven_measurement=v1 id=14 strategy=0 round=4 wall_ns=2241375 cpu_ns=2216500 states=8192 verified=0 completion=3 alternatives=0
INSTRUMENTATION_STATUS_CODE: 0
INSTRUMENTATION_STATUS: top_seven_measurement=v1 id=14 strategy=1 round=4 wall_ns=12598708 cpu_ns=12507043 states=8192 verified=1 completion=3 alternatives=1
INSTRUMENTATION_STATUS_CODE: 0
INSTRUMENTATION_STATUS: top_seven_measurement=v1 id=15 strategy=1 round=4 wall_ns=1224333 cpu_ns=1271792 states=1324 verified=9 completion=0 alternatives=7
INSTRUMENTATION_STATUS_CODE: 0
INSTRUMENTATION_STATUS: top_seven_measurement=v1 id=15 strategy=0 round=4 wall_ns=723792 cpu_ns=677334 states=2138 verified=16 completion=0 alternatives=7
INSTRUMENTATION_STATUS_CODE: 0
INSTRUMENTATION_STATUS: top_seven_measurement=v1 id=16 strategy=0 round=4 wall_ns=2459584 cpu_ns=2436042 states=8192 verified=15 completion=3 alternatives=7
INSTRUMENTATION_STATUS_CODE: 0
INSTRUMENTATION_STATUS: top_seven_measurement=v1 id=16 strategy=1 round=4 wall_ns=10378833 cpu_ns=10324334 states=8192 verified=14 completion=3 alternatives=7
INSTRUMENTATION_STATUS_CODE: 0
INSTRUMENTATION_STATUS: top_seven_measurement=v1 id=17 strategy=1 round=4 wall_ns=11225041 cpu_ns=11056124 states=8192 verified=2 completion=3 alternatives=2
INSTRUMENTATION_STATUS_CODE: 0
INSTRUMENTATION_STATUS: top_seven_measurement=v1 id=17 strategy=0 round=4 wall_ns=2961792 cpu_ns=2316998 states=8192 verified=1 completion=3 alternatives=1
INSTRUMENTATION_STATUS_CODE: 0
INSTRUMENTATION_STATUS: top_seven_measurement=v1 id=18 strategy=0 round=4 wall_ns=897292 cpu_ns=897833 states=3409 verified=5 completion=0 alternatives=5
INSTRUMENTATION_STATUS_CODE: 0
INSTRUMENTATION_STATUS: top_seven_measurement=v1 id=18 strategy=1 round=4 wall_ns=2696666 cpu_ns=2622750 states=3409 verified=5 completion=0 alternatives=5
INSTRUMENTATION_STATUS_CODE: 0
INSTRUMENTATION_STATUS: top_seven_measurement=v1 id=19 strategy=1 round=4 wall_ns=1095125 cpu_ns=996708 states=1121 verified=50 completion=0 alternatives=7
INSTRUMENTATION_STATUS_CODE: 0
INSTRUMENTATION_STATUS: top_seven_measurement=v1 id=19 strategy=0 round=4 wall_ns=763708 cpu_ns=704167 states=1668 verified=52 completion=0 alternatives=7
INSTRUMENTATION_STATUS_CODE: 0
INSTRUMENTATION_STATUS: top_seven_measurement=v1 id=20 strategy=0 round=4 wall_ns=2916292 cpu_ns=2788291 states=8192 verified=12 completion=3 alternatives=7
INSTRUMENTATION_STATUS_CODE: 0
INSTRUMENTATION_STATUS: top_seven_measurement=v1 id=20 strategy=1 round=4 wall_ns=4989416 cpu_ns=4855917 states=2619 verified=64 completion=4 alternatives=7
INSTRUMENTATION_STATUS_CODE: 0
INSTRUMENTATION_STATUS: top_seven_measurement=v1 id=21 strategy=1 round=4 wall_ns=11518791 cpu_ns=11389083 states=5806 verified=21 completion=0 alternatives=7
INSTRUMENTATION_STATUS_CODE: 0
INSTRUMENTATION_STATUS: top_seven_measurement=v1 id=21 strategy=0 round=4 wall_ns=3748958 cpu_ns=3641583 states=8192 verified=44 completion=3 alternatives=7
INSTRUMENTATION_STATUS_CODE: 0
INSTRUMENTATION_STATUS: top_seven_measurement=v1 id=22 strategy=0 round=4 wall_ns=807542 cpu_ns=695666 states=1937 verified=11 completion=0 alternatives=7
INSTRUMENTATION_STATUS_CODE: 0
INSTRUMENTATION_STATUS: top_seven_measurement=v1 id=22 strategy=1 round=4 wall_ns=1910375 cpu_ns=1811542 states=1928 verified=10 completion=0 alternatives=7
INSTRUMENTATION_STATUS_CODE: 0
INSTRUMENTATION_STATUS: top_seven_measurement=v1 id=23 strategy=1 round=4 wall_ns=1665125 cpu_ns=1536332 states=1455 verified=24 completion=0 alternatives=7
INSTRUMENTATION_STATUS_CODE: 0
INSTRUMENTATION_STATUS: top_seven_measurement=v1 id=23 strategy=0 round=4 wall_ns=788542 cpu_ns=703583 states=1462 verified=25 completion=0 alternatives=7
INSTRUMENTATION_STATUS_CODE: 0
INSTRUMENTATION_STATUS: top_seven_measurement=v1 id=24 strategy=0 round=4 wall_ns=643041 cpu_ns=566792 states=1273 verified=29 completion=0 alternatives=7
INSTRUMENTATION_STATUS_CODE: 0
INSTRUMENTATION_STATUS: top_seven_measurement=v1 id=24 strategy=1 round=4 wall_ns=1003292 cpu_ns=910124 states=1273 verified=29 completion=0 alternatives=7
INSTRUMENTATION_STATUS_CODE: 0
INSTRUMENTATION_STATUS: top_seven_measurement=v1 id=25 strategy=1 round=4 wall_ns=9805291 cpu_ns=9688165 states=6796 verified=11 completion=0 alternatives=7
INSTRUMENTATION_STATUS_CODE: 0
INSTRUMENTATION_STATUS: top_seven_measurement=v1 id=25 strategy=0 round=4 wall_ns=2677041 cpu_ns=2595375 states=8192 verified=18 completion=3 alternatives=7
INSTRUMENTATION_STATUS_CODE: 0
INSTRUMENTATION_STATUS: top_seven_measurement=v1 id=26 strategy=0 round=4 wall_ns=2743875 cpu_ns=2635167 states=8192 verified=22 completion=3 alternatives=7
INSTRUMENTATION_STATUS_CODE: 0
INSTRUMENTATION_STATUS: top_seven_measurement=v1 id=26 strategy=1 round=4 wall_ns=7573875 cpu_ns=7397834 states=4889 verified=39 completion=0 alternatives=7
INSTRUMENTATION_STATUS_CODE: 0
INSTRUMENTATION_STATUS: top_seven_measurement=v1 id=27 strategy=1 round=4 wall_ns=1735875 cpu_ns=1646957 states=1508 verified=8 completion=0 alternatives=7
INSTRUMENTATION_STATUS_CODE: 0
INSTRUMENTATION_STATUS: top_seven_measurement=v1 id=27 strategy=0 round=4 wall_ns=516917 cpu_ns=445416 states=1508 verified=8 completion=0 alternatives=7
INSTRUMENTATION_STATUS_CODE: 0
INSTRUMENTATION_STATUS: top_seven_measurement=v1 id=28 strategy=0 round=4 wall_ns=1862334 cpu_ns=1769251 states=2798 verified=64 completion=4 alternatives=7
INSTRUMENTATION_STATUS_CODE: 0
INSTRUMENTATION_STATUS: top_seven_measurement=v1 id=28 strategy=1 round=4 wall_ns=6802542 cpu_ns=6712208 states=4469 verified=63 completion=0 alternatives=7
INSTRUMENTATION_STATUS_CODE: 0
INSTRUMENTATION_STATUS: top_seven_measurement=v1 id=29 strategy=1 round=4 wall_ns=11159292 cpu_ns=10970664 states=7060 verified=55 completion=0 alternatives=7
INSTRUMENTATION_STATUS_CODE: 0
INSTRUMENTATION_STATUS: top_seven_measurement=v1 id=29 strategy=0 round=4 wall_ns=2993750 cpu_ns=2890083 states=6682 verified=64 completion=4 alternatives=7
INSTRUMENTATION_STATUS_CODE: 0
INSTRUMENTATION_STATUS: top_seven_measurement=v1 id=30 strategy=0 round=4 wall_ns=3037667 cpu_ns=2956459 states=7644 verified=64 completion=4 alternatives=7
INSTRUMENTATION_STATUS_CODE: 0
INSTRUMENTATION_STATUS: top_seven_measurement=v1 id=30 strategy=1 round=4 wall_ns=3567000 cpu_ns=3502918 states=2206 verified=64 completion=4 alternatives=7
INSTRUMENTATION_STATUS_CODE: 0
INSTRUMENTATION_STATUS: top_seven_measurement=v1 id=31 strategy=1 round=4 wall_ns=11682000 cpu_ns=11541210 states=6727 verified=12 completion=0 alternatives=7
INSTRUMENTATION_STATUS_CODE: 0
INSTRUMENTATION_STATUS: top_seven_measurement=v1 id=31 strategy=0 round=4 wall_ns=3054250 cpu_ns=2932377 states=8192 verified=27 completion=3 alternatives=7
INSTRUMENTATION_STATUS_CODE: 0
INSTRUMENTATION_STATUS: top_seven_measurement=v1 id=32 strategy=0 round=4 wall_ns=3064250 cpu_ns=2979750 states=8192 verified=47 completion=3 alternatives=7
INSTRUMENTATION_STATUS_CODE: 0
INSTRUMENTATION_STATUS: top_seven_measurement=v1 id=32 strategy=1 round=4 wall_ns=8133542 cpu_ns=8003500 states=5006 verified=47 completion=0 alternatives=7
INSTRUMENTATION_STATUS_CODE: 0
INSTRUMENTATION_STATUS: top_seven_measurement=v1 id=33 strategy=1 round=4 wall_ns=5644917 cpu_ns=4692708 states=3501 verified=18 completion=0 alternatives=7
INSTRUMENTATION_STATUS_CODE: 0
INSTRUMENTATION_STATUS: top_seven_measurement=v1 id=33 strategy=0 round=4 wall_ns=3140250 cpu_ns=3048708 states=8192 verified=41 completion=3 alternatives=7
INSTRUMENTATION_STATUS_CODE: 0
INSTRUMENTATION_STATUS: top_seven_measurement=v1 id=34 strategy=0 round=4 wall_ns=2638625 cpu_ns=2507166 states=8192 verified=5 completion=3 alternatives=5
INSTRUMENTATION_STATUS_CODE: 0
INSTRUMENTATION_STATUS: top_seven_measurement=v1 id=34 strategy=1 round=4 wall_ns=14508000 cpu_ns=14356001 states=8192 verified=26 completion=3 alternatives=7
INSTRUMENTATION_STATUS_CODE: 0
INSTRUMENTATION_STATUS: top_seven_measurement=v1 id=35 strategy=1 round=4 wall_ns=11589958 cpu_ns=11436002 states=8192 verified=25 completion=3 alternatives=7
INSTRUMENTATION_STATUS_CODE: 0
INSTRUMENTATION_STATUS: top_seven_measurement=v1 id=35 strategy=0 round=4 wall_ns=2987125 cpu_ns=2890833 states=8192 verified=26 completion=3 alternatives=7
INSTRUMENTATION_STATUS_CODE: 0
INSTRUMENTATION_STATUS: top_seven_measurement=v1 id=36 strategy=0 round=4 wall_ns=2490917 cpu_ns=2435041 states=8192 verified=13 completion=3 alternatives=7
INSTRUMENTATION_STATUS_CODE: 0
INSTRUMENTATION_STATUS: top_seven_measurement=v1 id=36 strategy=1 round=4 wall_ns=3819958 cpu_ns=3706249 states=2213 verified=48 completion=0 alternatives=7
INSTRUMENTATION_STATUS_CODE: 0
INSTRUMENTATION_STATUS: top_seven_measurement=v1 id=37 strategy=1 round=4 wall_ns=16334167 cpu_ns=16167750 states=8192 verified=5 completion=3 alternatives=5
INSTRUMENTATION_STATUS_CODE: 0
INSTRUMENTATION_STATUS: top_seven_measurement=v1 id=37 strategy=0 round=4 wall_ns=2683791 cpu_ns=2595249 states=8192 verified=5 completion=3 alternatives=5
INSTRUMENTATION_STATUS_CODE: 0
INSTRUMENTATION_STATUS: top_seven_measurement=v1 id=38 strategy=0 round=4 wall_ns=2715125 cpu_ns=2597499 states=8192 verified=5 completion=3 alternatives=5
INSTRUMENTATION_STATUS_CODE: 0
INSTRUMENTATION_STATUS: top_seven_measurement=v1 id=38 strategy=1 round=4 wall_ns=15816292 cpu_ns=15653793 states=8192 verified=29 completion=3 alternatives=7
INSTRUMENTATION_STATUS_CODE: 0
INSTRUMENTATION_STATUS: top_seven_measurement=v1 id=39 strategy=1 round=4 wall_ns=3208583 cpu_ns=3118750 states=1873 verified=64 completion=4 alternatives=7
INSTRUMENTATION_STATUS_CODE: 0
INSTRUMENTATION_STATUS: top_seven_measurement=v1 id=39 strategy=0 round=4 wall_ns=2386709 cpu_ns=2291209 states=4858 verified=64 completion=4 alternatives=7
INSTRUMENTATION_STATUS_CODE: 0
INSTRUMENTATION_STATUS: top_seven_measurement=v1 id=40 strategy=0 round=4 wall_ns=1049000 cpu_ns=927668 states=1943 verified=60 completion=0 alternatives=7
INSTRUMENTATION_STATUS_CODE: 0
INSTRUMENTATION_STATUS: top_seven_measurement=v1 id=40 strategy=1 round=4 wall_ns=868416 cpu_ns=778541 states=1119 verified=42 completion=0 alternatives=7
INSTRUMENTATION_STATUS_CODE: 0
INSTRUMENTATION_STATUS: top_seven_measurement=v1 id=41 strategy=1 round=4 wall_ns=2748917 cpu_ns=2600209 states=3007 verified=13 completion=0 alternatives=7
INSTRUMENTATION_STATUS_CODE: 0
INSTRUMENTATION_STATUS: top_seven_measurement=v1 id=41 strategy=0 round=4 wall_ns=968917 cpu_ns=883583 states=3014 verified=13 completion=0 alternatives=7
INSTRUMENTATION_STATUS_CODE: 0
INSTRUMENTATION_STATUS: top_seven_measurement=v1 id=42 strategy=0 round=4 wall_ns=1082334 cpu_ns=1007542 states=2621 verified=56 completion=0 alternatives=7
INSTRUMENTATION_STATUS_CODE: 0
INSTRUMENTATION_STATUS: top_seven_measurement=v1 id=42 strategy=1 round=4 wall_ns=845625 cpu_ns=785001 states=1399 verified=41 completion=0 alternatives=7
INSTRUMENTATION_STATUS_CODE: 0
INSTRUMENTATION_STATUS: top_seven_measurement=v1 id=43 strategy=1 round=4 wall_ns=6831958 cpu_ns=6679625 states=4904 verified=13 completion=0 alternatives=7
INSTRUMENTATION_STATUS_CODE: 0
INSTRUMENTATION_STATUS: top_seven_measurement=v1 id=43 strategy=0 round=4 wall_ns=3453417 cpu_ns=3355292 states=8192 verified=50 completion=3 alternatives=7
INSTRUMENTATION_STATUS_CODE: 0
INSTRUMENTATION_STATUS: top_seven_measurement=v1 id=44 strategy=0 round=4 wall_ns=832666 cpu_ns=760208 states=2455 verified=10 completion=0 alternatives=4
INSTRUMENTATION_STATUS_CODE: 0
INSTRUMENTATION_STATUS: top_seven_measurement=v1 id=44 strategy=1 round=4 wall_ns=2248083 cpu_ns=2133460 states=2455 verified=10 completion=0 alternatives=4
INSTRUMENTATION_STATUS_CODE: 0
INSTRUMENTATION_STATUS: top_seven_measurement=v1 id=45 strategy=1 round=4 wall_ns=18834 cpu_ns=19375 states=28 verified=0 completion=2 alternatives=0
INSTRUMENTATION_STATUS_CODE: 0
INSTRUMENTATION_STATUS: top_seven_measurement=v1 id=45 strategy=0 round=4 wall_ns=16167 cpu_ns=3666 states=28 verified=0 completion=2 alternatives=0
INSTRUMENTATION_STATUS_CODE: 0
INSTRUMENTATION_STATUS: top_seven_measurement=v1 id=46 strategy=0 round=4 wall_ns=1551000 cpu_ns=1508582 states=2906 verified=64 completion=4 alternatives=7
INSTRUMENTATION_STATUS_CODE: 0
INSTRUMENTATION_STATUS: top_seven_measurement=v1 id=46 strategy=1 round=4 wall_ns=2930750 cpu_ns=2920292 states=2202 verified=27 completion=0 alternatives=7
INSTRUMENTATION_STATUS_CODE: 0
INSTRUMENTATION_STATUS: top_seven_measurement=v1 id=47 strategy=1 round=4 wall_ns=13289541 cpu_ns=13193540 states=8192 verified=16 completion=3 alternatives=7
INSTRUMENTATION_STATUS_CODE: 0
INSTRUMENTATION_STATUS: top_seven_measurement=v1 id=47 strategy=0 round=4 wall_ns=2646959 cpu_ns=2647666 states=8192 verified=16 completion=3 alternatives=7
INSTRUMENTATION_STATUS_CODE: 0
INSTRUMENTATION_STATUS: top_seven_measurement=v1 id=48 strategy=0 round=4 wall_ns=2480000 cpu_ns=2405041 states=5158 verified=64 completion=4 alternatives=7
INSTRUMENTATION_STATUS_CODE: 0
INSTRUMENTATION_STATUS: top_seven_measurement=v1 id=48 strategy=1 round=4 wall_ns=3644667 cpu_ns=2750748 states=1680 verified=21 completion=0 alternatives=7
INSTRUMENTATION_STATUS_CODE: 0
INSTRUMENTATION_STATUS: top_seven_measurement=v1 id=49 strategy=1 round=4 wall_ns=1503500 cpu_ns=1504083 states=1514 verified=18 completion=0 alternatives=7
INSTRUMENTATION_STATUS_CODE: 0
INSTRUMENTATION_STATUS: top_seven_measurement=v1 id=49 strategy=0 round=4 wall_ns=686834 cpu_ns=522293 states=1514 verified=18 completion=0 alternatives=7
INSTRUMENTATION_STATUS_CODE: 0
INSTRUMENTATION_STATUS: top_seven_measurement=v1 id=50 strategy=0 round=4 wall_ns=1437917 cpu_ns=1382126 states=2296 verified=64 completion=4 alternatives=7
INSTRUMENTATION_STATUS_CODE: 0
INSTRUMENTATION_STATUS: top_seven_measurement=v1 id=50 strategy=1 round=4 wall_ns=2877458 cpu_ns=2834167 states=1892 verified=64 completion=4 alternatives=7
INSTRUMENTATION_STATUS_CODE: 0
INSTRUMENTATION_STATUS: top_seven_measurement=v1 id=51 strategy=1 round=4 wall_ns=855375 cpu_ns=758916 states=740 verified=11 completion=0 alternatives=7
INSTRUMENTATION_STATUS_CODE: 0
INSTRUMENTATION_STATUS: top_seven_measurement=v1 id=51 strategy=0 round=4 wall_ns=1258167 cpu_ns=1130833 states=3145 verified=33 completion=0 alternatives=7
INSTRUMENTATION_STATUS_CODE: 0
INSTRUMENTATION_STATUS: top_seven_measurement=v1 id=52 strategy=0 round=4 wall_ns=2593500 cpu_ns=2509249 states=8192 verified=4 completion=3 alternatives=4
INSTRUMENTATION_STATUS_CODE: 0
INSTRUMENTATION_STATUS: top_seven_measurement=v1 id=52 strategy=1 round=4 wall_ns=13967750 cpu_ns=13796459 states=8192 verified=4 completion=3 alternatives=4
INSTRUMENTATION_STATUS_CODE: 0
INSTRUMENTATION_STATUS: top_seven_measurement=v1 id=53 strategy=1 round=4 wall_ns=1496250 cpu_ns=1442541 states=1667 verified=10 completion=0 alternatives=7
INSTRUMENTATION_STATUS_CODE: 0
INSTRUMENTATION_STATUS: top_seven_measurement=v1 id=53 strategy=0 round=4 wall_ns=998458 cpu_ns=941042 states=2924 verified=17 completion=0 alternatives=7
INSTRUMENTATION_STATUS_CODE: 0
INSTRUMENTATION_STATUS: top_seven_measurement=v1 id=54 strategy=0 round=4 wall_ns=2697375 cpu_ns=2632876 states=8192 verified=20 completion=3 alternatives=7
INSTRUMENTATION_STATUS_CODE: 0
INSTRUMENTATION_STATUS: top_seven_measurement=v1 id=54 strategy=1 round=4 wall_ns=11301084 cpu_ns=11121791 states=8192 verified=14 completion=3 alternatives=7
INSTRUMENTATION_STATUS_CODE: 0
INSTRUMENTATION_STATUS: top_seven_measurement=v1 id=55 strategy=1 round=4 wall_ns=10896375 cpu_ns=10762165 states=6979 verified=13 completion=0 alternatives=7
INSTRUMENTATION_STATUS_CODE: 0
INSTRUMENTATION_STATUS: top_seven_measurement=v1 id=55 strategy=0 round=4 wall_ns=2840833 cpu_ns=2715790 states=8192 verified=23 completion=3 alternatives=7
INSTRUMENTATION_STATUS_CODE: 0
INSTRUMENTATION_STATUS: top_seven_measurement=v1 id=56 strategy=0 round=4 wall_ns=865542 cpu_ns=765083 states=2318 verified=12 completion=0 alternatives=7
INSTRUMENTATION_STATUS_CODE: 0
INSTRUMENTATION_STATUS: top_seven_measurement=v1 id=56 strategy=1 round=4 wall_ns=1212458 cpu_ns=1144375 states=1277 verified=8 completion=0 alternatives=7
INSTRUMENTATION_STATUS_CODE: 0
INSTRUMENTATION_STATUS: top_seven_measurement=v1 id=57 strategy=1 round=4 wall_ns=13050417 cpu_ns=12917125 states=8192 verified=3 completion=3 alternatives=3
INSTRUMENTATION_STATUS_CODE: 0
INSTRUMENTATION_STATUS: top_seven_measurement=v1 id=57 strategy=0 round=4 wall_ns=2542250 cpu_ns=2477125 states=8192 verified=6 completion=3 alternatives=6
INSTRUMENTATION_STATUS_CODE: 0
INSTRUMENTATION_STATUS: top_seven_measurement=v1 id=58 strategy=0 round=4 wall_ns=1310167 cpu_ns=1202874 states=970 verified=64 completion=4 alternatives=7
INSTRUMENTATION_STATUS_CODE: 0
INSTRUMENTATION_STATUS: top_seven_measurement=v1 id=58 strategy=1 round=4 wall_ns=3263125 cpu_ns=3180084 states=2200 verified=48 completion=0 alternatives=7
INSTRUMENTATION_STATUS_CODE: 0
INSTRUMENTATION_STATUS: top_seven_measurement=v1 id=59 strategy=1 round=4 wall_ns=7493375 cpu_ns=7316834 states=5151 verified=15 completion=0 alternatives=7
INSTRUMENTATION_STATUS_CODE: 0
INSTRUMENTATION_STATUS: top_seven_measurement=v1 id=59 strategy=0 round=4 wall_ns=2423792 cpu_ns=2422625 states=8192 verified=14 completion=3 alternatives=7
INSTRUMENTATION_STATUS_CODE: 0
INSTRUMENTATION_STATUS: class=io.github.mesteriis.rune.keyboard.smarttyping.lexicon.TopSevenInstrumentedTest
INSTRUMENTATION_STATUS: current=161
INSTRUMENTATION_STATUS: id=AndroidJUnitRunner
INSTRUMENTATION_STATUS: numtests=161
INSTRUMENTATION_STATUS: stream=.
INSTRUMENTATION_STATUS: test=packedTopSevenAndExhaustiveComparison
INSTRUMENTATION_STATUS_CODE: 0
INSTRUMENTATION_RESULT: stream=

Time: 1,267.787

OK (161 tests)


INSTRUMENTATION_CODE: -1
