INSTRUMENTATION_STATUS: numtests=152
INSTRUMENTATION_STATUS: stream=
io.github.mesteriis.rune.keyboard.ime.ui.CandidateStripInstrumentedTest:
INSTRUMENTATION_STATUS: id=AndroidJUnitRunner
INSTRUMENTATION_STATUS: test=candidateUpdatesKeepKeysShiftLanguageAndContainerIdentity
INSTRUMENTATION_STATUS: class=io.github.mesteriis.rune.keyboard.ime.ui.CandidateStripInstrumentedTest
INSTRUMENTATION_STATUS: current=1
INSTRUMENTATION_STATUS_CODE: 1
INSTRUMENTATION_STATUS: numtests=152
INSTRUMENTATION_STATUS: stream=.
INSTRUMENTATION_STATUS: id=AndroidJUnitRunner
INSTRUMENTATION_STATUS: test=candidateUpdatesKeepKeysShiftLanguageAndContainerIdentity
INSTRUMENTATION_STATUS: class=io.github.mesteriis.rune.keyboard.ime.ui.CandidateStripInstrumentedTest
INSTRUMENTATION_STATUS: current=1
INSTRUMENTATION_STATUS_CODE: 0
INSTRUMENTATION_STATUS: numtests=152
INSTRUMENTATION_STATUS: stream=
INSTRUMENTATION_STATUS: id=AndroidJUnitRunner
INSTRUMENTATION_STATUS: test=updateDuringHeldKeyDoesNotCancelTouchOrFlushPendingRender
INSTRUMENTATION_STATUS: class=io.github.mesteriis.rune.keyboard.ime.ui.CandidateStripInstrumentedTest
INSTRUMENTATION_STATUS: current=2
INSTRUMENTATION_STATUS_CODE: 1
INSTRUMENTATION_STATUS: numtests=152
INSTRUMENTATION_STATUS: stream=.
INSTRUMENTATION_STATUS: id=AndroidJUnitRunner
INSTRUMENTATION_STATUS: test=updateDuringHeldKeyDoesNotCancelTouchOrFlushPendingRender
INSTRUMENTATION_STATUS: class=io.github.mesteriis.rune.keyboard.ime.ui.CandidateStripInstrumentedTest
INSTRUMENTATION_STATUS: current=2
INSTRUMENTATION_STATUS_CODE: 0
INSTRUMENTATION_STATUS: numtests=152
INSTRUMENTATION_STATUS: stream=
INSTRUMENTATION_STATUS: id=AndroidJUnitRunner
INSTRUMENTATION_STATUS: test=candidateRefreshBetweenDownAndUpDoesNotSelectReplacementCell
INSTRUMENTATION_STATUS: class=io.github.mesteriis.rune.keyboard.ime.ui.CandidateStripInstrumentedTest
INSTRUMENTATION_STATUS: current=3
INSTRUMENTATION_STATUS_CODE: 1
INSTRUMENTATION_STATUS: numtests=152
INSTRUMENTATION_STATUS: stream=.
INSTRUMENTATION_STATUS: id=AndroidJUnitRunner
INSTRUMENTATION_STATUS: test=candidateRefreshBetweenDownAndUpDoesNotSelectReplacementCell
INSTRUMENTATION_STATUS: class=io.github.mesteriis.rune.keyboard.ime.ui.CandidateStripInstrumentedTest
INSTRUMENTATION_STATUS: current=3
INSTRUMENTATION_STATUS_CODE: 0
INSTRUMENTATION_STATUS: numtests=152
INSTRUMENTATION_STATUS: stream=
INSTRUMENTATION_STATUS: id=AndroidJUnitRunner
INSTRUMENTATION_STATUS: test=cancellationStillReachesNestedLetterAndSpaceKeys
INSTRUMENTATION_STATUS: class=io.github.mesteriis.rune.keyboard.ime.ui.CandidateStripInstrumentedTest
INSTRUMENTATION_STATUS: current=4
INSTRUMENTATION_STATUS_CODE: 1
INSTRUMENTATION_STATUS: numtests=152
INSTRUMENTATION_STATUS: stream=.
INSTRUMENTATION_STATUS: id=AndroidJUnitRunner
INSTRUMENTATION_STATUS: test=cancellationStillReachesNestedLetterAndSpaceKeys
INSTRUMENTATION_STATUS: class=io.github.mesteriis.rune.keyboard.ime.ui.CandidateStripInstrumentedTest
INSTRUMENTATION_STATUS: current=4
INSTRUMENTATION_STATUS_CODE: 0
INSTRUMENTATION_STATUS: numtests=152
INSTRUMENTATION_STATUS: stream=
INSTRUMENTATION_STATUS: id=AndroidJUnitRunner
INSTRUMENTATION_STATUS: test=originalAndCorrectionExposeSelectedStateLabelledActionAndIdCallbacks
INSTRUMENTATION_STATUS: class=io.github.mesteriis.rune.keyboard.ime.ui.CandidateStripInstrumentedTest
INSTRUMENTATION_STATUS: current=5
INSTRUMENTATION_STATUS_CODE: 1
INSTRUMENTATION_STATUS: numtests=152
INSTRUMENTATION_STATUS: stream=.
INSTRUMENTATION_STATUS: id=AndroidJUnitRunner
INSTRUMENTATION_STATUS: test=originalAndCorrectionExposeSelectedStateLabelledActionAndIdCallbacks
INSTRUMENTATION_STATUS: class=io.github.mesteriis.rune.keyboard.ime.ui.CandidateStripInstrumentedTest
INSTRUMENTATION_STATUS: current=5
INSTRUMENTATION_STATUS_CODE: 0
INSTRUMENTATION_STATUS: numtests=152
INSTRUMENTATION_STATUS: stream=
INSTRUMENTATION_STATUS: id=AndroidJUnitRunner
INSTRUMENTATION_STATUS: test=candidateUpOutsideWithoutMoveDoesNotSelect
INSTRUMENTATION_STATUS: class=io.github.mesteriis.rune.keyboard.ime.ui.CandidateStripInstrumentedTest
INSTRUMENTATION_STATUS: current=6
INSTRUMENTATION_STATUS_CODE: 1
INSTRUMENTATION_STATUS: numtests=152
INSTRUMENTATION_STATUS: stream=.
INSTRUMENTATION_STATUS: id=AndroidJUnitRunner
INSTRUMENTATION_STATUS: test=candidateUpOutsideWithoutMoveDoesNotSelect
INSTRUMENTATION_STATUS: class=io.github.mesteriis.rune.keyboard.ime.ui.CandidateStripInstrumentedTest
INSTRUMENTATION_STATUS: current=6
INSTRUMENTATION_STATUS_CODE: 0
INSTRUMENTATION_STATUS: numtests=152
INSTRUMENTATION_STATUS: stream=
INSTRUMENTATION_STATUS: id=AndroidJUnitRunner
INSTRUMENTATION_STATUS: test=secondaryPointerIsIgnoredAndCannotTakeOverReleasedOwner
INSTRUMENTATION_STATUS: class=io.github.mesteriis.rune.keyboard.ime.ui.CandidateStripInstrumentedTest
INSTRUMENTATION_STATUS: current=7
INSTRUMENTATION_STATUS_CODE: 1
INSTRUMENTATION_STATUS: numtests=152
INSTRUMENTATION_STATUS: stream=.
INSTRUMENTATION_STATUS: id=AndroidJUnitRunner
INSTRUMENTATION_STATUS: test=secondaryPointerIsIgnoredAndCannotTakeOverReleasedOwner
INSTRUMENTATION_STATUS: class=io.github.mesteriis.rune.keyboard.ime.ui.CandidateStripInstrumentedTest
INSTRUMENTATION_STATUS: current=7
INSTRUMENTATION_STATUS_CODE: 0
INSTRUMENTATION_STATUS: numtests=152
INSTRUMENTATION_STATUS: stream=
INSTRUMENTATION_STATUS: id=AndroidJUnitRunner
INSTRUMENTATION_STATUS: test=candidateUpdateKeepsAttachedAlternatePopupSelectionAlive
INSTRUMENTATION_STATUS: class=io.github.mesteriis.rune.keyboard.ime.ui.CandidateStripInstrumentedTest
INSTRUMENTATION_STATUS: current=8
INSTRUMENTATION_STATUS_CODE: 1
INSTRUMENTATION_STATUS: numtests=152
INSTRUMENTATION_STATUS: stream=.
INSTRUMENTATION_STATUS: id=AndroidJUnitRunner
INSTRUMENTATION_STATUS: test=candidateUpdateKeepsAttachedAlternatePopupSelectionAlive
INSTRUMENTATION_STATUS: class=io.github.mesteriis.rune.keyboard.ime.ui.CandidateStripInstrumentedTest
INSTRUMENTATION_STATUS: current=8
INSTRUMENTATION_STATUS_CODE: 0
INSTRUMENTATION_STATUS: numtests=152
INSTRUMENTATION_STATUS: stream=
INSTRUMENTATION_STATUS: id=AndroidJUnitRunner
INSTRUMENTATION_STATUS: test=sameIdWithChangedTextOrTypeCancelsPendingCandidateTap
INSTRUMENTATION_STATUS: class=io.github.mesteriis.rune.keyboard.ime.ui.CandidateStripInstrumentedTest
INSTRUMENTATION_STATUS: current=9
INSTRUMENTATION_STATUS_CODE: 1
INSTRUMENTATION_STATUS: numtests=152
INSTRUMENTATION_STATUS: stream=.
INSTRUMENTATION_STATUS: id=AndroidJUnitRunner
INSTRUMENTATION_STATUS: test=sameIdWithChangedTextOrTypeCancelsPendingCandidateTap
INSTRUMENTATION_STATUS: class=io.github.mesteriis.rune.keyboard.ime.ui.CandidateStripInstrumentedTest
INSTRUMENTATION_STATUS: current=9
INSTRUMENTATION_STATUS_CODE: 0
INSTRUMENTATION_STATUS: numtests=152
INSTRUMENTATION_STATUS: stream=
INSTRUMENTATION_STATUS: id=AndroidJUnitRunner
INSTRUMENTATION_STATUS: test=missingOwnerPointerCancelsCandidateTap
INSTRUMENTATION_STATUS: class=io.github.mesteriis.rune.keyboard.ime.ui.CandidateStripInstrumentedTest
INSTRUMENTATION_STATUS: current=10
INSTRUMENTATION_STATUS_CODE: 1
INSTRUMENTATION_STATUS: numtests=152
INSTRUMENTATION_STATUS: stream=.
INSTRUMENTATION_STATUS: id=AndroidJUnitRunner
INSTRUMENTATION_STATUS: test=missingOwnerPointerCancelsCandidateTap
INSTRUMENTATION_STATUS: class=io.github.mesteriis.rune.keyboard.ime.ui.CandidateStripInstrumentedTest
INSTRUMENTATION_STATUS: current=10
INSTRUMENTATION_STATUS_CODE: 0
INSTRUMENTATION_STATUS: numtests=152
INSTRUMENTATION_STATUS: stream=
io.github.mesteriis.rune.keyboard.intelligence.client.BoundModelScoringClientInstrumentedTest:
INSTRUMENTATION_STATUS: id=AndroidJUnitRunner
INSTRUMENTATION_STATUS: test=repeatedSecurityExceptionsReleaseEveryConnectionAndStopRetryWhenIneligible
INSTRUMENTATION_STATUS: class=io.github.mesteriis.rune.keyboard.intelligence.client.BoundModelScoringClientInstrumentedTest
INSTRUMENTATION_STATUS: current=11
INSTRUMENTATION_STATUS_CODE: 1
INSTRUMENTATION_STATUS: numtests=152
INSTRUMENTATION_STATUS: stream=.
INSTRUMENTATION_STATUS: id=AndroidJUnitRunner
INSTRUMENTATION_STATUS: test=repeatedSecurityExceptionsReleaseEveryConnectionAndStopRetryWhenIneligible
INSTRUMENTATION_STATUS: class=io.github.mesteriis.rune.keyboard.intelligence.client.BoundModelScoringClientInstrumentedTest
INSTRUMENTATION_STATUS: current=11
INSTRUMENTATION_STATUS_CODE: 0
INSTRUMENTATION_STATUS: numtests=152
INSTRUMENTATION_STATUS: stream=
INSTRUMENTATION_STATUS: id=AndroidJUnitRunner
INSTRUMENTATION_STATUS: test=repeatedFalseBindsReleaseEveryConnectionAndStopRetryWhenIneligible
INSTRUMENTATION_STATUS: class=io.github.mesteriis.rune.keyboard.intelligence.client.BoundModelScoringClientInstrumentedTest
INSTRUMENTATION_STATUS: current=12
INSTRUMENTATION_STATUS_CODE: 1
INSTRUMENTATION_STATUS: numtests=152
INSTRUMENTATION_STATUS: stream=.
INSTRUMENTATION_STATUS: id=AndroidJUnitRunner
INSTRUMENTATION_STATUS: test=repeatedFalseBindsReleaseEveryConnectionAndStopRetryWhenIneligible
INSTRUMENTATION_STATUS: class=io.github.mesteriis.rune.keyboard.intelligence.client.BoundModelScoringClientInstrumentedTest
INSTRUMENTATION_STATUS: current=12
INSTRUMENTATION_STATUS_CODE: 0
INSTRUMENTATION_STATUS: numtests=152
INSTRUMENTATION_STATUS: stream=
io.github.mesteriis.rune.keyboard.intelligence.client.ModelDemandClientInstrumentedTest:
INSTRUMENTATION_STATUS: id=AndroidJUnitRunner
INSTRUMENTATION_STATUS: test=falseBindsExhaustExactlyTwoRetriesWhileDemandRemainsTrue
INSTRUMENTATION_STATUS: class=io.github.mesteriis.rune.keyboard.intelligence.client.ModelDemandClientInstrumentedTest
INSTRUMENTATION_STATUS: current=13
INSTRUMENTATION_STATUS_CODE: 1
INSTRUMENTATION_STATUS: numtests=152
INSTRUMENTATION_STATUS: stream=.
INSTRUMENTATION_STATUS: id=AndroidJUnitRunner
INSTRUMENTATION_STATUS: test=falseBindsExhaustExactlyTwoRetriesWhileDemandRemainsTrue
INSTRUMENTATION_STATUS: class=io.github.mesteriis.rune.keyboard.intelligence.client.ModelDemandClientInstrumentedTest
INSTRUMENTATION_STATUS: current=13
INSTRUMENTATION_STATUS_CODE: 0
INSTRUMENTATION_STATUS: numtests=152
INSTRUMENTATION_STATUS: stream=
INSTRUMENTATION_STATUS: id=AndroidJUnitRunner
INSTRUMENTATION_STATUS: test=nullBindingAndDeathDisconnectOnceAndConnectedNotificationsAreTransitions
INSTRUMENTATION_STATUS: class=io.github.mesteriis.rune.keyboard.intelligence.client.ModelDemandClientInstrumentedTest
INSTRUMENTATION_STATUS: current=14
INSTRUMENTATION_STATUS_CODE: 1
INSTRUMENTATION_STATUS: numtests=152
INSTRUMENTATION_STATUS: stream=.
INSTRUMENTATION_STATUS: id=AndroidJUnitRunner
INSTRUMENTATION_STATUS: test=nullBindingAndDeathDisconnectOnceAndConnectedNotificationsAreTransitions
INSTRUMENTATION_STATUS: class=io.github.mesteriis.rune.keyboard.intelligence.client.ModelDemandClientInstrumentedTest
INSTRUMENTATION_STATUS: current=14
INSTRUMENTATION_STATUS_CODE: 0
INSTRUMENTATION_STATUS: numtests=152
INSTRUMENTATION_STATUS: stream=
INSTRUMENTATION_STATUS: id=AndroidJUnitRunner
INSTRUMENTATION_STATUS: test=disableAndTerminalCloseRemoveTimersAndRejectCapturedTasks
INSTRUMENTATION_STATUS: class=io.github.mesteriis.rune.keyboard.intelligence.client.ModelDemandClientInstrumentedTest
INSTRUMENTATION_STATUS: current=15
INSTRUMENTATION_STATUS_CODE: 1
INSTRUMENTATION_STATUS: numtests=152
INSTRUMENTATION_STATUS: stream=.
INSTRUMENTATION_STATUS: id=AndroidJUnitRunner
INSTRUMENTATION_STATUS: test=disableAndTerminalCloseRemoveTimersAndRejectCapturedTasks
INSTRUMENTATION_STATUS: class=io.github.mesteriis.rune.keyboard.intelligence.client.ModelDemandClientInstrumentedTest
INSTRUMENTATION_STATUS: current=15
INSTRUMENTATION_STATUS_CODE: 0
INSTRUMENTATION_STATUS: numtests=152
INSTRUMENTATION_STATUS: stream=
INSTRUMENTATION_STATUS: id=AndroidJUnitRunner
INSTRUMENTATION_STATUS: test=offOnPreservesWatermarkAndRetiredCallbackCannotDeliver
INSTRUMENTATION_STATUS: class=io.github.mesteriis.rune.keyboard.intelligence.client.ModelDemandClientInstrumentedTest
INSTRUMENTATION_STATUS: current=16
INSTRUMENTATION_STATUS_CODE: 1
INSTRUMENTATION_STATUS: numtests=152
INSTRUMENTATION_STATUS: stream=.
INSTRUMENTATION_STATUS: id=AndroidJUnitRunner
INSTRUMENTATION_STATUS: test=offOnPreservesWatermarkAndRetiredCallbackCannotDeliver
INSTRUMENTATION_STATUS: class=io.github.mesteriis.rune.keyboard.intelligence.client.ModelDemandClientInstrumentedTest
INSTRUMENTATION_STATUS: current=16
INSTRUMENTATION_STATUS_CODE: 0
INSTRUMENTATION_STATUS: numtests=152
INSTRUMENTATION_STATUS: stream=
INSTRUMENTATION_STATUS: id=AndroidJUnitRunner
INSTRUMENTATION_STATUS: test=oldTimerCannotEraseNewPendingRetryAndOldConnectionCannotDisconnectIt
INSTRUMENTATION_STATUS: class=io.github.mesteriis.rune.keyboard.intelligence.client.ModelDemandClientInstrumentedTest
INSTRUMENTATION_STATUS: current=17
INSTRUMENTATION_STATUS_CODE: 1
INSTRUMENTATION_STATUS: numtests=152
INSTRUMENTATION_STATUS: stream=.
INSTRUMENTATION_STATUS: id=AndroidJUnitRunner
INSTRUMENTATION_STATUS: test=oldTimerCannotEraseNewPendingRetryAndOldConnectionCannotDisconnectIt
INSTRUMENTATION_STATUS: class=io.github.mesteriis.rune.keyboard.intelligence.client.ModelDemandClientInstrumentedTest
INSTRUMENTATION_STATUS: current=17
INSTRUMENTATION_STATUS_CODE: 0
INSTRUMENTATION_STATUS: numtests=152
INSTRUMENTATION_STATUS: stream=
INSTRUMENTATION_STATUS: id=AndroidJUnitRunner
INSTRUMENTATION_STATUS: test=newSessionCancelsOldRequestAndGenerationRejectsRecycledTokenCallback
INSTRUMENTATION_STATUS: class=io.github.mesteriis.rune.keyboard.intelligence.client.ModelDemandClientInstrumentedTest
INSTRUMENTATION_STATUS: current=18
INSTRUMENTATION_STATUS_CODE: 1
INSTRUMENTATION_STATUS: numtests=152
INSTRUMENTATION_STATUS: stream=.
INSTRUMENTATION_STATUS: id=AndroidJUnitRunner
INSTRUMENTATION_STATUS: test=newSessionCancelsOldRequestAndGenerationRejectsRecycledTokenCallback
INSTRUMENTATION_STATUS: class=io.github.mesteriis.rune.keyboard.intelligence.client.ModelDemandClientInstrumentedTest
INSTRUMENTATION_STATUS: current=18
INSTRUMENTATION_STATUS_CODE: 0
INSTRUMENTATION_STATUS: numtests=152
INSTRUMENTATION_STATUS: stream=
INSTRUMENTATION_STATUS: id=AndroidJUnitRunner
INSTRUMENTATION_STATUS: test=sameAttachPreservesReplyAndRequestSequence
INSTRUMENTATION_STATUS: class=io.github.mesteriis.rune.keyboard.intelligence.client.ModelDemandClientInstrumentedTest
INSTRUMENTATION_STATUS: current=19
INSTRUMENTATION_STATUS_CODE: 1
INSTRUMENTATION_STATUS: numtests=152
INSTRUMENTATION_STATUS: stream=.
INSTRUMENTATION_STATUS: id=AndroidJUnitRunner
INSTRUMENTATION_STATUS: test=sameAttachPreservesReplyAndRequestSequence
INSTRUMENTATION_STATUS: class=io.github.mesteriis.rune.keyboard.intelligence.client.ModelDemandClientInstrumentedTest
INSTRUMENTATION_STATUS: current=19
INSTRUMENTATION_STATUS_CODE: 0
INSTRUMENTATION_STATUS: numtests=152
INSTRUMENTATION_STATUS: stream=
INSTRUMENTATION_STATUS: id=AndroidJUnitRunner
INSTRUMENTATION_STATUS: test=normalizedNoDemandNeverBindsAndConsumerDomainsAreIndependent
INSTRUMENTATION_STATUS: class=io.github.mesteriis.rune.keyboard.intelligence.client.ModelDemandClientInstrumentedTest
INSTRUMENTATION_STATUS: current=20
INSTRUMENTATION_STATUS_CODE: 1
INSTRUMENTATION_STATUS: numtests=152
INSTRUMENTATION_STATUS: stream=.
INSTRUMENTATION_STATUS: id=AndroidJUnitRunner
INSTRUMENTATION_STATUS: test=normalizedNoDemandNeverBindsAndConsumerDomainsAreIndependent
INSTRUMENTATION_STATUS: class=io.github.mesteriis.rune.keyboard.intelligence.client.ModelDemandClientInstrumentedTest
INSTRUMENTATION_STATUS: current=20
INSTRUMENTATION_STATUS_CODE: 0
INSTRUMENTATION_STATUS: numtests=152
INSTRUMENTATION_STATUS: stream=
INSTRUMENTATION_STATUS: id=AndroidJUnitRunner
INSTRUMENTATION_STATUS: test=remoteFailureClearsActiveTokenAndDoesNotReplayOnReconnect
INSTRUMENTATION_STATUS: class=io.github.mesteriis.rune.keyboard.intelligence.client.ModelDemandClientInstrumentedTest
INSTRUMENTATION_STATUS: current=21
INSTRUMENTATION_STATUS_CODE: 1
INSTRUMENTATION_STATUS: numtests=152
INSTRUMENTATION_STATUS: stream=.
INSTRUMENTATION_STATUS: id=AndroidJUnitRunner
INSTRUMENTATION_STATUS: test=remoteFailureClearsActiveTokenAndDoesNotReplayOnReconnect
INSTRUMENTATION_STATUS: class=io.github.mesteriis.rune.keyboard.intelligence.client.ModelDemandClientInstrumentedTest
INSTRUMENTATION_STATUS: current=21
INSTRUMENTATION_STATUS_CODE: 0
INSTRUMENTATION_STATUS: numtests=152
INSTRUMENTATION_STATUS: stream=
INSTRUMENTATION_STATUS: id=AndroidJUnitRunner
INSTRUMENTATION_STATUS: test=successfulReconnectsDoNotReplenishCreditOrReplayRequests
INSTRUMENTATION_STATUS: class=io.github.mesteriis.rune.keyboard.intelligence.client.ModelDemandClientInstrumentedTest
INSTRUMENTATION_STATUS: current=22
INSTRUMENTATION_STATUS_CODE: 1
INSTRUMENTATION_STATUS: numtests=152
INSTRUMENTATION_STATUS: stream=.
INSTRUMENTATION_STATUS: id=AndroidJUnitRunner
INSTRUMENTATION_STATUS: test=successfulReconnectsDoNotReplenishCreditOrReplayRequests
INSTRUMENTATION_STATUS: class=io.github.mesteriis.rune.keyboard.intelligence.client.ModelDemandClientInstrumentedTest
INSTRUMENTATION_STATUS: current=22
INSTRUMENTATION_STATUS_CODE: 0
INSTRUMENTATION_STATUS: numtests=152
INSTRUMENTATION_STATUS: stream=
INSTRUMENTATION_STATUS: id=AndroidJUnitRunner
INSTRUMENTATION_STATUS: test=securityFailuresExhaustExactlyTwoRetriesWhileDemandRemainsTrue
INSTRUMENTATION_STATUS: class=io.github.mesteriis.rune.keyboard.intelligence.client.ModelDemandClientInstrumentedTest
INSTRUMENTATION_STATUS: current=23
INSTRUMENTATION_STATUS_CODE: 1
INSTRUMENTATION_STATUS: numtests=152
INSTRUMENTATION_STATUS: stream=.
INSTRUMENTATION_STATUS: id=AndroidJUnitRunner
INSTRUMENTATION_STATUS: test=securityFailuresExhaustExactlyTwoRetriesWhileDemandRemainsTrue
INSTRUMENTATION_STATUS: class=io.github.mesteriis.rune.keyboard.intelligence.client.ModelDemandClientInstrumentedTest
INSTRUMENTATION_STATUS: current=23
INSTRUMENTATION_STATUS_CODE: 0
INSTRUMENTATION_STATUS: numtests=152
INSTRUMENTATION_STATUS: stream=
io.github.mesteriis.rune.keyboard.intelligence.delivery.DeliveryStateStoreInstrumentedTest:
INSTRUMENTATION_STATUS: id=AndroidJUnitRunner
INSTRUMENTATION_STATUS: test=atomicallyRoundTripsInDedicatedDirectory
INSTRUMENTATION_STATUS: class=io.github.mesteriis.rune.keyboard.intelligence.delivery.DeliveryStateStoreInstrumentedTest
INSTRUMENTATION_STATUS: current=24
INSTRUMENTATION_STATUS_CODE: 1
INSTRUMENTATION_STATUS: numtests=152
INSTRUMENTATION_STATUS: stream=.
INSTRUMENTATION_STATUS: id=AndroidJUnitRunner
INSTRUMENTATION_STATUS: test=atomicallyRoundTripsInDedicatedDirectory
INSTRUMENTATION_STATUS: class=io.github.mesteriis.rune.keyboard.intelligence.delivery.DeliveryStateStoreInstrumentedTest
INSTRUMENTATION_STATUS: current=24
INSTRUMENTATION_STATUS_CODE: 0
INSTRUMENTATION_STATUS: numtests=152
INSTRUMENTATION_STATUS: stream=
INSTRUMENTATION_STATUS: id=AndroidJUnitRunner
INSTRUMENTATION_STATUS: test=recoversCommittedBackupWhenBaseFileIsMissing
INSTRUMENTATION_STATUS: class=io.github.mesteriis.rune.keyboard.intelligence.delivery.DeliveryStateStoreInstrumentedTest
INSTRUMENTATION_STATUS: current=25
INSTRUMENTATION_STATUS_CODE: 1
INSTRUMENTATION_STATUS: numtests=152
INSTRUMENTATION_STATUS: stream=.
INSTRUMENTATION_STATUS: id=AndroidJUnitRunner
INSTRUMENTATION_STATUS: test=recoversCommittedBackupWhenBaseFileIsMissing
INSTRUMENTATION_STATUS: class=io.github.mesteriis.rune.keyboard.intelligence.delivery.DeliveryStateStoreInstrumentedTest
INSTRUMENTATION_STATUS: current=25
INSTRUMENTATION_STATUS_CODE: 0
INSTRUMENTATION_STATUS: numtests=152
INSTRUMENTATION_STATUS: stream=
INSTRUMENTATION_STATUS: id=AndroidJUnitRunner
INSTRUMENTATION_STATUS: test=concurrentInstancesSerializeWithinOneProcess
INSTRUMENTATION_STATUS: class=io.github.mesteriis.rune.keyboard.intelligence.delivery.DeliveryStateStoreInstrumentedTest
INSTRUMENTATION_STATUS: current=26
INSTRUMENTATION_STATUS_CODE: 1
INSTRUMENTATION_STATUS: numtests=152
INSTRUMENTATION_STATUS: stream=.
INSTRUMENTATION_STATUS: id=AndroidJUnitRunner
INSTRUMENTATION_STATUS: test=concurrentInstancesSerializeWithinOneProcess
INSTRUMENTATION_STATUS: class=io.github.mesteriis.rune.keyboard.intelligence.delivery.DeliveryStateStoreInstrumentedTest
INSTRUMENTATION_STATUS: current=26
INSTRUMENTATION_STATUS_CODE: 0
INSTRUMENTATION_STATUS: numtests=152
INSTRUMENTATION_STATUS: stream=
io.github.mesteriis.rune.keyboard.intelligence.delivery.ModelDeliveryManifestInstrumentedTest:
INSTRUMENTATION_STATUS: id=AndroidJUnitRunner
INSTRUMENTATION_STATUS: test=declaresOnlyInternetAndPrivateWorkerComponents
INSTRUMENTATION_STATUS: class=io.github.mesteriis.rune.keyboard.intelligence.delivery.ModelDeliveryManifestInstrumentedTest
INSTRUMENTATION_STATUS: current=27
INSTRUMENTATION_STATUS_CODE: 1
INSTRUMENTATION_STATUS: numtests=152
INSTRUMENTATION_STATUS: stream=.
INSTRUMENTATION_STATUS: id=AndroidJUnitRunner
INSTRUMENTATION_STATUS: test=declaresOnlyInternetAndPrivateWorkerComponents
INSTRUMENTATION_STATUS: class=io.github.mesteriis.rune.keyboard.intelligence.delivery.ModelDeliveryManifestInstrumentedTest
INSTRUMENTATION_STATUS: current=27
INSTRUMENTATION_STATUS_CODE: 0
INSTRUMENTATION_STATUS: numtests=152
INSTRUMENTATION_STATUS: stream=
io.github.mesteriis.rune.keyboard.intelligence.inference.ActiveModelLifecycleInstrumentedTest:
INSTRUMENTATION_STATUS: id=AndroidJUnitRunner
INSTRUMENTATION_STATUS: test=retiredWatchCallbacksAfterRestartCannotPoisonCurrentRegistration
INSTRUMENTATION_STATUS: class=io.github.mesteriis.rune.keyboard.intelligence.inference.ActiveModelLifecycleInstrumentedTest
INSTRUMENTATION_STATUS: current=28
INSTRUMENTATION_STATUS_CODE: 1
INSTRUMENTATION_STATUS: numtests=152
INSTRUMENTATION_STATUS: stream=.
INSTRUMENTATION_STATUS: id=AndroidJUnitRunner
INSTRUMENTATION_STATUS: test=retiredWatchCallbacksAfterRestartCannotPoisonCurrentRegistration
INSTRUMENTATION_STATUS: class=io.github.mesteriis.rune.keyboard.intelligence.inference.ActiveModelLifecycleInstrumentedTest
INSTRUMENTATION_STATUS: current=28
INSTRUMENTATION_STATUS_CODE: 0
INSTRUMENTATION_STATUS: numtests=152
INSTRUMENTATION_STATUS: stream=
INSTRUMENTATION_STATUS: id=AndroidJUnitRunner
INSTRUMENTATION_STATUS: test=ordinaryCancellationSuppressesLateSuccessAndReusesValidatedModel
INSTRUMENTATION_STATUS: class=io.github.mesteriis.rune.keyboard.intelligence.inference.ActiveModelLifecycleInstrumentedTest
INSTRUMENTATION_STATUS: current=29
INSTRUMENTATION_STATUS_CODE: 1
INSTRUMENTATION_STATUS: numtests=152
INSTRUMENTATION_STATUS: stream=.
INSTRUMENTATION_STATUS: id=AndroidJUnitRunner
INSTRUMENTATION_STATUS: test=ordinaryCancellationSuppressesLateSuccessAndReusesValidatedModel
INSTRUMENTATION_STATUS: class=io.github.mesteriis.rune.keyboard.intelligence.inference.ActiveModelLifecycleInstrumentedTest
INSTRUMENTATION_STATUS: current=29
INSTRUMENTATION_STATUS_CODE: 0
INSTRUMENTATION_STATUS: numtests=152
INSTRUMENTATION_STATUS: stream=
INSTRUMENTATION_STATUS: id=AndroidJUnitRunner
INSTRUMENTATION_STATUS: test=explicitInvalidationOfUnchangedIdentityStillUnloadsBeforeReload
INSTRUMENTATION_STATUS: class=io.github.mesteriis.rune.keyboard.intelligence.inference.ActiveModelLifecycleInstrumentedTest
INSTRUMENTATION_STATUS: current=30
INSTRUMENTATION_STATUS_CODE: 1
INSTRUMENTATION_STATUS: numtests=152
INSTRUMENTATION_STATUS: stream=.
INSTRUMENTATION_STATUS: id=AndroidJUnitRunner
INSTRUMENTATION_STATUS: test=explicitInvalidationOfUnchangedIdentityStillUnloadsBeforeReload
INSTRUMENTATION_STATUS: class=io.github.mesteriis.rune.keyboard.intelligence.inference.ActiveModelLifecycleInstrumentedTest
INSTRUMENTATION_STATUS: current=30
INSTRUMENTATION_STATUS_CODE: 0
INSTRUMENTATION_STATUS: numtests=152
INSTRUMENTATION_STATUS: stream=
INSTRUMENTATION_STATUS: id=AndroidJUnitRunner
INSTRUMENTATION_STATUS: test=retiredWatchCallbacksAfterCloseCannotInvalidate
INSTRUMENTATION_STATUS: class=io.github.mesteriis.rune.keyboard.intelligence.inference.ActiveModelLifecycleInstrumentedTest
INSTRUMENTATION_STATUS: current=31
INSTRUMENTATION_STATUS_CODE: 1
INSTRUMENTATION_STATUS: numtests=152
INSTRUMENTATION_STATUS: stream=.
INSTRUMENTATION_STATUS: id=AndroidJUnitRunner
INSTRUMENTATION_STATUS: test=retiredWatchCallbacksAfterCloseCannotInvalidate
INSTRUMENTATION_STATUS: class=io.github.mesteriis.rune.keyboard.intelligence.inference.ActiveModelLifecycleInstrumentedTest
INSTRUMENTATION_STATUS: current=31
INSTRUMENTATION_STATUS_CODE: 0
INSTRUMENTATION_STATUS: numtests=152
INSTRUMENTATION_STATUS: stream=
INSTRUMENTATION_STATUS: id=AndroidJUnitRunner
INSTRUMENTATION_STATUS: test=failedWatchRestartRetiresCallbacksAndLaterCurrentEventStillInvalidates
INSTRUMENTATION_STATUS: class=io.github.mesteriis.rune.keyboard.intelligence.inference.ActiveModelLifecycleInstrumentedTest
INSTRUMENTATION_STATUS: current=32
INSTRUMENTATION_STATUS_CODE: 1
INSTRUMENTATION_STATUS: numtests=152
INSTRUMENTATION_STATUS: stream=.
INSTRUMENTATION_STATUS: id=AndroidJUnitRunner
INSTRUMENTATION_STATUS: test=failedWatchRestartRetiresCallbacksAndLaterCurrentEventStillInvalidates
INSTRUMENTATION_STATUS: class=io.github.mesteriis.rune.keyboard.intelligence.inference.ActiveModelLifecycleInstrumentedTest
INSTRUMENTATION_STATUS: current=32
INSTRUMENTATION_STATUS_CODE: 0
INSTRUMENTATION_STATUS: numtests=152
INSTRUMENTATION_STATUS: stream=
INSTRUMENTATION_STATUS: id=AndroidJUnitRunner
INSTRUMENTATION_STATUS: test=committedBackupWinsWithoutReadSideRecovery
INSTRUMENTATION_STATUS: class=io.github.mesteriis.rune.keyboard.intelligence.inference.ActiveModelLifecycleInstrumentedTest
INSTRUMENTATION_STATUS: current=33
INSTRUMENTATION_STATUS_CODE: 1
INSTRUMENTATION_STATUS: numtests=152
INSTRUMENTATION_STATUS: stream=.
INSTRUMENTATION_STATUS: id=AndroidJUnitRunner
INSTRUMENTATION_STATUS: test=committedBackupWinsWithoutReadSideRecovery
INSTRUMENTATION_STATUS: class=io.github.mesteriis.rune.keyboard.intelligence.inference.ActiveModelLifecycleInstrumentedTest
INSTRUMENTATION_STATUS: current=33
INSTRUMENTATION_STATUS_CODE: 0
INSTRUMENTATION_STATUS: numtests=152
INSTRUMENTATION_STATUS: stream=
INSTRUMENTATION_STATUS: id=AndroidJUnitRunner
INSTRUMENTATION_STATUS: test=modelSizeAndSymlinkEscapeAreRejectedBeforeLoad
INSTRUMENTATION_STATUS: class=io.github.mesteriis.rune.keyboard.intelligence.inference.ActiveModelLifecycleInstrumentedTest
INSTRUMENTATION_STATUS: current=34
INSTRUMENTATION_STATUS_CODE: 1
INSTRUMENTATION_STATUS: numtests=152
INSTRUMENTATION_STATUS: stream=.
INSTRUMENTATION_STATUS: id=AndroidJUnitRunner
INSTRUMENTATION_STATUS: test=modelSizeAndSymlinkEscapeAreRejectedBeforeLoad
INSTRUMENTATION_STATUS: class=io.github.mesteriis.rune.keyboard.intelligence.inference.ActiveModelLifecycleInstrumentedTest
INSTRUMENTATION_STATUS: current=34
INSTRUMENTATION_STATUS_CODE: 0
INSTRUMENTATION_STATUS: numtests=152
INSTRUMENTATION_STATUS: stream=
INSTRUMENTATION_STATUS: id=AndroidJUnitRunner
INSTRUMENTATION_STATUS: test=pointerRotationCancelsBlockedScoreAndReloadsNextIdentity
INSTRUMENTATION_STATUS: class=io.github.mesteriis.rune.keyboard.intelligence.inference.ActiveModelLifecycleInstrumentedTest
INSTRUMENTATION_STATUS: current=35
INSTRUMENTATION_STATUS_CODE: 1
INSTRUMENTATION_STATUS: numtests=152
INSTRUMENTATION_STATUS: stream=.
INSTRUMENTATION_STATUS: id=AndroidJUnitRunner
INSTRUMENTATION_STATUS: test=pointerRotationCancelsBlockedScoreAndReloadsNextIdentity
INSTRUMENTATION_STATUS: class=io.github.mesteriis.rune.keyboard.intelligence.inference.ActiveModelLifecycleInstrumentedTest
INSTRUMENTATION_STATUS: current=35
INSTRUMENTATION_STATUS_CODE: 0
INSTRUMENTATION_STATUS: numtests=152
INSTRUMENTATION_STATUS: stream=
INSTRUMENTATION_STATUS: id=AndroidJUnitRunner
INSTRUMENTATION_STATUS: test=pointerDeletionCancelsBlockedScoreAndLeavesNoModel
INSTRUMENTATION_STATUS: class=io.github.mesteriis.rune.keyboard.intelligence.inference.ActiveModelLifecycleInstrumentedTest
INSTRUMENTATION_STATUS: current=36
INSTRUMENTATION_STATUS_CODE: 1
INSTRUMENTATION_STATUS: numtests=152
INSTRUMENTATION_STATUS: stream=.
INSTRUMENTATION_STATUS: id=AndroidJUnitRunner
INSTRUMENTATION_STATUS: test=pointerDeletionCancelsBlockedScoreAndLeavesNoModel
INSTRUMENTATION_STATUS: class=io.github.mesteriis.rune.keyboard.intelligence.inference.ActiveModelLifecycleInstrumentedTest
INSTRUMENTATION_STATUS: current=36
INSTRUMENTATION_STATUS_CODE: 0
INSTRUMENTATION_STATUS: numtests=152
INSTRUMENTATION_STATUS: stream=
INSTRUMENTATION_STATUS: id=AndroidJUnitRunner
INSTRUMENTATION_STATUS: test=cancelledWordDuringPreparationReleasesPayloadAndNextWordSharesTheLoad
INSTRUMENTATION_STATUS: class=io.github.mesteriis.rune.keyboard.intelligence.inference.ActiveModelLifecycleInstrumentedTest
INSTRUMENTATION_STATUS: current=37
INSTRUMENTATION_STATUS_CODE: 1
INSTRUMENTATION_STATUS: numtests=152
INSTRUMENTATION_STATUS: stream=.
INSTRUMENTATION_STATUS: id=AndroidJUnitRunner
INSTRUMENTATION_STATUS: test=cancelledWordDuringPreparationReleasesPayloadAndNextWordSharesTheLoad
INSTRUMENTATION_STATUS: class=io.github.mesteriis.rune.keyboard.intelligence.inference.ActiveModelLifecycleInstrumentedTest
INSTRUMENTATION_STATUS: current=37
INSTRUMENTATION_STATUS_CODE: 0
INSTRUMENTATION_STATUS: numtests=152
INSTRUMENTATION_STATUS: stream=
INSTRUMENTATION_STATUS: id=AndroidJUnitRunner
INSTRUMENTATION_STATUS: test=sessionUnbindDuringPreparationCancelsPartialLoadAndRebindStartsFresh
INSTRUMENTATION_STATUS: class=io.github.mesteriis.rune.keyboard.intelligence.inference.ActiveModelLifecycleInstrumentedTest
INSTRUMENTATION_STATUS: current=38
INSTRUMENTATION_STATUS_CODE: 1
INSTRUMENTATION_STATUS: numtests=152
INSTRUMENTATION_STATUS: stream=.
INSTRUMENTATION_STATUS: id=AndroidJUnitRunner
INSTRUMENTATION_STATUS: test=sessionUnbindDuringPreparationCancelsPartialLoadAndRebindStartsFresh
INSTRUMENTATION_STATUS: class=io.github.mesteriis.rune.keyboard.intelligence.inference.ActiveModelLifecycleInstrumentedTest
INSTRUMENTATION_STATUS: current=38
INSTRUMENTATION_STATUS_CODE: 0
INSTRUMENTATION_STATUS: numtests=152
INSTRUMENTATION_STATUS: stream=
INSTRUMENTATION_STATUS: id=AndroidJUnitRunner
INSTRUMENTATION_STATUS: test=missingWatchDirectoryFailsRegistrationAndRealWatchObservesVersionDeletion
INSTRUMENTATION_STATUS: class=io.github.mesteriis.rune.keyboard.intelligence.inference.ActiveModelLifecycleInstrumentedTest
INSTRUMENTATION_STATUS: current=39
INSTRUMENTATION_STATUS_CODE: 1
INSTRUMENTATION_STATUS: numtests=152
INSTRUMENTATION_STATUS: stream=.
INSTRUMENTATION_STATUS: id=AndroidJUnitRunner
INSTRUMENTATION_STATUS: test=missingWatchDirectoryFailsRegistrationAndRealWatchObservesVersionDeletion
INSTRUMENTATION_STATUS: class=io.github.mesteriis.rune.keyboard.intelligence.inference.ActiveModelLifecycleInstrumentedTest
INSTRUMENTATION_STATUS: current=39
INSTRUMENTATION_STATUS_CODE: 0
INSTRUMENTATION_STATUS: numtests=152
INSTRUMENTATION_STATUS: stream=
INSTRUMENTATION_STATUS: id=AndroidJUnitRunner
INSTRUMENTATION_STATUS: test=cancellationBeforeAdapterAdmissionDoesNotLoadScoreOrDiscardWarmModel
INSTRUMENTATION_STATUS: class=io.github.mesteriis.rune.keyboard.intelligence.inference.ActiveModelLifecycleInstrumentedTest
INSTRUMENTATION_STATUS: current=40
INSTRUMENTATION_STATUS_CODE: 1
INSTRUMENTATION_STATUS: numtests=152
INSTRUMENTATION_STATUS: stream=.
INSTRUMENTATION_STATUS: id=AndroidJUnitRunner
INSTRUMENTATION_STATUS: test=cancellationBeforeAdapterAdmissionDoesNotLoadScoreOrDiscardWarmModel
INSTRUMENTATION_STATUS: class=io.github.mesteriis.rune.keyboard.intelligence.inference.ActiveModelLifecycleInstrumentedTest
INSTRUMENTATION_STATUS: current=40
INSTRUMENTATION_STATUS_CODE: 0
INSTRUMENTATION_STATUS: numtests=152
INSTRUMENTATION_STATUS: stream=
INSTRUMENTATION_STATUS: id=AndroidJUnitRunner
INSTRUMENTATION_STATUS: test=closeStillReleasesAValidatedWarmModel
INSTRUMENTATION_STATUS: class=io.github.mesteriis.rune.keyboard.intelligence.inference.ActiveModelLifecycleInstrumentedTest
INSTRUMENTATION_STATUS: current=41
INSTRUMENTATION_STATUS_CODE: 1
INSTRUMENTATION_STATUS: numtests=152
INSTRUMENTATION_STATUS: stream=.
INSTRUMENTATION_STATUS: id=AndroidJUnitRunner
INSTRUMENTATION_STATUS: test=closeStillReleasesAValidatedWarmModel
INSTRUMENTATION_STATUS: class=io.github.mesteriis.rune.keyboard.intelligence.inference.ActiveModelLifecycleInstrumentedTest
INSTRUMENTATION_STATUS: current=41
INSTRUMENTATION_STATUS_CODE: 0
INSTRUMENTATION_STATUS: numtests=152
INSTRUMENTATION_STATUS: stream=
INSTRUMENTATION_STATUS: id=AndroidJUnitRunner
INSTRUMENTATION_STATUS: test=absentCorruptAndOversizedPointersFailClosedBeforeRuntimeLoad
INSTRUMENTATION_STATUS: class=io.github.mesteriis.rune.keyboard.intelligence.inference.ActiveModelLifecycleInstrumentedTest
INSTRUMENTATION_STATUS: current=42
INSTRUMENTATION_STATUS_CODE: 1
INSTRUMENTATION_STATUS: numtests=152
INSTRUMENTATION_STATUS: stream=.
INSTRUMENTATION_STATUS: id=AndroidJUnitRunner
INSTRUMENTATION_STATUS: test=absentCorruptAndOversizedPointersFailClosedBeforeRuntimeLoad
INSTRUMENTATION_STATUS: class=io.github.mesteriis.rune.keyboard.intelligence.inference.ActiveModelLifecycleInstrumentedTest
INSTRUMENTATION_STATUS: current=42
INSTRUMENTATION_STATUS_CODE: 0
INSTRUMENTATION_STATUS: numtests=152
INSTRUMENTATION_STATUS: stream=
INSTRUMENTATION_STATUS: id=AndroidJUnitRunner
INSTRUMENTATION_STATUS: test=nativeLoadKeepsSharedPhysicalLockUntilSourceIsConsumed
INSTRUMENTATION_STATUS: class=io.github.mesteriis.rune.keyboard.intelligence.inference.ActiveModelLifecycleInstrumentedTest
INSTRUMENTATION_STATUS: current=43
INSTRUMENTATION_STATUS_CODE: 1
INSTRUMENTATION_STATUS: numtests=152
INSTRUMENTATION_STATUS: stream=.
INSTRUMENTATION_STATUS: id=AndroidJUnitRunner
INSTRUMENTATION_STATUS: test=nativeLoadKeepsSharedPhysicalLockUntilSourceIsConsumed
INSTRUMENTATION_STATUS: class=io.github.mesteriis.rune.keyboard.intelligence.inference.ActiveModelLifecycleInstrumentedTest
INSTRUMENTATION_STATUS: current=43
INSTRUMENTATION_STATUS_CODE: 0
INSTRUMENTATION_STATUS: numtests=152
INSTRUMENTATION_STATUS: stream=
io.github.mesteriis.rune.keyboard.intelligence.inference.RealModelScoringInstrumentedTest:
INSTRUMENTATION_STATUS: id=AndroidJUnitRunner
INSTRUMENTATION_STATUS: test=installedRuneTextLoadsAndScoresBoundedCandidates
INSTRUMENTATION_STATUS: class=io.github.mesteriis.rune.keyboard.intelligence.inference.RealModelScoringInstrumentedTest
INSTRUMENTATION_STATUS: current=44
INSTRUMENTATION_STATUS_CODE: 1
INSTRUMENTATION_STATUS: numtests=152
INSTRUMENTATION_STATUS: stream=
io.github.mesteriis.rune.keyboard.intelligence.inference.RealModelScoringInstrumentedTest:
INSTRUMENTATION_STATUS: id=AndroidJUnitRunner
INSTRUMENTATION_STATUS: test=installedRuneTextLoadsAndScoresBoundedCandidates
INSTRUMENTATION_STATUS: class=io.github.mesteriis.rune.keyboard.intelligence.inference.RealModelScoringInstrumentedTest
INSTRUMENTATION_STATUS: stack=org.junit.AssumptionViolatedException: Exact Rune Text model is not installed
	at org.junit.Assume.assumeTrue(Assume.java:68)
	at io.github.mesteriis.rune.keyboard.intelligence.inference.RealModelScoringInstrumentedTest.installedRuneTextLoadsAndScoresBoundedCandidates(RealModelScoringInstrumentedTest.kt:44)

INSTRUMENTATION_STATUS: current=44
INSTRUMENTATION_STATUS_CODE: -4
INSTRUMENTATION_STATUS: numtests=152
INSTRUMENTATION_STATUS: stream=
io.github.mesteriis.rune.keyboard.intelligence.inference.RealModelServiceInstrumentedTest:
INSTRUMENTATION_STATUS: id=AndroidJUnitRunner
INSTRUMENTATION_STATUS: test=exactInstalledModelPreparesAndScoresThroughPrivateBinder
INSTRUMENTATION_STATUS: class=io.github.mesteriis.rune.keyboard.intelligence.inference.RealModelServiceInstrumentedTest
INSTRUMENTATION_STATUS: current=45
INSTRUMENTATION_STATUS_CODE: 1
INSTRUMENTATION_STATUS: numtests=152
INSTRUMENTATION_STATUS: stream=
io.github.mesteriis.rune.keyboard.intelligence.inference.RealModelServiceInstrumentedTest:
INSTRUMENTATION_STATUS: id=AndroidJUnitRunner
INSTRUMENTATION_STATUS: test=exactInstalledModelPreparesAndScoresThroughPrivateBinder
INSTRUMENTATION_STATUS: class=io.github.mesteriis.rune.keyboard.intelligence.inference.RealModelServiceInstrumentedTest
INSTRUMENTATION_STATUS: stack=org.junit.AssumptionViolatedException: Explicit installed-model service probe only
	at org.junit.Assume.assumeTrue(Assume.java:68)
	at io.github.mesteriis.rune.keyboard.intelligence.inference.RealModelServiceInstrumentedTest.exactInstalledModelPreparesAndScoresThroughPrivateBinder(RealModelServiceInstrumentedTest.kt:35)

INSTRUMENTATION_STATUS: current=45
INSTRUMENTATION_STATUS_CODE: -4
INSTRUMENTATION_STATUS: numtests=152
INSTRUMENTATION_STATUS: stream=
io.github.mesteriis.rune.keyboard.intelligence.inference.ScoringIpcInstrumentedTest:
INSTRUMENTATION_STATUS: id=AndroidJUnitRunner
INSTRUMENTATION_STATUS: test=privateManifestContract
INSTRUMENTATION_STATUS: class=io.github.mesteriis.rune.keyboard.intelligence.inference.ScoringIpcInstrumentedTest
INSTRUMENTATION_STATUS: current=46
INSTRUMENTATION_STATUS_CODE: 1
INSTRUMENTATION_STATUS: numtests=152
INSTRUMENTATION_STATUS: stream=.
INSTRUMENTATION_STATUS: id=AndroidJUnitRunner
INSTRUMENTATION_STATUS: test=privateManifestContract
INSTRUMENTATION_STATUS: class=io.github.mesteriis.rune.keyboard.intelligence.inference.ScoringIpcInstrumentedTest
INSTRUMENTATION_STATUS: current=46
INSTRUMENTATION_STATUS_CODE: 0
INSTRUMENTATION_STATUS: numtests=152
INSTRUMENTATION_STATUS: stream=
INSTRUMENTATION_STATUS: id=AndroidJUnitRunner
INSTRUMENTATION_STATUS: test=oversizedCountAndTextRejectBeforeAllocation
INSTRUMENTATION_STATUS: class=io.github.mesteriis.rune.keyboard.intelligence.inference.ScoringIpcInstrumentedTest
INSTRUMENTATION_STATUS: current=47
INSTRUMENTATION_STATUS_CODE: 1
INSTRUMENTATION_STATUS: numtests=152
INSTRUMENTATION_STATUS: stream=.
INSTRUMENTATION_STATUS: id=AndroidJUnitRunner
INSTRUMENTATION_STATUS: test=oversizedCountAndTextRejectBeforeAllocation
INSTRUMENTATION_STATUS: class=io.github.mesteriis.rune.keyboard.intelligence.inference.ScoringIpcInstrumentedTest
INSTRUMENTATION_STATUS: current=47
INSTRUMENTATION_STATUS_CODE: 0
INSTRUMENTATION_STATUS: numtests=152
INSTRUMENTATION_STATUS: stream=
INSTRUMENTATION_STATUS: id=AndroidJUnitRunner
INSTRUMENTATION_STATUS: test=observerConfirmsRegistrationThenInvalidatesOnPointerChange
INSTRUMENTATION_STATUS: class=io.github.mesteriis.rune.keyboard.intelligence.inference.ScoringIpcInstrumentedTest
INSTRUMENTATION_STATUS: current=48
INSTRUMENTATION_STATUS_CODE: 1
INSTRUMENTATION_STATUS: numtests=152
INSTRUMENTATION_STATUS: stream=.
INSTRUMENTATION_STATUS: id=AndroidJUnitRunner
INSTRUMENTATION_STATUS: test=observerConfirmsRegistrationThenInvalidatesOnPointerChange
INSTRUMENTATION_STATUS: class=io.github.mesteriis.rune.keyboard.intelligence.inference.ScoringIpcInstrumentedTest
INSTRUMENTATION_STATUS: current=48
INSTRUMENTATION_STATUS_CODE: 0
INSTRUMENTATION_STATUS: numtests=152
INSTRUMENTATION_STATUS: stream=
INSTRUMENTATION_STATUS: id=AndroidJUnitRunner
INSTRUMENTATION_STATUS: test=boundedRequestAndNumericReplyRoundTrip
INSTRUMENTATION_STATUS: class=io.github.mesteriis.rune.keyboard.intelligence.inference.ScoringIpcInstrumentedTest
INSTRUMENTATION_STATUS: current=49
INSTRUMENTATION_STATUS_CODE: 1
INSTRUMENTATION_STATUS: numtests=152
INSTRUMENTATION_STATUS: stream=.
INSTRUMENTATION_STATUS: id=AndroidJUnitRunner
INSTRUMENTATION_STATUS: test=boundedRequestAndNumericReplyRoundTrip
INSTRUMENTATION_STATUS: class=io.github.mesteriis.rune.keyboard.intelligence.inference.ScoringIpcInstrumentedTest
INSTRUMENTATION_STATUS: current=49
INSTRUMENTATION_STATUS_CODE: 0
INSTRUMENTATION_STATUS: numtests=152
INSTRUMENTATION_STATUS: stream=
io.github.mesteriis.rune.keyboard.intelligence.inference.ScoringLifecycleInstrumentedTest:
INSTRUMENTATION_STATUS: id=AndroidJUnitRunner
INSTRUMENTATION_STATUS: test=immediateCancelSuppressesCallbackAndDoesNotWaitForScore
INSTRUMENTATION_STATUS: class=io.github.mesteriis.rune.keyboard.intelligence.inference.ScoringLifecycleInstrumentedTest
INSTRUMENTATION_STATUS: current=50
INSTRUMENTATION_STATUS_CODE: 1
INSTRUMENTATION_STATUS: numtests=152
INSTRUMENTATION_STATUS: stream=.
INSTRUMENTATION_STATUS: id=AndroidJUnitRunner
INSTRUMENTATION_STATUS: test=immediateCancelSuppressesCallbackAndDoesNotWaitForScore
INSTRUMENTATION_STATUS: class=io.github.mesteriis.rune.keyboard.intelligence.inference.ScoringLifecycleInstrumentedTest
INSTRUMENTATION_STATUS: current=50
INSTRUMENTATION_STATUS_CODE: 0
INSTRUMENTATION_STATUS: numtests=152
INSTRUMENTATION_STATUS: stream=
INSTRUMENTATION_STATUS: id=AndroidJUnitRunner
INSTRUMENTATION_STATUS: test=onewayTransportKeepsOneActiveAndOnlyLatestPending
INSTRUMENTATION_STATUS: class=io.github.mesteriis.rune.keyboard.intelligence.inference.ScoringLifecycleInstrumentedTest
INSTRUMENTATION_STATUS: current=51
INSTRUMENTATION_STATUS_CODE: 1
INSTRUMENTATION_STATUS: numtests=152
INSTRUMENTATION_STATUS: stream=.
INSTRUMENTATION_STATUS: id=AndroidJUnitRunner
INSTRUMENTATION_STATUS: test=onewayTransportKeepsOneActiveAndOnlyLatestPending
INSTRUMENTATION_STATUS: class=io.github.mesteriis.rune.keyboard.intelligence.inference.ScoringLifecycleInstrumentedTest
INSTRUMENTATION_STATUS: current=51
INSTRUMENTATION_STATUS_CODE: 0
INSTRUMENTATION_STATUS: numtests=152
INSTRUMENTATION_STATUS: stream=
INSTRUMENTATION_STATUS: id=AndroidJUnitRunner
INSTRUMENTATION_STATUS: test=criticalBackgroundAndLowMemoryRemainSuspendedUntilActualUnbindBind
INSTRUMENTATION_STATUS: class=io.github.mesteriis.rune.keyboard.intelligence.inference.ScoringLifecycleInstrumentedTest
INSTRUMENTATION_STATUS: current=52
INSTRUMENTATION_STATUS_CODE: 1
INSTRUMENTATION_STATUS: numtests=152
INSTRUMENTATION_STATUS: stream=.
INSTRUMENTATION_STATUS: id=AndroidJUnitRunner
INSTRUMENTATION_STATUS: test=criticalBackgroundAndLowMemoryRemainSuspendedUntilActualUnbindBind
INSTRUMENTATION_STATUS: class=io.github.mesteriis.rune.keyboard.intelligence.inference.ScoringLifecycleInstrumentedTest
INSTRUMENTATION_STATUS: current=52
INSTRUMENTATION_STATUS_CODE: 0
INSTRUMENTATION_STATUS: numtests=152
INSTRUMENTATION_STATUS: stream=
INSTRUMENTATION_STATUS: id=AndroidJUnitRunner
INSTRUMENTATION_STATUS: test=obsoleteConnectionEventsCannotReviveAnEndedClient
INSTRUMENTATION_STATUS: class=io.github.mesteriis.rune.keyboard.intelligence.inference.ScoringLifecycleInstrumentedTest
INSTRUMENTATION_STATUS: current=53
INSTRUMENTATION_STATUS_CODE: 1
INSTRUMENTATION_STATUS: numtests=152
INSTRUMENTATION_STATUS: stream=.
INSTRUMENTATION_STATUS: id=AndroidJUnitRunner
INSTRUMENTATION_STATUS: test=obsoleteConnectionEventsCannotReviveAnEndedClient
INSTRUMENTATION_STATUS: class=io.github.mesteriis.rune.keyboard.intelligence.inference.ScoringLifecycleInstrumentedTest
INSTRUMENTATION_STATUS: current=53
INSTRUMENTATION_STATUS_CODE: 0
INSTRUMENTATION_STATUS: numtests=152
INSTRUMENTATION_STATUS: stream=
INSTRUMENTATION_STATUS: id=AndroidJUnitRunner
INSTRUMENTATION_STATUS: test=debugFixtureIsPrivateSameUidAndActuallyRemote
INSTRUMENTATION_STATUS: class=io.github.mesteriis.rune.keyboard.intelligence.inference.ScoringLifecycleInstrumentedTest
INSTRUMENTATION_STATUS: current=54
INSTRUMENTATION_STATUS_CODE: 1
INSTRUMENTATION_STATUS: numtests=152
INSTRUMENTATION_STATUS: stream=.
INSTRUMENTATION_STATUS: id=AndroidJUnitRunner
INSTRUMENTATION_STATUS: test=debugFixtureIsPrivateSameUidAndActuallyRemote
INSTRUMENTATION_STATUS: class=io.github.mesteriis.rune.keyboard.intelligence.inference.ScoringLifecycleInstrumentedTest
INSTRUMENTATION_STATUS: current=54
INSTRUMENTATION_STATUS_CODE: 0
INSTRUMENTATION_STATUS: numtests=152
INSTRUMENTATION_STATUS: stream=
INSTRUMENTATION_STATUS: id=AndroidJUnitRunner
INSTRUMENTATION_STATUS: test=aRealReplyEvaluatedAfterMainThreadCancellationIsIgnored
INSTRUMENTATION_STATUS: class=io.github.mesteriis.rune.keyboard.intelligence.inference.ScoringLifecycleInstrumentedTest
INSTRUMENTATION_STATUS: current=55
INSTRUMENTATION_STATUS_CODE: 1
INSTRUMENTATION_STATUS: numtests=152
INSTRUMENTATION_STATUS: stream=.
INSTRUMENTATION_STATUS: id=AndroidJUnitRunner
INSTRUMENTATION_STATUS: test=aRealReplyEvaluatedAfterMainThreadCancellationIsIgnored
INSTRUMENTATION_STATUS: class=io.github.mesteriis.rune.keyboard.intelligence.inference.ScoringLifecycleInstrumentedTest
INSTRUMENTATION_STATUS: current=55
INSTRUMENTATION_STATUS_CODE: 0
INSTRUMENTATION_STATUS: numtests=152
INSTRUMENTATION_STATUS: stream=
INSTRUMENTATION_STATUS: id=AndroidJUnitRunner
INSTRUMENTATION_STATUS: test=ineligibleEndedAndClosedSessionsCancelDeathRetryAndReleaseRegistrations
INSTRUMENTATION_STATUS: class=io.github.mesteriis.rune.keyboard.intelligence.inference.ScoringLifecycleInstrumentedTest
INSTRUMENTATION_STATUS: current=56
INSTRUMENTATION_STATUS_CODE: 1
INSTRUMENTATION_STATUS: numtests=152
INSTRUMENTATION_STATUS: stream=.
INSTRUMENTATION_STATUS: id=AndroidJUnitRunner
INSTRUMENTATION_STATUS: test=ineligibleEndedAndClosedSessionsCancelDeathRetryAndReleaseRegistrations
INSTRUMENTATION_STATUS: class=io.github.mesteriis.rune.keyboard.intelligence.inference.ScoringLifecycleInstrumentedTest
INSTRUMENTATION_STATUS: current=56
INSTRUMENTATION_STATUS_CODE: 0
INSTRUMENTATION_STATUS: numtests=152
INSTRUMENTATION_STATUS: stream=
INSTRUMENTATION_STATUS: id=AndroidJUnitRunner
INSTRUMENTATION_STATUS: test=realClientRebindsAfterProcessDeathWithoutReplayingPayload
INSTRUMENTATION_STATUS: class=io.github.mesteriis.rune.keyboard.intelligence.inference.ScoringLifecycleInstrumentedTest
INSTRUMENTATION_STATUS: current=57
INSTRUMENTATION_STATUS_CODE: 1
INSTRUMENTATION_STATUS: numtests=152
INSTRUMENTATION_STATUS: stream=.
INSTRUMENTATION_STATUS: id=AndroidJUnitRunner
INSTRUMENTATION_STATUS: test=realClientRebindsAfterProcessDeathWithoutReplayingPayload
INSTRUMENTATION_STATUS: class=io.github.mesteriis.rune.keyboard.intelligence.inference.ScoringLifecycleInstrumentedTest
INSTRUMENTATION_STATUS: current=57
INSTRUMENTATION_STATUS_CODE: 0
INSTRUMENTATION_STATUS: numtests=152
INSTRUMENTATION_STATUS: stream=
INSTRUMENTATION_STATUS: id=AndroidJUnitRunner
INSTRUMENTATION_STATUS: test=criticalTrimAndInvalidationDropPendingCancelActiveAndUnload
INSTRUMENTATION_STATUS: class=io.github.mesteriis.rune.keyboard.intelligence.inference.ScoringLifecycleInstrumentedTest
INSTRUMENTATION_STATUS: current=58
INSTRUMENTATION_STATUS_CODE: 1
INSTRUMENTATION_STATUS: numtests=152
INSTRUMENTATION_STATUS: stream=.
INSTRUMENTATION_STATUS: id=AndroidJUnitRunner
INSTRUMENTATION_STATUS: test=criticalTrimAndInvalidationDropPendingCancelActiveAndUnload
INSTRUMENTATION_STATUS: class=io.github.mesteriis.rune.keyboard.intelligence.inference.ScoringLifecycleInstrumentedTest
INSTRUMENTATION_STATUS: current=58
INSTRUMENTATION_STATUS_CODE: 0
INSTRUMENTATION_STATUS: numtests=152
INSTRUMENTATION_STATUS: stream=
INSTRUMENTATION_STATUS: id=AndroidJUnitRunner
INSTRUMENTATION_STATUS: test=ownerCanCertifyOnePostSpaceTokenWithoutAcceptingOtherOldRevisionReplies
INSTRUMENTATION_STATUS: class=io.github.mesteriis.rune.keyboard.intelligence.inference.ScoringLifecycleInstrumentedTest
INSTRUMENTATION_STATUS: current=59
INSTRUMENTATION_STATUS_CODE: 1
INSTRUMENTATION_STATUS: numtests=152
INSTRUMENTATION_STATUS: stream=.
INSTRUMENTATION_STATUS: id=AndroidJUnitRunner
INSTRUMENTATION_STATUS: test=ownerCanCertifyOnePostSpaceTokenWithoutAcceptingOtherOldRevisionReplies
INSTRUMENTATION_STATUS: class=io.github.mesteriis.rune.keyboard.intelligence.inference.ScoringLifecycleInstrumentedTest
INSTRUMENTATION_STATUS: current=59
INSTRUMENTATION_STATUS_CODE: 0
INSTRUMENTATION_STATUS: numtests=152
INSTRUMENTATION_STATUS: stream=
INSTRUMENTATION_STATUS: id=AndroidJUnitRunner
INSTRUMENTATION_STATUS: test=idleWorkerUnloadsAfterCompletionWithoutMoreInput
INSTRUMENTATION_STATUS: class=io.github.mesteriis.rune.keyboard.intelligence.inference.ScoringLifecycleInstrumentedTest
INSTRUMENTATION_STATUS: current=60
INSTRUMENTATION_STATUS_CODE: 1
INSTRUMENTATION_STATUS: numtests=152
INSTRUMENTATION_STATUS: stream=.
INSTRUMENTATION_STATUS: id=AndroidJUnitRunner
INSTRUMENTATION_STATUS: test=idleWorkerUnloadsAfterCompletionWithoutMoreInput
INSTRUMENTATION_STATUS: class=io.github.mesteriis.rune.keyboard.intelligence.inference.ScoringLifecycleInstrumentedTest
INSTRUMENTATION_STATUS: current=60
INSTRUMENTATION_STATUS_CODE: 0
INSTRUMENTATION_STATUS: numtests=152
INSTRUMENTATION_STATUS: stream=
io.github.mesteriis.rune.keyboard.intelligence.readiness.AndroidModelCandidatesInstrumentedTest:
INSTRUMENTATION_STATUS: id=AndroidJUnitRunner
INSTRUMENTATION_STATUS: test=endingSessionClearsReadyAndLaterSessionRechecksRemovedModel
INSTRUMENTATION_STATUS: class=io.github.mesteriis.rune.keyboard.intelligence.readiness.AndroidModelCandidatesInstrumentedTest
INSTRUMENTATION_STATUS: current=61
INSTRUMENTATION_STATUS_CODE: 1
INSTRUMENTATION_STATUS: numtests=152
INSTRUMENTATION_STATUS: stream=.
INSTRUMENTATION_STATUS: id=AndroidJUnitRunner
INSTRUMENTATION_STATUS: test=endingSessionClearsReadyAndLaterSessionRechecksRemovedModel
INSTRUMENTATION_STATUS: class=io.github.mesteriis.rune.keyboard.intelligence.readiness.AndroidModelCandidatesInstrumentedTest
INSTRUMENTATION_STATUS: current=61
INSTRUMENTATION_STATUS_CODE: 0
INSTRUMENTATION_STATUS: numtests=152
INSTRUMENTATION_STATUS: stream=
INSTRUMENTATION_STATUS: id=AndroidJUnitRunner
INSTRUMENTATION_STATUS: test=contextualCandidatesUseOneBoundedRemoteRequestAndEqualScoresKeepOriginal
INSTRUMENTATION_STATUS: class=io.github.mesteriis.rune.keyboard.intelligence.readiness.AndroidModelCandidatesInstrumentedTest
INSTRUMENTATION_STATUS: current=62
INSTRUMENTATION_STATUS_CODE: 1
INSTRUMENTATION_STATUS: numtests=152
INSTRUMENTATION_STATUS: stream=.
INSTRUMENTATION_STATUS: id=AndroidJUnitRunner
INSTRUMENTATION_STATUS: test=contextualCandidatesUseOneBoundedRemoteRequestAndEqualScoresKeepOriginal
INSTRUMENTATION_STATUS: class=io.github.mesteriis.rune.keyboard.intelligence.readiness.AndroidModelCandidatesInstrumentedTest
INSTRUMENTATION_STATUS: current=62
INSTRUMENTATION_STATUS_CODE: 0
INSTRUMENTATION_STATUS: numtests=152
INSTRUMENTATION_STATUS: stream=
INSTRUMENTATION_STATUS: id=AndroidJUnitRunner
INSTRUMENTATION_STATUS: test=inactiveOrSensitiveFactoryNeverReadsMetadataOrBinds
INSTRUMENTATION_STATUS: class=io.github.mesteriis.rune.keyboard.intelligence.readiness.AndroidModelCandidatesInstrumentedTest
INSTRUMENTATION_STATUS: current=63
INSTRUMENTATION_STATUS_CODE: 1
INSTRUMENTATION_STATUS: numtests=152
INSTRUMENTATION_STATUS: stream=.
INSTRUMENTATION_STATUS: id=AndroidJUnitRunner
INSTRUMENTATION_STATUS: test=inactiveOrSensitiveFactoryNeverReadsMetadataOrBinds
INSTRUMENTATION_STATUS: class=io.github.mesteriis.rune.keyboard.intelligence.readiness.AndroidModelCandidatesInstrumentedTest
INSTRUMENTATION_STATUS: current=63
INSTRUMENTATION_STATUS_CODE: 0
INSTRUMENTATION_STATUS: numtests=152
INSTRUMENTATION_STATUS: stream=
INSTRUMENTATION_STATUS: id=AndroidJUnitRunner
INSTRUMENTATION_STATUS: test=readyDoesNotReplayAndNextEditUsesRealRemoteClientWithoutEditorWrite
INSTRUMENTATION_STATUS: class=io.github.mesteriis.rune.keyboard.intelligence.readiness.AndroidModelCandidatesInstrumentedTest
INSTRUMENTATION_STATUS: current=64
INSTRUMENTATION_STATUS_CODE: 1
INSTRUMENTATION_STATUS: numtests=152
INSTRUMENTATION_STATUS: stream=.
INSTRUMENTATION_STATUS: id=AndroidJUnitRunner
INSTRUMENTATION_STATUS: test=readyDoesNotReplayAndNextEditUsesRealRemoteClientWithoutEditorWrite
INSTRUMENTATION_STATUS: class=io.github.mesteriis.rune.keyboard.intelligence.readiness.AndroidModelCandidatesInstrumentedTest
INSTRUMENTATION_STATUS: current=64
INSTRUMENTATION_STATUS_CODE: 0
INSTRUMENTATION_STATUS: numtests=152
INSTRUMENTATION_STATUS: stream=
INSTRUMENTATION_STATUS: id=AndroidJUnitRunner
INSTRUMENTATION_STATUS: test=current95ProfileAppliesRemoteModelCorrectionAndImmediateUndo
INSTRUMENTATION_STATUS: class=io.github.mesteriis.rune.keyboard.intelligence.readiness.AndroidModelCandidatesInstrumentedTest
INSTRUMENTATION_STATUS: current=65
INSTRUMENTATION_STATUS_CODE: 1
INSTRUMENTATION_STATUS: numtests=152
INSTRUMENTATION_STATUS: stream=.
INSTRUMENTATION_STATUS: id=AndroidJUnitRunner
INSTRUMENTATION_STATUS: test=current95ProfileAppliesRemoteModelCorrectionAndImmediateUndo
INSTRUMENTATION_STATUS: class=io.github.mesteriis.rune.keyboard.intelligence.readiness.AndroidModelCandidatesInstrumentedTest
INSTRUMENTATION_STATUS: current=65
INSTRUMENTATION_STATUS_CODE: 0
INSTRUMENTATION_STATUS: numtests=152
INSTRUMENTATION_STATUS: stream=
INSTRUMENTATION_STATUS: id=AndroidJUnitRunner
INSTRUMENTATION_STATUS: test=realBinderReplyAfterSpaceUsesOwnedSuffixAndImmediateUndo
INSTRUMENTATION_STATUS: class=io.github.mesteriis.rune.keyboard.intelligence.readiness.AndroidModelCandidatesInstrumentedTest
INSTRUMENTATION_STATUS: current=66
INSTRUMENTATION_STATUS_CODE: 1
INSTRUMENTATION_STATUS: numtests=152
INSTRUMENTATION_STATUS: stream=.
INSTRUMENTATION_STATUS: id=AndroidJUnitRunner
INSTRUMENTATION_STATUS: test=realBinderReplyAfterSpaceUsesOwnedSuffixAndImmediateUndo
INSTRUMENTATION_STATUS: class=io.github.mesteriis.rune.keyboard.intelligence.readiness.AndroidModelCandidatesInstrumentedTest
INSTRUMENTATION_STATUS: current=66
INSTRUMENTATION_STATUS_CODE: 0
INSTRUMENTATION_STATUS: numtests=152
INSTRUMENTATION_STATUS: stream=
io.github.mesteriis.rune.keyboard.intelligence.runtime.ModelActivationCoordinatorInstrumentedTest:
INSTRUMENTATION_STATUS: id=AndroidJUnitRunner
INSTRUMENTATION_STATUS: test=idleActiveModelDoesNotRequestRuntimeWork
INSTRUMENTATION_STATUS: class=io.github.mesteriis.rune.keyboard.intelligence.runtime.ModelActivationCoordinatorInstrumentedTest
INSTRUMENTATION_STATUS: current=67
INSTRUMENTATION_STATUS_CODE: 1
INSTRUMENTATION_STATUS: numtests=152
INSTRUMENTATION_STATUS: stream=.
INSTRUMENTATION_STATUS: id=AndroidJUnitRunner
INSTRUMENTATION_STATUS: test=idleActiveModelDoesNotRequestRuntimeWork
INSTRUMENTATION_STATUS: class=io.github.mesteriis.rune.keyboard.intelligence.runtime.ModelActivationCoordinatorInstrumentedTest
INSTRUMENTATION_STATUS: current=67
INSTRUMENTATION_STATUS_CODE: 0
INSTRUMENTATION_STATUS: numtests=152
INSTRUMENTATION_STATUS: stream=
INSTRUMENTATION_STATUS: id=AndroidJUnitRunner
INSTRUMENTATION_STATUS: test=failedPostCommitReloadPromotesPreviousActive
INSTRUMENTATION_STATUS: class=io.github.mesteriis.rune.keyboard.intelligence.runtime.ModelActivationCoordinatorInstrumentedTest
INSTRUMENTATION_STATUS: current=68
INSTRUMENTATION_STATUS_CODE: 1
INSTRUMENTATION_STATUS: numtests=152
INSTRUMENTATION_STATUS: stream=.
INSTRUMENTATION_STATUS: id=AndroidJUnitRunner
INSTRUMENTATION_STATUS: test=failedPostCommitReloadPromotesPreviousActive
INSTRUMENTATION_STATUS: class=io.github.mesteriis.rune.keyboard.intelligence.runtime.ModelActivationCoordinatorInstrumentedTest
INSTRUMENTATION_STATUS: current=68
INSTRUMENTATION_STATUS_CODE: 0
INSTRUMENTATION_STATUS: numtests=152
INSTRUMENTATION_STATUS: stream=
INSTRUMENTATION_STATUS: id=AndroidJUnitRunner
INSTRUMENTATION_STATUS: test=failedActiveAndRollbackClearPointerInsteadOfExposingBadModel
INSTRUMENTATION_STATUS: class=io.github.mesteriis.rune.keyboard.intelligence.runtime.ModelActivationCoordinatorInstrumentedTest
INSTRUMENTATION_STATUS: current=69
INSTRUMENTATION_STATUS_CODE: 1
INSTRUMENTATION_STATUS: numtests=152
INSTRUMENTATION_STATUS: stream=.
INSTRUMENTATION_STATUS: id=AndroidJUnitRunner
INSTRUMENTATION_STATUS: test=failedActiveAndRollbackClearPointerInsteadOfExposingBadModel
INSTRUMENTATION_STATUS: class=io.github.mesteriis.rune.keyboard.intelligence.runtime.ModelActivationCoordinatorInstrumentedTest
INSTRUMENTATION_STATUS: current=69
INSTRUMENTATION_STATUS_CODE: 0
INSTRUMENTATION_STATUS: numtests=152
INSTRUMENTATION_STATUS: stream=
INSTRUMENTATION_STATUS: id=AndroidJUnitRunner
INSTRUMENTATION_STATUS: test=concurrentPointerStoreInstancesSerializeWithinOneProcess
INSTRUMENTATION_STATUS: class=io.github.mesteriis.rune.keyboard.intelligence.runtime.ModelActivationCoordinatorInstrumentedTest
INSTRUMENTATION_STATUS: current=70
INSTRUMENTATION_STATUS_CODE: 1
INSTRUMENTATION_STATUS: numtests=152
INSTRUMENTATION_STATUS: stream=.
INSTRUMENTATION_STATUS: id=AndroidJUnitRunner
INSTRUMENTATION_STATUS: test=concurrentPointerStoreInstancesSerializeWithinOneProcess
INSTRUMENTATION_STATUS: class=io.github.mesteriis.rune.keyboard.intelligence.runtime.ModelActivationCoordinatorInstrumentedTest
INSTRUMENTATION_STATUS: current=70
INSTRUMENTATION_STATUS_CODE: 0
INSTRUMENTATION_STATUS: numtests=152
INSTRUMENTATION_STATUS: stream=
INSTRUMENTATION_STATUS: id=AndroidJUnitRunner
INSTRUMENTATION_STATUS: test=resumesSelfTestingJournalFromMovedVersion
INSTRUMENTATION_STATUS: class=io.github.mesteriis.rune.keyboard.intelligence.runtime.ModelActivationCoordinatorInstrumentedTest
INSTRUMENTATION_STATUS: current=71
INSTRUMENTATION_STATUS_CODE: 1
INSTRUMENTATION_STATUS: numtests=152
INSTRUMENTATION_STATUS: stream=.
INSTRUMENTATION_STATUS: id=AndroidJUnitRunner
INSTRUMENTATION_STATUS: test=resumesSelfTestingJournalFromMovedVersion
INSTRUMENTATION_STATUS: class=io.github.mesteriis.rune.keyboard.intelligence.runtime.ModelActivationCoordinatorInstrumentedTest
INSTRUMENTATION_STATUS: current=71
INSTRUMENTATION_STATUS_CODE: 0
INSTRUMENTATION_STATUS: numtests=152
INSTRUMENTATION_STATUS: stream=
INSTRUMENTATION_STATUS: id=AndroidJUnitRunner
INSTRUMENTATION_STATUS: test=recoveryUsesPersistedActivationDirectoryAfterDescriptorChanges
INSTRUMENTATION_STATUS: class=io.github.mesteriis.rune.keyboard.intelligence.runtime.ModelActivationCoordinatorInstrumentedTest
INSTRUMENTATION_STATUS: current=72
INSTRUMENTATION_STATUS_CODE: 1
INSTRUMENTATION_STATUS: numtests=152
INSTRUMENTATION_STATUS: stream=.
INSTRUMENTATION_STATUS: id=AndroidJUnitRunner
INSTRUMENTATION_STATUS: test=recoveryUsesPersistedActivationDirectoryAfterDescriptorChanges
INSTRUMENTATION_STATUS: class=io.github.mesteriis.rune.keyboard.intelligence.runtime.ModelActivationCoordinatorInstrumentedTest
INSTRUMENTATION_STATUS: current=72
INSTRUMENTATION_STATUS_CODE: 0
INSTRUMENTATION_STATUS: numtests=152
INSTRUMENTATION_STATUS: stream=
INSTRUMENTATION_STATUS: id=AndroidJUnitRunner
INSTRUMENTATION_STATUS: test=pointerStoreRecoversCommittedBackupWhenBaseFileIsMissing
INSTRUMENTATION_STATUS: class=io.github.mesteriis.rune.keyboard.intelligence.runtime.ModelActivationCoordinatorInstrumentedTest
INSTRUMENTATION_STATUS: current=73
INSTRUMENTATION_STATUS_CODE: 1
INSTRUMENTATION_STATUS: numtests=152
INSTRUMENTATION_STATUS: stream=.
INSTRUMENTATION_STATUS: id=AndroidJUnitRunner
INSTRUMENTATION_STATUS: test=pointerStoreRecoversCommittedBackupWhenBaseFileIsMissing
INSTRUMENTATION_STATUS: class=io.github.mesteriis.rune.keyboard.intelligence.runtime.ModelActivationCoordinatorInstrumentedTest
INSTRUMENTATION_STATUS: current=73
INSTRUMENTATION_STATUS_CODE: 0
INSTRUMENTATION_STATUS: numtests=152
INSTRUMENTATION_STATUS: stream=
INSTRUMENTATION_STATUS: id=AndroidJUnitRunner
INSTRUMENTATION_STATUS: test=committedSelfTestingJournalDoesNotRotateRollbackAgain
INSTRUMENTATION_STATUS: class=io.github.mesteriis.rune.keyboard.intelligence.runtime.ModelActivationCoordinatorInstrumentedTest
INSTRUMENTATION_STATUS: current=74
INSTRUMENTATION_STATUS_CODE: 1
INSTRUMENTATION_STATUS: numtests=152
INSTRUMENTATION_STATUS: stream=.
INSTRUMENTATION_STATUS: id=AndroidJUnitRunner
INSTRUMENTATION_STATUS: test=committedSelfTestingJournalDoesNotRotateRollbackAgain
INSTRUMENTATION_STATUS: class=io.github.mesteriis.rune.keyboard.intelligence.runtime.ModelActivationCoordinatorInstrumentedTest
INSTRUMENTATION_STATUS: current=74
INSTRUMENTATION_STATUS_CODE: 0
INSTRUMENTATION_STATUS: numtests=152
INSTRUMENTATION_STATUS: stream=
INSTRUMENTATION_STATUS: id=AndroidJUnitRunner
INSTRUMENTATION_STATUS: test=legacySameVersionCandidateCannotMaskCorruptRetainedActive
INSTRUMENTATION_STATUS: class=io.github.mesteriis.rune.keyboard.intelligence.runtime.ModelActivationCoordinatorInstrumentedTest
INSTRUMENTATION_STATUS: current=75
INSTRUMENTATION_STATUS_CODE: 1
INSTRUMENTATION_STATUS: numtests=152
INSTRUMENTATION_STATUS: stream=.
INSTRUMENTATION_STATUS: id=AndroidJUnitRunner
INSTRUMENTATION_STATUS: test=legacySameVersionCandidateCannotMaskCorruptRetainedActive
INSTRUMENTATION_STATUS: class=io.github.mesteriis.rune.keyboard.intelligence.runtime.ModelActivationCoordinatorInstrumentedTest
INSTRUMENTATION_STATUS: current=75
INSTRUMENTATION_STATUS_CODE: 0
INSTRUMENTATION_STATUS: numtests=152
INSTRUMENTATION_STATUS: stream=
INSTRUMENTATION_STATUS: id=AndroidJUnitRunner
INSTRUMENTATION_STATUS: test=legacyPhaseWithoutActivationDirectoryFailsClosed
INSTRUMENTATION_STATUS: class=io.github.mesteriis.rune.keyboard.intelligence.runtime.ModelActivationCoordinatorInstrumentedTest
INSTRUMENTATION_STATUS: current=76
INSTRUMENTATION_STATUS_CODE: 1
INSTRUMENTATION_STATUS: numtests=152
INSTRUMENTATION_STATUS: stream=.
INSTRUMENTATION_STATUS: id=AndroidJUnitRunner
INSTRUMENTATION_STATUS: test=legacyPhaseWithoutActivationDirectoryFailsClosed
INSTRUMENTATION_STATUS: class=io.github.mesteriis.rune.keyboard.intelligence.runtime.ModelActivationCoordinatorInstrumentedTest
INSTRUMENTATION_STATUS: current=76
INSTRUMENTATION_STATUS_CODE: 0
INSTRUMENTATION_STATUS: numtests=152
INSTRUMENTATION_STATUS: stream=
INSTRUMENTATION_STATUS: id=AndroidJUnitRunner
INSTRUMENTATION_STATUS: test=sameVersionImportReturnsToReadyWithoutRotatingOrStalling
INSTRUMENTATION_STATUS: class=io.github.mesteriis.rune.keyboard.intelligence.runtime.ModelActivationCoordinatorInstrumentedTest
INSTRUMENTATION_STATUS: current=77
INSTRUMENTATION_STATUS_CODE: 1
INSTRUMENTATION_STATUS: numtests=152
INSTRUMENTATION_STATUS: stream=.
INSTRUMENTATION_STATUS: id=AndroidJUnitRunner
INSTRUMENTATION_STATUS: test=sameVersionImportReturnsToReadyWithoutRotatingOrStalling
INSTRUMENTATION_STATUS: class=io.github.mesteriis.rune.keyboard.intelligence.runtime.ModelActivationCoordinatorInstrumentedTest
INSTRUMENTATION_STATUS: current=77
INSTRUMENTATION_STATUS_CODE: 0
INSTRUMENTATION_STATUS: numtests=152
INSTRUMENTATION_STATUS: stream=
INSTRUMENTATION_STATUS: id=AndroidJUnitRunner
INSTRUMENTATION_STATUS: test=rollbackCommitFailureKeepsDurablePhaseForRetry
INSTRUMENTATION_STATUS: class=io.github.mesteriis.rune.keyboard.intelligence.runtime.ModelActivationCoordinatorInstrumentedTest
INSTRUMENTATION_STATUS: current=78
INSTRUMENTATION_STATUS_CODE: 1
INSTRUMENTATION_STATUS: numtests=152
INSTRUMENTATION_STATUS: stream=.
INSTRUMENTATION_STATUS: id=AndroidJUnitRunner
INSTRUMENTATION_STATUS: test=rollbackCommitFailureKeepsDurablePhaseForRetry
INSTRUMENTATION_STATUS: class=io.github.mesteriis.rune.keyboard.intelligence.runtime.ModelActivationCoordinatorInstrumentedTest
INSTRUMENTATION_STATUS: current=78
INSTRUMENTATION_STATUS_CODE: 0
INSTRUMENTATION_STATUS: numtests=152
INSTRUMENTATION_STATUS: stream=
INSTRUMENTATION_STATUS: id=AndroidJUnitRunner
INSTRUMENTATION_STATUS: test=deletingPointerLeavesNoAtomicFileThatCanRestoreAnActiveModel
INSTRUMENTATION_STATUS: class=io.github.mesteriis.rune.keyboard.intelligence.runtime.ModelActivationCoordinatorInstrumentedTest
INSTRUMENTATION_STATUS: current=79
INSTRUMENTATION_STATUS_CODE: 1
INSTRUMENTATION_STATUS: numtests=152
INSTRUMENTATION_STATUS: stream=.
INSTRUMENTATION_STATUS: id=AndroidJUnitRunner
INSTRUMENTATION_STATUS: test=deletingPointerLeavesNoAtomicFileThatCanRestoreAnActiveModel
INSTRUMENTATION_STATUS: class=io.github.mesteriis.rune.keyboard.intelligence.runtime.ModelActivationCoordinatorInstrumentedTest
INSTRUMENTATION_STATUS: current=79
INSTRUMENTATION_STATUS_CODE: 0
INSTRUMENTATION_STATUS: numtests=152
INSTRUMENTATION_STATUS: stream=
INSTRUMENTATION_STATUS: id=AndroidJUnitRunner
INSTRUMENTATION_STATUS: test=rollbackPhaseAfterPointerCommitCannotReactivateFailedVersion
INSTRUMENTATION_STATUS: class=io.github.mesteriis.rune.keyboard.intelligence.runtime.ModelActivationCoordinatorInstrumentedTest
INSTRUMENTATION_STATUS: current=80
INSTRUMENTATION_STATUS_CODE: 1
INSTRUMENTATION_STATUS: numtests=152
INSTRUMENTATION_STATUS: stream=.
INSTRUMENTATION_STATUS: id=AndroidJUnitRunner
INSTRUMENTATION_STATUS: test=rollbackPhaseAfterPointerCommitCannotReactivateFailedVersion
INSTRUMENTATION_STATUS: class=io.github.mesteriis.rune.keyboard.intelligence.runtime.ModelActivationCoordinatorInstrumentedTest
INSTRUMENTATION_STATUS: current=80
INSTRUMENTATION_STATUS_CODE: 0
INSTRUMENTATION_STATUS: numtests=152
INSTRUMENTATION_STATUS: stream=
INSTRUMENTATION_STATUS: id=AndroidJUnitRunner
INSTRUMENTATION_STATUS: test=clearPointerPhaseFinishesCleanupAfterPointerCommitCrash
INSTRUMENTATION_STATUS: class=io.github.mesteriis.rune.keyboard.intelligence.runtime.ModelActivationCoordinatorInstrumentedTest
INSTRUMENTATION_STATUS: current=81
INSTRUMENTATION_STATUS_CODE: 1
INSTRUMENTATION_STATUS: numtests=152
INSTRUMENTATION_STATUS: stream=.
INSTRUMENTATION_STATUS: id=AndroidJUnitRunner
INSTRUMENTATION_STATUS: test=clearPointerPhaseFinishesCleanupAfterPointerCommitCrash
INSTRUMENTATION_STATUS: class=io.github.mesteriis.rune.keyboard.intelligence.runtime.ModelActivationCoordinatorInstrumentedTest
INSTRUMENTATION_STATUS: current=81
INSTRUMENTATION_STATUS_CODE: 0
INSTRUMENTATION_STATUS: numtests=152
INSTRUMENTATION_STATUS: stream=
io.github.mesteriis.rune.keyboard.intelligence.ui.ModelSettingsActivityInstrumentedTest:
INSTRUMENTATION_STATUS: id=AndroidJUnitRunner
INSTRUMENTATION_STATUS: test=opensWithoutModelAndSurvivesRotation
INSTRUMENTATION_STATUS: class=io.github.mesteriis.rune.keyboard.intelligence.ui.ModelSettingsActivityInstrumentedTest
INSTRUMENTATION_STATUS: current=82
INSTRUMENTATION_STATUS_CODE: 1
INSTRUMENTATION_STATUS: numtests=152
INSTRUMENTATION_STATUS: stream=.
INSTRUMENTATION_STATUS: id=AndroidJUnitRunner
INSTRUMENTATION_STATUS: test=opensWithoutModelAndSurvivesRotation
INSTRUMENTATION_STATUS: class=io.github.mesteriis.rune.keyboard.intelligence.ui.ModelSettingsActivityInstrumentedTest
INSTRUMENTATION_STATUS: current=82
INSTRUMENTATION_STATUS_CODE: 0
INSTRUMENTATION_STATUS: numtests=152
INSTRUMENTATION_STATUS: stream=
io.github.mesteriis.rune.keyboard.qa.ContextualPunctuationEditorInstrumentedTest:
INSTRUMENTATION_STATUS: id=AndroidJUnitRunner
INSTRUMENTATION_STATUS: test=remoteCursorMovementInvalidatesPendingReplyAndHeldPunctuationSelection
INSTRUMENTATION_STATUS: class=io.github.mesteriis.rune.keyboard.qa.ContextualPunctuationEditorInstrumentedTest
INSTRUMENTATION_STATUS: current=83
INSTRUMENTATION_STATUS_CODE: 1
INSTRUMENTATION_STATUS: numtests=152
INSTRUMENTATION_STATUS: stream=.
INSTRUMENTATION_STATUS: id=AndroidJUnitRunner
INSTRUMENTATION_STATUS: test=remoteCursorMovementInvalidatesPendingReplyAndHeldPunctuationSelection
INSTRUMENTATION_STATUS: class=io.github.mesteriis.rune.keyboard.qa.ContextualPunctuationEditorInstrumentedTest
INSTRUMENTATION_STATUS: current=83
INSTRUMENTATION_STATUS_CODE: 0
INSTRUMENTATION_STATUS: numtests=152
INSTRUMENTATION_STATUS: stream=
INSTRUMENTATION_STATUS: id=AndroidJUnitRunner
INSTRUMENTATION_STATUS: test=explicitSelectionChangesOnlyOwnedBoundaryAndOptionalFirstLetterAcrossBinder
INSTRUMENTATION_STATUS: class=io.github.mesteriis.rune.keyboard.qa.ContextualPunctuationEditorInstrumentedTest
INSTRUMENTATION_STATUS: current=84
INSTRUMENTATION_STATUS_CODE: 1
INSTRUMENTATION_STATUS: numtests=152
INSTRUMENTATION_STATUS: stream=.
INSTRUMENTATION_STATUS: id=AndroidJUnitRunner
INSTRUMENTATION_STATUS: test=explicitSelectionChangesOnlyOwnedBoundaryAndOptionalFirstLetterAcrossBinder
INSTRUMENTATION_STATUS: class=io.github.mesteriis.rune.keyboard.qa.ContextualPunctuationEditorInstrumentedTest
INSTRUMENTATION_STATUS: current=84
INSTRUMENTATION_STATUS_CODE: 0
INSTRUMENTATION_STATUS: numtests=152
INSTRUMENTATION_STATUS: stream=
INSTRUMENTATION_STATUS: id=AndroidJUnitRunner
INSTRUMENTATION_STATUS: test=obsoleteReplyAndCandidateCannotReplaceNewWordOrConsumeItsCurrentRequest
INSTRUMENTATION_STATUS: class=io.github.mesteriis.rune.keyboard.qa.ContextualPunctuationEditorInstrumentedTest
INSTRUMENTATION_STATUS: current=85
INSTRUMENTATION_STATUS_CODE: 1
INSTRUMENTATION_STATUS: numtests=152
INSTRUMENTATION_STATUS: stream=.
INSTRUMENTATION_STATUS: id=AndroidJUnitRunner
INSTRUMENTATION_STATUS: test=obsoleteReplyAndCandidateCannotReplaceNewWordOrConsumeItsCurrentRequest
INSTRUMENTATION_STATUS: class=io.github.mesteriis.rune.keyboard.qa.ContextualPunctuationEditorInstrumentedTest
INSTRUMENTATION_STATUS: current=85
INSTRUMENTATION_STATUS_CODE: 0
INSTRUMENTATION_STATUS: numtests=152
INSTRUMENTATION_STATUS: stream=
io.github.mesteriis.rune.keyboard.qa.EditorActionInstrumentedTest:
INSTRUMENTATION_STATUS: id=AndroidJUnitRunner
INSTRUMENTATION_STATUS: test=multilineEnterCommitsANewlineInsteadOfSending
INSTRUMENTATION_STATUS: class=io.github.mesteriis.rune.keyboard.qa.EditorActionInstrumentedTest
INSTRUMENTATION_STATUS: current=86
INSTRUMENTATION_STATUS_CODE: 1
INSTRUMENTATION_STATUS: numtests=152
INSTRUMENTATION_STATUS: stream=.
INSTRUMENTATION_STATUS: id=AndroidJUnitRunner
INSTRUMENTATION_STATUS: test=multilineEnterCommitsANewlineInsteadOfSending
INSTRUMENTATION_STATUS: class=io.github.mesteriis.rune.keyboard.qa.EditorActionInstrumentedTest
INSTRUMENTATION_STATUS: current=86
INSTRUMENTATION_STATUS_CODE: 0
INSTRUMENTATION_STATUS: numtests=152
INSTRUMENTATION_STATUS: stream=
INSTRUMENTATION_STATUS: id=AndroidJUnitRunner
INSTRUMENTATION_STATUS: test=standardAndCustomEditorActionsReachTheRemoteEditor
INSTRUMENTATION_STATUS: class=io.github.mesteriis.rune.keyboard.qa.EditorActionInstrumentedTest
INSTRUMENTATION_STATUS: current=87
INSTRUMENTATION_STATUS_CODE: 1
INSTRUMENTATION_STATUS: numtests=152
INSTRUMENTATION_STATUS: stream=.
INSTRUMENTATION_STATUS: id=AndroidJUnitRunner
INSTRUMENTATION_STATUS: test=standardAndCustomEditorActionsReachTheRemoteEditor
INSTRUMENTATION_STATUS: class=io.github.mesteriis.rune.keyboard.qa.EditorActionInstrumentedTest
INSTRUMENTATION_STATUS: current=87
INSTRUMENTATION_STATUS_CODE: 0
INSTRUMENTATION_STATUS: numtests=152
INSTRUMENTATION_STATUS: stream=
io.github.mesteriis.rune.keyboard.qa.EditorBoundaryInstrumentedTest:
INSTRUMENTATION_STATUS: id=AndroidJUnitRunner
INSTRUMENTATION_STATUS: test=cyrillicSurrogateAndComplexGraphemesAreAtomic
INSTRUMENTATION_STATUS: class=io.github.mesteriis.rune.keyboard.qa.EditorBoundaryInstrumentedTest
INSTRUMENTATION_STATUS: current=88
INSTRUMENTATION_STATUS_CODE: 1
INSTRUMENTATION_STATUS: numtests=152
INSTRUMENTATION_STATUS: stream=.
INSTRUMENTATION_STATUS: id=AndroidJUnitRunner
INSTRUMENTATION_STATUS: test=cyrillicSurrogateAndComplexGraphemesAreAtomic
INSTRUMENTATION_STATUS: class=io.github.mesteriis.rune.keyboard.qa.EditorBoundaryInstrumentedTest
INSTRUMENTATION_STATUS: current=88
INSTRUMENTATION_STATUS_CODE: 0
INSTRUMENTATION_STATUS: numtests=152
INSTRUMENTATION_STATUS: stream=
INSTRUMENTATION_STATUS: id=AndroidJUnitRunner
INSTRUMENTATION_STATUS: test=injectedDownAndUpCommitExactlyOneKey
INSTRUMENTATION_STATUS: class=io.github.mesteriis.rune.keyboard.qa.EditorBoundaryInstrumentedTest
INSTRUMENTATION_STATUS: current=89
INSTRUMENTATION_STATUS_CODE: 1
INSTRUMENTATION_STATUS: numtests=152
INSTRUMENTATION_STATUS: stream=.
INSTRUMENTATION_STATUS: id=AndroidJUnitRunner
INSTRUMENTATION_STATUS: test=injectedDownAndUpCommitExactlyOneKey
INSTRUMENTATION_STATUS: class=io.github.mesteriis.rune.keyboard.qa.EditorBoundaryInstrumentedTest
INSTRUMENTATION_STATUS: current=89
INSTRUMENTATION_STATUS_CODE: 0
INSTRUMENTATION_STATUS: numtests=152
INSTRUMENTATION_STATUS: stream=
INSTRUMENTATION_STATUS: id=AndroidJUnitRunner
INSTRUMENTATION_STATUS: test=commitReplaceDeleteAndCursorBoundariesCrossBinder
INSTRUMENTATION_STATUS: class=io.github.mesteriis.rune.keyboard.qa.EditorBoundaryInstrumentedTest
INSTRUMENTATION_STATUS: current=90
INSTRUMENTATION_STATUS_CODE: 1
INSTRUMENTATION_STATUS: numtests=152
INSTRUMENTATION_STATUS: stream=.
INSTRUMENTATION_STATUS: id=AndroidJUnitRunner
INSTRUMENTATION_STATUS: test=commitReplaceDeleteAndCursorBoundariesCrossBinder
INSTRUMENTATION_STATUS: class=io.github.mesteriis.rune.keyboard.qa.EditorBoundaryInstrumentedTest
INSTRUMENTATION_STATUS: current=90
INSTRUMENTATION_STATUS_CODE: 0
INSTRUMENTATION_STATUS: numtests=152
INSTRUMENTATION_STATUS: stream=
INSTRUMENTATION_STATUS: id=AndroidJUnitRunner
INSTRUMENTATION_STATUS: test=editorFieldTypesExposeTheirRequiredLayouts
INSTRUMENTATION_STATUS: class=io.github.mesteriis.rune.keyboard.qa.EditorBoundaryInstrumentedTest
INSTRUMENTATION_STATUS: current=91
INSTRUMENTATION_STATUS_CODE: 1
INSTRUMENTATION_STATUS: numtests=152
INSTRUMENTATION_STATUS: stream=.
INSTRUMENTATION_STATUS: id=AndroidJUnitRunner
INSTRUMENTATION_STATUS: test=editorFieldTypesExposeTheirRequiredLayouts
INSTRUMENTATION_STATUS: class=io.github.mesteriis.rune.keyboard.qa.EditorBoundaryInstrumentedTest
INSTRUMENTATION_STATUS: current=91
INSTRUMENTATION_STATUS_CODE: 0
INSTRUMENTATION_STATUS: numtests=152
INSTRUMENTATION_STATUS: stream=
io.github.mesteriis.rune.keyboard.qa.EditorFocusNavigationInstrumentedTest:
INSTRUMENTATION_STATUS: id=AndroidJUnitRunner
INSTRUMENTATION_STATUS: test=alreadyFocusedEditorRestoresKeyboardAfterExplicitHide
INSTRUMENTATION_STATUS: class=io.github.mesteriis.rune.keyboard.qa.EditorFocusNavigationInstrumentedTest
INSTRUMENTATION_STATUS: current=92
INSTRUMENTATION_STATUS_CODE: 1
INSTRUMENTATION_STATUS: numtests=152
INSTRUMENTATION_STATUS: stream=.
INSTRUMENTATION_STATUS: id=AndroidJUnitRunner
INSTRUMENTATION_STATUS: test=alreadyFocusedEditorRestoresKeyboardAfterExplicitHide
INSTRUMENTATION_STATUS: class=io.github.mesteriis.rune.keyboard.qa.EditorFocusNavigationInstrumentedTest
INSTRUMENTATION_STATUS: current=92
INSTRUMENTATION_STATUS_CODE: 0
INSTRUMENTATION_STATUS: numtests=152
INSTRUMENTATION_STATUS: stream=
INSTRUMENTATION_STATUS: id=AndroidJUnitRunner
INSTRUMENTATION_STATUS: test=offscreenCustomEditorReceivesOneFocusTapAndItsAction
INSTRUMENTATION_STATUS: class=io.github.mesteriis.rune.keyboard.qa.EditorFocusNavigationInstrumentedTest
INSTRUMENTATION_STATUS: current=93
INSTRUMENTATION_STATUS_CODE: 1
INSTRUMENTATION_STATUS: numtests=152
INSTRUMENTATION_STATUS: stream=.
INSTRUMENTATION_STATUS: id=AndroidJUnitRunner
INSTRUMENTATION_STATUS: test=offscreenCustomEditorReceivesOneFocusTapAndItsAction
INSTRUMENTATION_STATUS: class=io.github.mesteriis.rune.keyboard.qa.EditorFocusNavigationInstrumentedTest
INSTRUMENTATION_STATUS: current=93
INSTRUMENTATION_STATUS_CODE: 0
INSTRUMENTATION_STATUS: numtests=152
INSTRUMENTATION_STATUS: stream=
io.github.mesteriis.rune.keyboard.qa.ImeLifecycleInstrumentedTest:
INSTRUMENTATION_STATUS: id=AndroidJUnitRunner
INSTRUMENTATION_STATUS: test=backspaceRepeatStopsAfterCancel
INSTRUMENTATION_STATUS: class=io.github.mesteriis.rune.keyboard.qa.ImeLifecycleInstrumentedTest
INSTRUMENTATION_STATUS: current=94
INSTRUMENTATION_STATUS_CODE: 1
INSTRUMENTATION_STATUS: numtests=152
INSTRUMENTATION_STATUS: stream=.
INSTRUMENTATION_STATUS: id=AndroidJUnitRunner
INSTRUMENTATION_STATUS: test=backspaceRepeatStopsAfterCancel
INSTRUMENTATION_STATUS: class=io.github.mesteriis.rune.keyboard.qa.ImeLifecycleInstrumentedTest
INSTRUMENTATION_STATUS: current=94
INSTRUMENTATION_STATUS_CODE: 0
INSTRUMENTATION_STATUS: numtests=152
INSTRUMENTATION_STATUS: stream=
INSTRUMENTATION_STATUS: id=AndroidJUnitRunner
INSTRUMENTATION_STATUS: test=settingsChangeAppliesToTheNextImeView
INSTRUMENTATION_STATUS: class=io.github.mesteriis.rune.keyboard.qa.ImeLifecycleInstrumentedTest
INSTRUMENTATION_STATUS: current=95
INSTRUMENTATION_STATUS_CODE: 1
INSTRUMENTATION_STATUS: numtests=152
INSTRUMENTATION_STATUS: stream=.
INSTRUMENTATION_STATUS: id=AndroidJUnitRunner
INSTRUMENTATION_STATUS: test=settingsChangeAppliesToTheNextImeView
INSTRUMENTATION_STATUS: class=io.github.mesteriis.rune.keyboard.qa.ImeLifecycleInstrumentedTest
INSTRUMENTATION_STATUS: current=95
INSTRUMENTATION_STATUS_CODE: 0
INSTRUMENTATION_STATUS: numtests=152
INSTRUMENTATION_STATUS: stream=
INSTRUMENTATION_STATUS: id=AndroidJUnitRunner
INSTRUMENTATION_STATUS: test=focusLossCancelsAnArmedCharacterGesture
INSTRUMENTATION_STATUS: class=io.github.mesteriis.rune.keyboard.qa.ImeLifecycleInstrumentedTest
INSTRUMENTATION_STATUS: current=96
INSTRUMENTATION_STATUS_CODE: 1
INSTRUMENTATION_STATUS: numtests=152
INSTRUMENTATION_STATUS: stream=.
INSTRUMENTATION_STATUS: id=AndroidJUnitRunner
INSTRUMENTATION_STATUS: test=focusLossCancelsAnArmedCharacterGesture
INSTRUMENTATION_STATUS: class=io.github.mesteriis.rune.keyboard.qa.ImeLifecycleInstrumentedTest
INSTRUMENTATION_STATUS: current=96
INSTRUMENTATION_STATUS_CODE: 0
INSTRUMENTATION_STATUS: numtests=152
INSTRUMENTATION_STATUS: stream=
INSTRUMENTATION_STATUS: id=AndroidJUnitRunner
INSTRUMENTATION_STATUS: test=backspaceRepeatStopsWhenImeViewDetaches
INSTRUMENTATION_STATUS: class=io.github.mesteriis.rune.keyboard.qa.ImeLifecycleInstrumentedTest
INSTRUMENTATION_STATUS: current=97
INSTRUMENTATION_STATUS_CODE: 1
INSTRUMENTATION_STATUS: numtests=152
INSTRUMENTATION_STATUS: stream=.
INSTRUMENTATION_STATUS: id=AndroidJUnitRunner
INSTRUMENTATION_STATUS: test=backspaceRepeatStopsWhenImeViewDetaches
INSTRUMENTATION_STATUS: class=io.github.mesteriis.rune.keyboard.qa.ImeLifecycleInstrumentedTest
INSTRUMENTATION_STATUS: current=97
INSTRUMENTATION_STATUS_CODE: 0
INSTRUMENTATION_STATUS: numtests=152
INSTRUMENTATION_STATUS: stream=
io.github.mesteriis.rune.keyboard.qa.ImePrivacyInstrumentedTest:
INSTRUMENTATION_STATUS: id=AndroidJUnitRunner
INSTRUMENTATION_STATUS: test=passwordFieldSuppressesPopupWithNormalFieldPositiveControl
INSTRUMENTATION_STATUS: class=io.github.mesteriis.rune.keyboard.qa.ImePrivacyInstrumentedTest
INSTRUMENTATION_STATUS: current=98
INSTRUMENTATION_STATUS_CODE: 1
INSTRUMENTATION_STATUS: preview_max_changed_pixels=4662
INSTRUMENTATION_STATUS: preview_samples=15
INSTRUMENTATION_STATUS: preview_observed_ms=1003
INSTRUMENTATION_STATUS: preview_phase=0
INSTRUMENTATION_STATUS: preview_first_visible_sample_ms=88
INSTRUMENTATION_STATUS_CODE: 0
INSTRUMENTATION_STATUS: numtests=152
INSTRUMENTATION_STATUS: stream=
Error in passwordFieldSuppressesPopupWithNormalFieldPositiveControl(io.github.mesteriis.rune.keyboard.qa.ImePrivacyInstrumentedTest):
java.lang.IllegalStateException: Character key not found
	at io.github.mesteriis.rune.keyboard.qa.ImeTestDriver.characterKey(ImeTestDriver.kt:351)
	at io.github.mesteriis.rune.keyboard.qa.ImePrivacyInstrumentedTest.observePreview(ImePrivacyInstrumentedTest.kt:32)
	at io.github.mesteriis.rune.keyboard.qa.ImePrivacyInstrumentedTest.passwordFieldSuppressesPopupWithNormalFieldPositiveControl(ImePrivacyInstrumentedTest.kt:23)

INSTRUMENTATION_STATUS: id=AndroidJUnitRunner
INSTRUMENTATION_STATUS: test=passwordFieldSuppressesPopupWithNormalFieldPositiveControl
INSTRUMENTATION_STATUS: class=io.github.mesteriis.rune.keyboard.qa.ImePrivacyInstrumentedTest
INSTRUMENTATION_STATUS: stack=java.lang.IllegalStateException: Character key not found
	at io.github.mesteriis.rune.keyboard.qa.ImeTestDriver.characterKey(ImeTestDriver.kt:351)
	at io.github.mesteriis.rune.keyboard.qa.ImePrivacyInstrumentedTest.observePreview(ImePrivacyInstrumentedTest.kt:32)
	at io.github.mesteriis.rune.keyboard.qa.ImePrivacyInstrumentedTest.passwordFieldSuppressesPopupWithNormalFieldPositiveControl(ImePrivacyInstrumentedTest.kt:23)

INSTRUMENTATION_STATUS: current=98
INSTRUMENTATION_STATUS_CODE: -2
INSTRUMENTATION_STATUS: numtests=152
INSTRUMENTATION_STATUS: stream=
INSTRUMENTATION_STATUS: id=AndroidJUnitRunner
INSTRUMENTATION_STATUS: test=syntheticCanaryIsAbsentFromRuneProcessLogcat
INSTRUMENTATION_STATUS: class=io.github.mesteriis.rune.keyboard.qa.ImePrivacyInstrumentedTest
INSTRUMENTATION_STATUS: current=99
INSTRUMENTATION_STATUS_CODE: 1
INSTRUMENTATION_STATUS: numtests=152
INSTRUMENTATION_STATUS: stream=.
INSTRUMENTATION_STATUS: id=AndroidJUnitRunner
INSTRUMENTATION_STATUS: test=syntheticCanaryIsAbsentFromRuneProcessLogcat
INSTRUMENTATION_STATUS: class=io.github.mesteriis.rune.keyboard.qa.ImePrivacyInstrumentedTest
INSTRUMENTATION_STATUS: current=99
INSTRUMENTATION_STATUS_CODE: 0
INSTRUMENTATION_STATUS: numtests=152
INSTRUMENTATION_STATUS: stream=
io.github.mesteriis.rune.keyboard.qa.LiveCandidatesInstrumentedTest:
INSTRUMENTATION_STATUS: id=AndroidJUnitRunner
INSTRUMENTATION_STATUS: test=canonicalCaseAutoReplacesOnBoundaryAndBackspaceRestoresOriginal
INSTRUMENTATION_STATUS: class=io.github.mesteriis.rune.keyboard.qa.LiveCandidatesInstrumentedTest
INSTRUMENTATION_STATUS: current=100
INSTRUMENTATION_STATUS_CODE: 1
INSTRUMENTATION_STATUS: numtests=152
INSTRUMENTATION_STATUS: stream=.
INSTRUMENTATION_STATUS: id=AndroidJUnitRunner
INSTRUMENTATION_STATUS: test=canonicalCaseAutoReplacesOnBoundaryAndBackspaceRestoresOriginal
INSTRUMENTATION_STATUS: class=io.github.mesteriis.rune.keyboard.qa.LiveCandidatesInstrumentedTest
INSTRUMENTATION_STATUS: current=100
INSTRUMENTATION_STATUS_CODE: 0
INSTRUMENTATION_STATUS: numtests=152
INSTRUMENTATION_STATUS: stream=
INSTRUMENTATION_STATUS: id=AndroidJUnitRunner
INSTRUMENTATION_STATUS: test=boundaryKeepsTypedOriginalAndDropsPreviousSuggestions
INSTRUMENTATION_STATUS: class=io.github.mesteriis.rune.keyboard.qa.LiveCandidatesInstrumentedTest
INSTRUMENTATION_STATUS: current=101
INSTRUMENTATION_STATUS_CODE: 1
INSTRUMENTATION_STATUS: numtests=152
INSTRUMENTATION_STATUS: stream=.
INSTRUMENTATION_STATUS: id=AndroidJUnitRunner
INSTRUMENTATION_STATUS: test=boundaryKeepsTypedOriginalAndDropsPreviousSuggestions
INSTRUMENTATION_STATUS: class=io.github.mesteriis.rune.keyboard.qa.LiveCandidatesInstrumentedTest
INSTRUMENTATION_STATUS: current=101
INSTRUMENTATION_STATUS_CODE: 0
INSTRUMENTATION_STATUS: numtests=152
INSTRUMENTATION_STATUS: stream=
INSTRUMENTATION_STATUS: id=AndroidJUnitRunner
INSTRUMENTATION_STATUS: test=correctionAndOriginalTapsReplaceOnlyOwnedWordWithNoReadback
INSTRUMENTATION_STATUS: class=io.github.mesteriis.rune.keyboard.qa.LiveCandidatesInstrumentedTest
INSTRUMENTATION_STATUS: current=102
INSTRUMENTATION_STATUS_CODE: 1
INSTRUMENTATION_STATUS: numtests=152
INSTRUMENTATION_STATUS: stream=.
INSTRUMENTATION_STATUS: id=AndroidJUnitRunner
INSTRUMENTATION_STATUS: test=correctionAndOriginalTapsReplaceOnlyOwnedWordWithNoReadback
INSTRUMENTATION_STATUS: class=io.github.mesteriis.rune.keyboard.qa.LiveCandidatesInstrumentedTest
INSTRUMENTATION_STATUS: current=102
INSTRUMENTATION_STATUS_CODE: 0
INSTRUMENTATION_STATUS: numtests=152
INSTRUMENTATION_STATUS: stream=
INSTRUMENTATION_STATUS: id=AndroidJUnitRunner
INSTRUMENTATION_STATUS: test=sensitiveEditorTransitionClearsLoadedSuggestionsAndPreservesPlainTyping
INSTRUMENTATION_STATUS: class=io.github.mesteriis.rune.keyboard.qa.LiveCandidatesInstrumentedTest
INSTRUMENTATION_STATUS: current=103
INSTRUMENTATION_STATUS_CODE: 1
INSTRUMENTATION_STATUS: numtests=152
INSTRUMENTATION_STATUS: stream=.
INSTRUMENTATION_STATUS: id=AndroidJUnitRunner
INSTRUMENTATION_STATUS: test=sensitiveEditorTransitionClearsLoadedSuggestionsAndPreservesPlainTyping
INSTRUMENTATION_STATUS: class=io.github.mesteriis.rune.keyboard.qa.LiveCandidatesInstrumentedTest
INSTRUMENTATION_STATUS: current=103
INSTRUMENTATION_STATUS_CODE: 0
INSTRUMENTATION_STATUS: numtests=152
INSTRUMENTATION_STATUS: stream=
io.github.mesteriis.rune.keyboard.qa.LiveFakeModelBinderInstrumentedTest:
INSTRUMENTATION_STATUS: id=AndroidJUnitRunner
INSTRUMENTATION_STATUS: test=originalControlThenModelCorrectionOnSpaceAndOwnedUndo
INSTRUMENTATION_STATUS: class=io.github.mesteriis.rune.keyboard.qa.LiveFakeModelBinderInstrumentedTest
INSTRUMENTATION_STATUS: current=104
INSTRUMENTATION_STATUS_CODE: 1
INSTRUMENTATION_STATUS: numtests=152
INSTRUMENTATION_STATUS: stream=.
INSTRUMENTATION_STATUS: id=AndroidJUnitRunner
INSTRUMENTATION_STATUS: test=originalControlThenModelCorrectionOnSpaceAndOwnedUndo
INSTRUMENTATION_STATUS: class=io.github.mesteriis.rune.keyboard.qa.LiveFakeModelBinderInstrumentedTest
INSTRUMENTATION_STATUS: current=104
INSTRUMENTATION_STATUS_CODE: 0
INSTRUMENTATION_STATUS: numtests=152
INSTRUMENTATION_STATUS: stream=
INSTRUMENTATION_STATUS: id=AndroidJUnitRunner
INSTRUMENTATION_STATUS: test=blockedReplyAfterRealOriginalTapCannotReviveCorrection
INSTRUMENTATION_STATUS: class=io.github.mesteriis.rune.keyboard.qa.LiveFakeModelBinderInstrumentedTest
INSTRUMENTATION_STATUS: current=105
INSTRUMENTATION_STATUS_CODE: 1
INSTRUMENTATION_STATUS: numtests=152
INSTRUMENTATION_STATUS: stream=.
INSTRUMENTATION_STATUS: id=AndroidJUnitRunner
INSTRUMENTATION_STATUS: test=blockedReplyAfterRealOriginalTapCannotReviveCorrection
INSTRUMENTATION_STATUS: class=io.github.mesteriis.rune.keyboard.qa.LiveFakeModelBinderInstrumentedTest
INSTRUMENTATION_STATUS: current=105
INSTRUMENTATION_STATUS_CODE: 0
INSTRUMENTATION_STATUS: numtests=152
INSTRUMENTATION_STATUS: stream=
INSTRUMENTATION_STATUS: id=AndroidJUnitRunner
INSTRUMENTATION_STATUS: test=remoteProcessDeathPreservesEditorAndRetryDoesNotReplay
INSTRUMENTATION_STATUS: class=io.github.mesteriis.rune.keyboard.qa.LiveFakeModelBinderInstrumentedTest
INSTRUMENTATION_STATUS: current=106
INSTRUMENTATION_STATUS_CODE: 1
INSTRUMENTATION_STATUS: numtests=152
INSTRUMENTATION_STATUS: stream=.
INSTRUMENTATION_STATUS: id=AndroidJUnitRunner
INSTRUMENTATION_STATUS: test=remoteProcessDeathPreservesEditorAndRetryDoesNotReplay
INSTRUMENTATION_STATUS: class=io.github.mesteriis.rune.keyboard.qa.LiveFakeModelBinderInstrumentedTest
INSTRUMENTATION_STATUS: current=106
INSTRUMENTATION_STATUS_CODE: 0
INSTRUMENTATION_STATUS: numtests=152
INSTRUMENTATION_STATUS: stream=
io.github.mesteriis.rune.keyboard.qa.MechanicalProtectedFormsInstrumentedTest:
INSTRUMENTATION_STATUS: id=AndroidJUnitRunner
INSTRUMENTATION_STATUS: test=urlEmailAndTimeKeepPunctuationAndOrdinaryDeleteAcrossBinder
INSTRUMENTATION_STATUS: class=io.github.mesteriis.rune.keyboard.qa.MechanicalProtectedFormsInstrumentedTest
INSTRUMENTATION_STATUS: current=107
INSTRUMENTATION_STATUS_CODE: 1
INSTRUMENTATION_STATUS: numtests=152
INSTRUMENTATION_STATUS: stream=.
INSTRUMENTATION_STATUS: id=AndroidJUnitRunner
INSTRUMENTATION_STATUS: test=urlEmailAndTimeKeepPunctuationAndOrdinaryDeleteAcrossBinder
INSTRUMENTATION_STATUS: class=io.github.mesteriis.rune.keyboard.qa.MechanicalProtectedFormsInstrumentedTest
INSTRUMENTATION_STATUS: current=107
INSTRUMENTATION_STATUS_CODE: 0
INSTRUMENTATION_STATUS: numtests=152
INSTRUMENTATION_STATUS: stream=
io.github.mesteriis.rune.keyboard.qa.MechanicalPunctuationInstrumentedTest:
INSTRUMENTATION_STATUS: id=AndroidJUnitRunner
INSTRUMENTATION_STATUS: test=pairOfDotsWaitsForWhitespaceAndNewWordThenUndoesCapsTogether
INSTRUMENTATION_STATUS: class=io.github.mesteriis.rune.keyboard.qa.MechanicalPunctuationInstrumentedTest
INSTRUMENTATION_STATUS: current=108
INSTRUMENTATION_STATUS_CODE: 1
INSTRUMENTATION_STATUS: numtests=152
INSTRUMENTATION_STATUS: stream=.
INSTRUMENTATION_STATUS: id=AndroidJUnitRunner
INSTRUMENTATION_STATUS: test=pairOfDotsWaitsForWhitespaceAndNewWordThenUndoesCapsTogether
INSTRUMENTATION_STATUS: class=io.github.mesteriis.rune.keyboard.qa.MechanicalPunctuationInstrumentedTest
INSTRUMENTATION_STATUS: current=108
INSTRUMENTATION_STATUS_CODE: 0
INSTRUMENTATION_STATUS: numtests=152
INSTRUMENTATION_STATUS: stream=
INSTRUMENTATION_STATUS: id=AndroidJUnitRunner
INSTRUMENTATION_STATUS: test=decimalVersionAndHostnameKeepOwnedBoundariesWithoutLayerChanges
INSTRUMENTATION_STATUS: class=io.github.mesteriis.rune.keyboard.qa.MechanicalPunctuationInstrumentedTest
INSTRUMENTATION_STATUS: current=109
INSTRUMENTATION_STATUS_CODE: 1
INSTRUMENTATION_STATUS: numtests=152
INSTRUMENTATION_STATUS: stream=.
INSTRUMENTATION_STATUS: id=AndroidJUnitRunner
INSTRUMENTATION_STATUS: test=decimalVersionAndHostnameKeepOwnedBoundariesWithoutLayerChanges
INSTRUMENTATION_STATUS: class=io.github.mesteriis.rune.keyboard.qa.MechanicalPunctuationInstrumentedTest
INSTRUMENTATION_STATUS: current=109
INSTRUMENTATION_STATUS_CODE: 0
INSTRUMENTATION_STATUS: numtests=152
INSTRUMENTATION_STATUS: stream=
INSTRUMENTATION_STATUS: id=AndroidJUnitRunner
INSTRUMENTATION_STATUS: test=cachedMechanicalTogglePreservesHeldKeyInstancesAndNextInputUndo
INSTRUMENTATION_STATUS: class=io.github.mesteriis.rune.keyboard.qa.MechanicalPunctuationInstrumentedTest
INSTRUMENTATION_STATUS: current=110
INSTRUMENTATION_STATUS_CODE: 1
INSTRUMENTATION_STATUS: numtests=152
INSTRUMENTATION_STATUS: stream=.
INSTRUMENTATION_STATUS: id=AndroidJUnitRunner
INSTRUMENTATION_STATUS: test=cachedMechanicalTogglePreservesHeldKeyInstancesAndNextInputUndo
INSTRUMENTATION_STATUS: class=io.github.mesteriis.rune.keyboard.qa.MechanicalPunctuationInstrumentedTest
INSTRUMENTATION_STATUS: current=110
INSTRUMENTATION_STATUS_CODE: 0
INSTRUMENTATION_STATUS: numtests=152
INSTRUMENTATION_STATUS: stream=
INSTRUMENTATION_STATUS: id=AndroidJUnitRunner
INSTRUMENTATION_STATUS: test=commaPopupPunctuationCapsAndImmediateUndoNeverReplayOldWord
INSTRUMENTATION_STATUS: class=io.github.mesteriis.rune.keyboard.qa.MechanicalPunctuationInstrumentedTest
INSTRUMENTATION_STATUS: current=111
INSTRUMENTATION_STATUS_CODE: 1
INSTRUMENTATION_STATUS: numtests=152
INSTRUMENTATION_STATUS: stream=.
INSTRUMENTATION_STATUS: id=AndroidJUnitRunner
INSTRUMENTATION_STATUS: test=commaPopupPunctuationCapsAndImmediateUndoNeverReplayOldWord
INSTRUMENTATION_STATUS: class=io.github.mesteriis.rune.keyboard.qa.MechanicalPunctuationInstrumentedTest
INSTRUMENTATION_STATUS: current=111
INSTRUMENTATION_STATUS_CODE: 0
INSTRUMENTATION_STATUS: numtests=152
INSTRUMENTATION_STATUS: stream=
INSTRUMENTATION_STATUS: id=AndroidJUnitRunner
INSTRUMENTATION_STATUS: test=commandDotKeepsItsSeparatorAcrossBoundaryAndOrdinaryBackspace
INSTRUMENTATION_STATUS: class=io.github.mesteriis.rune.keyboard.qa.MechanicalPunctuationInstrumentedTest
INSTRUMENTATION_STATUS: current=112
INSTRUMENTATION_STATUS_CODE: 1
INSTRUMENTATION_STATUS: numtests=152
INSTRUMENTATION_STATUS: stream=.
INSTRUMENTATION_STATUS: id=AndroidJUnitRunner
INSTRUMENTATION_STATUS: test=commandDotKeepsItsSeparatorAcrossBoundaryAndOrdinaryBackspace
INSTRUMENTATION_STATUS: class=io.github.mesteriis.rune.keyboard.qa.MechanicalPunctuationInstrumentedTest
INSTRUMENTATION_STATUS: current=112
INSTRUMENTATION_STATUS_CODE: 0
INSTRUMENTATION_STATUS: numtests=152
INSTRUMENTATION_STATUS: stream=
io.github.mesteriis.rune.keyboard.qa.NonNormalEditorInstrumentedTest:
INSTRUMENTATION_STATUS: id=AndroidJUnitRunner
INSTRUMENTATION_STATUS: test=urlKeepsOriginalWithoutSmartTypingOrReads
INSTRUMENTATION_STATUS: class=io.github.mesteriis.rune.keyboard.qa.NonNormalEditorInstrumentedTest
INSTRUMENTATION_STATUS: current=113
INSTRUMENTATION_STATUS_CODE: 1
INSTRUMENTATION_STATUS: numtests=152
INSTRUMENTATION_STATUS: stream=.
INSTRUMENTATION_STATUS: id=AndroidJUnitRunner
INSTRUMENTATION_STATUS: test=urlKeepsOriginalWithoutSmartTypingOrReads
INSTRUMENTATION_STATUS: class=io.github.mesteriis.rune.keyboard.qa.NonNormalEditorInstrumentedTest
INSTRUMENTATION_STATUS: current=113
INSTRUMENTATION_STATUS_CODE: 0
INSTRUMENTATION_STATUS: numtests=152
INSTRUMENTATION_STATUS: stream=
INSTRUMENTATION_STATUS: id=AndroidJUnitRunner
INSTRUMENTATION_STATUS: test=passwordKeepsOriginalWithoutSmartTypingOrReads
INSTRUMENTATION_STATUS: class=io.github.mesteriis.rune.keyboard.qa.NonNormalEditorInstrumentedTest
INSTRUMENTATION_STATUS: current=114
INSTRUMENTATION_STATUS_CODE: 1
INSTRUMENTATION_STATUS: numtests=152
INSTRUMENTATION_STATUS: stream=.
INSTRUMENTATION_STATUS: id=AndroidJUnitRunner
INSTRUMENTATION_STATUS: test=passwordKeepsOriginalWithoutSmartTypingOrReads
INSTRUMENTATION_STATUS: class=io.github.mesteriis.rune.keyboard.qa.NonNormalEditorInstrumentedTest
INSTRUMENTATION_STATUS: current=114
INSTRUMENTATION_STATUS_CODE: 0
INSTRUMENTATION_STATUS: numtests=152
INSTRUMENTATION_STATUS: stream=
INSTRUMENTATION_STATUS: id=AndroidJUnitRunner
INSTRUMENTATION_STATUS: test=phoneKeepsOriginalWithoutSmartTypingOrReads
INSTRUMENTATION_STATUS: class=io.github.mesteriis.rune.keyboard.qa.NonNormalEditorInstrumentedTest
INSTRUMENTATION_STATUS: current=115
INSTRUMENTATION_STATUS_CODE: 1
INSTRUMENTATION_STATUS: numtests=152
INSTRUMENTATION_STATUS: stream=.
INSTRUMENTATION_STATUS: id=AndroidJUnitRunner
INSTRUMENTATION_STATUS: test=phoneKeepsOriginalWithoutSmartTypingOrReads
INSTRUMENTATION_STATUS: class=io.github.mesteriis.rune.keyboard.qa.NonNormalEditorInstrumentedTest
INSTRUMENTATION_STATUS: current=115
INSTRUMENTATION_STATUS_CODE: 0
INSTRUMENTATION_STATUS: numtests=152
INSTRUMENTATION_STATUS: stream=
INSTRUMENTATION_STATUS: id=AndroidJUnitRunner
INSTRUMENTATION_STATUS: test=dateTimeKeepsOriginalWithoutSmartTypingOrReads
INSTRUMENTATION_STATUS: class=io.github.mesteriis.rune.keyboard.qa.NonNormalEditorInstrumentedTest
INSTRUMENTATION_STATUS: current=116
INSTRUMENTATION_STATUS_CODE: 1
INSTRUMENTATION_STATUS: numtests=152
INSTRUMENTATION_STATUS: stream=.
INSTRUMENTATION_STATUS: id=AndroidJUnitRunner
INSTRUMENTATION_STATUS: test=dateTimeKeepsOriginalWithoutSmartTypingOrReads
INSTRUMENTATION_STATUS: class=io.github.mesteriis.rune.keyboard.qa.NonNormalEditorInstrumentedTest
INSTRUMENTATION_STATUS: current=116
INSTRUMENTATION_STATUS_CODE: 0
INSTRUMENTATION_STATUS: numtests=152
INSTRUMENTATION_STATUS: stream=
INSTRUMENTATION_STATUS: id=AndroidJUnitRunner
INSTRUMENTATION_STATUS: test=numberKeepsOriginalWithoutSmartTypingOrReads
INSTRUMENTATION_STATUS: class=io.github.mesteriis.rune.keyboard.qa.NonNormalEditorInstrumentedTest
INSTRUMENTATION_STATUS: current=117
INSTRUMENTATION_STATUS_CODE: 1
INSTRUMENTATION_STATUS: numtests=152
INSTRUMENTATION_STATUS: stream=.
INSTRUMENTATION_STATUS: id=AndroidJUnitRunner
INSTRUMENTATION_STATUS: test=numberKeepsOriginalWithoutSmartTypingOrReads
INSTRUMENTATION_STATUS: class=io.github.mesteriis.rune.keyboard.qa.NonNormalEditorInstrumentedTest
INSTRUMENTATION_STATUS: current=117
INSTRUMENTATION_STATUS_CODE: 0
INSTRUMENTATION_STATUS: numtests=152
INSTRUMENTATION_STATUS: stream=
INSTRUMENTATION_STATUS: id=AndroidJUnitRunner
INSTRUMENTATION_STATUS: test=emailKeepsOriginalWithoutSmartTypingOrReads
INSTRUMENTATION_STATUS: class=io.github.mesteriis.rune.keyboard.qa.NonNormalEditorInstrumentedTest
INSTRUMENTATION_STATUS: current=118
INSTRUMENTATION_STATUS_CODE: 1
INSTRUMENTATION_STATUS: numtests=152
INSTRUMENTATION_STATUS: stream=.
INSTRUMENTATION_STATUS: id=AndroidJUnitRunner
INSTRUMENTATION_STATUS: test=emailKeepsOriginalWithoutSmartTypingOrReads
INSTRUMENTATION_STATUS: class=io.github.mesteriis.rune.keyboard.qa.NonNormalEditorInstrumentedTest
INSTRUMENTATION_STATUS: current=118
INSTRUMENTATION_STATUS_CODE: 0
INSTRUMENTATION_STATUS: numtests=152
INSTRUMENTATION_STATUS: stream=
INSTRUMENTATION_STATUS: id=AndroidJUnitRunner
INSTRUMENTATION_STATUS: test=noPersonalizedLearningKeepsOriginalWithoutSmartTypingOrReads
INSTRUMENTATION_STATUS: class=io.github.mesteriis.rune.keyboard.qa.NonNormalEditorInstrumentedTest
INSTRUMENTATION_STATUS: current=119
INSTRUMENTATION_STATUS_CODE: 1
INSTRUMENTATION_STATUS: numtests=152
INSTRUMENTATION_STATUS: stream=.
INSTRUMENTATION_STATUS: id=AndroidJUnitRunner
INSTRUMENTATION_STATUS: test=noPersonalizedLearningKeepsOriginalWithoutSmartTypingOrReads
INSTRUMENTATION_STATUS: class=io.github.mesteriis.rune.keyboard.qa.NonNormalEditorInstrumentedTest
INSTRUMENTATION_STATUS: current=119
INSTRUMENTATION_STATUS_CODE: 0
INSTRUMENTATION_STATUS: numtests=152
INSTRUMENTATION_STATUS: stream=
io.github.mesteriis.rune.keyboard.qa.OwnedBatchInstrumentedTest:
INSTRUMENTATION_STATUS: id=AndroidJUnitRunner
INSTRUMENTATION_STATUS: test=commitBoundaryAndRestoreOwnedRegionPreserveTextAndDoNotReadEditor
INSTRUMENTATION_STATUS: class=io.github.mesteriis.rune.keyboard.qa.OwnedBatchInstrumentedTest
INSTRUMENTATION_STATUS: current=120
INSTRUMENTATION_STATUS_CODE: 1
INSTRUMENTATION_STATUS: numtests=152
INSTRUMENTATION_STATUS: stream=.
INSTRUMENTATION_STATUS: id=AndroidJUnitRunner
INSTRUMENTATION_STATUS: test=commitBoundaryAndRestoreOwnedRegionPreserveTextAndDoNotReadEditor
INSTRUMENTATION_STATUS: class=io.github.mesteriis.rune.keyboard.qa.OwnedBatchInstrumentedTest
INSTRUMENTATION_STATUS: current=120
INSTRUMENTATION_STATUS_CODE: 0
INSTRUMENTATION_STATUS: numtests=152
INSTRUMENTATION_STATUS: stream=
io.github.mesteriis.rune.keyboard.qa.RapidTypingInstrumentedTest:
INSTRUMENTATION_STATUS: id=AndroidJUnitRunner
INSTRUMENTATION_STATUS: test=rapidTouchBurstKeepsEveryCharacterAcrossWordBoundaries
INSTRUMENTATION_STATUS: class=io.github.mesteriis.rune.keyboard.qa.RapidTypingInstrumentedTest
INSTRUMENTATION_STATUS: current=121
INSTRUMENTATION_STATUS_CODE: 1
INSTRUMENTATION_STATUS: rapid_touch_releases=75
INSTRUMENTATION_STATUS: rapid_touch_burst_ms=2013
INSTRUMENTATION_STATUS_CODE: 0
INSTRUMENTATION_STATUS: numtests=152
INSTRUMENTATION_STATUS: stream=.
INSTRUMENTATION_STATUS: id=AndroidJUnitRunner
INSTRUMENTATION_STATUS: test=rapidTouchBurstKeepsEveryCharacterAcrossWordBoundaries
INSTRUMENTATION_STATUS: class=io.github.mesteriis.rune.keyboard.qa.RapidTypingInstrumentedTest
INSTRUMENTATION_STATUS: current=121
INSTRUMENTATION_STATUS_CODE: 0
INSTRUMENTATION_STATUS: numtests=152
INSTRUMENTATION_STATUS: stream=
io.github.mesteriis.rune.keyboard.qa.RawEditorInstrumentedTest:
INSTRUMENTATION_STATUS: id=AndroidJUnitRunner
INSTRUMENTATION_STATUS: test=typeNullUsesRawKeysWithoutCompositionCorrectionsStripOrReadback
INSTRUMENTATION_STATUS: class=io.github.mesteriis.rune.keyboard.qa.RawEditorInstrumentedTest
INSTRUMENTATION_STATUS: current=122
INSTRUMENTATION_STATUS_CODE: 1
INSTRUMENTATION_STATUS: numtests=152
INSTRUMENTATION_STATUS: stream=.
INSTRUMENTATION_STATUS: id=AndroidJUnitRunner
INSTRUMENTATION_STATUS: test=typeNullUsesRawKeysWithoutCompositionCorrectionsStripOrReadback
INSTRUMENTATION_STATUS: class=io.github.mesteriis.rune.keyboard.qa.RawEditorInstrumentedTest
INSTRUMENTATION_STATUS: current=122
INSTRUMENTATION_STATUS_CODE: 0
INSTRUMENTATION_STATUS: numtests=152
INSTRUMENTATION_STATUS: stream=
io.github.mesteriis.rune.keyboard.qa.RealModelTypingInstrumentedTest:
INSTRUMENTATION_STATUS: id=AndroidJUnitRunner
INSTRUMENTATION_STATUS: test=installedModelCorrectsOnSpaceWithoutTapAndBackspaceRestoresOriginal
INSTRUMENTATION_STATUS: class=io.github.mesteriis.rune.keyboard.qa.RealModelTypingInstrumentedTest
INSTRUMENTATION_STATUS: current=123
INSTRUMENTATION_STATUS_CODE: 1
INSTRUMENTATION_STATUS: numtests=152
INSTRUMENTATION_STATUS: stream=
io.github.mesteriis.rune.keyboard.qa.RealModelTypingInstrumentedTest:
INSTRUMENTATION_STATUS: id=AndroidJUnitRunner
INSTRUMENTATION_STATUS: test=installedModelCorrectsOnSpaceWithoutTapAndBackspaceRestoresOriginal
INSTRUMENTATION_STATUS: class=io.github.mesteriis.rune.keyboard.qa.RealModelTypingInstrumentedTest
INSTRUMENTATION_STATUS: stack=org.junit.AssumptionViolatedException: Explicit installed-model typing probe only
	at org.junit.Assume.assumeTrue(Assume.java:68)
	at io.github.mesteriis.rune.keyboard.qa.RealModelTypingInstrumentedTest.installedModelCorrectsOnSpaceWithoutTapAndBackspaceRestoresOriginal(RealModelTypingInstrumentedTest.kt:17)

INSTRUMENTATION_STATUS: current=123
INSTRUMENTATION_STATUS_CODE: -4
INSTRUMENTATION_STATUS: numtests=152
INSTRUMENTATION_STATUS: stream=
io.github.mesteriis.rune.keyboard.qa.SmartTypingComposingInstrumentedTest:
INSTRUMENTATION_STATUS: id=AndroidJUnitRunner
INSTRUMENTATION_STATUS: test=droppedSpanWithExplicitCallbackContinuesAsPlainText
INSTRUMENTATION_STATUS: class=io.github.mesteriis.rune.keyboard.qa.SmartTypingComposingInstrumentedTest
INSTRUMENTATION_STATUS: current=124
INSTRUMENTATION_STATUS_CODE: 1
INSTRUMENTATION_STATUS: numtests=152
INSTRUMENTATION_STATUS: stream=.
INSTRUMENTATION_STATUS: id=AndroidJUnitRunner
INSTRUMENTATION_STATUS: test=droppedSpanWithExplicitCallbackContinuesAsPlainText
INSTRUMENTATION_STATUS: class=io.github.mesteriis.rune.keyboard.qa.SmartTypingComposingInstrumentedTest
INSTRUMENTATION_STATUS: current=124
INSTRUMENTATION_STATUS_CODE: 0
INSTRUMENTATION_STATUS: numtests=152
INSTRUMENTATION_STATUS: stream=
INSTRUMENTATION_STATUS: id=AndroidJUnitRunner
INSTRUMENTATION_STATUS: test=rejectedSpanWithExplicitCallbackContinuesAsPlainText
INSTRUMENTATION_STATUS: class=io.github.mesteriis.rune.keyboard.qa.SmartTypingComposingInstrumentedTest
INSTRUMENTATION_STATUS: current=125
INSTRUMENTATION_STATUS_CODE: 1
INSTRUMENTATION_STATUS: numtests=152
INSTRUMENTATION_STATUS: stream=.
INSTRUMENTATION_STATUS: id=AndroidJUnitRunner
INSTRUMENTATION_STATUS: test=rejectedSpanWithExplicitCallbackContinuesAsPlainText
INSTRUMENTATION_STATUS: class=io.github.mesteriis.rune.keyboard.qa.SmartTypingComposingInstrumentedTest
INSTRUMENTATION_STATUS: current=125
INSTRUMENTATION_STATUS_CODE: 0
INSTRUMENTATION_STATUS: numtests=152
INSTRUMENTATION_STATUS: stream=
INSTRUMENTATION_STATUS: id=AndroidJUnitRunner
INSTRUMENTATION_STATUS: test=changingToSensitiveEditorRemovesThePreviousOriginalFromTheStrip
INSTRUMENTATION_STATUS: class=io.github.mesteriis.rune.keyboard.qa.SmartTypingComposingInstrumentedTest
INSTRUMENTATION_STATUS: current=126
INSTRUMENTATION_STATUS_CODE: 1
INSTRUMENTATION_STATUS: numtests=152
INSTRUMENTATION_STATUS: stream=.
INSTRUMENTATION_STATUS: id=AndroidJUnitRunner
INSTRUMENTATION_STATUS: test=changingToSensitiveEditorRemovesThePreviousOriginalFromTheStrip
INSTRUMENTATION_STATUS: class=io.github.mesteriis.rune.keyboard.qa.SmartTypingComposingInstrumentedTest
INSTRUMENTATION_STATUS: current=126
INSTRUMENTATION_STATUS_CODE: 0
INSTRUMENTATION_STATUS: numtests=152
INSTRUMENTATION_STATUS: stream=
INSTRUMENTATION_STATUS: id=AndroidJUnitRunner
INSTRUMENTATION_STATUS: test=noPersonalizedLearningNeverReadsEditorTextOrSetsComposition
INSTRUMENTATION_STATUS: class=io.github.mesteriis.rune.keyboard.qa.SmartTypingComposingInstrumentedTest
INSTRUMENTATION_STATUS: current=127
INSTRUMENTATION_STATUS_CODE: 1
INSTRUMENTATION_STATUS: numtests=152
INSTRUMENTATION_STATUS: stream=.
INSTRUMENTATION_STATUS: id=AndroidJUnitRunner
INSTRUMENTATION_STATUS: test=noPersonalizedLearningNeverReadsEditorTextOrSetsComposition
INSTRUMENTATION_STATUS: class=io.github.mesteriis.rune.keyboard.qa.SmartTypingComposingInstrumentedTest
INSTRUMENTATION_STATUS: current=127
INSTRUMENTATION_STATUS_CODE: 0
INSTRUMENTATION_STATUS: numtests=152
INSTRUMENTATION_STATUS: stream=
INSTRUMENTATION_STATUS: id=AndroidJUnitRunner
INSTRUMENTATION_STATUS: test=droppedOwnedSpanWithCallbackDisablesCompositionForTheSession
INSTRUMENTATION_STATUS: class=io.github.mesteriis.rune.keyboard.qa.SmartTypingComposingInstrumentedTest
INSTRUMENTATION_STATUS: current=128
INSTRUMENTATION_STATUS_CODE: 1
INSTRUMENTATION_STATUS: numtests=152
INSTRUMENTATION_STATUS: stream=.
INSTRUMENTATION_STATUS: id=AndroidJUnitRunner
INSTRUMENTATION_STATUS: test=droppedOwnedSpanWithCallbackDisablesCompositionForTheSession
INSTRUMENTATION_STATUS: class=io.github.mesteriis.rune.keyboard.qa.SmartTypingComposingInstrumentedTest
INSTRUMENTATION_STATUS: current=128
INSTRUMENTATION_STATUS_CODE: 0
INSTRUMENTATION_STATUS: numtests=152
INSTRUMENTATION_STATUS: stream=
INSTRUMENTATION_STATUS: id=AndroidJUnitRunner
INSTRUMENTATION_STATUS: test=cursorMovementAndSelectionFinishTheOldSpan
INSTRUMENTATION_STATUS: class=io.github.mesteriis.rune.keyboard.qa.SmartTypingComposingInstrumentedTest
INSTRUMENTATION_STATUS: current=129
INSTRUMENTATION_STATUS_CODE: 1
INSTRUMENTATION_STATUS: numtests=152
INSTRUMENTATION_STATUS: stream=.
INSTRUMENTATION_STATUS: id=AndroidJUnitRunner
INSTRUMENTATION_STATUS: test=cursorMovementAndSelectionFinishTheOldSpan
INSTRUMENTATION_STATUS: class=io.github.mesteriis.rune.keyboard.qa.SmartTypingComposingInstrumentedTest
INSTRUMENTATION_STATUS: current=129
INSTRUMENTATION_STATUS_CODE: 0
INSTRUMENTATION_STATUS: numtests=152
INSTRUMENTATION_STATUS: stream=
INSTRUMENTATION_STATUS: id=AndroidJUnitRunner
INSTRUMENTATION_STATUS: test=restartInputDoesNotReplaceOrDuplicateThePriorComposition
INSTRUMENTATION_STATUS: class=io.github.mesteriis.rune.keyboard.qa.SmartTypingComposingInstrumentedTest
INSTRUMENTATION_STATUS: current=130
INSTRUMENTATION_STATUS_CODE: 1
INSTRUMENTATION_STATUS: numtests=152
INSTRUMENTATION_STATUS: stream=.
INSTRUMENTATION_STATUS: id=AndroidJUnitRunner
INSTRUMENTATION_STATUS: test=restartInputDoesNotReplaceOrDuplicateThePriorComposition
INSTRUMENTATION_STATUS: class=io.github.mesteriis.rune.keyboard.qa.SmartTypingComposingInstrumentedTest
INSTRUMENTATION_STATUS: current=130
INSTRUMENTATION_STATUS_CODE: 0
INSTRUMENTATION_STATUS: numtests=152
INSTRUMENTATION_STATUS: stream=
INSTRUMENTATION_STATUS: id=AndroidJUnitRunner
INSTRUMENTATION_STATUS: test=languageSwitchPreservesTextAndFinishesComposition
INSTRUMENTATION_STATUS: class=io.github.mesteriis.rune.keyboard.qa.SmartTypingComposingInstrumentedTest
INSTRUMENTATION_STATUS: current=131
INSTRUMENTATION_STATUS_CODE: 1
INSTRUMENTATION_STATUS: numtests=152
INSTRUMENTATION_STATUS: stream=.
INSTRUMENTATION_STATUS: id=AndroidJUnitRunner
INSTRUMENTATION_STATUS: test=languageSwitchPreservesTextAndFinishesComposition
INSTRUMENTATION_STATUS: class=io.github.mesteriis.rune.keyboard.qa.SmartTypingComposingInstrumentedTest
INSTRUMENTATION_STATUS: current=131
INSTRUMENTATION_STATUS_CODE: 0
INSTRUMENTATION_STATUS: numtests=152
INSTRUMENTATION_STATUS: stream=
INSTRUMENTATION_STATUS: id=AndroidJUnitRunner
INSTRUMENTATION_STATUS: test=doubleSpaceWithoutOwnedWordKeepsBothSpacesAndDoesNotReadEditor
INSTRUMENTATION_STATUS: class=io.github.mesteriis.rune.keyboard.qa.SmartTypingComposingInstrumentedTest
INSTRUMENTATION_STATUS: current=132
INSTRUMENTATION_STATUS_CODE: 1
INSTRUMENTATION_STATUS: numtests=152
INSTRUMENTATION_STATUS: stream=.
INSTRUMENTATION_STATUS: id=AndroidJUnitRunner
INSTRUMENTATION_STATUS: test=doubleSpaceWithoutOwnedWordKeepsBothSpacesAndDoesNotReadEditor
INSTRUMENTATION_STATUS: class=io.github.mesteriis.rune.keyboard.qa.SmartTypingComposingInstrumentedTest
INSTRUMENTATION_STATUS: current=132
INSTRUMENTATION_STATUS_CODE: 0
INSTRUMENTATION_STATUS: numtests=152
INSTRUMENTATION_STATUS: stream=
INSTRUMENTATION_STATUS: id=AndroidJUnitRunner
INSTRUMENTATION_STATUS: test=editorRewriteInvalidatesOwnedTextWithoutReplay
INSTRUMENTATION_STATUS: class=io.github.mesteriis.rune.keyboard.qa.SmartTypingComposingInstrumentedTest
INSTRUMENTATION_STATUS: current=133
INSTRUMENTATION_STATUS_CODE: 1
INSTRUMENTATION_STATUS: numtests=152
INSTRUMENTATION_STATUS: stream=.
INSTRUMENTATION_STATUS: id=AndroidJUnitRunner
INSTRUMENTATION_STATUS: test=editorRewriteInvalidatesOwnedTextWithoutReplay
INSTRUMENTATION_STATUS: class=io.github.mesteriis.rune.keyboard.qa.SmartTypingComposingInstrumentedTest
INSTRUMENTATION_STATUS: current=133
INSTRUMENTATION_STATUS_CODE: 0
INSTRUMENTATION_STATUS: numtests=152
INSTRUMENTATION_STATUS: stream=
INSTRUMENTATION_STATUS: id=AndroidJUnitRunner
INSTRUMENTATION_STATUS: test=currentOriginalStripTapDoesNotWriteEditorAndUpdatesWithTheWord
INSTRUMENTATION_STATUS: class=io.github.mesteriis.rune.keyboard.qa.SmartTypingComposingInstrumentedTest
INSTRUMENTATION_STATUS: current=134
INSTRUMENTATION_STATUS_CODE: 1
INSTRUMENTATION_STATUS: numtests=152
INSTRUMENTATION_STATUS: stream=.
INSTRUMENTATION_STATUS: id=AndroidJUnitRunner
INSTRUMENTATION_STATUS: test=currentOriginalStripTapDoesNotWriteEditorAndUpdatesWithTheWord
INSTRUMENTATION_STATUS: class=io.github.mesteriis.rune.keyboard.qa.SmartTypingComposingInstrumentedTest
INSTRUMENTATION_STATUS: current=134
INSTRUMENTATION_STATUS_CODE: 0
INSTRUMENTATION_STATUS: numtests=152
INSTRUMENTATION_STATUS: stream=
INSTRUMENTATION_STATUS: id=AndroidJUnitRunner
INSTRUMENTATION_STATUS: test=inputViewDetachDoesNotReplayThePriorComposition
INSTRUMENTATION_STATUS: class=io.github.mesteriis.rune.keyboard.qa.SmartTypingComposingInstrumentedTest
INSTRUMENTATION_STATUS: current=135
INSTRUMENTATION_STATUS_CODE: 1
INSTRUMENTATION_STATUS: numtests=152
INSTRUMENTATION_STATUS: stream=.
INSTRUMENTATION_STATUS: id=AndroidJUnitRunner
INSTRUMENTATION_STATUS: test=inputViewDetachDoesNotReplayThePriorComposition
INSTRUMENTATION_STATUS: class=io.github.mesteriis.rune.keyboard.qa.SmartTypingComposingInstrumentedTest
INSTRUMENTATION_STATUS: current=135
INSTRUMENTATION_STATUS_CODE: 0
INSTRUMENTATION_STATUS: numtests=152
INSTRUMENTATION_STATUS: stream=
INSTRUMENTATION_STATUS: id=AndroidJUnitRunner
INSTRUMENTATION_STATUS: test=stationarySpaceHoldFinishesCompositionBeforeAnyCursorStep
INSTRUMENTATION_STATUS: class=io.github.mesteriis.rune.keyboard.qa.SmartTypingComposingInstrumentedTest
INSTRUMENTATION_STATUS: current=136
INSTRUMENTATION_STATUS_CODE: 1
INSTRUMENTATION_STATUS: numtests=152
INSTRUMENTATION_STATUS: stream=.
INSTRUMENTATION_STATUS: id=AndroidJUnitRunner
INSTRUMENTATION_STATUS: test=stationarySpaceHoldFinishesCompositionBeforeAnyCursorStep
INSTRUMENTATION_STATUS: class=io.github.mesteriis.rune.keyboard.qa.SmartTypingComposingInstrumentedTest
INSTRUMENTATION_STATUS: current=136
INSTRUMENTATION_STATUS_CODE: 0
INSTRUMENTATION_STATUS: numtests=152
INSTRUMENTATION_STATUS: stream=
INSTRUMENTATION_STATUS: id=AndroidJUnitRunner
INSTRUMENTATION_STATUS: test=doubleSpaceUndoSurvivesBinderSelectionAcknowledgement
INSTRUMENTATION_STATUS: class=io.github.mesteriis.rune.keyboard.qa.SmartTypingComposingInstrumentedTest
INSTRUMENTATION_STATUS: current=137
INSTRUMENTATION_STATUS_CODE: 1
INSTRUMENTATION_STATUS: numtests=152
INSTRUMENTATION_STATUS: stream=.
INSTRUMENTATION_STATUS: id=AndroidJUnitRunner
INSTRUMENTATION_STATUS: test=doubleSpaceUndoSurvivesBinderSelectionAcknowledgement
INSTRUMENTATION_STATUS: class=io.github.mesteriis.rune.keyboard.qa.SmartTypingComposingInstrumentedTest
INSTRUMENTATION_STATUS: current=137
INSTRUMENTATION_STATUS_CODE: 0
INSTRUMENTATION_STATUS: numtests=152
INSTRUMENTATION_STATUS: stream=
INSTRUMENTATION_STATUS: id=AndroidJUnitRunner
INSTRUMENTATION_STATUS: test=wordAndLeadingBoundaryComposeAndDeleteWithoutReplayingCommittedText
INSTRUMENTATION_STATUS: class=io.github.mesteriis.rune.keyboard.qa.SmartTypingComposingInstrumentedTest
INSTRUMENTATION_STATUS: current=138
INSTRUMENTATION_STATUS_CODE: 1
INSTRUMENTATION_STATUS: numtests=152
INSTRUMENTATION_STATUS: stream=.
INSTRUMENTATION_STATUS: id=AndroidJUnitRunner
INSTRUMENTATION_STATUS: test=wordAndLeadingBoundaryComposeAndDeleteWithoutReplayingCommittedText
INSTRUMENTATION_STATUS: class=io.github.mesteriis.rune.keyboard.qa.SmartTypingComposingInstrumentedTest
INSTRUMENTATION_STATUS: current=138
INSTRUMENTATION_STATUS_CODE: 0
INSTRUMENTATION_STATUS: numtests=152
INSTRUMENTATION_STATUS: stream=
io.github.mesteriis.rune.keyboard.qa.SmartTypingSettingsInstrumentedTest:
INSTRUMENTATION_STATUS: id=AndroidJUnitRunner
INSTRUMENTATION_STATUS: test=spellingAndStripChangesPreserveMechanicalUndoAndIndependentDoubleSpace
INSTRUMENTATION_STATUS: class=io.github.mesteriis.rune.keyboard.qa.SmartTypingSettingsInstrumentedTest
INSTRUMENTATION_STATUS: current=139
INSTRUMENTATION_STATUS_CODE: 1
INSTRUMENTATION_STATUS: numtests=152
INSTRUMENTATION_STATUS: stream=.
INSTRUMENTATION_STATUS: id=AndroidJUnitRunner
INSTRUMENTATION_STATUS: test=spellingAndStripChangesPreserveMechanicalUndoAndIndependentDoubleSpace
INSTRUMENTATION_STATUS: class=io.github.mesteriis.rune.keyboard.qa.SmartTypingSettingsInstrumentedTest
INSTRUMENTATION_STATUS: current=139
INSTRUMENTATION_STATUS_CODE: 0
INSTRUMENTATION_STATUS: numtests=152
INSTRUMENTATION_STATUS: stream=
INSTRUMENTATION_STATUS: id=AndroidJUnitRunner
INSTRUMENTATION_STATUS: test=stripToggleCancelAndPrivateTransitionCannotResurrectOldCandidateContent
INSTRUMENTATION_STATUS: class=io.github.mesteriis.rune.keyboard.qa.SmartTypingSettingsInstrumentedTest
INSTRUMENTATION_STATUS: current=140
INSTRUMENTATION_STATUS_CODE: 1
INSTRUMENTATION_STATUS: numtests=152
INSTRUMENTATION_STATUS: stream=.
INSTRUMENTATION_STATUS: id=AndroidJUnitRunner
INSTRUMENTATION_STATUS: test=stripToggleCancelAndPrivateTransitionCannotResurrectOldCandidateContent
INSTRUMENTATION_STATUS: class=io.github.mesteriis.rune.keyboard.qa.SmartTypingSettingsInstrumentedTest
INSTRUMENTATION_STATUS: current=140
INSTRUMENTATION_STATUS_CODE: 0
INSTRUMENTATION_STATUS: numtests=152
INSTRUMENTATION_STATUS: stream=
INSTRUMENTATION_STATUS: id=AndroidJUnitRunner
INSTRUMENTATION_STATUS: test=disablingSpellingCancelsHeldCorrectionWithoutEditorMutation
INSTRUMENTATION_STATUS: class=io.github.mesteriis.rune.keyboard.qa.SmartTypingSettingsInstrumentedTest
INSTRUMENTATION_STATUS: current=141
INSTRUMENTATION_STATUS_CODE: 1
INSTRUMENTATION_STATUS: numtests=152
INSTRUMENTATION_STATUS: stream=.
INSTRUMENTATION_STATUS: id=AndroidJUnitRunner
INSTRUMENTATION_STATUS: test=disablingSpellingCancelsHeldCorrectionWithoutEditorMutation
INSTRUMENTATION_STATUS: class=io.github.mesteriis.rune.keyboard.qa.SmartTypingSettingsInstrumentedTest
INSTRUMENTATION_STATUS: current=141
INSTRUMENTATION_STATUS_CODE: 0
INSTRUMENTATION_STATUS: numtests=152
INSTRUMENTATION_STATUS: stream=
INSTRUMENTATION_STATUS: id=AndroidJUnitRunner
INSTRUMENTATION_STATUS: test=liveOffDropsCorrectionsAndEnableWaitsForExplicitEdit
INSTRUMENTATION_STATUS: class=io.github.mesteriis.rune.keyboard.qa.SmartTypingSettingsInstrumentedTest
INSTRUMENTATION_STATUS: current=142
INSTRUMENTATION_STATUS_CODE: 1
INSTRUMENTATION_STATUS: numtests=152
INSTRUMENTATION_STATUS: stream=.
INSTRUMENTATION_STATUS: id=AndroidJUnitRunner
INSTRUMENTATION_STATUS: test=liveOffDropsCorrectionsAndEnableWaitsForExplicitEdit
INSTRUMENTATION_STATUS: class=io.github.mesteriis.rune.keyboard.qa.SmartTypingSettingsInstrumentedTest
INSTRUMENTATION_STATUS: current=142
INSTRUMENTATION_STATUS_CODE: 0
INSTRUMENTATION_STATUS: numtests=152
INSTRUMENTATION_STATUS: stream=
INSTRUMENTATION_STATUS: id=AndroidJUnitRunner
INSTRUMENTATION_STATUS: test=stripBothDirectionsAndRepeatedTogglesPreserveHeldKeyAndSingleRelease
INSTRUMENTATION_STATUS: class=io.github.mesteriis.rune.keyboard.qa.SmartTypingSettingsInstrumentedTest
INSTRUMENTATION_STATUS: current=143
INSTRUMENTATION_STATUS_CODE: 1
INSTRUMENTATION_STATUS: numtests=152
INSTRUMENTATION_STATUS: stream=.
INSTRUMENTATION_STATUS: id=AndroidJUnitRunner
INSTRUMENTATION_STATUS: test=stripBothDirectionsAndRepeatedTogglesPreserveHeldKeyAndSingleRelease
INSTRUMENTATION_STATUS: class=io.github.mesteriis.rune.keyboard.qa.SmartTypingSettingsInstrumentedTest
INSTRUMENTATION_STATUS: current=143
INSTRUMENTATION_STATUS_CODE: 0
INSTRUMENTATION_STATUS: numtests=152
INSTRUMENTATION_STATUS: stream=
INSTRUMENTATION_STATUS: id=AndroidJUnitRunner
INSTRUMENTATION_STATUS: test=controlsPersistIndependentlyAndExplainCurrentCapabilities
INSTRUMENTATION_STATUS: class=io.github.mesteriis.rune.keyboard.qa.SmartTypingSettingsInstrumentedTest
INSTRUMENTATION_STATUS: current=144
INSTRUMENTATION_STATUS_CODE: 1
INSTRUMENTATION_STATUS: numtests=152
INSTRUMENTATION_STATUS: stream=.
INSTRUMENTATION_STATUS: id=AndroidJUnitRunner
INSTRUMENTATION_STATUS: test=controlsPersistIndependentlyAndExplainCurrentCapabilities
INSTRUMENTATION_STATUS: class=io.github.mesteriis.rune.keyboard.qa.SmartTypingSettingsInstrumentedTest
INSTRUMENTATION_STATUS: current=144
INSTRUMENTATION_STATUS_CODE: 0
INSTRUMENTATION_STATUS: numtests=152
INSTRUMENTATION_STATUS: stream=
io.github.mesteriis.rune.keyboard.qa.TypingDiagnosticsInstrumentedTest:
INSTRUMENTATION_STATUS: id=AndroidJUnitRunner
INSTRUMENTATION_STATUS: test=recreationDuringSecondConfirmationLeavesTextOff
INSTRUMENTATION_STATUS: class=io.github.mesteriis.rune.keyboard.qa.TypingDiagnosticsInstrumentedTest
INSTRUMENTATION_STATUS: current=145
INSTRUMENTATION_STATUS_CODE: 1
INSTRUMENTATION_STATUS: numtests=152
INSTRUMENTATION_STATUS: stream=.
INSTRUMENTATION_STATUS: id=AndroidJUnitRunner
INSTRUMENTATION_STATUS: test=recreationDuringSecondConfirmationLeavesTextOff
INSTRUMENTATION_STATUS: class=io.github.mesteriis.rune.keyboard.qa.TypingDiagnosticsInstrumentedTest
INSTRUMENTATION_STATUS: current=145
INSTRUMENTATION_STATUS_CODE: 0
INSTRUMENTATION_STATUS: numtests=152
INSTRUMENTATION_STATUS: stream=
INSTRUMENTATION_STATUS: id=AndroidJUnitRunner
INSTRUMENTATION_STATUS: test=consentStartsWithFreshRuneInputAndDisableStopsTextOnly
INSTRUMENTATION_STATUS: class=io.github.mesteriis.rune.keyboard.qa.TypingDiagnosticsInstrumentedTest
INSTRUMENTATION_STATUS: current=146
INSTRUMENTATION_STATUS_CODE: 1
INSTRUMENTATION_STATUS: numtests=152
INSTRUMENTATION_STATUS: stream=.
INSTRUMENTATION_STATUS: id=AndroidJUnitRunner
INSTRUMENTATION_STATUS: test=consentStartsWithFreshRuneInputAndDisableStopsTextOnly
INSTRUMENTATION_STATUS: class=io.github.mesteriis.rune.keyboard.qa.TypingDiagnosticsInstrumentedTest
INSTRUMENTATION_STATUS: current=146
INSTRUMENTATION_STATUS_CODE: 0
INSTRUMENTATION_STATUS: numtests=152
INSTRUMENTATION_STATUS: stream=
INSTRUMENTATION_STATUS: id=AndroidJUnitRunner
INSTRUMENTATION_STATUS: test=managementDeleteDisablesBothAndRemovesManagedLogs
INSTRUMENTATION_STATUS: class=io.github.mesteriis.rune.keyboard.qa.TypingDiagnosticsInstrumentedTest
INSTRUMENTATION_STATUS: current=147
INSTRUMENTATION_STATUS_CODE: 1
INSTRUMENTATION_STATUS: numtests=152
INSTRUMENTATION_STATUS: stream=.
INSTRUMENTATION_STATUS: id=AndroidJUnitRunner
INSTRUMENTATION_STATUS: test=managementDeleteDisablesBothAndRemovesManagedLogs
INSTRUMENTATION_STATUS: class=io.github.mesteriis.rune.keyboard.qa.TypingDiagnosticsInstrumentedTest
INSTRUMENTATION_STATUS: current=147
INSTRUMENTATION_STATUS_CODE: 0
INSTRUMENTATION_STATUS: numtests=152
INSTRUMENTATION_STATUS: stream=
INSTRUMENTATION_STATUS: id=AndroidJUnitRunner
INSTRUMENTATION_STATUS: test=actualCandidateDecisionUndoAndSensitiveExclusionsReachSeparateStreams
INSTRUMENTATION_STATUS: class=io.github.mesteriis.rune.keyboard.qa.TypingDiagnosticsInstrumentedTest
INSTRUMENTATION_STATUS: current=148
INSTRUMENTATION_STATUS_CODE: 1
INSTRUMENTATION_STATUS: numtests=152
INSTRUMENTATION_STATUS: stream=.
INSTRUMENTATION_STATUS: id=AndroidJUnitRunner
INSTRUMENTATION_STATUS: test=actualCandidateDecisionUndoAndSensitiveExclusionsReachSeparateStreams
INSTRUMENTATION_STATUS: class=io.github.mesteriis.rune.keyboard.qa.TypingDiagnosticsInstrumentedTest
INSTRUMENTATION_STATUS: current=148
INSTRUMENTATION_STATUS_CODE: 0
INSTRUMENTATION_STATUS: numtests=152
INSTRUMENTATION_STATUS: stream=
INSTRUMENTATION_STATUS: id=AndroidJUnitRunner
INSTRUMENTATION_STATUS: test=twoConfirmationsCancelIndependentlyAndSwitchesRemainIndependent
INSTRUMENTATION_STATUS: class=io.github.mesteriis.rune.keyboard.qa.TypingDiagnosticsInstrumentedTest
INSTRUMENTATION_STATUS: current=149
INSTRUMENTATION_STATUS_CODE: 1
INSTRUMENTATION_STATUS: numtests=152
INSTRUMENTATION_STATUS: stream=.
INSTRUMENTATION_STATUS: id=AndroidJUnitRunner
INSTRUMENTATION_STATUS: test=twoConfirmationsCancelIndependentlyAndSwitchesRemainIndependent
INSTRUMENTATION_STATUS: class=io.github.mesteriis.rune.keyboard.qa.TypingDiagnosticsInstrumentedTest
INSTRUMENTATION_STATUS: current=149
INSTRUMENTATION_STATUS_CODE: 0
INSTRUMENTATION_STATUS: numtests=152
INSTRUMENTATION_STATUS: stream=
io.github.mesteriis.rune.keyboard.smarttyping.lexicon.PackedLexiconAssetsInstrumentedTest:
INSTRUMENTATION_STATUS: id=AndroidJUnitRunner
INSTRUMENTATION_STATUS: test=packagedMappingsNoticesAndExactReferencesAreAvailableOffMainThread
INSTRUMENTATION_STATUS: class=io.github.mesteriis.rune.keyboard.smarttyping.lexicon.PackedLexiconAssetsInstrumentedTest
INSTRUMENTATION_STATUS: current=150
INSTRUMENTATION_STATUS_CODE: 1
INSTRUMENTATION_STATUS: canonical_case_contract=v1 language=0 wall_ns=234270083 cpu_ns=227691079
INSTRUMENTATION_STATUS_CODE: 0
INSTRUMENTATION_STATUS: canonical_case_contract=v1 language=1 wall_ns=11395875 cpu_ns=11379083
INSTRUMENTATION_STATUS_CODE: 0
INSTRUMENTATION_STATUS: canonical_case_contract=v1 language=2 wall_ns=167030167 cpu_ns=165796335
INSTRUMENTATION_STATUS_CODE: 0
INSTRUMENTATION_STATUS: packed_reader_contract=v1 language=0 open_ns=73626 load_ns=718346334 cpu_ns=714633205 mapped_bytes=5388002 words=121255 nodes=272385 references=8 java_before=10615656 java_after=4835168 pss_kib_before=55198 pss_kib_after=54783
INSTRUMENTATION_STATUS_CODE: 0
INSTRUMENTATION_STATUS: packed_reader_contract=v1 language=1 open_ns=73459 load_ns=3941347418 cpu_ns=3923471644 mapped_bytes=25190742 words=668267 nodes=1250979 references=8 java_before=4851552 java_after=5880672 pss_kib_before=54795 pss_kib_after=75303
INSTRUMENTATION_STATUS_CODE: 0
INSTRUMENTATION_STATUS: packed_reader_contract=v1 language=2 open_ns=163750 load_ns=8635986962 cpu_ns=8606036893 mapped_bytes=46351852 words=1436553 nodes=2255866 references=8 java_before=5897056 java_after=5462912 pss_kib_before=75315 pss_kib_after=114899
INSTRUMENTATION_STATUS_CODE: 0
INSTRUMENTATION_STATUS: numtests=152
INSTRUMENTATION_STATUS: stream=.
INSTRUMENTATION_STATUS: id=AndroidJUnitRunner
INSTRUMENTATION_STATUS: test=packagedMappingsNoticesAndExactReferencesAreAvailableOffMainThread
INSTRUMENTATION_STATUS: class=io.github.mesteriis.rune.keyboard.smarttyping.lexicon.PackedLexiconAssetsInstrumentedTest
INSTRUMENTATION_STATUS: current=150
INSTRUMENTATION_STATUS_CODE: 0
INSTRUMENTATION_STATUS: numtests=152
INSTRUMENTATION_STATUS: stream=
io.github.mesteriis.rune.keyboard.smarttyping.lexicon.TopSevenInstrumentedTest:
INSTRUMENTATION_STATUS: id=AndroidJUnitRunner
INSTRUMENTATION_STATUS: test=requestedWidthsPreserveCertifiedPrefixes
INSTRUMENTATION_STATUS: class=io.github.mesteriis.rune.keyboard.smarttyping.lexicon.TopSevenInstrumentedTest
INSTRUMENTATION_STATUS: current=151
INSTRUMENTATION_STATUS_CODE: 1
INSTRUMENTATION_STATUS: candidate_width_measurement=v1 id=0 maximum=1 round=0 wall_ns=1810167 cpu_ns=1810792 states=1475 verified=13 completion=0 alternatives=1
INSTRUMENTATION_STATUS_CODE: 0
INSTRUMENTATION_STATUS: candidate_width_measurement=v1 id=0 maximum=3 round=0 wall_ns=5195750 cpu_ns=5197209 states=4713 verified=13 completion=0 alternatives=3
INSTRUMENTATION_STATUS_CODE: 0
INSTRUMENTATION_STATUS: candidate_width_measurement=v1 id=0 maximum=7 round=0 wall_ns=8686333 cpu_ns=8689625 states=8192 verified=13 completion=3 alternatives=7
INSTRUMENTATION_STATUS_CODE: 0
INSTRUMENTATION_STATUS: candidate_width_measurement=v1 id=1 maximum=7 round=0 wall_ns=1302541 cpu_ns=1303666 states=1438 verified=13 completion=0 alternatives=7
INSTRUMENTATION_STATUS_CODE: 0
INSTRUMENTATION_STATUS: candidate_width_measurement=v1 id=1 maximum=3 round=0 wall_ns=391583 cpu_ns=392917 states=444 verified=9 completion=0 alternatives=3
INSTRUMENTATION_STATUS_CODE: 0
INSTRUMENTATION_STATUS: candidate_width_measurement=v1 id=1 maximum=1 round=0 wall_ns=377542 cpu_ns=378291 states=444 verified=9 completion=0 alternatives=1
INSTRUMENTATION_STATUS_CODE: 0
INSTRUMENTATION_STATUS: candidate_width_measurement=v1 id=2 maximum=1 round=0 wall_ns=1776209 cpu_ns=1776958 states=1689 verified=2 completion=0 alternatives=1
INSTRUMENTATION_STATUS_CODE: 0
INSTRUMENTATION_STATUS: candidate_width_measurement=v1 id=2 maximum=3 round=0 wall_ns=6957291 cpu_ns=6960250 states=6379 verified=5 completion=0 alternatives=3
INSTRUMENTATION_STATUS_CODE: 0
INSTRUMENTATION_STATUS: candidate_width_measurement=v1 id=2 maximum=7 round=0 wall_ns=8861459 cpu_ns=8864459 states=8192 verified=5 completion=3 alternatives=5
INSTRUMENTATION_STATUS_CODE: 0
INSTRUMENTATION_STATUS: candidate_width_measurement=v1 id=3 maximum=7 round=0 wall_ns=6811500 cpu_ns=6813500 states=6441 verified=57 completion=0 alternatives=7
INSTRUMENTATION_STATUS_CODE: 0
INSTRUMENTATION_STATUS: candidate_width_measurement=v1 id=3 maximum=3 round=0 wall_ns=3286792 cpu_ns=3288666 states=2646 verified=46 completion=0 alternatives=3
INSTRUMENTATION_STATUS_CODE: 0
INSTRUMENTATION_STATUS: candidate_width_measurement=v1 id=3 maximum=1 round=0 wall_ns=1983334 cpu_ns=1984209 states=1775 verified=17 completion=0 alternatives=1
INSTRUMENTATION_STATUS_CODE: 0
INSTRUMENTATION_STATUS: candidate_width_measurement=v1 id=4 maximum=1 round=0 wall_ns=1726292 cpu_ns=1727792 states=1562 verified=7 completion=0 alternatives=1
INSTRUMENTATION_STATUS_CODE: 0
INSTRUMENTATION_STATUS: candidate_width_measurement=v1 id=4 maximum=3 round=0 wall_ns=4846958 cpu_ns=4848541 states=4569 verified=7 completion=0 alternatives=3
INSTRUMENTATION_STATUS_CODE: 0
INSTRUMENTATION_STATUS: candidate_width_measurement=v1 id=4 maximum=7 round=0 wall_ns=8270375 cpu_ns=8272542 states=8192 verified=7 completion=3 alternatives=7
INSTRUMENTATION_STATUS_CODE: 0
INSTRUMENTATION_STATUS: candidate_width_measurement=v1 id=5 maximum=7 round=0 wall_ns=2665667 cpu_ns=2666375 states=2139 verified=59 completion=0 alternatives=7
INSTRUMENTATION_STATUS_CODE: 0
INSTRUMENTATION_STATUS: candidate_width_measurement=v1 id=5 maximum=3 round=0 wall_ns=2839916 cpu_ns=2841208 states=2139 verified=59 completion=0 alternatives=3
INSTRUMENTATION_STATUS_CODE: 0
INSTRUMENTATION_STATUS: candidate_width_measurement=v1 id=5 maximum=1 round=0 wall_ns=626000 cpu_ns=627917 states=514 verified=11 completion=0 alternatives=1
INSTRUMENTATION_STATUS_CODE: 0
INSTRUMENTATION_STATUS: candidate_width_measurement=v1 id=6 maximum=1 round=0 wall_ns=1571458 cpu_ns=1572333 states=1463 verified=6 completion=0 alternatives=1
INSTRUMENTATION_STATUS_CODE: 0
INSTRUMENTATION_STATUS: candidate_width_measurement=v1 id=6 maximum=3 round=0 wall_ns=5513959 cpu_ns=5515250 states=5398 verified=16 completion=0 alternatives=3
INSTRUMENTATION_STATUS_CODE: 0
INSTRUMENTATION_STATUS: candidate_width_measurement=v1 id=6 maximum=7 round=0 wall_ns=5444125 cpu_ns=5446250 states=5398 verified=16 completion=0 alternatives=7
INSTRUMENTATION_STATUS_CODE: 0
INSTRUMENTATION_STATUS: candidate_width_measurement=v1 id=7 maximum=7 round=0 wall_ns=6571959 cpu_ns=6573125 states=5678 verified=45 completion=0 alternatives=7
INSTRUMENTATION_STATUS_CODE: 0
INSTRUMENTATION_STATUS: candidate_width_measurement=v1 id=7 maximum=3 round=0 wall_ns=2115000 cpu_ns=2116333 states=1851 verified=8 completion=0 alternatives=3
INSTRUMENTATION_STATUS_CODE: 0
INSTRUMENTATION_STATUS: candidate_width_measurement=v1 id=7 maximum=1 round=0 wall_ns=2048541 cpu_ns=2049250 states=1851 verified=8 completion=0 alternatives=1
INSTRUMENTATION_STATUS_CODE: 0
INSTRUMENTATION_STATUS: candidate_width_measurement=v1 id=8 maximum=1 round=0 wall_ns=530250 cpu_ns=531167 states=327 verified=18 completion=0 alternatives=1
INSTRUMENTATION_STATUS_CODE: 0
INSTRUMENTATION_STATUS: candidate_width_measurement=v1 id=8 maximum=3 round=0 wall_ns=2369208 cpu_ns=2370208 states=1503 verified=64 completion=4 alternatives=3
INSTRUMENTATION_STATUS_CODE: 0
INSTRUMENTATION_STATUS: candidate_width_measurement=v1 id=8 maximum=7 round=0 wall_ns=2246958 cpu_ns=2248042 states=1503 verified=64 completion=4 alternatives=7
INSTRUMENTATION_STATUS_CODE: 0
INSTRUMENTATION_STATUS: candidate_width_measurement=v1 id=9 maximum=7 round=0 wall_ns=4943709 cpu_ns=4944833 states=4662 verified=13 completion=0 alternatives=7
INSTRUMENTATION_STATUS_CODE: 0
INSTRUMENTATION_STATUS: candidate_width_measurement=v1 id=9 maximum=3 round=0 wall_ns=1410666 cpu_ns=1412125 states=1282 verified=10 completion=0 alternatives=3
INSTRUMENTATION_STATUS_CODE: 0
INSTRUMENTATION_STATUS: candidate_width_measurement=v1 id=9 maximum=1 round=0 wall_ns=353166 cpu_ns=354000 states=358 verified=4 completion=0 alternatives=1
INSTRUMENTATION_STATUS_CODE: 0
INSTRUMENTATION_STATUS: candidate_width_measurement=v1 id=10 maximum=1 round=0 wall_ns=434833 cpu_ns=435750 states=422 verified=20 completion=0 alternatives=1
INSTRUMENTATION_STATUS_CODE: 0
INSTRUMENTATION_STATUS: candidate_width_measurement=v1 id=10 maximum=3 round=0 wall_ns=424208 cpu_ns=425042 states=422 verified=20 completion=0 alternatives=3
INSTRUMENTATION_STATUS_CODE: 0
INSTRUMENTATION_STATUS: candidate_width_measurement=v1 id=10 maximum=7 round=0 wall_ns=1580541 cpu_ns=1581167 states=1917 verified=42 completion=0 alternatives=7
INSTRUMENTATION_STATUS_CODE: 0
INSTRUMENTATION_STATUS: candidate_width_measurement=v1 id=11 maximum=7 round=0 wall_ns=9182500 cpu_ns=9185209 states=8192 verified=49 completion=3 alternatives=7
INSTRUMENTATION_STATUS_CODE: 0
INSTRUMENTATION_STATUS: candidate_width_measurement=v1 id=11 maximum=3 round=0 wall_ns=2467791 cpu_ns=2468791 states=2058 verified=28 completion=0 alternatives=3
INSTRUMENTATION_STATUS_CODE: 0
INSTRUMENTATION_STATUS: candidate_width_measurement=v1 id=11 maximum=1 round=0 wall_ns=2706292 cpu_ns=2707458 states=2058 verified=28 completion=0 alternatives=1
INSTRUMENTATION_STATUS_CODE: 0
INSTRUMENTATION_STATUS: candidate_width_measurement=v1 id=12 maximum=1 round=0 wall_ns=313250 cpu_ns=314291 states=324 verified=4 completion=0 alternatives=1
INSTRUMENTATION_STATUS_CODE: 0
INSTRUMENTATION_STATUS: candidate_width_measurement=v1 id=12 maximum=3 round=0 wall_ns=386459 cpu_ns=387042 states=420 verified=5 completion=0 alternatives=3
INSTRUMENTATION_STATUS_CODE: 0
INSTRUMENTATION_STATUS: candidate_width_measurement=v1 id=12 maximum=7 round=0 wall_ns=2100834 cpu_ns=1973166 states=1986 verified=15 completion=0 alternatives=7
INSTRUMENTATION_STATUS_CODE: 0
INSTRUMENTATION_STATUS: candidate_width_measurement=v1 id=13 maximum=7 round=0 wall_ns=4059792 cpu_ns=4001208 states=2999 verified=64 completion=4 alternatives=7
INSTRUMENTATION_STATUS_CODE: 0
INSTRUMENTATION_STATUS: candidate_width_measurement=v1 id=13 maximum=3 round=0 wall_ns=2318208 cpu_ns=2319375 states=1861 verified=44 completion=0 alternatives=3
INSTRUMENTATION_STATUS_CODE: 0
INSTRUMENTATION_STATUS: candidate_width_measurement=v1 id=13 maximum=1 round=0 wall_ns=835125 cpu_ns=835833 states=599 verified=26 completion=0 alternatives=1
INSTRUMENTATION_STATUS_CODE: 0
INSTRUMENTATION_STATUS: candidate_width_measurement=v1 id=14 maximum=1 round=0 wall_ns=2143250 cpu_ns=2144625 states=1930 verified=1 completion=0 alternatives=1
INSTRUMENTATION_STATUS_CODE: 0
INSTRUMENTATION_STATUS: candidate_width_measurement=v1 id=14 maximum=3 round=0 wall_ns=8635833 cpu_ns=8637417 states=8192 verified=1 completion=3 alternatives=1
INSTRUMENTATION_STATUS_CODE: 0
INSTRUMENTATION_STATUS: candidate_width_measurement=v1 id=14 maximum=7 round=0 wall_ns=8557833 cpu_ns=8559375 states=8192 verified=1 completion=3 alternatives=1
INSTRUMENTATION_STATUS_CODE: 0
INSTRUMENTATION_STATUS: candidate_width_measurement=v1 id=15 maximum=7 round=0 wall_ns=1148959 cpu_ns=1150167 states=1324 verified=9 completion=0 alternatives=7
INSTRUMENTATION_STATUS_CODE: 0
INSTRUMENTATION_STATUS: candidate_width_measurement=v1 id=15 maximum=3 round=0 wall_ns=1083625 cpu_ns=1084541 states=1324 verified=9 completion=0 alternatives=3
INSTRUMENTATION_STATUS_CODE: 0
INSTRUMENTATION_STATUS: candidate_width_measurement=v1 id=15 maximum=1 round=0 wall_ns=242042 cpu_ns=242833 states=250 verified=3 completion=0 alternatives=1
INSTRUMENTATION_STATUS_CODE: 0
INSTRUMENTATION_STATUS: candidate_width_measurement=v1 id=16 maximum=1 round=0 wall_ns=1928000 cpu_ns=1928708 states=1607 verified=13 completion=0 alternatives=1
INSTRUMENTATION_STATUS_CODE: 0
INSTRUMENTATION_STATUS: candidate_width_measurement=v1 id=16 maximum=3 round=0 wall_ns=1813084 cpu_ns=1814459 states=1607 verified=13 completion=0 alternatives=3
INSTRUMENTATION_STATUS_CODE: 0
INSTRUMENTATION_STATUS: candidate_width_measurement=v1 id=16 maximum=7 round=0 wall_ns=8312041 cpu_ns=8324625 states=8192 verified=14 completion=3 alternatives=7
INSTRUMENTATION_STATUS_CODE: 0
INSTRUMENTATION_STATUS: candidate_width_measurement=v1 id=17 maximum=7 round=0 wall_ns=8297000 cpu_ns=8298083 states=8192 verified=2 completion=3 alternatives=2
INSTRUMENTATION_STATUS_CODE: 0
INSTRUMENTATION_STATUS: candidate_width_measurement=v1 id=17 maximum=3 round=0 wall_ns=8338625 cpu_ns=8339792 states=8192 verified=2 completion=3 alternatives=2
INSTRUMENTATION_STATUS_CODE: 0
INSTRUMENTATION_STATUS: candidate_width_measurement=v1 id=17 maximum=1 round=0 wall_ns=1769834 cpu_ns=1771208 states=1517 verified=1 completion=0 alternatives=1
INSTRUMENTATION_STATUS_CODE: 0
INSTRUMENTATION_STATUS: candidate_width_measurement=v1 id=18 maximum=1 round=0 wall_ns=380125 cpu_ns=381209 states=411 verified=4 completion=0 alternatives=1
INSTRUMENTATION_STATUS_CODE: 0
INSTRUMENTATION_STATUS: candidate_width_measurement=v1 id=18 maximum=3 round=0 wall_ns=1602000 cpu_ns=1602542 states=2064 verified=5 completion=0 alternatives=3
INSTRUMENTATION_STATUS_CODE: 0
INSTRUMENTATION_STATUS: candidate_width_measurement=v1 id=18 maximum=7 round=0 wall_ns=2599291 cpu_ns=2600083 states=3409 verified=5 completion=0 alternatives=5
INSTRUMENTATION_STATUS_CODE: 0
INSTRUMENTATION_STATUS: candidate_width_measurement=v1 id=19 maximum=7 round=0 wall_ns=1002792 cpu_ns=1003416 states=1121 verified=50 completion=0 alternatives=7
INSTRUMENTATION_STATUS_CODE: 0
INSTRUMENTATION_STATUS: candidate_width_measurement=v1 id=19 maximum=3 round=0 wall_ns=350500 cpu_ns=351166 states=292 verified=29 completion=0 alternatives=3
INSTRUMENTATION_STATUS_CODE: 0
INSTRUMENTATION_STATUS: candidate_width_measurement=v1 id=19 maximum=1 round=0 wall_ns=346875 cpu_ns=347375 states=292 verified=29 completion=0 alternatives=1
INSTRUMENTATION_STATUS_CODE: 0
INSTRUMENTATION_STATUS: candidate_width_measurement=v1 id=20 maximum=1 round=0 wall_ns=3896833 cpu_ns=3897583 states=2619 verified=64 completion=4 alternatives=1
INSTRUMENTATION_STATUS_CODE: 0
INSTRUMENTATION_STATUS: candidate_width_measurement=v1 id=20 maximum=3 round=0 wall_ns=3601500 cpu_ns=3602208 states=2619 verified=64 completion=4 alternatives=3
INSTRUMENTATION_STATUS_CODE: 0
INSTRUMENTATION_STATUS: candidate_width_measurement=v1 id=20 maximum=7 round=0 wall_ns=3580458 cpu_ns=3581125 states=2619 verified=64 completion=4 alternatives=7
INSTRUMENTATION_STATUS_CODE: 0
INSTRUMENTATION_STATUS: candidate_width_measurement=v1 id=21 maximum=7 round=0 wall_ns=7189000 cpu_ns=7191958 states=5806 verified=21 completion=0 alternatives=7
INSTRUMENTATION_STATUS_CODE: 0
INSTRUMENTATION_STATUS: candidate_width_measurement=v1 id=21 maximum=3 round=0 wall_ns=2745541 cpu_ns=2746375 states=2111 verified=12 completion=0 alternatives=3
INSTRUMENTATION_STATUS_CODE: 0
INSTRUMENTATION_STATUS: candidate_width_measurement=v1 id=21 maximum=1 round=0 wall_ns=2630709 cpu_ns=2632166 states=2111 verified=12 completion=0 alternatives=1
INSTRUMENTATION_STATUS_CODE: 0
INSTRUMENTATION_STATUS: candidate_width_measurement=v1 id=22 maximum=1 round=0 wall_ns=291125 cpu_ns=292042 states=293 verified=2 completion=0 alternatives=1
INSTRUMENTATION_STATUS_CODE: 0
INSTRUMENTATION_STATUS: candidate_width_measurement=v1 id=22 maximum=3 round=0 wall_ns=1737042 cpu_ns=1741000 states=1928 verified=10 completion=0 alternatives=3
INSTRUMENTATION_STATUS_CODE: 0
INSTRUMENTATION_STATUS: candidate_width_measurement=v1 id=22 maximum=7 round=0 wall_ns=1811208 cpu_ns=1813167 states=1928 verified=10 completion=0 alternatives=7
INSTRUMENTATION_STATUS_CODE: 0
INSTRUMENTATION_STATUS: candidate_width_measurement=v1 id=23 maximum=7 round=0 wall_ns=1759958 cpu_ns=1762625 states=1455 verified=24 completion=0 alternatives=7
INSTRUMENTATION_STATUS_CODE: 0
INSTRUMENTATION_STATUS: candidate_width_measurement=v1 id=23 maximum=3 round=0 wall_ns=357417 cpu_ns=358875 states=253 verified=3 completion=0 alternatives=3
INSTRUMENTATION_STATUS_CODE: 0
INSTRUMENTATION_STATUS: candidate_width_measurement=v1 id=23 maximum=1 round=0 wall_ns=253000 cpu_ns=253625 states=253 verified=3 completion=0 alternatives=1
INSTRUMENTATION_STATUS_CODE: 0
INSTRUMENTATION_STATUS: candidate_width_measurement=v1 id=24 maximum=1 round=0 wall_ns=231459 cpu_ns=232875 states=192 verified=11 completion=0 alternatives=1
INSTRUMENTATION_STATUS_CODE: 0
INSTRUMENTATION_STATUS: candidate_width_measurement=v1 id=24 maximum=3 round=0 wall_ns=203750 cpu_ns=204375 states=192 verified=11 completion=0 alternatives=3
INSTRUMENTATION_STATUS_CODE: 0
INSTRUMENTATION_STATUS: candidate_width_measurement=v1 id=24 maximum=7 round=0 wall_ns=1044958 cpu_ns=1045500 states=1273 verified=29 completion=0 alternatives=7
INSTRUMENTATION_STATUS_CODE: 0
INSTRUMENTATION_STATUS: candidate_width_measurement=v1 id=25 maximum=7 round=0 wall_ns=6959333 cpu_ns=6961334 states=6796 verified=11 completion=0 alternatives=7
INSTRUMENTATION_STATUS_CODE: 0
INSTRUMENTATION_STATUS: candidate_width_measurement=v1 id=25 maximum=3 round=0 wall_ns=6912333 cpu_ns=6914625 states=6796 verified=11 completion=0 alternatives=3
INSTRUMENTATION_STATUS_CODE: 0
INSTRUMENTATION_STATUS: candidate_width_measurement=v1 id=25 maximum=1 round=0 wall_ns=1842125 cpu_ns=1843000 states=1614 verified=6 completion=0 alternatives=1
INSTRUMENTATION_STATUS_CODE: 0
INSTRUMENTATION_STATUS: candidate_width_measurement=v1 id=26 maximum=1 round=0 wall_ns=2384166 cpu_ns=2385458 states=1814 verified=31 completion=0 alternatives=1
INSTRUMENTATION_STATUS_CODE: 0
INSTRUMENTATION_STATUS: candidate_width_measurement=v1 id=26 maximum=3 round=0 wall_ns=5643875 cpu_ns=5646291 states=4889 verified=39 completion=0 alternatives=3
INSTRUMENTATION_STATUS_CODE: 0
INSTRUMENTATION_STATUS: candidate_width_measurement=v1 id=26 maximum=7 round=0 wall_ns=5550208 cpu_ns=5551500 states=4889 verified=39 completion=0 alternatives=7
INSTRUMENTATION_STATUS_CODE: 0
INSTRUMENTATION_STATUS: candidate_width_measurement=v1 id=27 maximum=7 round=0 wall_ns=1391291 cpu_ns=1392167 states=1508 verified=8 completion=0 alternatives=7
INSTRUMENTATION_STATUS_CODE: 0
INSTRUMENTATION_STATUS: candidate_width_measurement=v1 id=27 maximum=3 round=0 wall_ns=316542 cpu_ns=317917 states=280 verified=6 completion=0 alternatives=3
INSTRUMENTATION_STATUS_CODE: 0
INSTRUMENTATION_STATUS: candidate_width_measurement=v1 id=27 maximum=1 round=0 wall_ns=293750 cpu_ns=294750 states=280 verified=6 completion=0 alternatives=1
INSTRUMENTATION_STATUS_CODE: 0
INSTRUMENTATION_STATUS: candidate_width_measurement=v1 id=28 maximum=1 round=0 wall_ns=506000 cpu_ns=506917 states=336 verified=13 completion=0 alternatives=1
INSTRUMENTATION_STATUS_CODE: 0
INSTRUMENTATION_STATUS: candidate_width_measurement=v1 id=28 maximum=3 round=0 wall_ns=2287125 cpu_ns=2290000 states=1466 verified=53 completion=0 alternatives=3
INSTRUMENTATION_STATUS_CODE: 0
INSTRUMENTATION_STATUS: candidate_width_measurement=v1 id=28 maximum=7 round=0 wall_ns=5053667 cpu_ns=5054666 states=4469 verified=63 completion=0 alternatives=7
INSTRUMENTATION_STATUS_CODE: 0
INSTRUMENTATION_STATUS: candidate_width_measurement=v1 id=29 maximum=7 round=0 wall_ns=7658500 cpu_ns=7660167 states=7060 verified=55 completion=0 alternatives=7
INSTRUMENTATION_STATUS_CODE: 0
INSTRUMENTATION_STATUS: candidate_width_measurement=v1 id=29 maximum=3 round=0 wall_ns=2364959 cpu_ns=2366208 states=1750 verified=28 completion=0 alternatives=3
INSTRUMENTATION_STATUS_CODE: 0
INSTRUMENTATION_STATUS: candidate_width_measurement=v1 id=29 maximum=1 round=0 wall_ns=2349458 cpu_ns=2350792 states=1750 verified=28 completion=0 alternatives=1
INSTRUMENTATION_STATUS_CODE: 0
INSTRUMENTATION_STATUS: candidate_width_measurement=v1 id=30 maximum=1 round=0 wall_ns=3223292 cpu_ns=3224209 states=2206 verified=64 completion=4 alternatives=1
INSTRUMENTATION_STATUS_CODE: 0
INSTRUMENTATION_STATUS: candidate_width_measurement=v1 id=30 maximum=3 round=0 wall_ns=3099334 cpu_ns=3100166 states=2206 verified=64 completion=4 alternatives=3
INSTRUMENTATION_STATUS_CODE: 0
INSTRUMENTATION_STATUS: candidate_width_measurement=v1 id=30 maximum=7 round=0 wall_ns=3049792 cpu_ns=3051625 states=2206 verified=64 completion=4 alternatives=7
INSTRUMENTATION_STATUS_CODE: 0
INSTRUMENTATION_STATUS: candidate_width_measurement=v1 id=31 maximum=7 round=0 wall_ns=7872959 cpu_ns=7876750 states=6727 verified=12 completion=0 alternatives=7
INSTRUMENTATION_STATUS_CODE: 0
INSTRUMENTATION_STATUS: candidate_width_measurement=v1 id=31 maximum=3 round=0 wall_ns=2951833 cpu_ns=2953292 states=2464 verified=5 completion=0 alternatives=3
INSTRUMENTATION_STATUS_CODE: 0
INSTRUMENTATION_STATUS: candidate_width_measurement=v1 id=31 maximum=1 round=0 wall_ns=2414084 cpu_ns=2415375 states=2079 verified=2 completion=0 alternatives=1
INSTRUMENTATION_STATUS_CODE: 0
INSTRUMENTATION_STATUS: candidate_width_measurement=v1 id=32 maximum=1 round=0 wall_ns=2601917 cpu_ns=2604458 states=1787 verified=39 completion=0 alternatives=1
INSTRUMENTATION_STATUS_CODE: 0
INSTRUMENTATION_STATUS: candidate_width_measurement=v1 id=32 maximum=3 round=0 wall_ns=2455542 cpu_ns=2456750 states=1787 verified=39 completion=0 alternatives=3
INSTRUMENTATION_STATUS_CODE: 0
INSTRUMENTATION_STATUS: candidate_width_measurement=v1 id=32 maximum=7 round=0 wall_ns=5983542 cpu_ns=5986333 states=5006 verified=47 completion=0 alternatives=7
INSTRUMENTATION_STATUS_CODE: 0
INSTRUMENTATION_STATUS: candidate_width_measurement=v1 id=33 maximum=7 round=0 wall_ns=4821292 cpu_ns=4559707 states=3501 verified=18 completion=0 alternatives=7
INSTRUMENTATION_STATUS_CODE: 0
INSTRUMENTATION_STATUS: candidate_width_measurement=v1 id=33 maximum=3 round=0 wall_ns=3672250 cpu_ns=3673625 states=3501 verified=18 completion=0 alternatives=3
INSTRUMENTATION_STATUS_CODE: 0
INSTRUMENTATION_STATUS: candidate_width_measurement=v1 id=33 maximum=1 round=0 wall_ns=1825583 cpu_ns=1828416 states=1398 verified=12 completion=0 alternatives=1
INSTRUMENTATION_STATUS_CODE: 0
INSTRUMENTATION_STATUS: candidate_width_measurement=v1 id=34 maximum=1 round=0 wall_ns=3353541 cpu_ns=3354459 states=2542 verified=22 completion=0 alternatives=1
INSTRUMENTATION_STATUS_CODE: 0
INSTRUMENTATION_STATUS: candidate_width_measurement=v1 id=34 maximum=3 round=0 wall_ns=3279291 cpu_ns=3281166 states=2542 verified=22 completion=0 alternatives=3
INSTRUMENTATION_STATUS_CODE: 0
INSTRUMENTATION_STATUS: candidate_width_measurement=v1 id=34 maximum=7 round=0 wall_ns=9333958 cpu_ns=9337459 states=8192 verified=26 completion=3 alternatives=7
INSTRUMENTATION_STATUS_CODE: 0
INSTRUMENTATION_STATUS: candidate_width_measurement=v1 id=35 maximum=7 round=0 wall_ns=8920708 cpu_ns=8923500 states=8192 verified=25 completion=3 alternatives=7
INSTRUMENTATION_STATUS_CODE: 0
INSTRUMENTATION_STATUS: candidate_width_measurement=v1 id=35 maximum=3 round=0 wall_ns=2637834 cpu_ns=2639916 states=1844 verified=23 completion=0 alternatives=3
INSTRUMENTATION_STATUS_CODE: 0
INSTRUMENTATION_STATUS: candidate_width_measurement=v1 id=35 maximum=1 round=0 wall_ns=2498208 cpu_ns=2499583 states=1844 verified=23 completion=0 alternatives=1
INSTRUMENTATION_STATUS_CODE: 0
INSTRUMENTATION_STATUS: candidate_width_measurement=v1 id=36 maximum=1 round=0 wall_ns=549375 cpu_ns=550875 states=367 verified=9 completion=0 alternatives=1
INSTRUMENTATION_STATUS_CODE: 0
INSTRUMENTATION_STATUS: candidate_width_measurement=v1 id=36 maximum=3 round=0 wall_ns=3097167 cpu_ns=3099542 states=2213 verified=48 completion=0 alternatives=3
INSTRUMENTATION_STATUS_CODE: 0
INSTRUMENTATION_STATUS: candidate_width_measurement=v1 id=36 maximum=7 round=0 wall_ns=2965875 cpu_ns=2966916 states=2213 verified=48 completion=0 alternatives=7
INSTRUMENTATION_STATUS_CODE: 0
INSTRUMENTATION_STATUS: candidate_width_measurement=v1 id=37 maximum=7 round=0 wall_ns=8817959 cpu_ns=8819917 states=8192 verified=5 completion=3 alternatives=5
INSTRUMENTATION_STATUS_CODE: 0
INSTRUMENTATION_STATUS: candidate_width_measurement=v1 id=37 maximum=3 round=0 wall_ns=9084959 cpu_ns=9087000 states=8192 verified=5 completion=3 alternatives=3
INSTRUMENTATION_STATUS_CODE: 0
INSTRUMENTATION_STATUS: candidate_width_measurement=v1 id=37 maximum=1 round=0 wall_ns=1525375 cpu_ns=1526708 states=1093 verified=5 completion=0 alternatives=1
INSTRUMENTATION_STATUS_CODE: 0
INSTRUMENTATION_STATUS: candidate_width_measurement=v1 id=38 maximum=1 round=0 wall_ns=716375 cpu_ns=717292 states=537 verified=6 completion=0 alternatives=1
INSTRUMENTATION_STATUS_CODE: 0
INSTRUMENTATION_STATUS: candidate_width_measurement=v1 id=38 maximum=3 round=0 wall_ns=3416834 cpu_ns=3417917 states=2434 verified=28 completion=0 alternatives=3
INSTRUMENTATION_STATUS_CODE: 0
INSTRUMENTATION_STATUS: candidate_width_measurement=v1 id=38 maximum=7 round=0 wall_ns=9507375 cpu_ns=9509708 states=8192 verified=29 completion=3 alternatives=7
INSTRUMENTATION_STATUS_CODE: 0
INSTRUMENTATION_STATUS: candidate_width_measurement=v1 id=39 maximum=7 round=0 wall_ns=2781584 cpu_ns=2782708 states=1873 verified=64 completion=4 alternatives=7
INSTRUMENTATION_STATUS_CODE: 0
INSTRUMENTATION_STATUS: candidate_width_measurement=v1 id=39 maximum=3 round=0 wall_ns=2565250 cpu_ns=2566416 states=1873 verified=64 completion=4 alternatives=3
INSTRUMENTATION_STATUS_CODE: 0
INSTRUMENTATION_STATUS: candidate_width_measurement=v1 id=39 maximum=1 round=0 wall_ns=700375 cpu_ns=701417 states=412 verified=23 completion=0 alternatives=1
INSTRUMENTATION_STATUS_CODE: 0
INSTRUMENTATION_STATUS: candidate_width_measurement=v1 id=40 maximum=1 round=0 wall_ns=425750 cpu_ns=426459 states=310 verified=33 completion=0 alternatives=1
INSTRUMENTATION_STATUS_CODE: 0
INSTRUMENTATION_STATUS: candidate_width_measurement=v1 id=40 maximum=3 round=0 wall_ns=353500 cpu_ns=354459 states=310 verified=33 completion=0 alternatives=3
INSTRUMENTATION_STATUS_CODE: 0
INSTRUMENTATION_STATUS: candidate_width_measurement=v1 id=40 maximum=7 round=0 wall_ns=966292 cpu_ns=967541 states=1119 verified=42 completion=0 alternatives=7
INSTRUMENTATION_STATUS_CODE: 0
INSTRUMENTATION_STATUS: candidate_width_measurement=v1 id=41 maximum=7 round=0 wall_ns=2471666 cpu_ns=2472875 states=3007 verified=13 completion=0 alternatives=7
INSTRUMENTATION_STATUS_CODE: 0
INSTRUMENTATION_STATUS: candidate_width_measurement=v1 id=41 maximum=3 round=0 wall_ns=1309167 cpu_ns=1310125 states=1616 verified=9 completion=0 alternatives=3
INSTRUMENTATION_STATUS_CODE: 0
INSTRUMENTATION_STATUS: candidate_width_measurement=v1 id=41 maximum=1 round=0 wall_ns=332167 cpu_ns=333125 states=353 verified=5 completion=0 alternatives=1
INSTRUMENTATION_STATUS_CODE: 0
INSTRUMENTATION_STATUS: candidate_width_measurement=v1 id=42 maximum=1 round=0 wall_ns=278167 cpu_ns=279416 states=236 verified=23 completion=0 alternatives=1
INSTRUMENTATION_STATUS_CODE: 0
INSTRUMENTATION_STATUS: candidate_width_measurement=v1 id=42 maximum=3 round=0 wall_ns=372041 cpu_ns=372833 states=401 verified=27 completion=0 alternatives=3
INSTRUMENTATION_STATUS_CODE: 0
INSTRUMENTATION_STATUS: candidate_width_measurement=v1 id=42 maximum=7 round=0 wall_ns=1058750 cpu_ns=1059584 states=1399 verified=41 completion=0 alternatives=7
INSTRUMENTATION_STATUS_CODE: 0
INSTRUMENTATION_STATUS: candidate_width_measurement=v1 id=43 maximum=7 round=0 wall_ns=5548125 cpu_ns=5550250 states=4904 verified=13 completion=0 alternatives=7
INSTRUMENTATION_STATUS_CODE: 0
INSTRUMENTATION_STATUS: candidate_width_measurement=v1 id=43 maximum=3 round=0 wall_ns=1834000 cpu_ns=1834958 states=1640 verified=7 completion=0 alternatives=3
INSTRUMENTATION_STATUS_CODE: 0
INSTRUMENTATION_STATUS: candidate_width_measurement=v1 id=43 maximum=1 round=0 wall_ns=1828750 cpu_ns=1830208 states=1640 verified=7 completion=0 alternatives=1
INSTRUMENTATION_STATUS_CODE: 0
INSTRUMENTATION_STATUS: candidate_width_measurement=v1 id=44 maximum=1 round=0 wall_ns=590166 cpu_ns=591958 states=612 verified=5 completion=0 alternatives=1
INSTRUMENTATION_STATUS_CODE: 0
INSTRUMENTATION_STATUS: candidate_width_measurement=v1 id=44 maximum=3 round=0 wall_ns=1294000 cpu_ns=1294750 states=1492 verified=7 completion=0 alternatives=3
INSTRUMENTATION_STATUS_CODE: 0
INSTRUMENTATION_STATUS: candidate_width_measurement=v1 id=44 maximum=7 round=0 wall_ns=2011208 cpu_ns=2012292 states=2455 verified=10 completion=0 alternatives=4
INSTRUMENTATION_STATUS_CODE: 0
INSTRUMENTATION_STATUS: candidate_width_measurement=v1 id=45 maximum=7 round=0 wall_ns=26250 cpu_ns=27000 states=28 verified=0 completion=2 alternatives=0
INSTRUMENTATION_STATUS_CODE: 0
INSTRUMENTATION_STATUS: candidate_width_measurement=v1 id=45 maximum=3 round=0 wall_ns=31208 cpu_ns=32083 states=28 verified=0 completion=2 alternatives=0
INSTRUMENTATION_STATUS_CODE: 0
INSTRUMENTATION_STATUS: candidate_width_measurement=v1 id=45 maximum=1 round=0 wall_ns=24708 cpu_ns=25584 states=28 verified=0 completion=2 alternatives=0
INSTRUMENTATION_STATUS_CODE: 0
INSTRUMENTATION_STATUS: candidate_width_measurement=v1 id=46 maximum=1 round=0 wall_ns=909208 cpu_ns=910000 states=724 verified=11 completion=0 alternatives=1
INSTRUMENTATION_STATUS_CODE: 0
INSTRUMENTATION_STATUS: candidate_width_measurement=v1 id=46 maximum=3 round=0 wall_ns=898375 cpu_ns=899291 states=724 verified=11 completion=0 alternatives=3
INSTRUMENTATION_STATUS_CODE: 0
INSTRUMENTATION_STATUS: candidate_width_measurement=v1 id=46 maximum=7 round=0 wall_ns=2457333 cpu_ns=2458250 states=2202 verified=27 completion=0 alternatives=7
INSTRUMENTATION_STATUS_CODE: 0
INSTRUMENTATION_STATUS: candidate_width_measurement=v1 id=47 maximum=7 round=0 wall_ns=9186292 cpu_ns=9187667 states=8192 verified=16 completion=3 alternatives=7
INSTRUMENTATION_STATUS_CODE: 0
INSTRUMENTATION_STATUS: candidate_width_measurement=v1 id=47 maximum=3 round=0 wall_ns=3096541 cpu_ns=3097667 states=2580 verified=16 completion=0 alternatives=3
INSTRUMENTATION_STATUS_CODE: 0
INSTRUMENTATION_STATUS: candidate_width_measurement=v1 id=47 maximum=1 round=0 wall_ns=2359292 cpu_ns=2361791 states=1621 verified=16 completion=0 alternatives=1
INSTRUMENTATION_STATUS_CODE: 0
INSTRUMENTATION_STATUS: candidate_width_measurement=v1 id=48 maximum=1 round=0 wall_ns=2147792 cpu_ns=2148666 states=1680 verified=21 completion=0 alternatives=1
INSTRUMENTATION_STATUS_CODE: 0
INSTRUMENTATION_STATUS: candidate_width_measurement=v1 id=48 maximum=3 round=0 wall_ns=2068833 cpu_ns=2069666 states=1680 verified=21 completion=0 alternatives=3
INSTRUMENTATION_STATUS_CODE: 0
INSTRUMENTATION_STATUS: candidate_width_measurement=v1 id=48 maximum=7 round=0 wall_ns=2063500 cpu_ns=2064167 states=1680 verified=21 completion=0 alternatives=7
INSTRUMENTATION_STATUS_CODE: 0
INSTRUMENTATION_STATUS: candidate_width_measurement=v1 id=49 maximum=7 round=0 wall_ns=1382916 cpu_ns=1383708 states=1514 verified=18 completion=0 alternatives=7
INSTRUMENTATION_STATUS_CODE: 0
INSTRUMENTATION_STATUS: candidate_width_measurement=v1 id=49 maximum=3 round=0 wall_ns=1345167 cpu_ns=1346042 states=1514 verified=18 completion=0 alternatives=3
INSTRUMENTATION_STATUS_CODE: 0
INSTRUMENTATION_STATUS: candidate_width_measurement=v1 id=49 maximum=1 round=0 wall_ns=284542 cpu_ns=285083 states=296 verified=5 completion=0 alternatives=1
INSTRUMENTATION_STATUS_CODE: 0
INSTRUMENTATION_STATUS: candidate_width_measurement=v1 id=50 maximum=1 round=0 wall_ns=429333 cpu_ns=430458 states=322 verified=8 completion=0 alternatives=1
INSTRUMENTATION_STATUS_CODE: 0
INSTRUMENTATION_STATUS: candidate_width_measurement=v1 id=50 maximum=3 round=0 wall_ns=2653458 cpu_ns=2654584 states=1892 verified=64 completion=4 alternatives=3
INSTRUMENTATION_STATUS_CODE: 0
INSTRUMENTATION_STATUS: candidate_width_measurement=v1 id=50 maximum=7 round=0 wall_ns=2599083 cpu_ns=2600125 states=1892 verified=64 completion=4 alternatives=7
INSTRUMENTATION_STATUS_CODE: 0
INSTRUMENTATION_STATUS: candidate_width_measurement=v1 id=51 maximum=7 round=0 wall_ns=691209 cpu_ns=692166 states=740 verified=11 completion=0 alternatives=7
INSTRUMENTATION_STATUS_CODE: 0
INSTRUMENTATION_STATUS: candidate_width_measurement=v1 id=51 maximum=3 round=0 wall_ns=480250 cpu_ns=481417 states=448 verified=11 completion=0 alternatives=3
INSTRUMENTATION_STATUS_CODE: 0
INSTRUMENTATION_STATUS: candidate_width_measurement=v1 id=51 maximum=1 round=0 wall_ns=440750 cpu_ns=441542 states=448 verified=11 completion=0 alternatives=1
INSTRUMENTATION_STATUS_CODE: 0
INSTRUMENTATION_STATUS: candidate_width_measurement=v1 id=52 maximum=1 round=0 wall_ns=2303417 cpu_ns=2304209 states=2008 verified=3 completion=0 alternatives=1
INSTRUMENTATION_STATUS_CODE: 0
INSTRUMENTATION_STATUS: candidate_width_measurement=v1 id=52 maximum=3 round=0 wall_ns=9327459 cpu_ns=9329250 states=8192 verified=4 completion=3 alternatives=3
INSTRUMENTATION_STATUS_CODE: 0
INSTRUMENTATION_STATUS: candidate_width_measurement=v1 id=52 maximum=7 round=0 wall_ns=9119167 cpu_ns=9121500 states=8192 verified=4 completion=3 alternatives=4
INSTRUMENTATION_STATUS_CODE: 0
INSTRUMENTATION_STATUS: candidate_width_measurement=v1 id=53 maximum=7 round=0 wall_ns=1462250 cpu_ns=1463500 states=1667 verified=10 completion=0 alternatives=7
INSTRUMENTATION_STATUS_CODE: 0
INSTRUMENTATION_STATUS: candidate_width_measurement=v1 id=53 maximum=3 round=0 wall_ns=426625 cpu_ns=427375 states=455 verified=6 completion=0 alternatives=3
INSTRUMENTATION_STATUS_CODE: 0
INSTRUMENTATION_STATUS: candidate_width_measurement=v1 id=53 maximum=1 round=0 wall_ns=298000 cpu_ns=298500 states=312 verified=4 completion=0 alternatives=1
INSTRUMENTATION_STATUS_CODE: 0
INSTRUMENTATION_STATUS: candidate_width_measurement=v1 id=54 maximum=1 round=0 wall_ns=1755375 cpu_ns=1756875 states=1412 verified=12 completion=0 alternatives=1
INSTRUMENTATION_STATUS_CODE: 0
INSTRUMENTATION_STATUS: candidate_width_measurement=v1 id=54 maximum=3 round=0 wall_ns=4958417 cpu_ns=4959000 states=4405 verified=14 completion=0 alternatives=3
INSTRUMENTATION_STATUS_CODE: 0
INSTRUMENTATION_STATUS: candidate_width_measurement=v1 id=54 maximum=7 round=0 wall_ns=8577916 cpu_ns=8579542 states=8192 verified=14 completion=3 alternatives=7
INSTRUMENTATION_STATUS_CODE: 0
INSTRUMENTATION_STATUS: candidate_width_measurement=v1 id=55 maximum=7 round=0 wall_ns=8169250 cpu_ns=8171708 states=6979 verified=13 completion=0 alternatives=7
INSTRUMENTATION_STATUS_CODE: 0
INSTRUMENTATION_STATUS: candidate_width_measurement=v1 id=55 maximum=3 round=0 wall_ns=7985792 cpu_ns=7986958 states=6979 verified=13 completion=0 alternatives=3
INSTRUMENTATION_STATUS_CODE: 0
INSTRUMENTATION_STATUS: candidate_width_measurement=v1 id=55 maximum=1 round=0 wall_ns=2840083 cpu_ns=2841417 states=2276 verified=10 completion=0 alternatives=1
INSTRUMENTATION_STATUS_CODE: 0
INSTRUMENTATION_STATUS: candidate_width_measurement=v1 id=56 maximum=1 round=0 wall_ns=1518916 cpu_ns=1358375 states=1277 verified=8 completion=0 alternatives=1
INSTRUMENTATION_STATUS_CODE: 0
INSTRUMENTATION_STATUS: candidate_width_measurement=v1 id=56 maximum=3 round=0 wall_ns=1385625 cpu_ns=1268791 states=1277 verified=8 completion=0 alternatives=3
INSTRUMENTATION_STATUS_CODE: 0
INSTRUMENTATION_STATUS: candidate_width_measurement=v1 id=56 maximum=7 round=0 wall_ns=1023083 cpu_ns=1024000 states=1277 verified=8 completion=0 alternatives=7
INSTRUMENTATION_STATUS_CODE: 0
INSTRUMENTATION_STATUS: candidate_width_measurement=v1 id=57 maximum=7 round=0 wall_ns=8859333 cpu_ns=8860417 states=8192 verified=3 completion=3 alternatives=3
INSTRUMENTATION_STATUS_CODE: 0
INSTRUMENTATION_STATUS: candidate_width_measurement=v1 id=57 maximum=3 round=0 wall_ns=8923792 cpu_ns=8926333 states=8192 verified=3 completion=3 alternatives=3
INSTRUMENTATION_STATUS_CODE: 0
INSTRUMENTATION_STATUS: candidate_width_measurement=v1 id=57 maximum=1 round=0 wall_ns=1994125 cpu_ns=1994958 states=1609 verified=3 completion=0 alternatives=1
INSTRUMENTATION_STATUS_CODE: 0
INSTRUMENTATION_STATUS: candidate_width_measurement=v1 id=58 maximum=1 round=0 wall_ns=477208 cpu_ns=478375 states=349 verified=5 completion=0 alternatives=1
INSTRUMENTATION_STATUS_CODE: 0
INSTRUMENTATION_STATUS: candidate_width_measurement=v1 id=58 maximum=3 round=0 wall_ns=3168250 cpu_ns=3170875 states=2200 verified=48 completion=0 alternatives=3
INSTRUMENTATION_STATUS_CODE: 0
INSTRUMENTATION_STATUS: candidate_width_measurement=v1 id=58 maximum=7 round=0 wall_ns=3124208 cpu_ns=3125875 states=2200 verified=48 completion=0 alternatives=7
INSTRUMENTATION_STATUS_CODE: 0
INSTRUMENTATION_STATUS: candidate_width_measurement=v1 id=59 maximum=7 round=0 wall_ns=6770792 cpu_ns=6773583 states=5151 verified=15 completion=0 alternatives=7
INSTRUMENTATION_STATUS_CODE: 0
INSTRUMENTATION_STATUS: candidate_width_measurement=v1 id=59 maximum=3 round=0 wall_ns=3235334 cpu_ns=3236417 states=2741 verified=13 completion=0 alternatives=3
INSTRUMENTATION_STATUS_CODE: 0
INSTRUMENTATION_STATUS: candidate_width_measurement=v1 id=59 maximum=1 round=0 wall_ns=2950542 cpu_ns=2953833 states=1483 verified=9 completion=0 alternatives=1
INSTRUMENTATION_STATUS_CODE: 0
INSTRUMENTATION_STATUS: candidate_width_measurement=v1 id=0 maximum=7 round=1 wall_ns=9358583 cpu_ns=9362250 states=8192 verified=13 completion=3 alternatives=7
INSTRUMENTATION_STATUS_CODE: 0
INSTRUMENTATION_STATUS: candidate_width_measurement=v1 id=0 maximum=3 round=1 wall_ns=5300459 cpu_ns=5308291 states=4713 verified=13 completion=0 alternatives=3
INSTRUMENTATION_STATUS_CODE: 0
INSTRUMENTATION_STATUS: candidate_width_measurement=v1 id=0 maximum=1 round=1 wall_ns=2213250 cpu_ns=2219750 states=1475 verified=13 completion=0 alternatives=1
INSTRUMENTATION_STATUS_CODE: 0
INSTRUMENTATION_STATUS: candidate_width_measurement=v1 id=1 maximum=1 round=1 wall_ns=435125 cpu_ns=436459 states=444 verified=9 completion=0 alternatives=1
INSTRUMENTATION_STATUS_CODE: 0
INSTRUMENTATION_STATUS: candidate_width_measurement=v1 id=1 maximum=3 round=1 wall_ns=390583 cpu_ns=391792 states=444 verified=9 completion=0 alternatives=3
INSTRUMENTATION_STATUS_CODE: 0
INSTRUMENTATION_STATUS: candidate_width_measurement=v1 id=1 maximum=7 round=1 wall_ns=1143125 cpu_ns=1144208 states=1438 verified=13 completion=0 alternatives=7
INSTRUMENTATION_STATUS_CODE: 0
INSTRUMENTATION_STATUS: candidate_width_measurement=v1 id=2 maximum=7 round=1 wall_ns=9189375 cpu_ns=9192250 states=8192 verified=5 completion=3 alternatives=5
INSTRUMENTATION_STATUS_CODE: 0
INSTRUMENTATION_STATUS: candidate_width_measurement=v1 id=2 maximum=3 round=1 wall_ns=7994583 cpu_ns=7997875 states=6379 verified=5 completion=0 alternatives=3
INSTRUMENTATION_STATUS_CODE: 0
INSTRUMENTATION_STATUS: candidate_width_measurement=v1 id=2 maximum=1 round=1 wall_ns=2872333 cpu_ns=2875042 states=1689 verified=2 completion=0 alternatives=1
INSTRUMENTATION_STATUS_CODE: 0
INSTRUMENTATION_STATUS: candidate_width_measurement=v1 id=3 maximum=1 round=1 wall_ns=2058458 cpu_ns=2059375 states=1775 verified=17 completion=0 alternatives=1
INSTRUMENTATION_STATUS_CODE: 0
INSTRUMENTATION_STATUS: candidate_width_measurement=v1 id=3 maximum=3 round=1 wall_ns=3139417 cpu_ns=3140125 states=2646 verified=46 completion=0 alternatives=3
INSTRUMENTATION_STATUS_CODE: 0
INSTRUMENTATION_STATUS: candidate_width_measurement=v1 id=3 maximum=7 round=1 wall_ns=8162250 cpu_ns=8166584 states=6441 verified=57 completion=0 alternatives=7
INSTRUMENTATION_STATUS_CODE: 0
INSTRUMENTATION_STATUS: candidate_width_measurement=v1 id=4 maximum=7 round=1 wall_ns=9249416 cpu_ns=9252375 states=8192 verified=7 completion=3 alternatives=7
INSTRUMENTATION_STATUS_CODE: 0
INSTRUMENTATION_STATUS: candidate_width_measurement=v1 id=4 maximum=3 round=1 wall_ns=5099417 cpu_ns=5102292 states=4569 verified=7 completion=0 alternatives=3
INSTRUMENTATION_STATUS_CODE: 0
INSTRUMENTATION_STATUS: candidate_width_measurement=v1 id=4 maximum=1 round=1 wall_ns=2612458 cpu_ns=2615000 states=1562 verified=7 completion=0 alternatives=1
INSTRUMENTATION_STATUS_CODE: 0
INSTRUMENTATION_STATUS: candidate_width_measurement=v1 id=5 maximum=1 round=1 wall_ns=610667 cpu_ns=611667 states=514 verified=11 completion=0 alternatives=1
INSTRUMENTATION_STATUS_CODE: 0
INSTRUMENTATION_STATUS: candidate_width_measurement=v1 id=5 maximum=3 round=1 wall_ns=2886709 cpu_ns=2888458 states=2139 verified=59 completion=0 alternatives=3
INSTRUMENTATION_STATUS_CODE: 0
INSTRUMENTATION_STATUS: candidate_width_measurement=v1 id=5 maximum=7 round=1 wall_ns=3392917 cpu_ns=3394750 states=2139 verified=59 completion=0 alternatives=7
INSTRUMENTATION_STATUS_CODE: 0
INSTRUMENTATION_STATUS: candidate_width_measurement=v1 id=6 maximum=7 round=1 wall_ns=6138667 cpu_ns=6140917 states=5398 verified=16 completion=0 alternatives=7
INSTRUMENTATION_STATUS_CODE: 0
INSTRUMENTATION_STATUS: candidate_width_measurement=v1 id=6 maximum=3 round=1 wall_ns=5909542 cpu_ns=5911833 states=5398 verified=16 completion=0 alternatives=3
INSTRUMENTATION_STATUS_CODE: 0
INSTRUMENTATION_STATUS: candidate_width_measurement=v1 id=6 maximum=1 round=1 wall_ns=1513416 cpu_ns=1514125 states=1463 verified=6 completion=0 alternatives=1
INSTRUMENTATION_STATUS_CODE: 0
INSTRUMENTATION_STATUS: candidate_width_measurement=v1 id=7 maximum=1 round=1 wall_ns=2051750 cpu_ns=2052417 states=1851 verified=8 completion=0 alternatives=1
INSTRUMENTATION_STATUS_CODE: 0
INSTRUMENTATION_STATUS: candidate_width_measurement=v1 id=7 maximum=3 round=1 wall_ns=2201750 cpu_ns=2203334 states=1851 verified=8 completion=0 alternatives=3
INSTRUMENTATION_STATUS_CODE: 0
INSTRUMENTATION_STATUS: candidate_width_measurement=v1 id=7 maximum=7 round=1 wall_ns=7715125 cpu_ns=7717291 states=5678 verified=45 completion=0 alternatives=7
INSTRUMENTATION_STATUS_CODE: 0
INSTRUMENTATION_STATUS: candidate_width_measurement=v1 id=8 maximum=7 round=1 wall_ns=2297958 cpu_ns=2299208 states=1503 verified=64 completion=4 alternatives=7
INSTRUMENTATION_STATUS_CODE: 0
INSTRUMENTATION_STATUS: candidate_width_measurement=v1 id=8 maximum=3 round=1 wall_ns=2153042 cpu_ns=2154125 states=1503 verified=64 completion=4 alternatives=3
INSTRUMENTATION_STATUS_CODE: 0
INSTRUMENTATION_STATUS: candidate_width_measurement=v1 id=8 maximum=1 round=1 wall_ns=511958 cpu_ns=512958 states=327 verified=18 completion=0 alternatives=1
INSTRUMENTATION_STATUS_CODE: 0
INSTRUMENTATION_STATUS: candidate_width_measurement=v1 id=9 maximum=1 round=1 wall_ns=387500 cpu_ns=388666 states=358 verified=4 completion=0 alternatives=1
INSTRUMENTATION_STATUS_CODE: 0
INSTRUMENTATION_STATUS: candidate_width_measurement=v1 id=9 maximum=3 round=1 wall_ns=1394792 cpu_ns=1395625 states=1282 verified=10 completion=0 alternatives=3
INSTRUMENTATION_STATUS_CODE: 0
INSTRUMENTATION_STATUS: candidate_width_measurement=v1 id=9 maximum=7 round=1 wall_ns=4714625 cpu_ns=4715791 states=4662 verified=13 completion=0 alternatives=7
INSTRUMENTATION_STATUS_CODE: 0
INSTRUMENTATION_STATUS: candidate_width_measurement=v1 id=10 maximum=7 round=1 wall_ns=1620084 cpu_ns=1621167 states=1917 verified=42 completion=0 alternatives=7
INSTRUMENTATION_STATUS_CODE: 0
INSTRUMENTATION_STATUS: candidate_width_measurement=v1 id=10 maximum=3 round=1 wall_ns=578125 cpu_ns=480459 states=422 verified=20 completion=0 alternatives=3
INSTRUMENTATION_STATUS_CODE: 0
INSTRUMENTATION_STATUS: candidate_width_measurement=v1 id=10 maximum=1 round=1 wall_ns=435458 cpu_ns=436375 states=422 verified=20 completion=0 alternatives=1
INSTRUMENTATION_STATUS_CODE: 0
INSTRUMENTATION_STATUS: candidate_width_measurement=v1 id=11 maximum=1 round=1 wall_ns=2501083 cpu_ns=2501917 states=2058 verified=28 completion=0 alternatives=1
INSTRUMENTATION_STATUS_CODE: 0
INSTRUMENTATION_STATUS: candidate_width_measurement=v1 id=11 maximum=3 round=1 wall_ns=2407833 cpu_ns=2408500 states=2058 verified=28 completion=0 alternatives=3
INSTRUMENTATION_STATUS_CODE: 0
INSTRUMENTATION_STATUS: candidate_width_measurement=v1 id=11 maximum=7 round=1 wall_ns=8950667 cpu_ns=8951500 states=8192 verified=49 completion=3 alternatives=7
INSTRUMENTATION_STATUS_CODE: 0
INSTRUMENTATION_STATUS: candidate_width_measurement=v1 id=12 maximum=7 round=1 wall_ns=1664208 cpu_ns=1664833 states=1986 verified=15 completion=0 alternatives=7
INSTRUMENTATION_STATUS_CODE: 0
INSTRUMENTATION_STATUS: candidate_width_measurement=v1 id=12 maximum=3 round=1 wall_ns=397375 cpu_ns=398000 states=420 verified=5 completion=0 alternatives=3
INSTRUMENTATION_STATUS_CODE: 0
INSTRUMENTATION_STATUS: candidate_width_measurement=v1 id=12 maximum=1 round=1 wall_ns=372459 cpu_ns=373334 states=324 verified=4 completion=0 alternatives=1
INSTRUMENTATION_STATUS_CODE: 0
INSTRUMENTATION_STATUS: candidate_width_measurement=v1 id=13 maximum=1 round=1 wall_ns=874875 cpu_ns=875833 states=599 verified=26 completion=0 alternatives=1
INSTRUMENTATION_STATUS_CODE: 0
INSTRUMENTATION_STATUS: candidate_width_measurement=v1 id=13 maximum=3 round=1 wall_ns=2318667 cpu_ns=2319667 states=1861 verified=44 completion=0 alternatives=3
INSTRUMENTATION_STATUS_CODE: 0
INSTRUMENTATION_STATUS: candidate_width_measurement=v1 id=13 maximum=7 round=1 wall_ns=3735333 cpu_ns=3736041 states=2999 verified=64 completion=4 alternatives=7
INSTRUMENTATION_STATUS_CODE: 0
INSTRUMENTATION_STATUS: candidate_width_measurement=v1 id=14 maximum=7 round=1 wall_ns=8561083 cpu_ns=8561792 states=8192 verified=1 completion=3 alternatives=1
INSTRUMENTATION_STATUS_CODE: 0
INSTRUMENTATION_STATUS: candidate_width_measurement=v1 id=14 maximum=3 round=1 wall_ns=9327791 cpu_ns=9039459 states=8192 verified=1 completion=3 alternatives=1
INSTRUMENTATION_STATUS_CODE: 0
INSTRUMENTATION_STATUS: candidate_width_measurement=v1 id=14 maximum=1 round=1 wall_ns=2099958 cpu_ns=2101125 states=1930 verified=1 completion=0 alternatives=1
INSTRUMENTATION_STATUS_CODE: 0
INSTRUMENTATION_STATUS: candidate_width_measurement=v1 id=15 maximum=1 round=1 wall_ns=229417 cpu_ns=230291 states=250 verified=3 completion=0 alternatives=1
INSTRUMENTATION_STATUS_CODE: 0
INSTRUMENTATION_STATUS: candidate_width_measurement=v1 id=15 maximum=3 round=1 wall_ns=994792 cpu_ns=995334 states=1324 verified=9 completion=0 alternatives=3
INSTRUMENTATION_STATUS_CODE: 0
INSTRUMENTATION_STATUS: candidate_width_measurement=v1 id=15 maximum=7 round=1 wall_ns=1021708 cpu_ns=1022917 states=1324 verified=9 completion=0 alternatives=7
INSTRUMENTATION_STATUS_CODE: 0
INSTRUMENTATION_STATUS: candidate_width_measurement=v1 id=16 maximum=7 round=1 wall_ns=8576041 cpu_ns=8458876 states=8192 verified=14 completion=3 alternatives=7
INSTRUMENTATION_STATUS_CODE: 0
INSTRUMENTATION_STATUS: candidate_width_measurement=v1 id=16 maximum=3 round=1 wall_ns=1784292 cpu_ns=1784958 states=1607 verified=13 completion=0 alternatives=3
INSTRUMENTATION_STATUS_CODE: 0
INSTRUMENTATION_STATUS: candidate_width_measurement=v1 id=16 maximum=1 round=1 wall_ns=1825958 cpu_ns=1828000 states=1607 verified=13 completion=0 alternatives=1
INSTRUMENTATION_STATUS_CODE: 0
INSTRUMENTATION_STATUS: candidate_width_measurement=v1 id=17 maximum=1 round=1 wall_ns=1535792 cpu_ns=1536584 states=1517 verified=1 completion=0 alternatives=1
INSTRUMENTATION_STATUS_CODE: 0
INSTRUMENTATION_STATUS: candidate_width_measurement=v1 id=17 maximum=3 round=1 wall_ns=8437417 cpu_ns=8438208 states=8192 verified=2 completion=3 alternatives=2
INSTRUMENTATION_STATUS_CODE: 0
INSTRUMENTATION_STATUS: candidate_width_measurement=v1 id=17 maximum=7 round=1 wall_ns=8056000 cpu_ns=8056667 states=8192 verified=2 completion=3 alternatives=2
INSTRUMENTATION_STATUS_CODE: 0
INSTRUMENTATION_STATUS: candidate_width_measurement=v1 id=18 maximum=7 round=1 wall_ns=2568416 cpu_ns=2569083 states=3409 verified=5 completion=0 alternatives=5
INSTRUMENTATION_STATUS_CODE: 0
INSTRUMENTATION_STATUS: candidate_width_measurement=v1 id=18 maximum=3 round=1 wall_ns=1644708 cpu_ns=1646375 states=2064 verified=5 completion=0 alternatives=3
INSTRUMENTATION_STATUS_CODE: 0
INSTRUMENTATION_STATUS: candidate_width_measurement=v1 id=18 maximum=1 round=1 wall_ns=386167 cpu_ns=386875 states=411 verified=4 completion=0 alternatives=1
INSTRUMENTATION_STATUS_CODE: 0
INSTRUMENTATION_STATUS: candidate_width_measurement=v1 id=19 maximum=1 round=1 wall_ns=375417 cpu_ns=376417 states=292 verified=29 completion=0 alternatives=1
INSTRUMENTATION_STATUS_CODE: 0
INSTRUMENTATION_STATUS: candidate_width_measurement=v1 id=19 maximum=3 round=1 wall_ns=348750 cpu_ns=349542 states=292 verified=29 completion=0 alternatives=3
INSTRUMENTATION_STATUS_CODE: 0
INSTRUMENTATION_STATUS: candidate_width_measurement=v1 id=19 maximum=7 round=1 wall_ns=990250 cpu_ns=990792 states=1121 verified=50 completion=0 alternatives=7
INSTRUMENTATION_STATUS_CODE: 0
INSTRUMENTATION_STATUS: candidate_width_measurement=v1 id=20 maximum=7 round=1 wall_ns=3955333 cpu_ns=3956042 states=2619 verified=64 completion=4 alternatives=7
INSTRUMENTATION_STATUS_CODE: 0
INSTRUMENTATION_STATUS: candidate_width_measurement=v1 id=20 maximum=3 round=1 wall_ns=3596459 cpu_ns=3597709 states=2619 verified=64 completion=4 alternatives=3
INSTRUMENTATION_STATUS_CODE: 0
INSTRUMENTATION_STATUS: candidate_width_measurement=v1 id=20 maximum=1 round=1 wall_ns=3604417 cpu_ns=3605708 states=2619 verified=64 completion=4 alternatives=1
INSTRUMENTATION_STATUS_CODE: 0
INSTRUMENTATION_STATUS: candidate_width_measurement=v1 id=21 maximum=1 round=1 wall_ns=2704250 cpu_ns=2705041 states=2111 verified=12 completion=0 alternatives=1
INSTRUMENTATION_STATUS_CODE: 0
INSTRUMENTATION_STATUS: candidate_width_measurement=v1 id=21 maximum=3 round=1 wall_ns=2519458 cpu_ns=2520167 states=2111 verified=12 completion=0 alternatives=3
INSTRUMENTATION_STATUS_CODE: 0
INSTRUMENTATION_STATUS: candidate_width_measurement=v1 id=21 maximum=7 round=1 wall_ns=6683500 cpu_ns=6684250 states=5806 verified=21 completion=0 alternatives=7
INSTRUMENTATION_STATUS_CODE: 0
INSTRUMENTATION_STATUS: candidate_width_measurement=v1 id=22 maximum=7 round=1 wall_ns=1608750 cpu_ns=1609375 states=1928 verified=10 completion=0 alternatives=7
INSTRUMENTATION_STATUS_CODE: 0
INSTRUMENTATION_STATUS: candidate_width_measurement=v1 id=22 maximum=3 round=1 wall_ns=1529375 cpu_ns=1530459 states=1928 verified=10 completion=0 alternatives=3
INSTRUMENTATION_STATUS_CODE: 0
INSTRUMENTATION_STATUS: candidate_width_measurement=v1 id=22 maximum=1 round=1 wall_ns=254333 cpu_ns=255000 states=293 verified=2 completion=0 alternatives=1
INSTRUMENTATION_STATUS_CODE: 0
INSTRUMENTATION_STATUS: candidate_width_measurement=v1 id=23 maximum=1 round=1 wall_ns=242459 cpu_ns=243209 states=253 verified=3 completion=0 alternatives=1
INSTRUMENTATION_STATUS_CODE: 0
INSTRUMENTATION_STATUS: candidate_width_measurement=v1 id=23 maximum=3 round=1 wall_ns=234208 cpu_ns=234833 states=253 verified=3 completion=0 alternatives=3
INSTRUMENTATION_STATUS_CODE: 0
INSTRUMENTATION_STATUS: candidate_width_measurement=v1 id=23 maximum=7 round=1 wall_ns=1447750 cpu_ns=1448958 states=1455 verified=24 completion=0 alternatives=7
INSTRUMENTATION_STATUS_CODE: 0
INSTRUMENTATION_STATUS: candidate_width_measurement=v1 id=24 maximum=7 round=1 wall_ns=1013458 cpu_ns=1014584 states=1273 verified=29 completion=0 alternatives=7
INSTRUMENTATION_STATUS_CODE: 0
INSTRUMENTATION_STATUS: candidate_width_measurement=v1 id=24 maximum=3 round=1 wall_ns=216833 cpu_ns=217792 states=192 verified=11 completion=0 alternatives=3
INSTRUMENTATION_STATUS_CODE: 0
INSTRUMENTATION_STATUS: candidate_width_measurement=v1 id=24 maximum=1 round=1 wall_ns=197834 cpu_ns=198417 states=192 verified=11 completion=0 alternatives=1
INSTRUMENTATION_STATUS_CODE: 0
INSTRUMENTATION_STATUS: candidate_width_measurement=v1 id=25 maximum=1 round=1 wall_ns=1839750 cpu_ns=1840834 states=1614 verified=6 completion=0 alternatives=1
INSTRUMENTATION_STATUS_CODE: 0
INSTRUMENTATION_STATUS: candidate_width_measurement=v1 id=25 maximum=3 round=1 wall_ns=6693834 cpu_ns=6695500 states=6796 verified=11 completion=0 alternatives=3
INSTRUMENTATION_STATUS_CODE: 0
INSTRUMENTATION_STATUS: candidate_width_measurement=v1 id=25 maximum=7 round=1 wall_ns=6435416 cpu_ns=6436250 states=6796 verified=11 completion=0 alternatives=7
INSTRUMENTATION_STATUS_CODE: 0
INSTRUMENTATION_STATUS: candidate_width_measurement=v1 id=26 maximum=7 round=1 wall_ns=5371417 cpu_ns=5372375 states=4889 verified=39 completion=0 alternatives=7
INSTRUMENTATION_STATUS_CODE: 0
INSTRUMENTATION_STATUS: candidate_width_measurement=v1 id=26 maximum=3 round=1 wall_ns=5218083 cpu_ns=5218791 states=4889 verified=39 completion=0 alternatives=3
INSTRUMENTATION_STATUS_CODE: 0
INSTRUMENTATION_STATUS: candidate_width_measurement=v1 id=26 maximum=1 round=1 wall_ns=2273584 cpu_ns=2274291 states=1814 verified=31 completion=0 alternatives=1
INSTRUMENTATION_STATUS_CODE: 0
INSTRUMENTATION_STATUS: candidate_width_measurement=v1 id=27 maximum=1 round=1 wall_ns=298875 cpu_ns=299916 states=280 verified=6 completion=0 alternatives=1
INSTRUMENTATION_STATUS_CODE: 0
INSTRUMENTATION_STATUS: candidate_width_measurement=v1 id=27 maximum=3 round=1 wall_ns=280708 cpu_ns=281292 states=280 verified=6 completion=0 alternatives=3
INSTRUMENTATION_STATUS_CODE: 0
INSTRUMENTATION_STATUS: candidate_width_measurement=v1 id=27 maximum=7 round=1 wall_ns=1324000 cpu_ns=1325000 states=1508 verified=8 completion=0 alternatives=7
INSTRUMENTATION_STATUS_CODE: 0
INSTRUMENTATION_STATUS: candidate_width_measurement=v1 id=28 maximum=7 round=1 wall_ns=5048333 cpu_ns=5049791 states=4469 verified=63 completion=0 alternatives=7
INSTRUMENTATION_STATUS_CODE: 0
INSTRUMENTATION_STATUS: candidate_width_measurement=v1 id=28 maximum=3 round=1 wall_ns=2041250 cpu_ns=2041959 states=1466 verified=53 completion=0 alternatives=3
INSTRUMENTATION_STATUS_CODE: 0
INSTRUMENTATION_STATUS: candidate_width_measurement=v1 id=28 maximum=1 round=1 wall_ns=555542 cpu_ns=556416 states=336 verified=13 completion=0 alternatives=1
INSTRUMENTATION_STATUS_CODE: 0
INSTRUMENTATION_STATUS: candidate_width_measurement=v1 id=29 maximum=1 round=1 wall_ns=2314292 cpu_ns=2315417 states=1750 verified=28 completion=0 alternatives=1
INSTRUMENTATION_STATUS_CODE: 0
INSTRUMENTATION_STATUS: candidate_width_measurement=v1 id=29 maximum=3 round=1 wall_ns=2322291 cpu_ns=2323833 states=1750 verified=28 completion=0 alternatives=3
INSTRUMENTATION_STATUS_CODE: 0
INSTRUMENTATION_STATUS: candidate_width_measurement=v1 id=29 maximum=7 round=1 wall_ns=7645500 cpu_ns=7646375 states=7060 verified=55 completion=0 alternatives=7
INSTRUMENTATION_STATUS_CODE: 0
INSTRUMENTATION_STATUS: candidate_width_measurement=v1 id=30 maximum=7 round=1 wall_ns=3160750 cpu_ns=3161875 states=2206 verified=64 completion=4 alternatives=7
INSTRUMENTATION_STATUS_CODE: 0
INSTRUMENTATION_STATUS: candidate_width_measurement=v1 id=30 maximum=3 round=1 wall_ns=2936458 cpu_ns=2937167 states=2206 verified=64 completion=4 alternatives=3
INSTRUMENTATION_STATUS_CODE: 0
INSTRUMENTATION_STATUS: candidate_width_measurement=v1 id=30 maximum=1 round=1 wall_ns=3079125 cpu_ns=3080166 states=2206 verified=64 completion=4 alternatives=1
INSTRUMENTATION_STATUS_CODE: 0
INSTRUMENTATION_STATUS: candidate_width_measurement=v1 id=31 maximum=1 round=1 wall_ns=2366125 cpu_ns=2366708 states=2079 verified=2 completion=0 alternatives=1
INSTRUMENTATION_STATUS_CODE: 0
INSTRUMENTATION_STATUS: candidate_width_measurement=v1 id=31 maximum=3 round=1 wall_ns=2788125 cpu_ns=2789209 states=2464 verified=5 completion=0 alternatives=3
INSTRUMENTATION_STATUS_CODE: 0
INSTRUMENTATION_STATUS: candidate_width_measurement=v1 id=31 maximum=7 round=1 wall_ns=7128000 cpu_ns=7129417 states=6727 verified=12 completion=0 alternatives=7
INSTRUMENTATION_STATUS_CODE: 0
INSTRUMENTATION_STATUS: candidate_width_measurement=v1 id=32 maximum=7 round=1 wall_ns=5819000 cpu_ns=5819875 states=5006 verified=47 completion=0 alternatives=7
INSTRUMENTATION_STATUS_CODE: 0
INSTRUMENTATION_STATUS: candidate_width_measurement=v1 id=32 maximum=3 round=1 wall_ns=2334000 cpu_ns=2334584 states=1787 verified=39 completion=0 alternatives=3
INSTRUMENTATION_STATUS_CODE: 0
INSTRUMENTATION_STATUS: candidate_width_measurement=v1 id=32 maximum=1 round=1 wall_ns=2322667 cpu_ns=2323375 states=1787 verified=39 completion=0 alternatives=1
INSTRUMENTATION_STATUS_CODE: 0
INSTRUMENTATION_STATUS: candidate_width_measurement=v1 id=33 maximum=1 round=1 wall_ns=1557791 cpu_ns=1558709 states=1398 verified=12 completion=0 alternatives=1
INSTRUMENTATION_STATUS_CODE: 0
INSTRUMENTATION_STATUS: candidate_width_measurement=v1 id=33 maximum=3 round=1 wall_ns=3523000 cpu_ns=3524375 states=3501 verified=18 completion=0 alternatives=3
INSTRUMENTATION_STATUS_CODE: 0
INSTRUMENTATION_STATUS: candidate_width_measurement=v1 id=33 maximum=7 round=1 wall_ns=3384958 cpu_ns=3385667 states=3501 verified=18 completion=0 alternatives=7
INSTRUMENTATION_STATUS_CODE: 0
INSTRUMENTATION_STATUS: candidate_width_measurement=v1 id=34 maximum=7 round=1 wall_ns=8997500 cpu_ns=8998333 states=8192 verified=26 completion=3 alternatives=7
INSTRUMENTATION_STATUS_CODE: 0
INSTRUMENTATION_STATUS: candidate_width_measurement=v1 id=34 maximum=3 round=1 wall_ns=3372083 cpu_ns=3373208 states=2542 verified=22 completion=0 alternatives=3
INSTRUMENTATION_STATUS_CODE: 0
INSTRUMENTATION_STATUS: candidate_width_measurement=v1 id=34 maximum=1 round=1 wall_ns=4383666 cpu_ns=4111333 states=2542 verified=22 completion=0 alternatives=1
INSTRUMENTATION_STATUS_CODE: 0
INSTRUMENTATION_STATUS: candidate_width_measurement=v1 id=35 maximum=1 round=1 wall_ns=2503209 cpu_ns=2504042 states=1844 verified=23 completion=0 alternatives=1
INSTRUMENTATION_STATUS_CODE: 0
INSTRUMENTATION_STATUS: candidate_width_measurement=v1 id=35 maximum=3 round=1 wall_ns=2202625 cpu_ns=2203708 states=1844 verified=23 completion=0 alternatives=3
INSTRUMENTATION_STATUS_CODE: 0
INSTRUMENTATION_STATUS: candidate_width_measurement=v1 id=35 maximum=7 round=1 wall_ns=8390625 cpu_ns=8391625 states=8192 verified=25 completion=3 alternatives=7
INSTRUMENTATION_STATUS_CODE: 0
INSTRUMENTATION_STATUS: candidate_width_measurement=v1 id=36 maximum=7 round=1 wall_ns=2882625 cpu_ns=2883583 states=2213 verified=48 completion=0 alternatives=7
INSTRUMENTATION_STATUS_CODE: 0
INSTRUMENTATION_STATUS: candidate_width_measurement=v1 id=36 maximum=3 round=1 wall_ns=2900125 cpu_ns=2901500 states=2213 verified=48 completion=0 alternatives=3
INSTRUMENTATION_STATUS_CODE: 0
INSTRUMENTATION_STATUS: candidate_width_measurement=v1 id=36 maximum=1 round=1 wall_ns=493458 cpu_ns=494417 states=367 verified=9 completion=0 alternatives=1
INSTRUMENTATION_STATUS_CODE: 0
INSTRUMENTATION_STATUS: candidate_width_measurement=v1 id=37 maximum=1 round=1 wall_ns=1481167 cpu_ns=1482250 states=1093 verified=5 completion=0 alternatives=1
INSTRUMENTATION_STATUS_CODE: 0
INSTRUMENTATION_STATUS: candidate_width_measurement=v1 id=37 maximum=3 round=1 wall_ns=8992625 cpu_ns=8994375 states=8192 verified=5 completion=3 alternatives=3
INSTRUMENTATION_STATUS_CODE: 0
INSTRUMENTATION_STATUS: candidate_width_measurement=v1 id=37 maximum=7 round=1 wall_ns=8664000 cpu_ns=8665125 states=8192 verified=5 completion=3 alternatives=5
INSTRUMENTATION_STATUS_CODE: 0
INSTRUMENTATION_STATUS: candidate_width_measurement=v1 id=38 maximum=7 round=1 wall_ns=9201959 cpu_ns=9203167 states=8192 verified=29 completion=3 alternatives=7
INSTRUMENTATION_STATUS_CODE: 0
INSTRUMENTATION_STATUS: candidate_width_measurement=v1 id=38 maximum=3 round=1 wall_ns=3284750 cpu_ns=3285458 states=2434 verified=28 completion=0 alternatives=3
INSTRUMENTATION_STATUS_CODE: 0
INSTRUMENTATION_STATUS: candidate_width_measurement=v1 id=38 maximum=1 round=1 wall_ns=706125 cpu_ns=707417 states=537 verified=6 completion=0 alternatives=1
INSTRUMENTATION_STATUS_CODE: 0
INSTRUMENTATION_STATUS: candidate_width_measurement=v1 id=39 maximum=1 round=1 wall_ns=700083 cpu_ns=700917 states=412 verified=23 completion=0 alternatives=1
INSTRUMENTATION_STATUS_CODE: 0
INSTRUMENTATION_STATUS: candidate_width_measurement=v1 id=39 maximum=3 round=1 wall_ns=2673334 cpu_ns=2674583 states=1873 verified=64 completion=4 alternatives=3
INSTRUMENTATION_STATUS_CODE: 0
INSTRUMENTATION_STATUS: candidate_width_measurement=v1 id=39 maximum=7 round=1 wall_ns=2596501 cpu_ns=2597459 states=1873 verified=64 completion=4 alternatives=7
INSTRUMENTATION_STATUS_CODE: 0
INSTRUMENTATION_STATUS: candidate_width_measurement=v1 id=40 maximum=7 round=1 wall_ns=987541 cpu_ns=988209 states=1119 verified=42 completion=0 alternatives=7
INSTRUMENTATION_STATUS_CODE: 0
INSTRUMENTATION_STATUS: candidate_width_measurement=v1 id=40 maximum=3 round=1 wall_ns=362708 cpu_ns=363917 states=310 verified=33 completion=0 alternatives=3
INSTRUMENTATION_STATUS_CODE: 0
INSTRUMENTATION_STATUS: candidate_width_measurement=v1 id=40 maximum=1 round=1 wall_ns=343708 cpu_ns=344542 states=310 verified=33 completion=0 alternatives=1
INSTRUMENTATION_STATUS_CODE: 0
INSTRUMENTATION_STATUS: candidate_width_measurement=v1 id=41 maximum=1 round=1 wall_ns=339167 cpu_ns=339833 states=353 verified=5 completion=0 alternatives=1
INSTRUMENTATION_STATUS_CODE: 0
INSTRUMENTATION_STATUS: candidate_width_measurement=v1 id=41 maximum=3 round=1 wall_ns=1319125 cpu_ns=1320167 states=1616 verified=9 completion=0 alternatives=3
INSTRUMENTATION_STATUS_CODE: 0
INSTRUMENTATION_STATUS: candidate_width_measurement=v1 id=41 maximum=7 round=1 wall_ns=2379166 cpu_ns=2380292 states=3007 verified=13 completion=0 alternatives=7
INSTRUMENTATION_STATUS_CODE: 0
INSTRUMENTATION_STATUS: candidate_width_measurement=v1 id=42 maximum=7 round=1 wall_ns=1083458 cpu_ns=1084417 states=1399 verified=41 completion=0 alternatives=7
INSTRUMENTATION_STATUS_CODE: 0
INSTRUMENTATION_STATUS: candidate_width_measurement=v1 id=42 maximum=3 round=1 wall_ns=366583 cpu_ns=367125 states=401 verified=27 completion=0 alternatives=3
INSTRUMENTATION_STATUS_CODE: 0
INSTRUMENTATION_STATUS: candidate_width_measurement=v1 id=42 maximum=1 round=1 wall_ns=267458 cpu_ns=268542 states=236 verified=23 completion=0 alternatives=1
INSTRUMENTATION_STATUS_CODE: 0
INSTRUMENTATION_STATUS: candidate_width_measurement=v1 id=43 maximum=1 round=1 wall_ns=1845292 cpu_ns=1846125 states=1640 verified=7 completion=0 alternatives=1
INSTRUMENTATION_STATUS_CODE: 0
INSTRUMENTATION_STATUS: candidate_width_measurement=v1 id=43 maximum=3 round=1 wall_ns=1792583 cpu_ns=1793374 states=1640 verified=7 completion=0 alternatives=3
INSTRUMENTATION_STATUS_CODE: 0
INSTRUMENTATION_STATUS: candidate_width_measurement=v1 id=43 maximum=7 round=1 wall_ns=5250458 cpu_ns=5251166 states=4904 verified=13 completion=0 alternatives=7
INSTRUMENTATION_STATUS_CODE: 0
INSTRUMENTATION_STATUS: candidate_width_measurement=v1 id=44 maximum=7 round=1 wall_ns=1931166 cpu_ns=1931875 states=2455 verified=10 completion=0 alternatives=4
INSTRUMENTATION_STATUS_CODE: 0
INSTRUMENTATION_STATUS: candidate_width_measurement=v1 id=44 maximum=3 round=1 wall_ns=1191417 cpu_ns=1192125 states=1492 verified=7 completion=0 alternatives=3
INSTRUMENTATION_STATUS_CODE: 0
INSTRUMENTATION_STATUS: candidate_width_measurement=v1 id=44 maximum=1 round=1 wall_ns=507958 cpu_ns=508708 states=612 verified=5 completion=0 alternatives=1
INSTRUMENTATION_STATUS_CODE: 0
INSTRUMENTATION_STATUS: candidate_width_measurement=v1 id=45 maximum=1 round=1 wall_ns=28917 cpu_ns=29792 states=28 verified=0 completion=2 alternatives=0
INSTRUMENTATION_STATUS_CODE: 0
INSTRUMENTATION_STATUS: candidate_width_measurement=v1 id=45 maximum=3 round=1 wall_ns=24459 cpu_ns=25458 states=28 verified=0 completion=2 alternatives=0
INSTRUMENTATION_STATUS_CODE: 0
INSTRUMENTATION_STATUS: candidate_width_measurement=v1 id=45 maximum=7 round=1 wall_ns=24750 cpu_ns=25500 states=28 verified=0 completion=2 alternatives=0
INSTRUMENTATION_STATUS_CODE: 0
INSTRUMENTATION_STATUS: candidate_width_measurement=v1 id=46 maximum=7 round=1 wall_ns=2412500 cpu_ns=2413291 states=2202 verified=27 completion=0 alternatives=7
INSTRUMENTATION_STATUS_CODE: 0
INSTRUMENTATION_STATUS: candidate_width_measurement=v1 id=46 maximum=3 round=1 wall_ns=879041 cpu_ns=879917 states=724 verified=11 completion=0 alternatives=3
INSTRUMENTATION_STATUS_CODE: 0
INSTRUMENTATION_STATUS: candidate_width_measurement=v1 id=46 maximum=1 round=1 wall_ns=878500 cpu_ns=879166 states=724 verified=11 completion=0 alternatives=1
INSTRUMENTATION_STATUS_CODE: 0
INSTRUMENTATION_STATUS: candidate_width_measurement=v1 id=47 maximum=1 round=1 wall_ns=2054625 cpu_ns=2055458 states=1621 verified=16 completion=0 alternatives=1
INSTRUMENTATION_STATUS_CODE: 0
INSTRUMENTATION_STATUS: candidate_width_measurement=v1 id=47 maximum=3 round=1 wall_ns=3013208 cpu_ns=3013792 states=2580 verified=16 completion=0 alternatives=3
INSTRUMENTATION_STATUS_CODE: 0
INSTRUMENTATION_STATUS: candidate_width_measurement=v1 id=47 maximum=7 round=1 wall_ns=8919500 cpu_ns=8920291 states=8192 verified=16 completion=3 alternatives=7
INSTRUMENTATION_STATUS_CODE: 0
INSTRUMENTATION_STATUS: candidate_width_measurement=v1 id=48 maximum=7 round=1 wall_ns=2093125 cpu_ns=2094083 states=1680 verified=21 completion=0 alternatives=7
INSTRUMENTATION_STATUS_CODE: 0
INSTRUMENTATION_STATUS: candidate_width_measurement=v1 id=48 maximum=3 round=1 wall_ns=1994833 cpu_ns=1995375 states=1680 verified=21 completion=0 alternatives=3
INSTRUMENTATION_STATUS_CODE: 0
INSTRUMENTATION_STATUS: candidate_width_measurement=v1 id=48 maximum=1 round=1 wall_ns=2015042 cpu_ns=2015583 states=1680 verified=21 completion=0 alternatives=1
INSTRUMENTATION_STATUS_CODE: 0
INSTRUMENTATION_STATUS: candidate_width_measurement=v1 id=49 maximum=1 round=1 wall_ns=290875 cpu_ns=291750 states=296 verified=5 completion=0 alternatives=1
INSTRUMENTATION_STATUS_CODE: 0
INSTRUMENTATION_STATUS: candidate_width_measurement=v1 id=49 maximum=3 round=1 wall_ns=1309792 cpu_ns=1310458 states=1514 verified=18 completion=0 alternatives=3
INSTRUMENTATION_STATUS_CODE: 0
INSTRUMENTATION_STATUS: candidate_width_measurement=v1 id=49 maximum=7 round=1 wall_ns=1297125 cpu_ns=1297792 states=1514 verified=18 completion=0 alternatives=7
INSTRUMENTATION_STATUS_CODE: 0
INSTRUMENTATION_STATUS: candidate_width_measurement=v1 id=50 maximum=7 round=1 wall_ns=2613459 cpu_ns=2614209 states=1892 verified=64 completion=4 alternatives=7
INSTRUMENTATION_STATUS_CODE: 0
INSTRUMENTATION_STATUS: candidate_width_measurement=v1 id=50 maximum=3 round=1 wall_ns=2564459 cpu_ns=2565292 states=1892 verified=64 completion=4 alternatives=3
INSTRUMENTATION_STATUS_CODE: 0
INSTRUMENTATION_STATUS: candidate_width_measurement=v1 id=50 maximum=1 round=1 wall_ns=390417 cpu_ns=390958 states=322 verified=8 completion=0 alternatives=1
INSTRUMENTATION_STATUS_CODE: 0
INSTRUMENTATION_STATUS: candidate_width_measurement=v1 id=51 maximum=1 round=1 wall_ns=458458 cpu_ns=459541 states=448 verified=11 completion=0 alternatives=1
INSTRUMENTATION_STATUS_CODE: 0
INSTRUMENTATION_STATUS: candidate_width_measurement=v1 id=51 maximum=3 round=1 wall_ns=456750 cpu_ns=457792 states=448 verified=11 completion=0 alternatives=3
INSTRUMENTATION_STATUS_CODE: 0
INSTRUMENTATION_STATUS: candidate_width_measurement=v1 id=51 maximum=7 round=1 wall_ns=654834 cpu_ns=655750 states=740 verified=11 completion=0 alternatives=7
INSTRUMENTATION_STATUS_CODE: 0
INSTRUMENTATION_STATUS: candidate_width_measurement=v1 id=52 maximum=7 round=1 wall_ns=8844875 cpu_ns=8846042 states=8192 verified=4 completion=3 alternatives=4
INSTRUMENTATION_STATUS_CODE: 0
INSTRUMENTATION_STATUS: candidate_width_measurement=v1 id=52 maximum=3 round=1 wall_ns=8557292 cpu_ns=8558000 states=8192 verified=4 completion=3 alternatives=3
INSTRUMENTATION_STATUS_CODE: 0
INSTRUMENTATION_STATUS: candidate_width_measurement=v1 id=52 maximum=1 round=1 wall_ns=2261166 cpu_ns=2262000 states=2008 verified=3 completion=0 alternatives=1
INSTRUMENTATION_STATUS_CODE: 0
INSTRUMENTATION_STATUS: candidate_width_measurement=v1 id=53 maximum=1 round=1 wall_ns=305625 cpu_ns=306458 states=312 verified=4 completion=0 alternatives=1
INSTRUMENTATION_STATUS_CODE: 0
INSTRUMENTATION_STATUS: candidate_width_measurement=v1 id=53 maximum=3 round=1 wall_ns=423125 cpu_ns=424042 states=455 verified=6 completion=0 alternatives=3
INSTRUMENTATION_STATUS_CODE: 0
INSTRUMENTATION_STATUS: candidate_width_measurement=v1 id=53 maximum=7 round=1 wall_ns=1344542 cpu_ns=1345291 states=1667 verified=10 completion=0 alternatives=7
INSTRUMENTATION_STATUS_CODE: 0
INSTRUMENTATION_STATUS: candidate_width_measurement=v1 id=54 maximum=7 round=1 wall_ns=8412125 cpu_ns=8412958 states=8192 verified=14 completion=3 alternatives=7
INSTRUMENTATION_STATUS_CODE: 0
INSTRUMENTATION_STATUS: candidate_width_measurement=v1 id=54 maximum=3 round=1 wall_ns=4656958 cpu_ns=4657708 states=4405 verified=14 completion=0 alternatives=3
INSTRUMENTATION_STATUS_CODE: 0
INSTRUMENTATION_STATUS: candidate_width_measurement=v1 id=54 maximum=1 round=1 wall_ns=1695209 cpu_ns=1696167 states=1412 verified=12 completion=0 alternatives=1
INSTRUMENTATION_STATUS_CODE: 0
INSTRUMENTATION_STATUS: candidate_width_measurement=v1 id=55 maximum=1 round=1 wall_ns=2635125 cpu_ns=2636042 states=2276 verified=10 completion=0 alternatives=1
INSTRUMENTATION_STATUS_CODE: 0
INSTRUMENTATION_STATUS: candidate_width_measurement=v1 id=55 maximum=3 round=1 wall_ns=7886542 cpu_ns=7887500 states=6979 verified=13 completion=0 alternatives=3
INSTRUMENTATION_STATUS_CODE: 0
INSTRUMENTATION_STATUS: candidate_width_measurement=v1 id=55 maximum=7 round=1 wall_ns=7823917 cpu_ns=7824625 states=6979 verified=13 completion=0 alternatives=7
INSTRUMENTATION_STATUS_CODE: 0
INSTRUMENTATION_STATUS: candidate_width_measurement=v1 id=56 maximum=7 round=1 wall_ns=1026833 cpu_ns=1027583 states=1277 verified=8 completion=0 alternatives=7
INSTRUMENTATION_STATUS_CODE: 0
INSTRUMENTATION_STATUS: candidate_width_measurement=v1 id=56 maximum=3 round=1 wall_ns=990625 cpu_ns=991333 states=1277 verified=8 completion=0 alternatives=3
INSTRUMENTATION_STATUS_CODE: 0
INSTRUMENTATION_STATUS: candidate_width_measurement=v1 id=56 maximum=1 round=1 wall_ns=987708 cpu_ns=988291 states=1277 verified=8 completion=0 alternatives=1
INSTRUMENTATION_STATUS_CODE: 0
INSTRUMENTATION_STATUS: candidate_width_measurement=v1 id=57 maximum=1 round=1 wall_ns=1843334 cpu_ns=1843959 states=1609 verified=3 completion=0 alternatives=1
INSTRUMENTATION_STATUS_CODE: 0
INSTRUMENTATION_STATUS: candidate_width_measurement=v1 id=57 maximum=3 round=1 wall_ns=8547125 cpu_ns=8547792 states=8192 verified=3 completion=3 alternatives=3
INSTRUMENTATION_STATUS_CODE: 0
INSTRUMENTATION_STATUS: candidate_width_measurement=v1 id=57 maximum=7 round=1 wall_ns=9345042 cpu_ns=9063998 states=8192 verified=3 completion=3 alternatives=3
INSTRUMENTATION_STATUS_CODE: 0
INSTRUMENTATION_STATUS: candidate_width_measurement=v1 id=58 maximum=7 round=1 wall_ns=2970542 cpu_ns=2971500 states=2200 verified=48 completion=0 alternatives=7
INSTRUMENTATION_STATUS_CODE: 0
INSTRUMENTATION_STATUS: candidate_width_measurement=v1 id=58 maximum=3 round=1 wall_ns=2843292 cpu_ns=2843917 states=2200 verified=48 completion=0 alternatives=3
INSTRUMENTATION_STATUS_CODE: 0
INSTRUMENTATION_STATUS: candidate_width_measurement=v1 id=58 maximum=1 round=1 wall_ns=436667 cpu_ns=437625 states=349 verified=5 completion=0 alternatives=1
INSTRUMENTATION_STATUS_CODE: 0
INSTRUMENTATION_STATUS: candidate_width_measurement=v1 id=59 maximum=1 round=1 wall_ns=1712708 cpu_ns=1713583 states=1483 verified=9 completion=0 alternatives=1
INSTRUMENTATION_STATUS_CODE: 0
INSTRUMENTATION_STATUS: candidate_width_measurement=v1 id=59 maximum=3 round=1 wall_ns=3103958 cpu_ns=3104666 states=2741 verified=13 completion=0 alternatives=3
INSTRUMENTATION_STATUS_CODE: 0
INSTRUMENTATION_STATUS: candidate_width_measurement=v1 id=59 maximum=7 round=1 wall_ns=5527250 cpu_ns=5528209 states=5151 verified=15 completion=0 alternatives=7
INSTRUMENTATION_STATUS_CODE: 0
INSTRUMENTATION_STATUS: candidate_width_measurement=v1 id=0 maximum=1 round=2 wall_ns=1708291 cpu_ns=1709208 states=1475 verified=13 completion=0 alternatives=1
INSTRUMENTATION_STATUS_CODE: 0
INSTRUMENTATION_STATUS: candidate_width_measurement=v1 id=0 maximum=3 round=2 wall_ns=4979708 cpu_ns=4980458 states=4713 verified=13 completion=0 alternatives=3
INSTRUMENTATION_STATUS_CODE: 0
INSTRUMENTATION_STATUS: candidate_width_measurement=v1 id=0 maximum=7 round=2 wall_ns=8219916 cpu_ns=8220542 states=8192 verified=13 completion=3 alternatives=7
INSTRUMENTATION_STATUS_CODE: 0
INSTRUMENTATION_STATUS: candidate_width_measurement=v1 id=1 maximum=7 round=2 wall_ns=1141375 cpu_ns=1142250 states=1438 verified=13 completion=0 alternatives=7
INSTRUMENTATION_STATUS_CODE: 0
INSTRUMENTATION_STATUS: candidate_width_measurement=v1 id=1 maximum=3 round=2 wall_ns=383916 cpu_ns=384500 states=444 verified=9 completion=0 alternatives=3
INSTRUMENTATION_STATUS_CODE: 0
INSTRUMENTATION_STATUS: candidate_width_measurement=v1 id=1 maximum=1 round=2 wall_ns=372625 cpu_ns=373208 states=444 verified=9 completion=0 alternatives=1
INSTRUMENTATION_STATUS_CODE: 0
INSTRUMENTATION_STATUS: candidate_width_measurement=v1 id=2 maximum=1 round=2 wall_ns=1836625 cpu_ns=1837166 states=1689 verified=2 completion=0 alternatives=1
INSTRUMENTATION_STATUS_CODE: 0
INSTRUMENTATION_STATUS: candidate_width_measurement=v1 id=2 maximum=3 round=2 wall_ns=6537250 cpu_ns=6537792 states=6379 verified=5 completion=0 alternatives=3
INSTRUMENTATION_STATUS_CODE: 0
INSTRUMENTATION_STATUS: candidate_width_measurement=v1 id=2 maximum=7 round=2 wall_ns=8189834 cpu_ns=8190999 states=8192 verified=5 completion=3 alternatives=5
INSTRUMENTATION_STATUS_CODE: 0
INSTRUMENTATION_STATUS: candidate_width_measurement=v1 id=3 maximum=7 round=2 wall_ns=6734500 cpu_ns=6735584 states=6441 verified=57 completion=0 alternatives=7
INSTRUMENTATION_STATUS_CODE: 0
INSTRUMENTATION_STATUS: candidate_width_measurement=v1 id=3 maximum=3 round=2 wall_ns=3150708 cpu_ns=3151500 states=2646 verified=46 completion=0 alternatives=3
INSTRUMENTATION_STATUS_CODE: 0
INSTRUMENTATION_STATUS: candidate_width_measurement=v1 id=3 maximum=1 round=2 wall_ns=1924709 cpu_ns=1925667 states=1775 verified=17 completion=0 alternatives=1
INSTRUMENTATION_STATUS_CODE: 0
INSTRUMENTATION_STATUS: candidate_width_measurement=v1 id=4 maximum=1 round=2 wall_ns=1721750 cpu_ns=1722541 states=1562 verified=7 completion=0 alternatives=1
INSTRUMENTATION_STATUS_CODE: 0
INSTRUMENTATION_STATUS: candidate_width_measurement=v1 id=4 maximum=3 round=2 wall_ns=4894792 cpu_ns=4895792 states=4569 verified=7 completion=0 alternatives=3
INSTRUMENTATION_STATUS_CODE: 0
INSTRUMENTATION_STATUS: candidate_width_measurement=v1 id=4 maximum=7 round=2 wall_ns=8212584 cpu_ns=8213500 states=8192 verified=7 completion=3 alternatives=7
INSTRUMENTATION_STATUS_CODE: 0
INSTRUMENTATION_STATUS: candidate_width_measurement=v1 id=5 maximum=7 round=2 wall_ns=2639542 cpu_ns=2640167 states=2139 verified=59 completion=0 alternatives=7
INSTRUMENTATION_STATUS_CODE: 0
INSTRUMENTATION_STATUS: candidate_width_measurement=v1 id=5 maximum=3 round=2 wall_ns=2605958 cpu_ns=2607000 states=2139 verified=59 completion=0 alternatives=3
INSTRUMENTATION_STATUS_CODE: 0
INSTRUMENTATION_STATUS: candidate_width_measurement=v1 id=5 maximum=1 round=2 wall_ns=561000 cpu_ns=561875 states=514 verified=11 completion=0 alternatives=1
INSTRUMENTATION_STATUS_CODE: 0
INSTRUMENTATION_STATUS: candidate_width_measurement=v1 id=6 maximum=1 round=2 wall_ns=1516250 cpu_ns=1516875 states=1463 verified=6 completion=0 alternatives=1
INSTRUMENTATION_STATUS_CODE: 0
INSTRUMENTATION_STATUS: candidate_width_measurement=v1 id=6 maximum=3 round=2 wall_ns=5446750 cpu_ns=5447916 states=5398 verified=16 completion=0 alternatives=3
INSTRUMENTATION_STATUS_CODE: 0
INSTRUMENTATION_STATUS: candidate_width_measurement=v1 id=6 maximum=7 round=2 wall_ns=5459291 cpu_ns=5461041 states=5398 verified=16 completion=0 alternatives=7
INSTRUMENTATION_STATUS_CODE: 0
INSTRUMENTATION_STATUS: candidate_width_measurement=v1 id=7 maximum=7 round=2 wall_ns=6683500 cpu_ns=6684709 states=5678 verified=45 completion=0 alternatives=7
INSTRUMENTATION_STATUS_CODE: 0
INSTRUMENTATION_STATUS: candidate_width_measurement=v1 id=7 maximum=3 round=2 wall_ns=2024625 cpu_ns=2025417 states=1851 verified=8 completion=0 alternatives=3
INSTRUMENTATION_STATUS_CODE: 0
INSTRUMENTATION_STATUS: candidate_width_measurement=v1 id=7 maximum=1 round=2 wall_ns=2062875 cpu_ns=2063833 states=1851 verified=8 completion=0 alternatives=1
INSTRUMENTATION_STATUS_CODE: 0
INSTRUMENTATION_STATUS: candidate_width_measurement=v1 id=8 maximum=1 round=2 wall_ns=498583 cpu_ns=499250 states=327 verified=18 completion=0 alternatives=1
INSTRUMENTATION_STATUS_CODE: 0
INSTRUMENTATION_STATUS: candidate_width_measurement=v1 id=8 maximum=3 round=2 wall_ns=2196625 cpu_ns=2197916 states=1503 verified=64 completion=4 alternatives=3
INSTRUMENTATION_STATUS_CODE: 0
INSTRUMENTATION_STATUS: candidate_width_measurement=v1 id=8 maximum=7 round=2 wall_ns=2151292 cpu_ns=2152125 states=1503 verified=64 completion=4 alternatives=7
INSTRUMENTATION_STATUS_CODE: 0
INSTRUMENTATION_STATUS: candidate_width_measurement=v1 id=9 maximum=7 round=2 wall_ns=4762916 cpu_ns=4763791 states=4662 verified=13 completion=0 alternatives=7
INSTRUMENTATION_STATUS_CODE: 0
INSTRUMENTATION_STATUS: candidate_width_measurement=v1 id=9 maximum=3 round=2 wall_ns=1377375 cpu_ns=1378208 states=1282 verified=10 completion=0 alternatives=3
INSTRUMENTATION_STATUS_CODE: 0
INSTRUMENTATION_STATUS: candidate_width_measurement=v1 id=9 maximum=1 round=2 wall_ns=372583 cpu_ns=373459 states=358 verified=4 completion=0 alternatives=1
INSTRUMENTATION_STATUS_CODE: 0
INSTRUMENTATION_STATUS: candidate_width_measurement=v1 id=10 maximum=1 round=2 wall_ns=473792 cpu_ns=474750 states=422 verified=20 completion=0 alternatives=1
INSTRUMENTATION_STATUS_CODE: 0
INSTRUMENTATION_STATUS: candidate_width_measurement=v1 id=10 maximum=3 round=2 wall_ns=458375 cpu_ns=459208 states=422 verified=20 completion=0 alternatives=3
INSTRUMENTATION_STATUS_CODE: 0
INSTRUMENTATION_STATUS: candidate_width_measurement=v1 id=10 maximum=7 round=2 wall_ns=1608084 cpu_ns=1608958 states=1917 verified=42 completion=0 alternatives=7
INSTRUMENTATION_STATUS_CODE: 0
INSTRUMENTATION_STATUS: candidate_width_measurement=v1 id=11 maximum=7 round=2 wall_ns=8949875 cpu_ns=8951042 states=8192 verified=49 completion=3 alternatives=7
INSTRUMENTATION_STATUS_CODE: 0
INSTRUMENTATION_STATUS: candidate_width_measurement=v1 id=11 maximum=3 round=2 wall_ns=2426917 cpu_ns=2427583 states=2058 verified=28 completion=0 alternatives=3
INSTRUMENTATION_STATUS_CODE: 0
INSTRUMENTATION_STATUS: candidate_width_measurement=v1 id=11 maximum=1 round=2 wall_ns=2702041 cpu_ns=2703041 states=2058 verified=28 completion=0 alternatives=1
INSTRUMENTATION_STATUS_CODE: 0
INSTRUMENTATION_STATUS: candidate_width_measurement=v1 id=12 maximum=1 round=2 wall_ns=332000 cpu_ns=332917 states=324 verified=4 completion=0 alternatives=1
INSTRUMENTATION_STATUS_CODE: 0
INSTRUMENTATION_STATUS: candidate_width_measurement=v1 id=12 maximum=3 round=2 wall_ns=397333 cpu_ns=398042 states=420 verified=5 completion=0 alternatives=3
INSTRUMENTATION_STATUS_CODE: 0
INSTRUMENTATION_STATUS: candidate_width_measurement=v1 id=12 maximum=7 round=2 wall_ns=1692875 cpu_ns=1693958 states=1986 verified=15 completion=0 alternatives=7
INSTRUMENTATION_STATUS_CODE: 0
INSTRUMENTATION_STATUS: candidate_width_measurement=v1 id=13 maximum=7 round=2 wall_ns=3751375 cpu_ns=3752083 states=2999 verified=64 completion=4 alternatives=7
INSTRUMENTATION_STATUS_CODE: 0
INSTRUMENTATION_STATUS: candidate_width_measurement=v1 id=13 maximum=3 round=2 wall_ns=2328042 cpu_ns=2328958 states=1861 verified=44 completion=0 alternatives=3
INSTRUMENTATION_STATUS_CODE: 0
INSTRUMENTATION_STATUS: candidate_width_measurement=v1 id=13 maximum=1 round=2 wall_ns=879292 cpu_ns=880125 states=599 verified=26 completion=0 alternatives=1
INSTRUMENTATION_STATUS_CODE: 0
INSTRUMENTATION_STATUS: candidate_width_measurement=v1 id=14 maximum=1 round=2 wall_ns=2217000 cpu_ns=2217875 states=1930 verified=1 completion=0 alternatives=1
INSTRUMENTATION_STATUS_CODE: 0
INSTRUMENTATION_STATUS: candidate_width_measurement=v1 id=14 maximum=3 round=2 wall_ns=8531416 cpu_ns=8532500 states=8192 verified=1 completion=3 alternatives=1
INSTRUMENTATION_STATUS_CODE: 0
INSTRUMENTATION_STATUS: candidate_width_measurement=v1 id=14 maximum=7 round=2 wall_ns=8498042 cpu_ns=8500208 states=8192 verified=1 completion=3 alternatives=1
INSTRUMENTATION_STATUS_CODE: 0
INSTRUMENTATION_STATUS: candidate_width_measurement=v1 id=15 maximum=7 round=2 wall_ns=1034750 cpu_ns=1035417 states=1324 verified=9 completion=0 alternatives=7
INSTRUMENTATION_STATUS_CODE: 0
INSTRUMENTATION_STATUS: candidate_width_measurement=v1 id=15 maximum=3 round=2 wall_ns=1062291 cpu_ns=1063333 states=1324 verified=9 completion=0 alternatives=3
INSTRUMENTATION_STATUS_CODE: 0
INSTRUMENTATION_STATUS: candidate_width_measurement=v1 id=15 maximum=1 round=2 wall_ns=234041 cpu_ns=234750 states=250 verified=3 completion=0 alternatives=1
INSTRUMENTATION_STATUS_CODE: 0
INSTRUMENTATION_STATUS: candidate_width_measurement=v1 id=16 maximum=1 round=2 wall_ns=1866708 cpu_ns=1867458 states=1607 verified=13 completion=0 alternatives=1
INSTRUMENTATION_STATUS_CODE: 0
INSTRUMENTATION_STATUS: candidate_width_measurement=v1 id=16 maximum=3 round=2 wall_ns=1832541 cpu_ns=1833625 states=1607 verified=13 completion=0 alternatives=3
INSTRUMENTATION_STATUS_CODE: 0
INSTRUMENTATION_STATUS: candidate_width_measurement=v1 id=16 maximum=7 round=2 wall_ns=8967916 cpu_ns=8745875 states=8192 verified=14 completion=3 alternatives=7
INSTRUMENTATION_STATUS_CODE: 0
INSTRUMENTATION_STATUS: candidate_width_measurement=v1 id=17 maximum=7 round=2 wall_ns=8498500 cpu_ns=8499500 states=8192 verified=2 completion=3 alternatives=2
INSTRUMENTATION_STATUS_CODE: 0
INSTRUMENTATION_STATUS: candidate_width_measurement=v1 id=17 maximum=3 round=2 wall_ns=8024917 cpu_ns=8026000 states=8192 verified=2 completion=3 alternatives=2
INSTRUMENTATION_STATUS_CODE: 0
INSTRUMENTATION_STATUS: candidate_width_measurement=v1 id=17 maximum=1 round=2 wall_ns=1510583 cpu_ns=1511125 states=1517 verified=1 completion=0 alternatives=1
INSTRUMENTATION_STATUS_CODE: 0
INSTRUMENTATION_STATUS: candidate_width_measurement=v1 id=18 maximum=1 round=2 wall_ns=371375 cpu_ns=372209 states=411 verified=4 completion=0 alternatives=1
INSTRUMENTATION_STATUS_CODE: 0
INSTRUMENTATION_STATUS: candidate_width_measurement=v1 id=18 maximum=3 round=2 wall_ns=1584875 cpu_ns=1585916 states=2064 verified=5 completion=0 alternatives=3
INSTRUMENTATION_STATUS_CODE: 0
INSTRUMENTATION_STATUS: candidate_width_measurement=v1 id=18 maximum=7 round=2 wall_ns=2637000 cpu_ns=2637834 states=3409 verified=5 completion=0 alternatives=5
INSTRUMENTATION_STATUS_CODE: 0
INSTRUMENTATION_STATUS: candidate_width_measurement=v1 id=19 maximum=7 round=2 wall_ns=993250 cpu_ns=993875 states=1121 verified=50 completion=0 alternatives=7
INSTRUMENTATION_STATUS_CODE: 0
INSTRUMENTATION_STATUS: candidate_width_measurement=v1 id=19 maximum=3 round=2 wall_ns=352583 cpu_ns=353417 states=292 verified=29 completion=0 alternatives=3
INSTRUMENTATION_STATUS_CODE: 0
INSTRUMENTATION_STATUS: candidate_width_measurement=v1 id=19 maximum=1 round=2 wall_ns=364083 cpu_ns=365125 states=292 verified=29 completion=0 alternatives=1
INSTRUMENTATION_STATUS_CODE: 0
INSTRUMENTATION_STATUS: candidate_width_measurement=v1 id=20 maximum=1 round=2 wall_ns=3789125 cpu_ns=3790000 states=2619 verified=64 completion=4 alternatives=1
INSTRUMENTATION_STATUS_CODE: 0
INSTRUMENTATION_STATUS: candidate_width_measurement=v1 id=20 maximum=3 round=2 wall_ns=3646750 cpu_ns=3647792 states=2619 verified=64 completion=4 alternatives=3
INSTRUMENTATION_STATUS_CODE: 0
INSTRUMENTATION_STATUS: candidate_width_measurement=v1 id=20 maximum=7 round=2 wall_ns=3546875 cpu_ns=3547792 states=2619 verified=64 completion=4 alternatives=7
INSTRUMENTATION_STATUS_CODE: 0
INSTRUMENTATION_STATUS: candidate_width_measurement=v1 id=21 maximum=7 round=2 wall_ns=7074792 cpu_ns=7075750 states=5806 verified=21 completion=0 alternatives=7
INSTRUMENTATION_STATUS_CODE: 0
INSTRUMENTATION_STATUS: candidate_width_measurement=v1 id=21 maximum=3 round=2 wall_ns=2594958 cpu_ns=2596125 states=2111 verified=12 completion=0 alternatives=3
INSTRUMENTATION_STATUS_CODE: 0
INSTRUMENTATION_STATUS: candidate_width_measurement=v1 id=21 maximum=1 round=2 wall_ns=2615875 cpu_ns=2616708 states=2111 verified=12 completion=0 alternatives=1
INSTRUMENTATION_STATUS_CODE: 0
INSTRUMENTATION_STATUS: candidate_width_measurement=v1 id=22 maximum=1 round=2 wall_ns=268667 cpu_ns=269583 states=293 verified=2 completion=0 alternatives=1
INSTRUMENTATION_STATUS_CODE: 0
INSTRUMENTATION_STATUS: candidate_width_measurement=v1 id=22 maximum=3 round=2 wall_ns=1605834 cpu_ns=1606667 states=1928 verified=10 completion=0 alternatives=3
INSTRUMENTATION_STATUS_CODE: 0
INSTRUMENTATION_STATUS: candidate_width_measurement=v1 id=22 maximum=7 round=2 wall_ns=1557917 cpu_ns=1558791 states=1928 verified=10 completion=0 alternatives=7
INSTRUMENTATION_STATUS_CODE: 0
INSTRUMENTATION_STATUS: candidate_width_measurement=v1 id=23 maximum=7 round=2 wall_ns=1429750 cpu_ns=1430625 states=1455 verified=24 completion=0 alternatives=7
INSTRUMENTATION_STATUS_CODE: 0
INSTRUMENTATION_STATUS: candidate_width_measurement=v1 id=23 maximum=3 round=2 wall_ns=241333 cpu_ns=242083 states=253 verified=3 completion=0 alternatives=3
INSTRUMENTATION_STATUS_CODE: 0
INSTRUMENTATION_STATUS: candidate_width_measurement=v1 id=23 maximum=1 round=2 wall_ns=232792 cpu_ns=233333 states=253 verified=3 completion=0 alternatives=1
INSTRUMENTATION_STATUS_CODE: 0
INSTRUMENTATION_STATUS: candidate_width_measurement=v1 id=24 maximum=1 round=2 wall_ns=211416 cpu_ns=212209 states=192 verified=11 completion=0 alternatives=1
INSTRUMENTATION_STATUS_CODE: 0
INSTRUMENTATION_STATUS: candidate_width_measurement=v1 id=24 maximum=3 round=2 wall_ns=202417 cpu_ns=203250 states=192 verified=11 completion=0 alternatives=3
INSTRUMENTATION_STATUS_CODE: 0
INSTRUMENTATION_STATUS: candidate_width_measurement=v1 id=24 maximum=7 round=2 wall_ns=968500 cpu_ns=970042 states=1273 verified=29 completion=0 alternatives=7
INSTRUMENTATION_STATUS_CODE: 0
INSTRUMENTATION_STATUS: candidate_width_measurement=v1 id=25 maximum=7 round=2 wall_ns=6671500 cpu_ns=6672500 states=6796 verified=11 completion=0 alternatives=7
INSTRUMENTATION_STATUS_CODE: 0
INSTRUMENTATION_STATUS: candidate_width_measurement=v1 id=25 maximum=3 round=2 wall_ns=6361291 cpu_ns=6362041 states=6796 verified=11 completion=0 alternatives=3
INSTRUMENTATION_STATUS_CODE: 0
INSTRUMENTATION_STATUS: candidate_width_measurement=v1 id=25 maximum=1 round=2 wall_ns=1806209 cpu_ns=1807083 states=1614 verified=6 completion=0 alternatives=1
INSTRUMENTATION_STATUS_CODE: 0
INSTRUMENTATION_STATUS: candidate_width_measurement=v1 id=26 maximum=1 round=2 wall_ns=2420833 cpu_ns=2421750 states=1814 verified=31 completion=0 alternatives=1
INSTRUMENTATION_STATUS_CODE: 0
INSTRUMENTATION_STATUS: candidate_width_measurement=v1 id=26 maximum=3 round=2 wall_ns=5356167 cpu_ns=5357208 states=4889 verified=39 completion=0 alternatives=3
INSTRUMENTATION_STATUS_CODE: 0
INSTRUMENTATION_STATUS: candidate_width_measurement=v1 id=26 maximum=7 round=2 wall_ns=5127667 cpu_ns=5128458 states=4889 verified=39 completion=0 alternatives=7
INSTRUMENTATION_STATUS_CODE: 0
INSTRUMENTATION_STATUS: candidate_width_measurement=v1 id=27 maximum=7 round=2 wall_ns=1303959 cpu_ns=1304875 states=1508 verified=8 completion=0 alternatives=7
INSTRUMENTATION_STATUS_CODE: 0
INSTRUMENTATION_STATUS: candidate_width_measurement=v1 id=27 maximum=3 round=2 wall_ns=299459 cpu_ns=300334 states=280 verified=6 completion=0 alternatives=3
INSTRUMENTATION_STATUS_CODE: 0
INSTRUMENTATION_STATUS: candidate_width_measurement=v1 id=27 maximum=1 round=2 wall_ns=286625 cpu_ns=287333 states=280 verified=6 completion=0 alternatives=1
INSTRUMENTATION_STATUS_CODE: 0
INSTRUMENTATION_STATUS: candidate_width_measurement=v1 id=28 maximum=1 round=2 wall_ns=496709 cpu_ns=497667 states=336 verified=13 completion=0 alternatives=1
INSTRUMENTATION_STATUS_CODE: 0
INSTRUMENTATION_STATUS: candidate_width_measurement=v1 id=28 maximum=3 round=2 wall_ns=2175959 cpu_ns=2176875 states=1466 verified=53 completion=0 alternatives=3
INSTRUMENTATION_STATUS_CODE: 0
INSTRUMENTATION_STATUS: candidate_width_measurement=v1 id=28 maximum=7 round=2 wall_ns=4953166 cpu_ns=4953792 states=4469 verified=63 completion=0 alternatives=7
INSTRUMENTATION_STATUS_CODE: 0
INSTRUMENTATION_STATUS: candidate_width_measurement=v1 id=29 maximum=7 round=2 wall_ns=7514666 cpu_ns=7515667 states=7060 verified=55 completion=0 alternatives=7
INSTRUMENTATION_STATUS_CODE: 0
INSTRUMENTATION_STATUS: candidate_width_measurement=v1 id=29 maximum=3 round=2 wall_ns=2286416 cpu_ns=2287417 states=1750 verified=28 completion=0 alternatives=3
INSTRUMENTATION_STATUS_CODE: 0
INSTRUMENTATION_STATUS: candidate_width_measurement=v1 id=29 maximum=1 round=2 wall_ns=2200625 cpu_ns=2201500 states=1750 verified=28 completion=0 alternatives=1
INSTRUMENTATION_STATUS_CODE: 0
INSTRUMENTATION_STATUS: candidate_width_measurement=v1 id=30 maximum=1 round=2 wall_ns=3105166 cpu_ns=3106375 states=2206 verified=64 completion=4 alternatives=1
INSTRUMENTATION_STATUS_CODE: 0
INSTRUMENTATION_STATUS: candidate_width_measurement=v1 id=30 maximum=3 round=2 wall_ns=2985084 cpu_ns=2986292 states=2206 verified=64 completion=4 alternatives=3
INSTRUMENTATION_STATUS_CODE: 0
INSTRUMENTATION_STATUS: candidate_width_measurement=v1 id=30 maximum=7 round=2 wall_ns=2977292 cpu_ns=2978125 states=2206 verified=64 completion=4 alternatives=7
INSTRUMENTATION_STATUS_CODE: 0
INSTRUMENTATION_STATUS: candidate_width_measurement=v1 id=31 maximum=7 round=2 wall_ns=7418000 cpu_ns=7420125 states=6727 verified=12 completion=0 alternatives=7
INSTRUMENTATION_STATUS_CODE: 0
INSTRUMENTATION_STATUS: candidate_width_measurement=v1 id=31 maximum=3 round=2 wall_ns=2866875 cpu_ns=2868333 states=2464 verified=5 completion=0 alternatives=3
INSTRUMENTATION_STATUS_CODE: 0
INSTRUMENTATION_STATUS: candidate_width_measurement=v1 id=31 maximum=1 round=2 wall_ns=2369667 cpu_ns=2371083 states=2079 verified=2 completion=0 alternatives=1
INSTRUMENTATION_STATUS_CODE: 0
INSTRUMENTATION_STATUS: candidate_width_measurement=v1 id=32 maximum=1 round=2 wall_ns=2503708 cpu_ns=2504584 states=1787 verified=39 completion=0 alternatives=1
INSTRUMENTATION_STATUS_CODE: 0
INSTRUMENTATION_STATUS: candidate_width_measurement=v1 id=32 maximum=3 round=2 wall_ns=2390916 cpu_ns=2392458 states=1787 verified=39 completion=0 alternatives=3
INSTRUMENTATION_STATUS_CODE: 0
INSTRUMENTATION_STATUS: candidate_width_measurement=v1 id=32 maximum=7 round=2 wall_ns=5740125 cpu_ns=5741792 states=5006 verified=47 completion=0 alternatives=7
INSTRUMENTATION_STATUS_CODE: 0
INSTRUMENTATION_STATUS: candidate_width_measurement=v1 id=33 maximum=7 round=2 wall_ns=3645833 cpu_ns=3647167 states=3501 verified=18 completion=0 alternatives=7
INSTRUMENTATION_STATUS_CODE: 0
INSTRUMENTATION_STATUS: candidate_width_measurement=v1 id=33 maximum=3 round=2 wall_ns=3421709 cpu_ns=3423333 states=3501 verified=18 completion=0 alternatives=3
INSTRUMENTATION_STATUS_CODE: 0
INSTRUMENTATION_STATUS: candidate_width_measurement=v1 id=33 maximum=1 round=2 wall_ns=1507042 cpu_ns=1507875 states=1398 verified=12 completion=0 alternatives=1
INSTRUMENTATION_STATUS_CODE: 0
INSTRUMENTATION_STATUS: candidate_width_measurement=v1 id=34 maximum=1 round=2 wall_ns=3200125 cpu_ns=3200958 states=2542 verified=22 completion=0 alternatives=1
INSTRUMENTATION_STATUS_CODE: 0
INSTRUMENTATION_STATUS: candidate_width_measurement=v1 id=34 maximum=3 round=2 wall_ns=3197500 cpu_ns=3198750 states=2542 verified=22 completion=0 alternatives=3
INSTRUMENTATION_STATUS_CODE: 0
INSTRUMENTATION_STATUS: candidate_width_measurement=v1 id=34 maximum=7 round=2 wall_ns=8952375 cpu_ns=8954125 states=8192 verified=26 completion=3 alternatives=7
INSTRUMENTATION_STATUS_CODE: 0
INSTRUMENTATION_STATUS: candidate_width_measurement=v1 id=35 maximum=7 round=2 wall_ns=8223917 cpu_ns=8225875 states=8192 verified=25 completion=3 alternatives=7
INSTRUMENTATION_STATUS_CODE: 0
INSTRUMENTATION_STATUS: candidate_width_measurement=v1 id=35 maximum=3 round=2 wall_ns=2299708 cpu_ns=2300708 states=1844 verified=23 completion=0 alternatives=3
INSTRUMENTATION_STATUS_CODE: 0
INSTRUMENTATION_STATUS: candidate_width_measurement=v1 id=35 maximum=1 round=2 wall_ns=2175875 cpu_ns=2176500 states=1844 verified=23 completion=0 alternatives=1
INSTRUMENTATION_STATUS_CODE: 0
INSTRUMENTATION_STATUS: candidate_width_measurement=v1 id=36 maximum=1 round=2 wall_ns=469750 cpu_ns=470250 states=367 verified=9 completion=0 alternatives=1
INSTRUMENTATION_STATUS_CODE: 0
INSTRUMENTATION_STATUS: candidate_width_measurement=v1 id=36 maximum=3 round=2 wall_ns=2973833 cpu_ns=2975041 states=2213 verified=48 completion=0 alternatives=3
INSTRUMENTATION_STATUS_CODE: 0
INSTRUMENTATION_STATUS: candidate_width_measurement=v1 id=36 maximum=7 round=2 wall_ns=3785250 cpu_ns=3638291 states=2213 verified=48 completion=0 alternatives=7
INSTRUMENTATION_STATUS_CODE: 0
INSTRUMENTATION_STATUS: candidate_width_measurement=v1 id=37 maximum=7 round=2 wall_ns=8652958 cpu_ns=8653958 states=8192 verified=5 completion=3 alternatives=5
INSTRUMENTATION_STATUS_CODE: 0
INSTRUMENTATION_STATUS: candidate_width_measurement=v1 id=37 maximum=3 round=2 wall_ns=8355500 cpu_ns=8356291 states=8192 verified=5 completion=3 alternatives=3
INSTRUMENTATION_STATUS_CODE: 0
INSTRUMENTATION_STATUS: candidate_width_measurement=v1 id=37 maximum=1 round=2 wall_ns=1384875 cpu_ns=1385458 states=1093 verified=5 completion=0 alternatives=1
INSTRUMENTATION_STATUS_CODE: 0
INSTRUMENTATION_STATUS: candidate_width_measurement=v1 id=38 maximum=1 round=2 wall_ns=743542 cpu_ns=745250 states=537 verified=6 completion=0 alternatives=1
INSTRUMENTATION_STATUS_CODE: 0
INSTRUMENTATION_STATUS: candidate_width_measurement=v1 id=38 maximum=3 round=2 wall_ns=3434167 cpu_ns=3435208 states=2434 verified=28 completion=0 alternatives=3
INSTRUMENTATION_STATUS_CODE: 0
INSTRUMENTATION_STATUS: candidate_width_measurement=v1 id=38 maximum=7 round=2 wall_ns=9443583 cpu_ns=9444667 states=8192 verified=29 completion=3 alternatives=7
INSTRUMENTATION_STATUS_CODE: 0
INSTRUMENTATION_STATUS: candidate_width_measurement=v1 id=39 maximum=7 round=2 wall_ns=2628959 cpu_ns=2629666 states=1873 verified=64 completion=4 alternatives=7
INSTRUMENTATION_STATUS_CODE: 0
INSTRUMENTATION_STATUS: candidate_width_measurement=v1 id=39 maximum=3 round=2 wall_ns=2671500 cpu_ns=2672458 states=1873 verified=64 completion=4 alternatives=3
INSTRUMENTATION_STATUS_CODE: 0
INSTRUMENTATION_STATUS: candidate_width_measurement=v1 id=39 maximum=1 round=2 wall_ns=677625 cpu_ns=678917 states=412 verified=23 completion=0 alternatives=1
INSTRUMENTATION_STATUS_CODE: 0
INSTRUMENTATION_STATUS: candidate_width_measurement=v1 id=40 maximum=1 round=2 wall_ns=407875 cpu_ns=408667 states=310 verified=33 completion=0 alternatives=1
INSTRUMENTATION_STATUS_CODE: 0
INSTRUMENTATION_STATUS: candidate_width_measurement=v1 id=40 maximum=3 round=2 wall_ns=343334 cpu_ns=344208 states=310 verified=33 completion=0 alternatives=3
INSTRUMENTATION_STATUS_CODE: 0
INSTRUMENTATION_STATUS: candidate_width_measurement=v1 id=40 maximum=7 round=2 wall_ns=973750 cpu_ns=974750 states=1119 verified=42 completion=0 alternatives=7
INSTRUMENTATION_STATUS_CODE: 0
INSTRUMENTATION_STATUS: candidate_width_measurement=v1 id=41 maximum=7 round=2 wall_ns=2433334 cpu_ns=2434084 states=3007 verified=13 completion=0 alternatives=7
INSTRUMENTATION_STATUS_CODE: 0
INSTRUMENTATION_STATUS: candidate_width_measurement=v1 id=41 maximum=3 round=2 wall_ns=1419709 cpu_ns=1420916 states=1616 verified=9 completion=0 alternatives=3
INSTRUMENTATION_STATUS_CODE: 0
INSTRUMENTATION_STATUS: candidate_width_measurement=v1 id=41 maximum=1 round=2 wall_ns=342875 cpu_ns=343584 states=353 verified=5 completion=0 alternatives=1
INSTRUMENTATION_STATUS_CODE: 0
INSTRUMENTATION_STATUS: candidate_width_measurement=v1 id=42 maximum=1 round=2 wall_ns=256125 cpu_ns=256917 states=236 verified=23 completion=0 alternatives=1
INSTRUMENTATION_STATUS_CODE: 0
INSTRUMENTATION_STATUS: candidate_width_measurement=v1 id=42 maximum=3 round=2 wall_ns=359458 cpu_ns=360000 states=401 verified=27 completion=0 alternatives=3
INSTRUMENTATION_STATUS_CODE: 0
INSTRUMENTATION_STATUS: candidate_width_measurement=v1 id=42 maximum=7 round=2 wall_ns=1059084 cpu_ns=1060042 states=1399 verified=41 completion=0 alternatives=7
INSTRUMENTATION_STATUS_CODE: 0
INSTRUMENTATION_STATUS: candidate_width_measurement=v1 id=43 maximum=7 round=2 wall_ns=5585125 cpu_ns=5586333 states=4904 verified=13 completion=0 alternatives=7
INSTRUMENTATION_STATUS_CODE: 0
INSTRUMENTATION_STATUS: candidate_width_measurement=v1 id=43 maximum=3 round=2 wall_ns=1879625 cpu_ns=1880709 states=1640 verified=7 completion=0 alternatives=3
INSTRUMENTATION_STATUS_CODE: 0
INSTRUMENTATION_STATUS: candidate_width_measurement=v1 id=43 maximum=1 round=2 wall_ns=1828041 cpu_ns=1829000 states=1640 verified=7 completion=0 alternatives=1
INSTRUMENTATION_STATUS_CODE: 0
INSTRUMENTATION_STATUS: candidate_width_measurement=v1 id=44 maximum=1 round=2 wall_ns=564708 cpu_ns=566083 states=612 verified=5 completion=0 alternatives=1
INSTRUMENTATION_STATUS_CODE: 0
INSTRUMENTATION_STATUS: candidate_width_measurement=v1 id=44 maximum=3 round=2 wall_ns=1287333 cpu_ns=1288125 states=1492 verified=7 completion=0 alternatives=3
INSTRUMENTATION_STATUS_CODE: 0
INSTRUMENTATION_STATUS: candidate_width_measurement=v1 id=44 maximum=7 round=2 wall_ns=1968375 cpu_ns=1969250 states=2455 verified=10 completion=0 alternatives=4
INSTRUMENTATION_STATUS_CODE: 0
INSTRUMENTATION_STATUS: candidate_width_measurement=v1 id=45 maximum=7 round=2 wall_ns=29458 cpu_ns=30541 states=28 verified=0 completion=2 alternatives=0
INSTRUMENTATION_STATUS_CODE: 0
INSTRUMENTATION_STATUS: candidate_width_measurement=v1 id=45 maximum=3 round=2 wall_ns=22000 cpu_ns=22542 states=28 verified=0 completion=2 alternatives=0
INSTRUMENTATION_STATUS_CODE: 0
INSTRUMENTATION_STATUS: candidate_width_measurement=v1 id=45 maximum=1 round=2 wall_ns=23917 cpu_ns=24708 states=28 verified=0 completion=2 alternatives=0
INSTRUMENTATION_STATUS_CODE: 0
INSTRUMENTATION_STATUS: candidate_width_measurement=v1 id=46 maximum=1 round=2 wall_ns=976458 cpu_ns=977667 states=724 verified=11 completion=0 alternatives=1
INSTRUMENTATION_STATUS_CODE: 0
INSTRUMENTATION_STATUS: candidate_width_measurement=v1 id=46 maximum=3 round=2 wall_ns=946750 cpu_ns=947708 states=724 verified=11 completion=0 alternatives=3
INSTRUMENTATION_STATUS_CODE: 0
INSTRUMENTATION_STATUS: candidate_width_measurement=v1 id=46 maximum=7 round=2 wall_ns=2471125 cpu_ns=2472333 states=2202 verified=27 completion=0 alternatives=7
INSTRUMENTATION_STATUS_CODE: 0
INSTRUMENTATION_STATUS: candidate_width_measurement=v1 id=47 maximum=7 round=2 wall_ns=9995667 cpu_ns=9998583 states=8192 verified=16 completion=3 alternatives=7
INSTRUMENTATION_STATUS_CODE: 0
INSTRUMENTATION_STATUS: candidate_width_measurement=v1 id=47 maximum=3 round=2 wall_ns=3368834 cpu_ns=3370000 states=2580 verified=16 completion=0 alternatives=3
INSTRUMENTATION_STATUS_CODE: 0
INSTRUMENTATION_STATUS: candidate_width_measurement=v1 id=47 maximum=1 round=2 wall_ns=2194583 cpu_ns=2195708 states=1621 verified=16 completion=0 alternatives=1
INSTRUMENTATION_STATUS_CODE: 0
INSTRUMENTATION_STATUS: candidate_width_measurement=v1 id=48 maximum=1 round=2 wall_ns=2110916 cpu_ns=2112083 states=1680 verified=21 completion=0 alternatives=1
INSTRUMENTATION_STATUS_CODE: 0
INSTRUMENTATION_STATUS: candidate_width_measurement=v1 id=48 maximum=3 round=2 wall_ns=2195416 cpu_ns=2196708 states=1680 verified=21 completion=0 alternatives=3
INSTRUMENTATION_STATUS_CODE: 0
INSTRUMENTATION_STATUS: candidate_width_measurement=v1 id=48 maximum=7 round=2 wall_ns=2288417 cpu_ns=2289625 states=1680 verified=21 completion=0 alternatives=7
INSTRUMENTATION_STATUS_CODE: 0
INSTRUMENTATION_STATUS: candidate_width_measurement=v1 id=49 maximum=7 round=2 wall_ns=1390750 cpu_ns=1392084 states=1514 verified=18 completion=0 alternatives=7
INSTRUMENTATION_STATUS_CODE: 0
INSTRUMENTATION_STATUS: candidate_width_measurement=v1 id=49 maximum=3 round=2 wall_ns=1363542 cpu_ns=1364834 states=1514 verified=18 completion=0 alternatives=3
INSTRUMENTATION_STATUS_CODE: 0
INSTRUMENTATION_STATUS: candidate_width_measurement=v1 id=49 maximum=1 round=2 wall_ns=280208 cpu_ns=280833 states=296 verified=5 completion=0 alternatives=1
INSTRUMENTATION_STATUS_CODE: 0
INSTRUMENTATION_STATUS: candidate_width_measurement=v1 id=50 maximum=1 round=2 wall_ns=424792 cpu_ns=425667 states=322 verified=8 completion=0 alternatives=1
INSTRUMENTATION_STATUS_CODE: 0
INSTRUMENTATION_STATUS: candidate_width_measurement=v1 id=50 maximum=3 round=2 wall_ns=2618292 cpu_ns=2619500 states=1892 verified=64 completion=4 alternatives=3
INSTRUMENTATION_STATUS_CODE: 0
INSTRUMENTATION_STATUS: candidate_width_measurement=v1 id=50 maximum=7 round=2 wall_ns=2657750 cpu_ns=2659625 states=1892 verified=64 completion=4 alternatives=7
INSTRUMENTATION_STATUS_CODE: 0
INSTRUMENTATION_STATUS: candidate_width_measurement=v1 id=51 maximum=7 round=2 wall_ns=674542 cpu_ns=675541 states=740 verified=11 completion=0 alternatives=7
INSTRUMENTATION_STATUS_CODE: 0
INSTRUMENTATION_STATUS: candidate_width_measurement=v1 id=51 maximum=3 round=2 wall_ns=461959 cpu_ns=463000 states=448 verified=11 completion=0 alternatives=3
INSTRUMENTATION_STATUS_CODE: 0
INSTRUMENTATION_STATUS: candidate_width_measurement=v1 id=51 maximum=1 round=2 wall_ns=445833 cpu_ns=446625 states=448 verified=11 completion=0 alternatives=1
INSTRUMENTATION_STATUS_CODE: 0
INSTRUMENTATION_STATUS: candidate_width_measurement=v1 id=52 maximum=1 round=2 wall_ns=2305958 cpu_ns=2307125 states=2008 verified=3 completion=0 alternatives=1
INSTRUMENTATION_STATUS_CODE: 0
INSTRUMENTATION_STATUS: candidate_width_measurement=v1 id=52 maximum=3 round=2 wall_ns=9284250 cpu_ns=9286041 states=8192 verified=4 completion=3 alternatives=3
INSTRUMENTATION_STATUS_CODE: 0
INSTRUMENTATION_STATUS: candidate_width_measurement=v1 id=52 maximum=7 round=2 wall_ns=8911125 cpu_ns=8912750 states=8192 verified=4 completion=3 alternatives=4
INSTRUMENTATION_STATUS_CODE: 0
INSTRUMENTATION_STATUS: candidate_width_measurement=v1 id=53 maximum=7 round=2 wall_ns=1503250 cpu_ns=1504250 states=1667 verified=10 completion=0 alternatives=7
INSTRUMENTATION_STATUS_CODE: 0
INSTRUMENTATION_STATUS: candidate_width_measurement=v1 id=53 maximum=3 round=2 wall_ns=420708 cpu_ns=421792 states=455 verified=6 completion=0 alternatives=3
INSTRUMENTATION_STATUS_CODE: 0
INSTRUMENTATION_STATUS: candidate_width_measurement=v1 id=53 maximum=1 round=2 wall_ns=281416 cpu_ns=282083 states=312 verified=4 completion=0 alternatives=1
INSTRUMENTATION_STATUS_CODE: 0
INSTRUMENTATION_STATUS: candidate_width_measurement=v1 id=54 maximum=1 round=2 wall_ns=1710334 cpu_ns=1711333 states=1412 verified=12 completion=0 alternatives=1
INSTRUMENTATION_STATUS_CODE: 0
INSTRUMENTATION_STATUS: candidate_width_measurement=v1 id=54 maximum=3 round=2 wall_ns=4893875 cpu_ns=4895375 states=4405 verified=14 completion=0 alternatives=3
INSTRUMENTATION_STATUS_CODE: 0
INSTRUMENTATION_STATUS: candidate_width_measurement=v1 id=54 maximum=7 round=2 wall_ns=8964417 cpu_ns=8968166 states=8192 verified=14 completion=3 alternatives=7
INSTRUMENTATION_STATUS_CODE: 0
INSTRUMENTATION_STATUS: candidate_width_measurement=v1 id=55 maximum=7 round=2 wall_ns=8182375 cpu_ns=8184166 states=6979 verified=13 completion=0 alternatives=7
INSTRUMENTATION_STATUS_CODE: 0
INSTRUMENTATION_STATUS: candidate_width_measurement=v1 id=55 maximum=3 round=2 wall_ns=8566125 cpu_ns=8567792 states=6979 verified=13 completion=0 alternatives=3
INSTRUMENTATION_STATUS_CODE: 0
INSTRUMENTATION_STATUS: candidate_width_measurement=v1 id=55 maximum=1 round=2 wall_ns=2622750 cpu_ns=2623750 states=2276 verified=10 completion=0 alternatives=1
INSTRUMENTATION_STATUS_CODE: 0
INSTRUMENTATION_STATUS: candidate_width_measurement=v1 id=56 maximum=1 round=2 wall_ns=998125 cpu_ns=998958 states=1277 verified=8 completion=0 alternatives=1
INSTRUMENTATION_STATUS_CODE: 0
INSTRUMENTATION_STATUS: candidate_width_measurement=v1 id=56 maximum=3 round=2 wall_ns=1098375 cpu_ns=1099416 states=1277 verified=8 completion=0 alternatives=3
INSTRUMENTATION_STATUS_CODE: 0
INSTRUMENTATION_STATUS: candidate_width_measurement=v1 id=56 maximum=7 round=2 wall_ns=1080958 cpu_ns=1081875 states=1277 verified=8 completion=0 alternatives=7
INSTRUMENTATION_STATUS_CODE: 0
INSTRUMENTATION_STATUS: candidate_width_measurement=v1 id=57 maximum=7 round=2 wall_ns=9666958 cpu_ns=9669417 states=8192 verified=3 completion=3 alternatives=3
INSTRUMENTATION_STATUS_CODE: 0
INSTRUMENTATION_STATUS: candidate_width_measurement=v1 id=57 maximum=3 round=2 wall_ns=8645667 cpu_ns=8647125 states=8192 verified=3 completion=3 alternatives=3
INSTRUMENTATION_STATUS_CODE: 0
INSTRUMENTATION_STATUS: candidate_width_measurement=v1 id=57 maximum=1 round=2 wall_ns=1992958 cpu_ns=1994083 states=1609 verified=3 completion=0 alternatives=1
INSTRUMENTATION_STATUS_CODE: 0
INSTRUMENTATION_STATUS: candidate_width_measurement=v1 id=58 maximum=1 round=2 wall_ns=492417 cpu_ns=493334 states=349 verified=5 completion=0 alternatives=1
INSTRUMENTATION_STATUS_CODE: 0
INSTRUMENTATION_STATUS: candidate_width_measurement=v1 id=58 maximum=3 round=2 wall_ns=2931583 cpu_ns=2932583 states=2200 verified=48 completion=0 alternatives=3
INSTRUMENTATION_STATUS_CODE: 0
INSTRUMENTATION_STATUS: candidate_width_measurement=v1 id=58 maximum=7 round=2 wall_ns=3134917 cpu_ns=3135916 states=2200 verified=48 completion=0 alternatives=7
INSTRUMENTATION_STATUS_CODE: 0
INSTRUMENTATION_STATUS: candidate_width_measurement=v1 id=59 maximum=7 round=2 wall_ns=5976750 cpu_ns=5977792 states=5151 verified=15 completion=0 alternatives=7
INSTRUMENTATION_STATUS_CODE: 0
INSTRUMENTATION_STATUS: candidate_width_measurement=v1 id=59 maximum=3 round=2 wall_ns=3656500 cpu_ns=3636626 states=2741 verified=13 completion=0 alternatives=3
INSTRUMENTATION_STATUS_CODE: 0
INSTRUMENTATION_STATUS: candidate_width_measurement=v1 id=59 maximum=1 round=2 wall_ns=1936083 cpu_ns=1937042 states=1483 verified=9 completion=0 alternatives=1
INSTRUMENTATION_STATUS_CODE: 0
INSTRUMENTATION_STATUS: candidate_width_measurement=v1 id=0 maximum=7 round=3 wall_ns=15744125 cpu_ns=11896335 states=8192 verified=13 completion=3 alternatives=7
INSTRUMENTATION_STATUS_CODE: 0
INSTRUMENTATION_STATUS: candidate_width_measurement=v1 id=0 maximum=3 round=3 wall_ns=5466958 cpu_ns=5470625 states=4713 verified=13 completion=0 alternatives=3
INSTRUMENTATION_STATUS_CODE: 0
INSTRUMENTATION_STATUS: candidate_width_measurement=v1 id=0 maximum=1 round=3 wall_ns=1800208 cpu_ns=1780292 states=1475 verified=13 completion=0 alternatives=1
INSTRUMENTATION_STATUS_CODE: 0
INSTRUMENTATION_STATUS: candidate_width_measurement=v1 id=1 maximum=1 round=3 wall_ns=481042 cpu_ns=452167 states=444 verified=9 completion=0 alternatives=1
INSTRUMENTATION_STATUS_CODE: 0
INSTRUMENTATION_STATUS: candidate_width_measurement=v1 id=1 maximum=3 round=3 wall_ns=499667 cpu_ns=445417 states=444 verified=9 completion=0 alternatives=3
INSTRUMENTATION_STATUS_CODE: 0
INSTRUMENTATION_STATUS: candidate_width_measurement=v1 id=1 maximum=7 round=3 wall_ns=1138584 cpu_ns=1139500 states=1438 verified=13 completion=0 alternatives=7
INSTRUMENTATION_STATUS_CODE: 0
INSTRUMENTATION_STATUS: candidate_width_measurement=v1 id=2 maximum=7 round=3 wall_ns=8518541 cpu_ns=8487749 states=8192 verified=5 completion=3 alternatives=5
INSTRUMENTATION_STATUS_CODE: 0
INSTRUMENTATION_STATUS: candidate_width_measurement=v1 id=2 maximum=3 round=3 wall_ns=6803167 cpu_ns=6751042 states=6379 verified=5 completion=0 alternatives=3
INSTRUMENTATION_STATUS_CODE: 0
INSTRUMENTATION_STATUS: candidate_width_measurement=v1 id=2 maximum=1 round=3 wall_ns=2063666 cpu_ns=1979417 states=1689 verified=2 completion=0 alternatives=1
INSTRUMENTATION_STATUS_CODE: 0
INSTRUMENTATION_STATUS: candidate_width_measurement=v1 id=3 maximum=1 round=3 wall_ns=2046875 cpu_ns=2047875 states=1775 verified=17 completion=0 alternatives=1
INSTRUMENTATION_STATUS_CODE: 0
INSTRUMENTATION_STATUS: candidate_width_measurement=v1 id=3 maximum=3 round=3 wall_ns=3279750 cpu_ns=3221291 states=2646 verified=46 completion=0 alternatives=3
INSTRUMENTATION_STATUS_CODE: 0
INSTRUMENTATION_STATUS: candidate_width_measurement=v1 id=3 maximum=7 round=3 wall_ns=6980667 cpu_ns=6981792 states=6441 verified=57 completion=0 alternatives=7
INSTRUMENTATION_STATUS_CODE: 0
INSTRUMENTATION_STATUS: candidate_width_measurement=v1 id=4 maximum=7 round=3 wall_ns=8449000 cpu_ns=8449958 states=8192 verified=7 completion=3 alternatives=7
INSTRUMENTATION_STATUS_CODE: 0
INSTRUMENTATION_STATUS: candidate_width_measurement=v1 id=4 maximum=3 round=3 wall_ns=4988292 cpu_ns=4947208 states=4569 verified=7 completion=0 alternatives=3
INSTRUMENTATION_STATUS_CODE: 0
INSTRUMENTATION_STATUS: candidate_width_measurement=v1 id=4 maximum=1 round=3 wall_ns=1821250 cpu_ns=1822625 states=1562 verified=7 completion=0 alternatives=1
INSTRUMENTATION_STATUS_CODE: 0
INSTRUMENTATION_STATUS: candidate_width_measurement=v1 id=5 maximum=1 round=3 wall_ns=551250 cpu_ns=552000 states=514 verified=11 completion=0 alternatives=1
INSTRUMENTATION_STATUS_CODE: 0
INSTRUMENTATION_STATUS: candidate_width_measurement=v1 id=5 maximum=3 round=3 wall_ns=2766708 cpu_ns=2767792 states=2139 verified=59 completion=0 alternatives=3
INSTRUMENTATION_STATUS_CODE: 0
INSTRUMENTATION_STATUS: candidate_width_measurement=v1 id=5 maximum=7 round=3 wall_ns=2720458 cpu_ns=2721834 states=2139 verified=59 completion=0 alternatives=7
INSTRUMENTATION_STATUS_CODE: 0
INSTRUMENTATION_STATUS: candidate_width_measurement=v1 id=6 maximum=7 round=3 wall_ns=5443291 cpu_ns=5444875 states=5398 verified=16 completion=0 alternatives=7
INSTRUMENTATION_STATUS_CODE: 0
INSTRUMENTATION_STATUS: candidate_width_measurement=v1 id=6 maximum=3 round=3 wall_ns=5256459 cpu_ns=5257708 states=5398 verified=16 completion=0 alternatives=3
INSTRUMENTATION_STATUS_CODE: 0
INSTRUMENTATION_STATUS: candidate_width_measurement=v1 id=6 maximum=1 round=3 wall_ns=1573167 cpu_ns=1574208 states=1463 verified=6 completion=0 alternatives=1
INSTRUMENTATION_STATUS_CODE: 0
INSTRUMENTATION_STATUS: candidate_width_measurement=v1 id=7 maximum=1 round=3 wall_ns=2118666 cpu_ns=2119583 states=1851 verified=8 completion=0 alternatives=1
INSTRUMENTATION_STATUS_CODE: 0
INSTRUMENTATION_STATUS: candidate_width_measurement=v1 id=7 maximum=3 round=3 wall_ns=2097125 cpu_ns=2097959 states=1851 verified=8 completion=0 alternatives=3
INSTRUMENTATION_STATUS_CODE: 0
INSTRUMENTATION_STATUS: candidate_width_measurement=v1 id=7 maximum=7 round=3 wall_ns=7013125 cpu_ns=6971958 states=5678 verified=45 completion=0 alternatives=7
INSTRUMENTATION_STATUS_CODE: 0
INSTRUMENTATION_STATUS: candidate_width_measurement=v1 id=8 maximum=7 round=3 wall_ns=2214917 cpu_ns=2215875 states=1503 verified=64 completion=4 alternatives=7
INSTRUMENTATION_STATUS_CODE: 0
INSTRUMENTATION_STATUS: candidate_width_measurement=v1 id=8 maximum=3 round=3 wall_ns=2146708 cpu_ns=2147584 states=1503 verified=64 completion=4 alternatives=3
INSTRUMENTATION_STATUS_CODE: 0
INSTRUMENTATION_STATUS: candidate_width_measurement=v1 id=8 maximum=1 round=3 wall_ns=518875 cpu_ns=520167 states=327 verified=18 completion=0 alternatives=1
INSTRUMENTATION_STATUS_CODE: 0
INSTRUMENTATION_STATUS: candidate_width_measurement=v1 id=9 maximum=1 round=3 wall_ns=379917 cpu_ns=380875 states=358 verified=4 completion=0 alternatives=1
INSTRUMENTATION_STATUS_CODE: 0
INSTRUMENTATION_STATUS: candidate_width_measurement=v1 id=9 maximum=3 round=3 wall_ns=1504375 cpu_ns=1505500 states=1282 verified=10 completion=0 alternatives=3
INSTRUMENTATION_STATUS_CODE: 0
INSTRUMENTATION_STATUS: candidate_width_measurement=v1 id=9 maximum=7 round=3 wall_ns=4753416 cpu_ns=4754625 states=4662 verified=13 completion=0 alternatives=7
INSTRUMENTATION_STATUS_CODE: 0
INSTRUMENTATION_STATUS: candidate_width_measurement=v1 id=10 maximum=7 round=3 wall_ns=1626042 cpu_ns=1626958 states=1917 verified=42 completion=0 alternatives=7
INSTRUMENTATION_STATUS_CODE: 0
INSTRUMENTATION_STATUS: candidate_width_measurement=v1 id=10 maximum=3 round=3 wall_ns=434375 cpu_ns=435417 states=422 verified=20 completion=0 alternatives=3
INSTRUMENTATION_STATUS_CODE: 0
INSTRUMENTATION_STATUS: candidate_width_measurement=v1 id=10 maximum=1 round=3 wall_ns=437750 cpu_ns=439042 states=422 verified=20 completion=0 alternatives=1
INSTRUMENTATION_STATUS_CODE: 0
INSTRUMENTATION_STATUS: candidate_width_measurement=v1 id=11 maximum=1 round=3 wall_ns=2520834 cpu_ns=2521750 states=2058 verified=28 completion=0 alternatives=1
INSTRUMENTATION_STATUS_CODE: 0
INSTRUMENTATION_STATUS: candidate_width_measurement=v1 id=11 maximum=3 round=3 wall_ns=2448916 cpu_ns=2449791 states=2058 verified=28 completion=0 alternatives=3
INSTRUMENTATION_STATUS_CODE: 0
INSTRUMENTATION_STATUS: candidate_width_measurement=v1 id=11 maximum=7 round=3 wall_ns=8882625 cpu_ns=8883791 states=8192 verified=49 completion=3 alternatives=7
INSTRUMENTATION_STATUS_CODE: 0
INSTRUMENTATION_STATUS: candidate_width_measurement=v1 id=12 maximum=7 round=3 wall_ns=1748125 cpu_ns=1749333 states=1986 verified=15 completion=0 alternatives=7
INSTRUMENTATION_STATUS_CODE: 0
INSTRUMENTATION_STATUS: candidate_width_measurement=v1 id=12 maximum=3 round=3 wall_ns=393125 cpu_ns=393958 states=420 verified=5 completion=0 alternatives=3
INSTRUMENTATION_STATUS_CODE: 0
INSTRUMENTATION_STATUS: candidate_width_measurement=v1 id=12 maximum=1 round=3 wall_ns=313125 cpu_ns=314042 states=324 verified=4 completion=0 alternatives=1
INSTRUMENTATION_STATUS_CODE: 0
INSTRUMENTATION_STATUS: candidate_width_measurement=v1 id=13 maximum=1 round=3 wall_ns=858334 cpu_ns=859167 states=599 verified=26 completion=0 alternatives=1
INSTRUMENTATION_STATUS_CODE: 0
INSTRUMENTATION_STATUS: candidate_width_measurement=v1 id=13 maximum=3 round=3 wall_ns=2332750 cpu_ns=2333667 states=1861 verified=44 completion=0 alternatives=3
INSTRUMENTATION_STATUS_CODE: 0
INSTRUMENTATION_STATUS: candidate_width_measurement=v1 id=13 maximum=7 round=3 wall_ns=3836042 cpu_ns=3837083 states=2999 verified=64 completion=4 alternatives=7
INSTRUMENTATION_STATUS_CODE: 0
INSTRUMENTATION_STATUS: candidate_width_measurement=v1 id=14 maximum=7 round=3 wall_ns=8578791 cpu_ns=8580459 states=8192 verified=1 completion=3 alternatives=1
INSTRUMENTATION_STATUS_CODE: 0
INSTRUMENTATION_STATUS: candidate_width_measurement=v1 id=14 maximum=3 round=3 wall_ns=8429084 cpu_ns=8429917 states=8192 verified=1 completion=3 alternatives=1
INSTRUMENTATION_STATUS_CODE: 0
INSTRUMENTATION_STATUS: candidate_width_measurement=v1 id=14 maximum=1 round=3 wall_ns=2085625 cpu_ns=2086542 states=1930 verified=1 completion=0 alternatives=1
INSTRUMENTATION_STATUS_CODE: 0
INSTRUMENTATION_STATUS: candidate_width_measurement=v1 id=15 maximum=1 round=3 wall_ns=234417 cpu_ns=235333 states=250 verified=3 completion=0 alternatives=1
INSTRUMENTATION_STATUS_CODE: 0
INSTRUMENTATION_STATUS: candidate_width_measurement=v1 id=15 maximum=3 round=3 wall_ns=1056833 cpu_ns=1057667 states=1324 verified=9 completion=0 alternatives=3
INSTRUMENTATION_STATUS_CODE: 0
INSTRUMENTATION_STATUS: candidate_width_measurement=v1 id=15 maximum=7 round=3 wall_ns=1012875 cpu_ns=1013667 states=1324 verified=9 completion=0 alternatives=7
INSTRUMENTATION_STATUS_CODE: 0
INSTRUMENTATION_STATUS: candidate_width_measurement=v1 id=16 maximum=7 round=3 wall_ns=8273333 cpu_ns=8274667 states=8192 verified=14 completion=3 alternatives=7
INSTRUMENTATION_STATUS_CODE: 0
INSTRUMENTATION_STATUS: candidate_width_measurement=v1 id=16 maximum=3 round=3 wall_ns=1816083 cpu_ns=1816917 states=1607 verified=13 completion=0 alternatives=3
INSTRUMENTATION_STATUS_CODE: 0
INSTRUMENTATION_STATUS: candidate_width_measurement=v1 id=16 maximum=1 round=3 wall_ns=1787791 cpu_ns=1788750 states=1607 verified=13 completion=0 alternatives=1
INSTRUMENTATION_STATUS_CODE: 0
INSTRUMENTATION_STATUS: candidate_width_measurement=v1 id=17 maximum=1 round=3 wall_ns=1545583 cpu_ns=1546458 states=1517 verified=1 completion=0 alternatives=1
INSTRUMENTATION_STATUS_CODE: 0
INSTRUMENTATION_STATUS: candidate_width_measurement=v1 id=17 maximum=3 round=3 wall_ns=8072500 cpu_ns=8073166 states=8192 verified=2 completion=3 alternatives=2
INSTRUMENTATION_STATUS_CODE: 0
INSTRUMENTATION_STATUS: candidate_width_measurement=v1 id=17 maximum=7 round=3 wall_ns=7906625 cpu_ns=7907708 states=8192 verified=2 completion=3 alternatives=2
INSTRUMENTATION_STATUS_CODE: 0
INSTRUMENTATION_STATUS: candidate_width_measurement=v1 id=18 maximum=7 round=3 wall_ns=2552417 cpu_ns=2553333 states=3409 verified=5 completion=0 alternatives=5
INSTRUMENTATION_STATUS_CODE: 0
INSTRUMENTATION_STATUS: candidate_width_measurement=v1 id=18 maximum=3 round=3 wall_ns=1666625 cpu_ns=1667542 states=2064 verified=5 completion=0 alternatives=3
INSTRUMENTATION_STATUS_CODE: 0
INSTRUMENTATION_STATUS: candidate_width_measurement=v1 id=18 maximum=1 round=3 wall_ns=358708 cpu_ns=359625 states=411 verified=4 completion=0 alternatives=1
INSTRUMENTATION_STATUS_CODE: 0
INSTRUMENTATION_STATUS: candidate_width_measurement=v1 id=19 maximum=1 round=3 wall_ns=338708 cpu_ns=339542 states=292 verified=29 completion=0 alternatives=1
INSTRUMENTATION_STATUS_CODE: 0
INSTRUMENTATION_STATUS: candidate_width_measurement=v1 id=19 maximum=3 round=3 wall_ns=347208 cpu_ns=348167 states=292 verified=29 completion=0 alternatives=3
INSTRUMENTATION_STATUS_CODE: 0
INSTRUMENTATION_STATUS: candidate_width_measurement=v1 id=19 maximum=7 round=3 wall_ns=1425042 cpu_ns=1264916 states=1121 verified=50 completion=0 alternatives=7
INSTRUMENTATION_STATUS_CODE: 0
INSTRUMENTATION_STATUS: candidate_width_measurement=v1 id=20 maximum=7 round=3 wall_ns=4345667 cpu_ns=4210667 states=2619 verified=64 completion=4 alternatives=7
INSTRUMENTATION_STATUS_CODE: 0
INSTRUMENTATION_STATUS: candidate_width_measurement=v1 id=20 maximum=3 round=3 wall_ns=3585500 cpu_ns=3586375 states=2619 verified=64 completion=4 alternatives=3
INSTRUMENTATION_STATUS_CODE: 0
INSTRUMENTATION_STATUS: candidate_width_measurement=v1 id=20 maximum=1 round=3 wall_ns=3585000 cpu_ns=3586042 states=2619 verified=64 completion=4 alternatives=1
INSTRUMENTATION_STATUS_CODE: 0
INSTRUMENTATION_STATUS: candidate_width_measurement=v1 id=21 maximum=1 round=3 wall_ns=2661500 cpu_ns=2662417 states=2111 verified=12 completion=0 alternatives=1
INSTRUMENTATION_STATUS_CODE: 0
INSTRUMENTATION_STATUS: candidate_width_measurement=v1 id=21 maximum=3 round=3 wall_ns=2578958 cpu_ns=2579875 states=2111 verified=12 completion=0 alternatives=3
INSTRUMENTATION_STATUS_CODE: 0
INSTRUMENTATION_STATUS: candidate_width_measurement=v1 id=21 maximum=7 round=3 wall_ns=7091500 cpu_ns=7092541 states=5806 verified=21 completion=0 alternatives=7
INSTRUMENTATION_STATUS_CODE: 0
INSTRUMENTATION_STATUS: candidate_width_measurement=v1 id=22 maximum=7 round=3 wall_ns=1765417 cpu_ns=1766250 states=1928 verified=10 completion=0 alternatives=7
INSTRUMENTATION_STATUS_CODE: 0
INSTRUMENTATION_STATUS: candidate_width_measurement=v1 id=22 maximum=3 round=3 wall_ns=1504417 cpu_ns=1505292 states=1928 verified=10 completion=0 alternatives=3
INSTRUMENTATION_STATUS_CODE: 0
INSTRUMENTATION_STATUS: candidate_width_measurement=v1 id=22 maximum=1 round=3 wall_ns=260167 cpu_ns=261000 states=293 verified=2 completion=0 alternatives=1
INSTRUMENTATION_STATUS_CODE: 0
INSTRUMENTATION_STATUS: candidate_width_measurement=v1 id=23 maximum=1 round=3 wall_ns=247208 cpu_ns=248042 states=253 verified=3 completion=0 alternatives=1
INSTRUMENTATION_STATUS_CODE: 0
INSTRUMENTATION_STATUS: candidate_width_measurement=v1 id=23 maximum=3 round=3 wall_ns=239542 cpu_ns=240417 states=253 verified=3 completion=0 alternatives=3
INSTRUMENTATION_STATUS_CODE: 0
INSTRUMENTATION_STATUS: candidate_width_measurement=v1 id=23 maximum=7 round=3 wall_ns=1357500 cpu_ns=1358209 states=1455 verified=24 completion=0 alternatives=7
INSTRUMENTATION_STATUS_CODE: 0
INSTRUMENTATION_STATUS: candidate_width_measurement=v1 id=24 maximum=7 round=3 wall_ns=980875 cpu_ns=981750 states=1273 verified=29 completion=0 alternatives=7
INSTRUMENTATION_STATUS_CODE: 0
INSTRUMENTATION_STATUS: candidate_width_measurement=v1 id=24 maximum=3 round=3 wall_ns=231500 cpu_ns=232666 states=192 verified=11 completion=0 alternatives=3
INSTRUMENTATION_STATUS_CODE: 0
INSTRUMENTATION_STATUS: candidate_width_measurement=v1 id=24 maximum=1 round=3 wall_ns=203792 cpu_ns=204667 states=192 verified=11 completion=0 alternatives=1
INSTRUMENTATION_STATUS_CODE: 0
INSTRUMENTATION_STATUS: candidate_width_measurement=v1 id=25 maximum=1 round=3 wall_ns=1808167 cpu_ns=1809166 states=1614 verified=6 completion=0 alternatives=1
INSTRUMENTATION_STATUS_CODE: 0
INSTRUMENTATION_STATUS: candidate_width_measurement=v1 id=25 maximum=3 round=3 wall_ns=6815000 cpu_ns=6816666 states=6796 verified=11 completion=0 alternatives=3
INSTRUMENTATION_STATUS_CODE: 0
INSTRUMENTATION_STATUS: candidate_width_measurement=v1 id=25 maximum=7 round=3 wall_ns=6908959 cpu_ns=6910375 states=6796 verified=11 completion=0 alternatives=7
INSTRUMENTATION_STATUS_CODE: 0
INSTRUMENTATION_STATUS: candidate_width_measurement=v1 id=26 maximum=7 round=3 wall_ns=5899625 cpu_ns=5900792 states=4889 verified=39 completion=0 alternatives=7
INSTRUMENTATION_STATUS_CODE: 0
INSTRUMENTATION_STATUS: candidate_width_measurement=v1 id=26 maximum=3 round=3 wall_ns=5150583 cpu_ns=5151583 states=4889 verified=39 completion=0 alternatives=3
INSTRUMENTATION_STATUS_CODE: 0
INSTRUMENTATION_STATUS: candidate_width_measurement=v1 id=26 maximum=1 round=3 wall_ns=2357166 cpu_ns=2358875 states=1814 verified=31 completion=0 alternatives=1
INSTRUMENTATION_STATUS_CODE: 0
INSTRUMENTATION_STATUS: candidate_width_measurement=v1 id=27 maximum=1 round=3 wall_ns=319166 cpu_ns=320292 states=280 verified=6 completion=0 alternatives=1
INSTRUMENTATION_STATUS_CODE: 0
INSTRUMENTATION_STATUS: candidate_width_measurement=v1 id=27 maximum=3 round=3 wall_ns=308041 cpu_ns=309083 states=280 verified=6 completion=0 alternatives=3
INSTRUMENTATION_STATUS_CODE: 0
INSTRUMENTATION_STATUS: candidate_width_measurement=v1 id=27 maximum=7 round=3 wall_ns=1340667 cpu_ns=1341500 states=1508 verified=8 completion=0 alternatives=7
INSTRUMENTATION_STATUS_CODE: 0
INSTRUMENTATION_STATUS: candidate_width_measurement=v1 id=28 maximum=7 round=3 wall_ns=5183375 cpu_ns=5186041 states=4469 verified=63 completion=0 alternatives=7
INSTRUMENTATION_STATUS_CODE: 0
INSTRUMENTATION_STATUS: candidate_width_measurement=v1 id=28 maximum=3 round=3 wall_ns=2218542 cpu_ns=2219458 states=1466 verified=53 completion=0 alternatives=3
INSTRUMENTATION_STATUS_CODE: 0
INSTRUMENTATION_STATUS: candidate_width_measurement=v1 id=28 maximum=1 round=3 wall_ns=502167 cpu_ns=503167 states=336 verified=13 completion=0 alternatives=1
INSTRUMENTATION_STATUS_CODE: 0
INSTRUMENTATION_STATUS: candidate_width_measurement=v1 id=29 maximum=1 round=3 wall_ns=2304667 cpu_ns=2305458 states=1750 verified=28 completion=0 alternatives=1
INSTRUMENTATION_STATUS_CODE: 0
INSTRUMENTATION_STATUS: candidate_width_measurement=v1 id=29 maximum=3 round=3 wall_ns=2236750 cpu_ns=2237625 states=1750 verified=28 completion=0 alternatives=3
INSTRUMENTATION_STATUS_CODE: 0
INSTRUMENTATION_STATUS: candidate_width_measurement=v1 id=29 maximum=7 round=3 wall_ns=7636417 cpu_ns=7637417 states=7060 verified=55 completion=0 alternatives=7
INSTRUMENTATION_STATUS_CODE: 0
INSTRUMENTATION_STATUS: candidate_width_measurement=v1 id=30 maximum=7 round=3 wall_ns=3198000 cpu_ns=3199000 states=2206 verified=64 completion=4 alternatives=7
INSTRUMENTATION_STATUS_CODE: 0
INSTRUMENTATION_STATUS: candidate_width_measurement=v1 id=30 maximum=3 round=3 wall_ns=2951917 cpu_ns=2953000 states=2206 verified=64 completion=4 alternatives=3
INSTRUMENTATION_STATUS_CODE: 0
INSTRUMENTATION_STATUS: candidate_width_measurement=v1 id=30 maximum=1 round=3 wall_ns=2996667 cpu_ns=2997458 states=2206 verified=64 completion=4 alternatives=1
INSTRUMENTATION_STATUS_CODE: 0
INSTRUMENTATION_STATUS: candidate_width_measurement=v1 id=31 maximum=1 round=3 wall_ns=2726416 cpu_ns=2728333 states=2079 verified=2 completion=0 alternatives=1
INSTRUMENTATION_STATUS_CODE: 0
INSTRUMENTATION_STATUS: candidate_width_measurement=v1 id=31 maximum=3 round=3 wall_ns=2775459 cpu_ns=2776875 states=2464 verified=5 completion=0 alternatives=3
INSTRUMENTATION_STATUS_CODE: 0
INSTRUMENTATION_STATUS: candidate_width_measurement=v1 id=31 maximum=7 round=3 wall_ns=7433334 cpu_ns=7435167 states=6727 verified=12 completion=0 alternatives=7
INSTRUMENTATION_STATUS_CODE: 0
INSTRUMENTATION_STATUS: candidate_width_measurement=v1 id=32 maximum=7 round=3 wall_ns=6245667 cpu_ns=6246916 states=5006 verified=47 completion=0 alternatives=7
INSTRUMENTATION_STATUS_CODE: 0
INSTRUMENTATION_STATUS: candidate_width_measurement=v1 id=32 maximum=3 round=3 wall_ns=2436250 cpu_ns=2437375 states=1787 verified=39 completion=0 alternatives=3
INSTRUMENTATION_STATUS_CODE: 0
INSTRUMENTATION_STATUS: candidate_width_measurement=v1 id=32 maximum=1 round=3 wall_ns=2443625 cpu_ns=2444709 states=1787 verified=39 completion=0 alternatives=1
INSTRUMENTATION_STATUS_CODE: 0
INSTRUMENTATION_STATUS: candidate_width_measurement=v1 id=33 maximum=1 round=3 wall_ns=1636625 cpu_ns=1637333 states=1398 verified=12 completion=0 alternatives=1
INSTRUMENTATION_STATUS_CODE: 0
INSTRUMENTATION_STATUS: candidate_width_measurement=v1 id=33 maximum=3 round=3 wall_ns=3363917 cpu_ns=3364791 states=3501 verified=18 completion=0 alternatives=3
INSTRUMENTATION_STATUS_CODE: 0
INSTRUMENTATION_STATUS: candidate_width_measurement=v1 id=33 maximum=7 round=3 wall_ns=3375750 cpu_ns=3376667 states=3501 verified=18 completion=0 alternatives=7
INSTRUMENTATION_STATUS_CODE: 0
INSTRUMENTATION_STATUS: candidate_width_measurement=v1 id=34 maximum=7 round=3 wall_ns=9103958 cpu_ns=9105917 states=8192 verified=26 completion=3 alternatives=7
INSTRUMENTATION_STATUS_CODE: 0
INSTRUMENTATION_STATUS: candidate_width_measurement=v1 id=34 maximum=3 round=3 wall_ns=3497208 cpu_ns=3498542 states=2542 verified=22 completion=0 alternatives=3
INSTRUMENTATION_STATUS_CODE: 0
INSTRUMENTATION_STATUS: candidate_width_measurement=v1 id=34 maximum=1 round=3 wall_ns=3332584 cpu_ns=3333375 states=2542 verified=22 completion=0 alternatives=1
INSTRUMENTATION_STATUS_CODE: 0
INSTRUMENTATION_STATUS: candidate_width_measurement=v1 id=35 maximum=1 round=3 wall_ns=2293333 cpu_ns=2294750 states=1844 verified=23 completion=0 alternatives=1
INSTRUMENTATION_STATUS_CODE: 0
INSTRUMENTATION_STATUS: candidate_width_measurement=v1 id=35 maximum=3 round=3 wall_ns=2192333 cpu_ns=2193250 states=1844 verified=23 completion=0 alternatives=3
INSTRUMENTATION_STATUS_CODE: 0
INSTRUMENTATION_STATUS: candidate_width_measurement=v1 id=35 maximum=7 round=3 wall_ns=8147000 cpu_ns=8148041 states=8192 verified=25 completion=3 alternatives=7
INSTRUMENTATION_STATUS_CODE: 0
INSTRUMENTATION_STATUS: candidate_width_measurement=v1 id=36 maximum=7 round=3 wall_ns=2955792 cpu_ns=2956833 states=2213 verified=48 completion=0 alternatives=7
INSTRUMENTATION_STATUS_CODE: 0
INSTRUMENTATION_STATUS: candidate_width_measurement=v1 id=36 maximum=3 round=3 wall_ns=2992250 cpu_ns=2993333 states=2213 verified=48 completion=0 alternatives=3
INSTRUMENTATION_STATUS_CODE: 0
INSTRUMENTATION_STATUS: candidate_width_measurement=v1 id=36 maximum=1 round=3 wall_ns=504541 cpu_ns=505542 states=367 verified=9 completion=0 alternatives=1
INSTRUMENTATION_STATUS_CODE: 0
INSTRUMENTATION_STATUS: candidate_width_measurement=v1 id=37 maximum=1 round=3 wall_ns=1457625 cpu_ns=1458500 states=1093 verified=5 completion=0 alternatives=1
INSTRUMENTATION_STATUS_CODE: 0
INSTRUMENTATION_STATUS: candidate_width_measurement=v1 id=37 maximum=3 round=3 wall_ns=8673667 cpu_ns=8674584 states=8192 verified=5 completion=3 alternatives=3
INSTRUMENTATION_STATUS_CODE: 0
INSTRUMENTATION_STATUS: candidate_width_measurement=v1 id=37 maximum=7 round=3 wall_ns=8273792 cpu_ns=8275416 states=8192 verified=5 completion=3 alternatives=5
INSTRUMENTATION_STATUS_CODE: 0
INSTRUMENTATION_STATUS: candidate_width_measurement=v1 id=38 maximum=7 round=3 wall_ns=9211167 cpu_ns=9212292 states=8192 verified=29 completion=3 alternatives=7
INSTRUMENTATION_STATUS_CODE: 0
INSTRUMENTATION_STATUS: candidate_width_measurement=v1 id=38 maximum=3 round=3 wall_ns=3994375 cpu_ns=3826084 states=2434 verified=28 completion=0 alternatives=3
INSTRUMENTATION_STATUS_CODE: 0
INSTRUMENTATION_STATUS: candidate_width_measurement=v1 id=38 maximum=1 round=3 wall_ns=876208 cpu_ns=816292 states=537 verified=6 completion=0 alternatives=1
INSTRUMENTATION_STATUS_CODE: 0
INSTRUMENTATION_STATUS: candidate_width_measurement=v1 id=39 maximum=1 round=3 wall_ns=685458 cpu_ns=686333 states=412 verified=23 completion=0 alternatives=1
INSTRUMENTATION_STATUS_CODE: 0
INSTRUMENTATION_STATUS: candidate_width_measurement=v1 id=39 maximum=3 round=3 wall_ns=2668000 cpu_ns=2669000 states=1873 verified=64 completion=4 alternatives=3
INSTRUMENTATION_STATUS_CODE: 0
INSTRUMENTATION_STATUS: candidate_width_measurement=v1 id=39 maximum=7 round=3 wall_ns=2555500 cpu_ns=2556334 states=1873 verified=64 completion=4 alternatives=7
INSTRUMENTATION_STATUS_CODE: 0
INSTRUMENTATION_STATUS: candidate_width_measurement=v1 id=40 maximum=7 round=3 wall_ns=1005208 cpu_ns=1006042 states=1119 verified=42 completion=0 alternatives=7
INSTRUMENTATION_STATUS_CODE: 0
INSTRUMENTATION_STATUS: candidate_width_measurement=v1 id=40 maximum=3 round=3 wall_ns=346333 cpu_ns=347042 states=310 verified=33 completion=0 alternatives=3
INSTRUMENTATION_STATUS_CODE: 0
INSTRUMENTATION_STATUS: candidate_width_measurement=v1 id=40 maximum=1 round=3 wall_ns=342292 cpu_ns=342833 states=310 verified=33 completion=0 alternatives=1
INSTRUMENTATION_STATUS_CODE: 0
INSTRUMENTATION_STATUS: candidate_width_measurement=v1 id=41 maximum=1 round=3 wall_ns=346250 cpu_ns=347250 states=353 verified=5 completion=0 alternatives=1
INSTRUMENTATION_STATUS_CODE: 0
INSTRUMENTATION_STATUS: candidate_width_measurement=v1 id=41 maximum=3 round=3 wall_ns=1321416 cpu_ns=1322417 states=1616 verified=9 completion=0 alternatives=3
INSTRUMENTATION_STATUS_CODE: 0
INSTRUMENTATION_STATUS: candidate_width_measurement=v1 id=41 maximum=7 round=3 wall_ns=2530167 cpu_ns=2531375 states=3007 verified=13 completion=0 alternatives=7
INSTRUMENTATION_STATUS_CODE: 0
INSTRUMENTATION_STATUS: candidate_width_measurement=v1 id=42 maximum=7 round=3 wall_ns=1004292 cpu_ns=1005125 states=1399 verified=41 completion=0 alternatives=7
INSTRUMENTATION_STATUS_CODE: 0
INSTRUMENTATION_STATUS: candidate_width_measurement=v1 id=42 maximum=3 round=3 wall_ns=353750 cpu_ns=354375 states=401 verified=27 completion=0 alternatives=3
INSTRUMENTATION_STATUS_CODE: 0
INSTRUMENTATION_STATUS: candidate_width_measurement=v1 id=42 maximum=1 round=3 wall_ns=241500 cpu_ns=242042 states=236 verified=23 completion=0 alternatives=1
INSTRUMENTATION_STATUS_CODE: 0
INSTRUMENTATION_STATUS: candidate_width_measurement=v1 id=43 maximum=1 round=3 wall_ns=1842083 cpu_ns=1843000 states=1640 verified=7 completion=0 alternatives=1
INSTRUMENTATION_STATUS_CODE: 0
INSTRUMENTATION_STATUS: candidate_width_measurement=v1 id=43 maximum=3 round=3 wall_ns=1770542 cpu_ns=1771375 states=1640 verified=7 completion=0 alternatives=3
INSTRUMENTATION_STATUS_CODE: 0
INSTRUMENTATION_STATUS: candidate_width_measurement=v1 id=43 maximum=7 round=3 wall_ns=5349042 cpu_ns=5349916 states=4904 verified=13 completion=0 alternatives=7
INSTRUMENTATION_STATUS_CODE: 0
INSTRUMENTATION_STATUS: candidate_width_measurement=v1 id=44 maximum=7 round=3 wall_ns=1940750 cpu_ns=1941500 states=2455 verified=10 completion=0 alternatives=4
INSTRUMENTATION_STATUS_CODE: 0
INSTRUMENTATION_STATUS: candidate_width_measurement=v1 id=44 maximum=3 round=3 wall_ns=1210959 cpu_ns=1211625 states=1492 verified=7 completion=0 alternatives=3
INSTRUMENTATION_STATUS_CODE: 0
INSTRUMENTATION_STATUS: candidate_width_measurement=v1 id=44 maximum=1 round=3 wall_ns=500458 cpu_ns=501208 states=612 verified=5 completion=0 alternatives=1
INSTRUMENTATION_STATUS_CODE: 0
INSTRUMENTATION_STATUS: candidate_width_measurement=v1 id=45 maximum=1 round=3 wall_ns=27041 cpu_ns=28000 states=28 verified=0 completion=2 alternatives=0
INSTRUMENTATION_STATUS_CODE: 0
INSTRUMENTATION_STATUS: candidate_width_measurement=v1 id=45 maximum=3 round=3 wall_ns=24916 cpu_ns=25750 states=28 verified=0 completion=2 alternatives=0
INSTRUMENTATION_STATUS_CODE: 0
INSTRUMENTATION_STATUS: candidate_width_measurement=v1 id=45 maximum=7 round=3 wall_ns=26083 cpu_ns=26875 states=28 verified=0 completion=2 alternatives=0
INSTRUMENTATION_STATUS_CODE: 0
INSTRUMENTATION_STATUS: candidate_width_measurement=v1 id=46 maximum=7 round=3 wall_ns=2456291 cpu_ns=2457250 states=2202 verified=27 completion=0 alternatives=7
INSTRUMENTATION_STATUS_CODE: 0
INSTRUMENTATION_STATUS: candidate_width_measurement=v1 id=46 maximum=3 round=3 wall_ns=902458 cpu_ns=903583 states=724 verified=11 completion=0 alternatives=3
INSTRUMENTATION_STATUS_CODE: 0
INSTRUMENTATION_STATUS: candidate_width_measurement=v1 id=46 maximum=1 round=3 wall_ns=890625 cpu_ns=891583 states=724 verified=11 completion=0 alternatives=1
INSTRUMENTATION_STATUS_CODE: 0
INSTRUMENTATION_STATUS: candidate_width_measurement=v1 id=47 maximum=1 round=3 wall_ns=2164500 cpu_ns=2166084 states=1621 verified=16 completion=0 alternatives=1
INSTRUMENTATION_STATUS_CODE: 0
INSTRUMENTATION_STATUS: candidate_width_measurement=v1 id=47 maximum=3 round=3 wall_ns=3163459 cpu_ns=3164667 states=2580 verified=16 completion=0 alternatives=3
INSTRUMENTATION_STATUS_CODE: 0
INSTRUMENTATION_STATUS: candidate_width_measurement=v1 id=47 maximum=7 round=3 wall_ns=9338667 cpu_ns=9339792 states=8192 verified=16 completion=3 alternatives=7
INSTRUMENTATION_STATUS_CODE: 0
INSTRUMENTATION_STATUS: candidate_width_measurement=v1 id=48 maximum=7 round=3 wall_ns=2176792 cpu_ns=2177709 states=1680 verified=21 completion=0 alternatives=7
INSTRUMENTATION_STATUS_CODE: 0
INSTRUMENTATION_STATUS: candidate_width_measurement=v1 id=48 maximum=3 round=3 wall_ns=2132292 cpu_ns=2133000 states=1680 verified=21 completion=0 alternatives=3
INSTRUMENTATION_STATUS_CODE: 0
INSTRUMENTATION_STATUS: candidate_width_measurement=v1 id=48 maximum=1 round=3 wall_ns=2104041 cpu_ns=2105333 states=1680 verified=21 completion=0 alternatives=1
INSTRUMENTATION_STATUS_CODE: 0
INSTRUMENTATION_STATUS: candidate_width_measurement=v1 id=49 maximum=1 round=3 wall_ns=306209 cpu_ns=307459 states=296 verified=5 completion=0 alternatives=1
INSTRUMENTATION_STATUS_CODE: 0
INSTRUMENTATION_STATUS: candidate_width_measurement=v1 id=49 maximum=3 round=3 wall_ns=1363125 cpu_ns=1364209 states=1514 verified=18 completion=0 alternatives=3
INSTRUMENTATION_STATUS_CODE: 0
INSTRUMENTATION_STATUS: candidate_width_measurement=v1 id=49 maximum=7 round=3 wall_ns=1381584 cpu_ns=1383583 states=1514 verified=18 completion=0 alternatives=7
INSTRUMENTATION_STATUS_CODE: 0
INSTRUMENTATION_STATUS: candidate_width_measurement=v1 id=50 maximum=7 round=3 wall_ns=2745625 cpu_ns=2746666 states=1892 verified=64 completion=4 alternatives=7
INSTRUMENTATION_STATUS_CODE: 0
INSTRUMENTATION_STATUS: candidate_width_measurement=v1 id=50 maximum=3 round=3 wall_ns=2602542 cpu_ns=2603333 states=1892 verified=64 completion=4 alternatives=3
INSTRUMENTATION_STATUS_CODE: 0
INSTRUMENTATION_STATUS: candidate_width_measurement=v1 id=50 maximum=1 round=3 wall_ns=434333 cpu_ns=435584 states=322 verified=8 completion=0 alternatives=1
INSTRUMENTATION_STATUS_CODE: 0
INSTRUMENTATION_STATUS: candidate_width_measurement=v1 id=51 maximum=1 round=3 wall_ns=481625 cpu_ns=482833 states=448 verified=11 completion=0 alternatives=1
INSTRUMENTATION_STATUS_CODE: 0
INSTRUMENTATION_STATUS: candidate_width_measurement=v1 id=51 maximum=3 round=3 wall_ns=458209 cpu_ns=459000 states=448 verified=11 completion=0 alternatives=3
INSTRUMENTATION_STATUS_CODE: 0
INSTRUMENTATION_STATUS: candidate_width_measurement=v1 id=51 maximum=7 round=3 wall_ns=709875 cpu_ns=710791 states=740 verified=11 completion=0 alternatives=7
INSTRUMENTATION_STATUS_CODE: 0
INSTRUMENTATION_STATUS: candidate_width_measurement=v1 id=52 maximum=7 round=3 wall_ns=9607625 cpu_ns=9608708 states=8192 verified=4 completion=3 alternatives=4
INSTRUMENTATION_STATUS_CODE: 0
INSTRUMENTATION_STATUS: candidate_width_measurement=v1 id=52 maximum=3 round=3 wall_ns=8846542 cpu_ns=8847500 states=8192 verified=4 completion=3 alternatives=3
INSTRUMENTATION_STATUS_CODE: 0
INSTRUMENTATION_STATUS: candidate_width_measurement=v1 id=52 maximum=1 round=3 wall_ns=2308417 cpu_ns=2309375 states=2008 verified=3 completion=0 alternatives=1
INSTRUMENTATION_STATUS_CODE: 0
INSTRUMENTATION_STATUS: candidate_width_measurement=v1 id=53 maximum=1 round=3 wall_ns=312583 cpu_ns=313709 states=312 verified=4 completion=0 alternatives=1
INSTRUMENTATION_STATUS_CODE: 0
INSTRUMENTATION_STATUS: candidate_width_measurement=v1 id=53 maximum=3 round=3 wall_ns=432542 cpu_ns=433375 states=455 verified=6 completion=0 alternatives=3
INSTRUMENTATION_STATUS_CODE: 0
INSTRUMENTATION_STATUS: candidate_width_measurement=v1 id=53 maximum=7 round=3 wall_ns=1558875 cpu_ns=1560083 states=1667 verified=10 completion=0 alternatives=7
INSTRUMENTATION_STATUS_CODE: 0
INSTRUMENTATION_STATUS: candidate_width_measurement=v1 id=54 maximum=7 round=3 wall_ns=9858208 cpu_ns=9860417 states=8192 verified=14 completion=3 alternatives=7
INSTRUMENTATION_STATUS_CODE: 0
INSTRUMENTATION_STATUS: candidate_width_measurement=v1 id=54 maximum=3 round=3 wall_ns=5405834 cpu_ns=5406709 states=4405 verified=14 completion=0 alternatives=3
INSTRUMENTATION_STATUS_CODE: 0
INSTRUMENTATION_STATUS: candidate_width_measurement=v1 id=54 maximum=1 round=3 wall_ns=1685208 cpu_ns=1686458 states=1412 verified=12 completion=0 alternatives=1
INSTRUMENTATION_STATUS_CODE: 0
INSTRUMENTATION_STATUS: candidate_width_measurement=v1 id=55 maximum=1 round=3 wall_ns=2829625 cpu_ns=2831000 states=2276 verified=10 completion=0 alternatives=1
INSTRUMENTATION_STATUS_CODE: 0
INSTRUMENTATION_STATUS: candidate_width_measurement=v1 id=55 maximum=3 round=3 wall_ns=8038625 cpu_ns=8039875 states=6979 verified=13 completion=0 alternatives=3
INSTRUMENTATION_STATUS_CODE: 0
INSTRUMENTATION_STATUS: candidate_width_measurement=v1 id=55 maximum=7 round=3 wall_ns=7980083 cpu_ns=7981250 states=6979 verified=13 completion=0 alternatives=7
INSTRUMENTATION_STATUS_CODE: 0
INSTRUMENTATION_STATUS: candidate_width_measurement=v1 id=56 maximum=7 round=3 wall_ns=1061833 cpu_ns=1062875 states=1277 verified=8 completion=0 alternatives=7
INSTRUMENTATION_STATUS_CODE: 0
INSTRUMENTATION_STATUS: candidate_width_measurement=v1 id=56 maximum=3 round=3 wall_ns=1023833 cpu_ns=1024458 states=1277 verified=8 completion=0 alternatives=3
INSTRUMENTATION_STATUS_CODE: 0
INSTRUMENTATION_STATUS: candidate_width_measurement=v1 id=56 maximum=1 round=3 wall_ns=1019000 cpu_ns=1019667 states=1277 verified=8 completion=0 alternatives=1
INSTRUMENTATION_STATUS_CODE: 0
INSTRUMENTATION_STATUS: candidate_width_measurement=v1 id=57 maximum=1 round=3 wall_ns=2060083 cpu_ns=2061541 states=1609 verified=3 completion=0 alternatives=1
INSTRUMENTATION_STATUS_CODE: 0
INSTRUMENTATION_STATUS: candidate_width_measurement=v1 id=57 maximum=3 round=3 wall_ns=8918125 cpu_ns=8919250 states=8192 verified=3 completion=3 alternatives=3
INSTRUMENTATION_STATUS_CODE: 0
INSTRUMENTATION_STATUS: candidate_width_measurement=v1 id=57 maximum=7 round=3 wall_ns=8406708 cpu_ns=8407708 states=8192 verified=3 completion=3 alternatives=3
INSTRUMENTATION_STATUS_CODE: 0
INSTRUMENTATION_STATUS: candidate_width_measurement=v1 id=58 maximum=7 round=3 wall_ns=2987000 cpu_ns=2987875 states=2200 verified=48 completion=0 alternatives=7
INSTRUMENTATION_STATUS_CODE: 0
INSTRUMENTATION_STATUS: candidate_width_measurement=v1 id=58 maximum=3 round=3 wall_ns=3093041 cpu_ns=3094000 states=2200 verified=48 completion=0 alternatives=3
INSTRUMENTATION_STATUS_CODE: 0
INSTRUMENTATION_STATUS: candidate_width_measurement=v1 id=58 maximum=1 round=3 wall_ns=446375 cpu_ns=447375 states=349 verified=5 completion=0 alternatives=1
INSTRUMENTATION_STATUS_CODE: 0
INSTRUMENTATION_STATUS: candidate_width_measurement=v1 id=59 maximum=1 round=3 wall_ns=1764167 cpu_ns=1765083 states=1483 verified=9 completion=0 alternatives=1
INSTRUMENTATION_STATUS_CODE: 0
INSTRUMENTATION_STATUS: candidate_width_measurement=v1 id=59 maximum=3 round=3 wall_ns=3159958 cpu_ns=3160625 states=2741 verified=13 completion=0 alternatives=3
INSTRUMENTATION_STATUS_CODE: 0
INSTRUMENTATION_STATUS: candidate_width_measurement=v1 id=59 maximum=7 round=3 wall_ns=5862791 cpu_ns=5864166 states=5151 verified=15 completion=0 alternatives=7
INSTRUMENTATION_STATUS_CODE: 0
INSTRUMENTATION_STATUS: candidate_width_measurement=v1 id=0 maximum=1 round=4 wall_ns=1758500 cpu_ns=1759375 states=1475 verified=13 completion=0 alternatives=1
INSTRUMENTATION_STATUS_CODE: 0
INSTRUMENTATION_STATUS: candidate_width_measurement=v1 id=0 maximum=3 round=4 wall_ns=5067625 cpu_ns=5068417 states=4713 verified=13 completion=0 alternatives=3
INSTRUMENTATION_STATUS_CODE: 0
INSTRUMENTATION_STATUS: candidate_width_measurement=v1 id=0 maximum=7 round=4 wall_ns=8351667 cpu_ns=8352792 states=8192 verified=13 completion=3 alternatives=7
INSTRUMENTATION_STATUS_CODE: 0
INSTRUMENTATION_STATUS: candidate_width_measurement=v1 id=1 maximum=7 round=4 wall_ns=1195584 cpu_ns=1196458 states=1438 verified=13 completion=0 alternatives=7
INSTRUMENTATION_STATUS_CODE: 0
INSTRUMENTATION_STATUS: candidate_width_measurement=v1 id=1 maximum=3 round=4 wall_ns=399500 cpu_ns=400375 states=444 verified=9 completion=0 alternatives=3
INSTRUMENTATION_STATUS_CODE: 0
INSTRUMENTATION_STATUS: candidate_width_measurement=v1 id=1 maximum=1 round=4 wall_ns=389791 cpu_ns=390667 states=444 verified=9 completion=0 alternatives=1
INSTRUMENTATION_STATUS_CODE: 0
INSTRUMENTATION_STATUS: candidate_width_measurement=v1 id=2 maximum=1 round=4 wall_ns=1995041 cpu_ns=1887959 states=1689 verified=2 completion=0 alternatives=1
INSTRUMENTATION_STATUS_CODE: 0
INSTRUMENTATION_STATUS: candidate_width_measurement=v1 id=2 maximum=3 round=4 wall_ns=7213209 cpu_ns=7117833 states=6379 verified=5 completion=0 alternatives=3
INSTRUMENTATION_STATUS_CODE: 0
INSTRUMENTATION_STATUS: candidate_width_measurement=v1 id=2 maximum=7 round=4 wall_ns=9044584 cpu_ns=8935584 states=8192 verified=5 completion=3 alternatives=5
INSTRUMENTATION_STATUS_CODE: 0
INSTRUMENTATION_STATUS: candidate_width_measurement=v1 id=3 maximum=7 round=4 wall_ns=6767041 cpu_ns=6768208 states=6441 verified=57 completion=0 alternatives=7
INSTRUMENTATION_STATUS_CODE: 0
INSTRUMENTATION_STATUS: candidate_width_measurement=v1 id=3 maximum=3 round=4 wall_ns=3224708 cpu_ns=3225750 states=2646 verified=46 completion=0 alternatives=3
INSTRUMENTATION_STATUS_CODE: 0
INSTRUMENTATION_STATUS: candidate_width_measurement=v1 id=3 maximum=1 round=4 wall_ns=2053958 cpu_ns=2055084 states=1775 verified=17 completion=0 alternatives=1
INSTRUMENTATION_STATUS_CODE: 0
INSTRUMENTATION_STATUS: candidate_width_measurement=v1 id=4 maximum=1 round=4 wall_ns=1797792 cpu_ns=1799000 states=1562 verified=7 completion=0 alternatives=1
INSTRUMENTATION_STATUS_CODE: 0
INSTRUMENTATION_STATUS: candidate_width_measurement=v1 id=4 maximum=3 round=4 wall_ns=4893833 cpu_ns=4895667 states=4569 verified=7 completion=0 alternatives=3
INSTRUMENTATION_STATUS_CODE: 0
INSTRUMENTATION_STATUS: candidate_width_measurement=v1 id=4 maximum=7 round=4 wall_ns=8513667 cpu_ns=8515500 states=8192 verified=7 completion=3 alternatives=7
INSTRUMENTATION_STATUS_CODE: 0
INSTRUMENTATION_STATUS: candidate_width_measurement=v1 id=5 maximum=7 round=4 wall_ns=2748834 cpu_ns=2751083 states=2139 verified=59 completion=0 alternatives=7
INSTRUMENTATION_STATUS_CODE: 0
INSTRUMENTATION_STATUS: candidate_width_measurement=v1 id=5 maximum=3 round=4 wall_ns=2643167 cpu_ns=2643791 states=2139 verified=59 completion=0 alternatives=3
INSTRUMENTATION_STATUS_CODE: 0
INSTRUMENTATION_STATUS: candidate_width_measurement=v1 id=5 maximum=1 round=4 wall_ns=558583 cpu_ns=559542 states=514 verified=11 completion=0 alternatives=1
INSTRUMENTATION_STATUS_CODE: 0
INSTRUMENTATION_STATUS: candidate_width_measurement=v1 id=6 maximum=1 round=4 wall_ns=1651375 cpu_ns=1652416 states=1463 verified=6 completion=0 alternatives=1
INSTRUMENTATION_STATUS_CODE: 0
INSTRUMENTATION_STATUS: candidate_width_measurement=v1 id=6 maximum=3 round=4 wall_ns=5729333 cpu_ns=5730041 states=5398 verified=16 completion=0 alternatives=3
INSTRUMENTATION_STATUS_CODE: 0
INSTRUMENTATION_STATUS: candidate_width_measurement=v1 id=6 maximum=7 round=4 wall_ns=5539041 cpu_ns=5540167 states=5398 verified=16 completion=0 alternatives=7
INSTRUMENTATION_STATUS_CODE: 0
INSTRUMENTATION_STATUS: candidate_width_measurement=v1 id=7 maximum=7 round=4 wall_ns=6658917 cpu_ns=6659875 states=5678 verified=45 completion=0 alternatives=7
INSTRUMENTATION_STATUS_CODE: 0
INSTRUMENTATION_STATUS: candidate_width_measurement=v1 id=7 maximum=3 round=4 wall_ns=2009875 cpu_ns=2010708 states=1851 verified=8 completion=0 alternatives=3
INSTRUMENTATION_STATUS_CODE: 0
INSTRUMENTATION_STATUS: candidate_width_measurement=v1 id=7 maximum=1 round=4 wall_ns=2051167 cpu_ns=2052083 states=1851 verified=8 completion=0 alternatives=1
INSTRUMENTATION_STATUS_CODE: 0
INSTRUMENTATION_STATUS: candidate_width_measurement=v1 id=8 maximum=1 round=4 wall_ns=505541 cpu_ns=506500 states=327 verified=18 completion=0 alternatives=1
INSTRUMENTATION_STATUS_CODE: 0
INSTRUMENTATION_STATUS: candidate_width_measurement=v1 id=8 maximum=3 round=4 wall_ns=2183625 cpu_ns=2184416 states=1503 verified=64 completion=4 alternatives=3
INSTRUMENTATION_STATUS_CODE: 0
INSTRUMENTATION_STATUS: candidate_width_measurement=v1 id=8 maximum=7 round=4 wall_ns=2267833 cpu_ns=2268708 states=1503 verified=64 completion=4 alternatives=7
INSTRUMENTATION_STATUS_CODE: 0
INSTRUMENTATION_STATUS: candidate_width_measurement=v1 id=9 maximum=7 round=4 wall_ns=4875542 cpu_ns=4876416 states=4662 verified=13 completion=0 alternatives=7
INSTRUMENTATION_STATUS_CODE: 0
INSTRUMENTATION_STATUS: candidate_width_measurement=v1 id=9 maximum=3 round=4 wall_ns=1430750 cpu_ns=1431375 states=1282 verified=10 completion=0 alternatives=3
INSTRUMENTATION_STATUS_CODE: 0
INSTRUMENTATION_STATUS: candidate_width_measurement=v1 id=9 maximum=1 round=4 wall_ns=466209 cpu_ns=467458 states=358 verified=4 completion=0 alternatives=1
INSTRUMENTATION_STATUS_CODE: 0
INSTRUMENTATION_STATUS: candidate_width_measurement=v1 id=10 maximum=1 round=4 wall_ns=445375 cpu_ns=446208 states=422 verified=20 completion=0 alternatives=1
INSTRUMENTATION_STATUS_CODE: 0
INSTRUMENTATION_STATUS: candidate_width_measurement=v1 id=10 maximum=3 round=4 wall_ns=453458 cpu_ns=454208 states=422 verified=20 completion=0 alternatives=3
INSTRUMENTATION_STATUS_CODE: 0
INSTRUMENTATION_STATUS: candidate_width_measurement=v1 id=10 maximum=7 round=4 wall_ns=1581958 cpu_ns=1582750 states=1917 verified=42 completion=0 alternatives=7
INSTRUMENTATION_STATUS_CODE: 0
INSTRUMENTATION_STATUS: candidate_width_measurement=v1 id=11 maximum=7 round=4 wall_ns=8899167 cpu_ns=8900209 states=8192 verified=49 completion=3 alternatives=7
INSTRUMENTATION_STATUS_CODE: 0
INSTRUMENTATION_STATUS: candidate_width_measurement=v1 id=11 maximum=3 round=4 wall_ns=2594166 cpu_ns=2595042 states=2058 verified=28 completion=0 alternatives=3
INSTRUMENTATION_STATUS_CODE: 0
INSTRUMENTATION_STATUS: candidate_width_measurement=v1 id=11 maximum=1 round=4 wall_ns=2542083 cpu_ns=2542875 states=2058 verified=28 completion=0 alternatives=1
INSTRUMENTATION_STATUS_CODE: 0
INSTRUMENTATION_STATUS: candidate_width_measurement=v1 id=12 maximum=1 round=4 wall_ns=302917 cpu_ns=303833 states=324 verified=4 completion=0 alternatives=1
INSTRUMENTATION_STATUS_CODE: 0
INSTRUMENTATION_STATUS: candidate_width_measurement=v1 id=12 maximum=3 round=4 wall_ns=403125 cpu_ns=404209 states=420 verified=5 completion=0 alternatives=3
INSTRUMENTATION_STATUS_CODE: 0
INSTRUMENTATION_STATUS: candidate_width_measurement=v1 id=12 maximum=7 round=4 wall_ns=1612792 cpu_ns=1613625 states=1986 verified=15 completion=0 alternatives=7
INSTRUMENTATION_STATUS_CODE: 0
INSTRUMENTATION_STATUS: candidate_width_measurement=v1 id=13 maximum=7 round=4 wall_ns=3646083 cpu_ns=3646750 states=2999 verified=64 completion=4 alternatives=7
INSTRUMENTATION_STATUS_CODE: 0
INSTRUMENTATION_STATUS: candidate_width_measurement=v1 id=13 maximum=3 round=4 wall_ns=2394250 cpu_ns=2395167 states=1861 verified=44 completion=0 alternatives=3
INSTRUMENTATION_STATUS_CODE: 0
INSTRUMENTATION_STATUS: candidate_width_measurement=v1 id=13 maximum=1 round=4 wall_ns=854917 cpu_ns=855750 states=599 verified=26 completion=0 alternatives=1
INSTRUMENTATION_STATUS_CODE: 0
INSTRUMENTATION_STATUS: candidate_width_measurement=v1 id=14 maximum=1 round=4 wall_ns=2079125 cpu_ns=2080167 states=1930 verified=1 completion=0 alternatives=1
INSTRUMENTATION_STATUS_CODE: 0
INSTRUMENTATION_STATUS: candidate_width_measurement=v1 id=14 maximum=3 round=4 wall_ns=8668375 cpu_ns=8669375 states=8192 verified=1 completion=3 alternatives=1
INSTRUMENTATION_STATUS_CODE: 0
INSTRUMENTATION_STATUS: candidate_width_measurement=v1 id=14 maximum=7 round=4 wall_ns=8716959 cpu_ns=8718042 states=8192 verified=1 completion=3 alternatives=1
INSTRUMENTATION_STATUS_CODE: 0
INSTRUMENTATION_STATUS: candidate_width_measurement=v1 id=15 maximum=7 round=4 wall_ns=1011042 cpu_ns=1011959 states=1324 verified=9 completion=0 alternatives=7
INSTRUMENTATION_STATUS_CODE: 0
INSTRUMENTATION_STATUS: candidate_width_measurement=v1 id=15 maximum=3 round=4 wall_ns=1071792 cpu_ns=1072625 states=1324 verified=9 completion=0 alternatives=3
INSTRUMENTATION_STATUS_CODE: 0
INSTRUMENTATION_STATUS: candidate_width_measurement=v1 id=15 maximum=1 round=4 wall_ns=228333 cpu_ns=229500 states=250 verified=3 completion=0 alternatives=1
INSTRUMENTATION_STATUS_CODE: 0
INSTRUMENTATION_STATUS: candidate_width_measurement=v1 id=16 maximum=1 round=4 wall_ns=1772666 cpu_ns=1773583 states=1607 verified=13 completion=0 alternatives=1
INSTRUMENTATION_STATUS_CODE: 0
INSTRUMENTATION_STATUS: candidate_width_measurement=v1 id=16 maximum=3 round=4 wall_ns=1765625 cpu_ns=1766250 states=1607 verified=13 completion=0 alternatives=3
INSTRUMENTATION_STATUS_CODE: 0
INSTRUMENTATION_STATUS: candidate_width_measurement=v1 id=16 maximum=7 round=4 wall_ns=8486792 cpu_ns=8487667 states=8192 verified=14 completion=3 alternatives=7
INSTRUMENTATION_STATUS_CODE: 0
INSTRUMENTATION_STATUS: candidate_width_measurement=v1 id=17 maximum=7 round=4 wall_ns=8300209 cpu_ns=8301166 states=8192 verified=2 completion=3 alternatives=2
INSTRUMENTATION_STATUS_CODE: 0
INSTRUMENTATION_STATUS: candidate_width_measurement=v1 id=17 maximum=3 round=4 wall_ns=8281750 cpu_ns=8282542 states=8192 verified=2 completion=3 alternatives=2
INSTRUMENTATION_STATUS_CODE: 0
INSTRUMENTATION_STATUS: candidate_width_measurement=v1 id=17 maximum=1 round=4 wall_ns=1517625 cpu_ns=1518500 states=1517 verified=1 completion=0 alternatives=1
INSTRUMENTATION_STATUS_CODE: 0
INSTRUMENTATION_STATUS: candidate_width_measurement=v1 id=18 maximum=1 round=4 wall_ns=370750 cpu_ns=371583 states=411 verified=4 completion=0 alternatives=1
INSTRUMENTATION_STATUS_CODE: 0
INSTRUMENTATION_STATUS: candidate_width_measurement=v1 id=18 maximum=3 round=4 wall_ns=1564084 cpu_ns=1564958 states=2064 verified=5 completion=0 alternatives=3
INSTRUMENTATION_STATUS_CODE: 0
INSTRUMENTATION_STATUS: candidate_width_measurement=v1 id=18 maximum=7 round=4 wall_ns=2510083 cpu_ns=2510750 states=3409 verified=5 completion=0 alternatives=5
INSTRUMENTATION_STATUS_CODE: 0
INSTRUMENTATION_STATUS: candidate_width_measurement=v1 id=19 maximum=7 round=4 wall_ns=998667 cpu_ns=999500 states=1121 verified=50 completion=0 alternatives=7
INSTRUMENTATION_STATUS_CODE: 0
INSTRUMENTATION_STATUS: candidate_width_measurement=v1 id=19 maximum=3 round=4 wall_ns=359500 cpu_ns=360416 states=292 verified=29 completion=0 alternatives=3
INSTRUMENTATION_STATUS_CODE: 0
INSTRUMENTATION_STATUS: candidate_width_measurement=v1 id=19 maximum=1 round=4 wall_ns=338958 cpu_ns=339625 states=292 verified=29 completion=0 alternatives=1
INSTRUMENTATION_STATUS_CODE: 0
INSTRUMENTATION_STATUS: candidate_width_measurement=v1 id=20 maximum=1 round=4 wall_ns=3902459 cpu_ns=3903250 states=2619 verified=64 completion=4 alternatives=1
INSTRUMENTATION_STATUS_CODE: 0
INSTRUMENTATION_STATUS: candidate_width_measurement=v1 id=20 maximum=3 round=4 wall_ns=3960958 cpu_ns=3962042 states=2619 verified=64 completion=4 alternatives=3
INSTRUMENTATION_STATUS_CODE: 0
INSTRUMENTATION_STATUS: candidate_width_measurement=v1 id=20 maximum=7 round=4 wall_ns=3917667 cpu_ns=3918625 states=2619 verified=64 completion=4 alternatives=7
INSTRUMENTATION_STATUS_CODE: 0
INSTRUMENTATION_STATUS: candidate_width_measurement=v1 id=21 maximum=7 round=4 wall_ns=6932250 cpu_ns=6933208 states=5806 verified=21 completion=0 alternatives=7
INSTRUMENTATION_STATUS_CODE: 0
INSTRUMENTATION_STATUS: candidate_width_measurement=v1 id=21 maximum=3 round=4 wall_ns=3481250 cpu_ns=3236665 states=2111 verified=12 completion=0 alternatives=3
INSTRUMENTATION_STATUS_CODE: 0
INSTRUMENTATION_STATUS: candidate_width_measurement=v1 id=21 maximum=1 round=4 wall_ns=2528000 cpu_ns=2528875 states=2111 verified=12 completion=0 alternatives=1
INSTRUMENTATION_STATUS_CODE: 0
INSTRUMENTATION_STATUS: candidate_width_measurement=v1 id=22 maximum=1 round=4 wall_ns=270500 cpu_ns=271500 states=293 verified=2 completion=0 alternatives=1
INSTRUMENTATION_STATUS_CODE: 0
INSTRUMENTATION_STATUS: candidate_width_measurement=v1 id=22 maximum=3 round=4 wall_ns=1763791 cpu_ns=1764709 states=1928 verified=10 completion=0 alternatives=3
INSTRUMENTATION_STATUS_CODE: 0
INSTRUMENTATION_STATUS: candidate_width_measurement=v1 id=22 maximum=7 round=4 wall_ns=1681459 cpu_ns=1682167 states=1928 verified=10 completion=0 alternatives=7
INSTRUMENTATION_STATUS_CODE: 0
INSTRUMENTATION_STATUS: candidate_width_measurement=v1 id=23 maximum=7 round=4 wall_ns=1399542 cpu_ns=1400584 states=1455 verified=24 completion=0 alternatives=7
INSTRUMENTATION_STATUS_CODE: 0
INSTRUMENTATION_STATUS: candidate_width_measurement=v1 id=23 maximum=3 round=4 wall_ns=247959 cpu_ns=248875 states=253 verified=3 completion=0 alternatives=3
INSTRUMENTATION_STATUS_CODE: 0
INSTRUMENTATION_STATUS: candidate_width_measurement=v1 id=23 maximum=1 round=4 wall_ns=235792 cpu_ns=236417 states=253 verified=3 completion=0 alternatives=1
INSTRUMENTATION_STATUS_CODE: 0
INSTRUMENTATION_STATUS: candidate_width_measurement=v1 id=24 maximum=1 round=4 wall_ns=210333 cpu_ns=211208 states=192 verified=11 completion=0 alternatives=1
INSTRUMENTATION_STATUS_CODE: 0
INSTRUMENTATION_STATUS: candidate_width_measurement=v1 id=24 maximum=3 round=4 wall_ns=202792 cpu_ns=203709 states=192 verified=11 completion=0 alternatives=3
INSTRUMENTATION_STATUS_CODE: 0
INSTRUMENTATION_STATUS: candidate_width_measurement=v1 id=24 maximum=7 round=4 wall_ns=963500 cpu_ns=964292 states=1273 verified=29 completion=0 alternatives=7
INSTRUMENTATION_STATUS_CODE: 0
INSTRUMENTATION_STATUS: candidate_width_measurement=v1 id=25 maximum=7 round=4 wall_ns=6674750 cpu_ns=6675458 states=6796 verified=11 completion=0 alternatives=7
INSTRUMENTATION_STATUS_CODE: 0
INSTRUMENTATION_STATUS: candidate_width_measurement=v1 id=25 maximum=3 round=4 wall_ns=6581167 cpu_ns=6582042 states=6796 verified=11 completion=0 alternatives=3
INSTRUMENTATION_STATUS_CODE: 0
INSTRUMENTATION_STATUS: candidate_width_measurement=v1 id=25 maximum=1 round=4 wall_ns=1776542 cpu_ns=1777500 states=1614 verified=6 completion=0 alternatives=1
INSTRUMENTATION_STATUS_CODE: 0
INSTRUMENTATION_STATUS: candidate_width_measurement=v1 id=26 maximum=1 round=4 wall_ns=2317875 cpu_ns=2318708 states=1814 verified=31 completion=0 alternatives=1
INSTRUMENTATION_STATUS_CODE: 0
INSTRUMENTATION_STATUS: candidate_width_measurement=v1 id=26 maximum=3 round=4 wall_ns=5204375 cpu_ns=5205333 states=4889 verified=39 completion=0 alternatives=3
INSTRUMENTATION_STATUS_CODE: 0
INSTRUMENTATION_STATUS: candidate_width_measurement=v1 id=26 maximum=7 round=4 wall_ns=5779666 cpu_ns=5780625 states=4889 verified=39 completion=0 alternatives=7
INSTRUMENTATION_STATUS_CODE: 0
INSTRUMENTATION_STATUS: candidate_width_measurement=v1 id=27 maximum=7 round=4 wall_ns=1229083 cpu_ns=1229875 states=1508 verified=8 completion=0 alternatives=7
INSTRUMENTATION_STATUS_CODE: 0
INSTRUMENTATION_STATUS: candidate_width_measurement=v1 id=27 maximum=3 round=4 wall_ns=281833 cpu_ns=282541 states=280 verified=6 completion=0 alternatives=3
INSTRUMENTATION_STATUS_CODE: 0
INSTRUMENTATION_STATUS: candidate_width_measurement=v1 id=27 maximum=1 round=4 wall_ns=315833 cpu_ns=316875 states=280 verified=6 completion=0 alternatives=1
INSTRUMENTATION_STATUS_CODE: 0
INSTRUMENTATION_STATUS: candidate_width_measurement=v1 id=28 maximum=1 round=4 wall_ns=482541 cpu_ns=483666 states=336 verified=13 completion=0 alternatives=1
INSTRUMENTATION_STATUS_CODE: 0
INSTRUMENTATION_STATUS: candidate_width_measurement=v1 id=28 maximum=3 round=4 wall_ns=2126792 cpu_ns=2127459 states=1466 verified=53 completion=0 alternatives=3
INSTRUMENTATION_STATUS_CODE: 0
INSTRUMENTATION_STATUS: candidate_width_measurement=v1 id=28 maximum=7 round=4 wall_ns=4840000 cpu_ns=4840834 states=4469 verified=63 completion=0 alternatives=7
INSTRUMENTATION_STATUS_CODE: 0
INSTRUMENTATION_STATUS: candidate_width_measurement=v1 id=29 maximum=7 round=4 wall_ns=7643167 cpu_ns=7644208 states=7060 verified=55 completion=0 alternatives=7
INSTRUMENTATION_STATUS_CODE: 0
INSTRUMENTATION_STATUS: candidate_width_measurement=v1 id=29 maximum=3 round=4 wall_ns=2200250 cpu_ns=2200875 states=1750 verified=28 completion=0 alternatives=3
INSTRUMENTATION_STATUS_CODE: 0
INSTRUMENTATION_STATUS: candidate_width_measurement=v1 id=29 maximum=1 round=4 wall_ns=2198417 cpu_ns=2199125 states=1750 verified=28 completion=0 alternatives=1
INSTRUMENTATION_STATUS_CODE: 0
INSTRUMENTATION_STATUS: candidate_width_measurement=v1 id=30 maximum=1 round=4 wall_ns=3057917 cpu_ns=3058875 states=2206 verified=64 completion=4 alternatives=1
INSTRUMENTATION_STATUS_CODE: 0
INSTRUMENTATION_STATUS: candidate_width_measurement=v1 id=30 maximum=3 round=4 wall_ns=3017708 cpu_ns=3019708 states=2206 verified=64 completion=4 alternatives=3
INSTRUMENTATION_STATUS_CODE: 0
INSTRUMENTATION_STATUS: candidate_width_measurement=v1 id=30 maximum=7 round=4 wall_ns=2959792 cpu_ns=2960958 states=2206 verified=64 completion=4 alternatives=7
INSTRUMENTATION_STATUS_CODE: 0
INSTRUMENTATION_STATUS: candidate_width_measurement=v1 id=31 maximum=7 round=4 wall_ns=7233459 cpu_ns=7234334 states=6727 verified=12 completion=0 alternatives=7
INSTRUMENTATION_STATUS_CODE: 0
INSTRUMENTATION_STATUS: candidate_width_measurement=v1 id=31 maximum=3 round=4 wall_ns=2767875 cpu_ns=2768917 states=2464 verified=5 completion=0 alternatives=3
INSTRUMENTATION_STATUS_CODE: 0
INSTRUMENTATION_STATUS: candidate_width_measurement=v1 id=31 maximum=1 round=4 wall_ns=2280541 cpu_ns=2281292 states=2079 verified=2 completion=0 alternatives=1
INSTRUMENTATION_STATUS_CODE: 0
INSTRUMENTATION_STATUS: candidate_width_measurement=v1 id=32 maximum=1 round=4 wall_ns=2404166 cpu_ns=2404875 states=1787 verified=39 completion=0 alternatives=1
INSTRUMENTATION_STATUS_CODE: 0
INSTRUMENTATION_STATUS: candidate_width_measurement=v1 id=32 maximum=3 round=4 wall_ns=2416041 cpu_ns=2417125 states=1787 verified=39 completion=0 alternatives=3
INSTRUMENTATION_STATUS_CODE: 0
INSTRUMENTATION_STATUS: candidate_width_measurement=v1 id=32 maximum=7 round=4 wall_ns=5639042 cpu_ns=5640125 states=5006 verified=47 completion=0 alternatives=7
INSTRUMENTATION_STATUS_CODE: 0
INSTRUMENTATION_STATUS: candidate_width_measurement=v1 id=33 maximum=7 round=4 wall_ns=3535625 cpu_ns=3536416 states=3501 verified=18 completion=0 alternatives=7
INSTRUMENTATION_STATUS_CODE: 0
INSTRUMENTATION_STATUS: candidate_width_measurement=v1 id=33 maximum=3 round=4 wall_ns=3486583 cpu_ns=3487667 states=3501 verified=18 completion=0 alternatives=3
INSTRUMENTATION_STATUS_CODE: 0
INSTRUMENTATION_STATUS: candidate_width_measurement=v1 id=33 maximum=1 round=4 wall_ns=1536166 cpu_ns=1537000 states=1398 verified=12 completion=0 alternatives=1
INSTRUMENTATION_STATUS_CODE: 0
INSTRUMENTATION_STATUS: candidate_width_measurement=v1 id=34 maximum=1 round=4 wall_ns=3198709 cpu_ns=3199833 states=2542 verified=22 completion=0 alternatives=1
INSTRUMENTATION_STATUS_CODE: 0
INSTRUMENTATION_STATUS: candidate_width_measurement=v1 id=34 maximum=3 round=4 wall_ns=3053125 cpu_ns=3053958 states=2542 verified=22 completion=0 alternatives=3
INSTRUMENTATION_STATUS_CODE: 0
INSTRUMENTATION_STATUS: candidate_width_measurement=v1 id=34 maximum=7 round=4 wall_ns=8844959 cpu_ns=8846000 states=8192 verified=26 completion=3 alternatives=7
INSTRUMENTATION_STATUS_CODE: 0
INSTRUMENTATION_STATUS: candidate_width_measurement=v1 id=35 maximum=7 round=4 wall_ns=8170334 cpu_ns=8171291 states=8192 verified=25 completion=3 alternatives=7
INSTRUMENTATION_STATUS_CODE: 0
INSTRUMENTATION_STATUS: candidate_width_measurement=v1 id=35 maximum=3 round=4 wall_ns=2204500 cpu_ns=2205583 states=1844 verified=23 completion=0 alternatives=3
INSTRUMENTATION_STATUS_CODE: 0
INSTRUMENTATION_STATUS: candidate_width_measurement=v1 id=35 maximum=1 round=4 wall_ns=2171791 cpu_ns=2172458 states=1844 verified=23 completion=0 alternatives=1
INSTRUMENTATION_STATUS_CODE: 0
INSTRUMENTATION_STATUS: candidate_width_measurement=v1 id=36 maximum=1 round=4 wall_ns=477375 cpu_ns=478208 states=367 verified=9 completion=0 alternatives=1
INSTRUMENTATION_STATUS_CODE: 0
INSTRUMENTATION_STATUS: candidate_width_measurement=v1 id=36 maximum=3 round=4 wall_ns=3249333 cpu_ns=3250375 states=2213 verified=48 completion=0 alternatives=3
INSTRUMENTATION_STATUS_CODE: 0
INSTRUMENTATION_STATUS: candidate_width_measurement=v1 id=36 maximum=7 round=4 wall_ns=2892209 cpu_ns=2893042 states=2213 verified=48 completion=0 alternatives=7
INSTRUMENTATION_STATUS_CODE: 0
INSTRUMENTATION_STATUS: candidate_width_measurement=v1 id=37 maximum=7 round=4 wall_ns=8456458 cpu_ns=8457500 states=8192 verified=5 completion=3 alternatives=5
INSTRUMENTATION_STATUS_CODE: 0
INSTRUMENTATION_STATUS: candidate_width_measurement=v1 id=37 maximum=3 round=4 wall_ns=9098375 cpu_ns=9099583 states=8192 verified=5 completion=3 alternatives=3
INSTRUMENTATION_STATUS_CODE: 0
INSTRUMENTATION_STATUS: candidate_width_measurement=v1 id=37 maximum=1 round=4 wall_ns=1379333 cpu_ns=1380125 states=1093 verified=5 completion=0 alternatives=1
INSTRUMENTATION_STATUS_CODE: 0
INSTRUMENTATION_STATUS: candidate_width_measurement=v1 id=38 maximum=1 round=4 wall_ns=680083 cpu_ns=680750 states=537 verified=6 completion=0 alternatives=1
INSTRUMENTATION_STATUS_CODE: 0
INSTRUMENTATION_STATUS: candidate_width_measurement=v1 id=38 maximum=3 round=4 wall_ns=3285041 cpu_ns=3285875 states=2434 verified=28 completion=0 alternatives=3
INSTRUMENTATION_STATUS_CODE: 0
INSTRUMENTATION_STATUS: candidate_width_measurement=v1 id=38 maximum=7 round=4 wall_ns=9094917 cpu_ns=9095792 states=8192 verified=29 completion=3 alternatives=7
INSTRUMENTATION_STATUS_CODE: 0
INSTRUMENTATION_STATUS: candidate_width_measurement=v1 id=39 maximum=7 round=4 wall_ns=2901209 cpu_ns=2902125 states=1873 verified=64 completion=4 alternatives=7
INSTRUMENTATION_STATUS_CODE: 0
INSTRUMENTATION_STATUS: candidate_width_measurement=v1 id=39 maximum=3 round=4 wall_ns=2799458 cpu_ns=2800416 states=1873 verified=64 completion=4 alternatives=3
INSTRUMENTATION_STATUS_CODE: 0
INSTRUMENTATION_STATUS: candidate_width_measurement=v1 id=39 maximum=1 round=4 wall_ns=737750 cpu_ns=738459 states=412 verified=23 completion=0 alternatives=1
INSTRUMENTATION_STATUS_CODE: 0
INSTRUMENTATION_STATUS: candidate_width_measurement=v1 id=40 maximum=1 round=4 wall_ns=421125 cpu_ns=421750 states=310 verified=33 completion=0 alternatives=1
INSTRUMENTATION_STATUS_CODE: 0
INSTRUMENTATION_STATUS: candidate_width_measurement=v1 id=40 maximum=3 round=4 wall_ns=379583 cpu_ns=380584 states=310 verified=33 completion=0 alternatives=3
INSTRUMENTATION_STATUS_CODE: 0
INSTRUMENTATION_STATUS: candidate_width_measurement=v1 id=40 maximum=7 round=4 wall_ns=938084 cpu_ns=938917 states=1119 verified=42 completion=0 alternatives=7
INSTRUMENTATION_STATUS_CODE: 0
INSTRUMENTATION_STATUS: candidate_width_measurement=v1 id=41 maximum=7 round=4 wall_ns=2449834 cpu_ns=2450459 states=3007 verified=13 completion=0 alternatives=7
INSTRUMENTATION_STATUS_CODE: 0
INSTRUMENTATION_STATUS: candidate_width_measurement=v1 id=41 maximum=3 round=4 wall_ns=1381500 cpu_ns=1382416 states=1616 verified=9 completion=0 alternatives=3
INSTRUMENTATION_STATUS_CODE: 0
INSTRUMENTATION_STATUS: candidate_width_measurement=v1 id=41 maximum=1 round=4 wall_ns=357125 cpu_ns=358042 states=353 verified=5 completion=0 alternatives=1
INSTRUMENTATION_STATUS_CODE: 0
INSTRUMENTATION_STATUS: candidate_width_measurement=v1 id=42 maximum=1 round=4 wall_ns=270958 cpu_ns=272000 states=236 verified=23 completion=0 alternatives=1
INSTRUMENTATION_STATUS_CODE: 0
INSTRUMENTATION_STATUS: candidate_width_measurement=v1 id=42 maximum=3 round=4 wall_ns=368708 cpu_ns=369500 states=401 verified=27 completion=0 alternatives=3
INSTRUMENTATION_STATUS_CODE: 0
INSTRUMENTATION_STATUS: candidate_width_measurement=v1 id=42 maximum=7 round=4 wall_ns=999292 cpu_ns=1000083 states=1399 verified=41 completion=0 alternatives=7
INSTRUMENTATION_STATUS_CODE: 0
INSTRUMENTATION_STATUS: candidate_width_measurement=v1 id=43 maximum=7 round=4 wall_ns=6463292 cpu_ns=6082001 states=4904 verified=13 completion=0 alternatives=7
INSTRUMENTATION_STATUS_CODE: 0
INSTRUMENTATION_STATUS: candidate_width_measurement=v1 id=43 maximum=3 round=4 wall_ns=1826666 cpu_ns=1827542 states=1640 verified=7 completion=0 alternatives=3
INSTRUMENTATION_STATUS_CODE: 0
INSTRUMENTATION_STATUS: candidate_width_measurement=v1 id=43 maximum=1 round=4 wall_ns=1782084 cpu_ns=1782792 states=1640 verified=7 completion=0 alternatives=1
INSTRUMENTATION_STATUS_CODE: 0
INSTRUMENTATION_STATUS: candidate_width_measurement=v1 id=44 maximum=1 round=4 wall_ns=553291 cpu_ns=554292 states=612 verified=5 completion=0 alternatives=1
INSTRUMENTATION_STATUS_CODE: 0
INSTRUMENTATION_STATUS: candidate_width_measurement=v1 id=44 maximum=3 round=4 wall_ns=1201041 cpu_ns=1201875 states=1492 verified=7 completion=0 alternatives=3
INSTRUMENTATION_STATUS_CODE: 0
INSTRUMENTATION_STATUS: candidate_width_measurement=v1 id=44 maximum=7 round=4 wall_ns=2080750 cpu_ns=2081583 states=2455 verified=10 completion=0 alternatives=4
INSTRUMENTATION_STATUS_CODE: 0
INSTRUMENTATION_STATUS: candidate_width_measurement=v1 id=45 maximum=7 round=4 wall_ns=24959 cpu_ns=25708 states=28 verified=0 completion=2 alternatives=0
INSTRUMENTATION_STATUS_CODE: 0
INSTRUMENTATION_STATUS: candidate_width_measurement=v1 id=45 maximum=3 round=4 wall_ns=23583 cpu_ns=24375 states=28 verified=0 completion=2 alternatives=0
INSTRUMENTATION_STATUS_CODE: 0
INSTRUMENTATION_STATUS: candidate_width_measurement=v1 id=45 maximum=1 round=4 wall_ns=24833 cpu_ns=25583 states=28 verified=0 completion=2 alternatives=0
INSTRUMENTATION_STATUS_CODE: 0
INSTRUMENTATION_STATUS: candidate_width_measurement=v1 id=46 maximum=1 round=4 wall_ns=977000 cpu_ns=977792 states=724 verified=11 completion=0 alternatives=1
INSTRUMENTATION_STATUS_CODE: 0
INSTRUMENTATION_STATUS: candidate_width_measurement=v1 id=46 maximum=3 round=4 wall_ns=938042 cpu_ns=938625 states=724 verified=11 completion=0 alternatives=3
INSTRUMENTATION_STATUS_CODE: 0
INSTRUMENTATION_STATUS: candidate_width_measurement=v1 id=46 maximum=7 round=4 wall_ns=2582417 cpu_ns=2583166 states=2202 verified=27 completion=0 alternatives=7
INSTRUMENTATION_STATUS_CODE: 0
INSTRUMENTATION_STATUS: candidate_width_measurement=v1 id=47 maximum=7 round=4 wall_ns=9575000 cpu_ns=9575917 states=8192 verified=16 completion=3 alternatives=7
INSTRUMENTATION_STATUS_CODE: 0
INSTRUMENTATION_STATUS: candidate_width_measurement=v1 id=47 maximum=3 round=4 wall_ns=2992292 cpu_ns=2993209 states=2580 verified=16 completion=0 alternatives=3
INSTRUMENTATION_STATUS_CODE: 0
INSTRUMENTATION_STATUS: candidate_width_measurement=v1 id=47 maximum=1 round=4 wall_ns=2013666 cpu_ns=2014500 states=1621 verified=16 completion=0 alternatives=1
INSTRUMENTATION_STATUS_CODE: 0
INSTRUMENTATION_STATUS: candidate_width_measurement=v1 id=48 maximum=1 round=4 wall_ns=2126875 cpu_ns=2127750 states=1680 verified=21 completion=0 alternatives=1
INSTRUMENTATION_STATUS_CODE: 0
INSTRUMENTATION_STATUS: candidate_width_measurement=v1 id=48 maximum=3 round=4 wall_ns=2075417 cpu_ns=2076292 states=1680 verified=21 completion=0 alternatives=3
INSTRUMENTATION_STATUS_CODE: 0
INSTRUMENTATION_STATUS: candidate_width_measurement=v1 id=48 maximum=7 round=4 wall_ns=2087875 cpu_ns=2088625 states=1680 verified=21 completion=0 alternatives=7
INSTRUMENTATION_STATUS_CODE: 0
INSTRUMENTATION_STATUS: candidate_width_measurement=v1 id=49 maximum=7 round=4 wall_ns=1386667 cpu_ns=1387458 states=1514 verified=18 completion=0 alternatives=7
INSTRUMENTATION_STATUS_CODE: 0
INSTRUMENTATION_STATUS: candidate_width_measurement=v1 id=49 maximum=3 round=4 wall_ns=1257250 cpu_ns=1258083 states=1514 verified=18 completion=0 alternatives=3
INSTRUMENTATION_STATUS_CODE: 0
INSTRUMENTATION_STATUS: candidate_width_measurement=v1 id=49 maximum=1 round=4 wall_ns=295167 cpu_ns=295958 states=296 verified=5 completion=0 alternatives=1
INSTRUMENTATION_STATUS_CODE: 0
INSTRUMENTATION_STATUS: candidate_width_measurement=v1 id=50 maximum=1 round=4 wall_ns=400750 cpu_ns=401583 states=322 verified=8 completion=0 alternatives=1
INSTRUMENTATION_STATUS_CODE: 0
INSTRUMENTATION_STATUS: candidate_width_measurement=v1 id=50 maximum=3 round=4 wall_ns=2604292 cpu_ns=2605208 states=1892 verified=64 completion=4 alternatives=3
INSTRUMENTATION_STATUS_CODE: 0
INSTRUMENTATION_STATUS: candidate_width_measurement=v1 id=50 maximum=7 round=4 wall_ns=2736625 cpu_ns=2737375 states=1892 verified=64 completion=4 alternatives=7
INSTRUMENTATION_STATUS_CODE: 0
INSTRUMENTATION_STATUS: candidate_width_measurement=v1 id=51 maximum=7 round=4 wall_ns=669375 cpu_ns=670166 states=740 verified=11 completion=0 alternatives=7
INSTRUMENTATION_STATUS_CODE: 0
INSTRUMENTATION_STATUS: candidate_width_measurement=v1 id=51 maximum=3 round=4 wall_ns=480500 cpu_ns=481334 states=448 verified=11 completion=0 alternatives=3
INSTRUMENTATION_STATUS_CODE: 0
INSTRUMENTATION_STATUS: candidate_width_measurement=v1 id=51 maximum=1 round=4 wall_ns=475791 cpu_ns=476583 states=448 verified=11 completion=0 alternatives=1
INSTRUMENTATION_STATUS_CODE: 0
INSTRUMENTATION_STATUS: candidate_width_measurement=v1 id=52 maximum=1 round=4 wall_ns=2580417 cpu_ns=2581459 states=2008 verified=3 completion=0 alternatives=1
INSTRUMENTATION_STATUS_CODE: 0
INSTRUMENTATION_STATUS: candidate_width_measurement=v1 id=52 maximum=3 round=4 wall_ns=8821958 cpu_ns=8822875 states=8192 verified=4 completion=3 alternatives=3
INSTRUMENTATION_STATUS_CODE: 0
INSTRUMENTATION_STATUS: candidate_width_measurement=v1 id=52 maximum=7 round=4 wall_ns=9151500 cpu_ns=9152459 states=8192 verified=4 completion=3 alternatives=4
INSTRUMENTATION_STATUS_CODE: 0
INSTRUMENTATION_STATUS: candidate_width_measurement=v1 id=53 maximum=7 round=4 wall_ns=1485209 cpu_ns=1486000 states=1667 verified=10 completion=0 alternatives=7
INSTRUMENTATION_STATUS_CODE: 0
INSTRUMENTATION_STATUS: candidate_width_measurement=v1 id=53 maximum=3 round=4 wall_ns=430583 cpu_ns=431541 states=455 verified=6 completion=0 alternatives=3
INSTRUMENTATION_STATUS_CODE: 0
INSTRUMENTATION_STATUS: candidate_width_measurement=v1 id=53 maximum=1 round=4 wall_ns=317667 cpu_ns=318500 states=312 verified=4 completion=0 alternatives=1
INSTRUMENTATION_STATUS_CODE: 0
INSTRUMENTATION_STATUS: candidate_width_measurement=v1 id=54 maximum=1 round=4 wall_ns=1741958 cpu_ns=1743000 states=1412 verified=12 completion=0 alternatives=1
INSTRUMENTATION_STATUS_CODE: 0
INSTRUMENTATION_STATUS: candidate_width_measurement=v1 id=54 maximum=3 round=4 wall_ns=5109250 cpu_ns=5110084 states=4405 verified=14 completion=0 alternatives=3
INSTRUMENTATION_STATUS_CODE: 0
INSTRUMENTATION_STATUS: candidate_width_measurement=v1 id=54 maximum=7 round=4 wall_ns=9186583 cpu_ns=9187917 states=8192 verified=14 completion=3 alternatives=7
INSTRUMENTATION_STATUS_CODE: 0
INSTRUMENTATION_STATUS: candidate_width_measurement=v1 id=55 maximum=7 round=4 wall_ns=8397750 cpu_ns=8398792 states=6979 verified=13 completion=0 alternatives=7
INSTRUMENTATION_STATUS_CODE: 0
INSTRUMENTATION_STATUS: candidate_width_measurement=v1 id=55 maximum=3 round=4 wall_ns=8346500 cpu_ns=8347459 states=6979 verified=13 completion=0 alternatives=3
INSTRUMENTATION_STATUS_CODE: 0
INSTRUMENTATION_STATUS: candidate_width_measurement=v1 id=55 maximum=1 round=4 wall_ns=2845375 cpu_ns=2846333 states=2276 verified=10 completion=0 alternatives=1
INSTRUMENTATION_STATUS_CODE: 0
INSTRUMENTATION_STATUS: candidate_width_measurement=v1 id=56 maximum=1 round=4 wall_ns=1018666 cpu_ns=1019667 states=1277 verified=8 completion=0 alternatives=1
INSTRUMENTATION_STATUS_CODE: 0
INSTRUMENTATION_STATUS: candidate_width_measurement=v1 id=56 maximum=3 round=4 wall_ns=1109000 cpu_ns=1109917 states=1277 verified=8 completion=0 alternatives=3
INSTRUMENTATION_STATUS_CODE: 0
INSTRUMENTATION_STATUS: candidate_width_measurement=v1 id=56 maximum=7 round=4 wall_ns=986167 cpu_ns=987084 states=1277 verified=8 completion=0 alternatives=7
INSTRUMENTATION_STATUS_CODE: 0
INSTRUMENTATION_STATUS: candidate_width_measurement=v1 id=57 maximum=7 round=4 wall_ns=8594542 cpu_ns=8595542 states=8192 verified=3 completion=3 alternatives=3
INSTRUMENTATION_STATUS_CODE: 0
INSTRUMENTATION_STATUS: candidate_width_measurement=v1 id=57 maximum=3 round=4 wall_ns=8420125 cpu_ns=8420999 states=8192 verified=3 completion=3 alternatives=3
INSTRUMENTATION_STATUS_CODE: 0
INSTRUMENTATION_STATUS: candidate_width_measurement=v1 id=57 maximum=1 round=4 wall_ns=1949167 cpu_ns=1898125 states=1609 verified=3 completion=0 alternatives=1
INSTRUMENTATION_STATUS_CODE: 0
INSTRUMENTATION_STATUS: candidate_width_measurement=v1 id=58 maximum=1 round=4 wall_ns=463667 cpu_ns=464500 states=349 verified=5 completion=0 alternatives=1
INSTRUMENTATION_STATUS_CODE: 0
INSTRUMENTATION_STATUS: candidate_width_measurement=v1 id=58 maximum=3 round=4 wall_ns=2888333 cpu_ns=2889208 states=2200 verified=48 completion=0 alternatives=3
INSTRUMENTATION_STATUS_CODE: 0
INSTRUMENTATION_STATUS: candidate_width_measurement=v1 id=58 maximum=7 round=4 wall_ns=3036625 cpu_ns=3037417 states=2200 verified=48 completion=0 alternatives=7
INSTRUMENTATION_STATUS_CODE: 0
INSTRUMENTATION_STATUS: candidate_width_measurement=v1 id=59 maximum=7 round=4 wall_ns=5974000 cpu_ns=5974750 states=5151 verified=15 completion=0 alternatives=7
INSTRUMENTATION_STATUS_CODE: 0
INSTRUMENTATION_STATUS: candidate_width_measurement=v1 id=59 maximum=3 round=4 wall_ns=3046416 cpu_ns=3047334 states=2741 verified=13 completion=0 alternatives=3
INSTRUMENTATION_STATUS_CODE: 0
INSTRUMENTATION_STATUS: candidate_width_measurement=v1 id=59 maximum=1 round=4 wall_ns=1656291 cpu_ns=1657458 states=1483 verified=9 completion=0 alternatives=1
INSTRUMENTATION_STATUS_CODE: 0
INSTRUMENTATION_STATUS: numtests=152
INSTRUMENTATION_STATUS: stream=.
INSTRUMENTATION_STATUS: id=AndroidJUnitRunner
INSTRUMENTATION_STATUS: test=requestedWidthsPreserveCertifiedPrefixes
INSTRUMENTATION_STATUS: class=io.github.mesteriis.rune.keyboard.smarttyping.lexicon.TopSevenInstrumentedTest
INSTRUMENTATION_STATUS: current=151
INSTRUMENTATION_STATUS_CODE: 0
INSTRUMENTATION_STATUS: numtests=152
INSTRUMENTATION_STATUS: stream=
INSTRUMENTATION_STATUS: id=AndroidJUnitRunner
INSTRUMENTATION_STATUS: test=packedTopSevenAndExhaustiveComparison
INSTRUMENTATION_STATUS: class=io.github.mesteriis.rune.keyboard.smarttyping.lexicon.TopSevenInstrumentedTest
INSTRUMENTATION_STATUS: current=152
INSTRUMENTATION_STATUS_CODE: 1
INSTRUMENTATION_STATUS: top_seven_measurement=v1 id=0 strategy=0 round=0 wall_ns=4898250 cpu_ns=4899000 states=8192 verified=17 completion=3 alternatives=7
INSTRUMENTATION_STATUS_CODE: 0
INSTRUMENTATION_STATUS: top_seven_measurement=v1 id=0 strategy=1 round=0 wall_ns=9053541 cpu_ns=9054417 states=8192 verified=13 completion=3 alternatives=7
INSTRUMENTATION_STATUS_CODE: 0
INSTRUMENTATION_STATUS: top_seven_measurement=v1 id=1 strategy=1 round=0 wall_ns=1244041 cpu_ns=1244750 states=1438 verified=13 completion=0 alternatives=7
INSTRUMENTATION_STATUS_CODE: 0
INSTRUMENTATION_STATUS: top_seven_measurement=v1 id=1 strategy=0 round=0 wall_ns=1175250 cpu_ns=1175916 states=2144 verified=14 completion=0 alternatives=7
INSTRUMENTATION_STATUS_CODE: 0
INSTRUMENTATION_STATUS: top_seven_measurement=v1 id=2 strategy=0 round=0 wall_ns=5385875 cpu_ns=5386667 states=8192 verified=10 completion=3 alternatives=7
INSTRUMENTATION_STATUS_CODE: 0
INSTRUMENTATION_STATUS: top_seven_measurement=v1 id=2 strategy=1 round=0 wall_ns=9029750 cpu_ns=9030583 states=8192 verified=5 completion=3 alternatives=5
INSTRUMENTATION_STATUS_CODE: 0
INSTRUMENTATION_STATUS: top_seven_measurement=v1 id=3 strategy=1 round=0 wall_ns=7471084 cpu_ns=7472042 states=6441 verified=57 completion=0 alternatives=7
INSTRUMENTATION_STATUS_CODE: 0
INSTRUMENTATION_STATUS: top_seven_measurement=v1 id=3 strategy=0 round=0 wall_ns=4840667 cpu_ns=4841458 states=8192 verified=33 completion=3 alternatives=7
INSTRUMENTATION_STATUS_CODE: 0
INSTRUMENTATION_STATUS: top_seven_measurement=v1 id=4 strategy=0 round=0 wall_ns=5125833 cpu_ns=5126750 states=8192 verified=7 completion=3 alternatives=7
INSTRUMENTATION_STATUS_CODE: 0
INSTRUMENTATION_STATUS: top_seven_measurement=v1 id=4 strategy=1 round=0 wall_ns=8813334 cpu_ns=8814292 states=8192 verified=7 completion=3 alternatives=7
INSTRUMENTATION_STATUS_CODE: 0
INSTRUMENTATION_STATUS: top_seven_measurement=v1 id=5 strategy=1 round=0 wall_ns=2922250 cpu_ns=2923000 states=2139 verified=59 completion=0 alternatives=7
INSTRUMENTATION_STATUS_CODE: 0
INSTRUMENTATION_STATUS: top_seven_measurement=v1 id=5 strategy=0 round=0 wall_ns=5593042 cpu_ns=5593791 states=8192 verified=49 completion=3 alternatives=7
INSTRUMENTATION_STATUS_CODE: 0
INSTRUMENTATION_STATUS: top_seven_measurement=v1 id=6 strategy=0 round=0 wall_ns=5666709 cpu_ns=5667584 states=8192 verified=37 completion=3 alternatives=7
INSTRUMENTATION_STATUS_CODE: 0
INSTRUMENTATION_STATUS: top_seven_measurement=v1 id=6 strategy=1 round=0 wall_ns=6743459 cpu_ns=6429290 states=5398 verified=16 completion=0 alternatives=7
INSTRUMENTATION_STATUS_CODE: 0
INSTRUMENTATION_STATUS: top_seven_measurement=v1 id=7 strategy=1 round=0 wall_ns=7243333 cpu_ns=7244000 states=5678 verified=45 completion=0 alternatives=7
INSTRUMENTATION_STATUS_CODE: 0
INSTRUMENTATION_STATUS: top_seven_measurement=v1 id=7 strategy=0 round=0 wall_ns=3480417 cpu_ns=3480958 states=4050 verified=64 completion=4 alternatives=7
INSTRUMENTATION_STATUS_CODE: 0
INSTRUMENTATION_STATUS: top_seven_measurement=v1 id=8 strategy=0 round=0 wall_ns=1762958 cpu_ns=1763875 states=1838 verified=64 completion=4 alternatives=7
INSTRUMENTATION_STATUS_CODE: 0
INSTRUMENTATION_STATUS: top_seven_measurement=v1 id=8 strategy=1 round=0 wall_ns=2278584 cpu_ns=2279458 states=1503 verified=64 completion=4 alternatives=7
INSTRUMENTATION_STATUS_CODE: 0
INSTRUMENTATION_STATUS: top_seven_measurement=v1 id=9 strategy=1 round=0 wall_ns=5156791 cpu_ns=5157750 states=4662 verified=13 completion=0 alternatives=7
INSTRUMENTATION_STATUS_CODE: 0
INSTRUMENTATION_STATUS: top_seven_measurement=v1 id=9 strategy=0 round=0 wall_ns=5338708 cpu_ns=5339250 states=8192 verified=13 completion=3 alternatives=7
INSTRUMENTATION_STATUS_CODE: 0
INSTRUMENTATION_STATUS: top_seven_measurement=v1 id=10 strategy=0 round=0 wall_ns=2102042 cpu_ns=2102833 states=3038 verified=57 completion=0 alternatives=7
INSTRUMENTATION_STATUS_CODE: 0
INSTRUMENTATION_STATUS: top_seven_measurement=v1 id=10 strategy=1 round=0 wall_ns=1705875 cpu_ns=1706834 states=1917 verified=42 completion=0 alternatives=7
INSTRUMENTATION_STATUS_CODE: 0
INSTRUMENTATION_STATUS: top_seven_measurement=v1 id=11 strategy=1 round=0 wall_ns=9288125 cpu_ns=9288875 states=8192 verified=49 completion=3 alternatives=7
INSTRUMENTATION_STATUS_CODE: 0
INSTRUMENTATION_STATUS: top_seven_measurement=v1 id=11 strategy=0 round=0 wall_ns=5585333 cpu_ns=5586125 states=8192 verified=34 completion=3 alternatives=7
INSTRUMENTATION_STATUS_CODE: 0
INSTRUMENTATION_STATUS: top_seven_measurement=v1 id=12 strategy=0 round=0 wall_ns=2166083 cpu_ns=2166833 states=3316 verified=21 completion=0 alternatives=7
INSTRUMENTATION_STATUS_CODE: 0
INSTRUMENTATION_STATUS: top_seven_measurement=v1 id=12 strategy=1 round=0 wall_ns=1773875 cpu_ns=1774500 states=1986 verified=15 completion=0 alternatives=7
INSTRUMENTATION_STATUS_CODE: 0
INSTRUMENTATION_STATUS: top_seven_measurement=v1 id=13 strategy=1 round=0 wall_ns=4009625 cpu_ns=4010583 states=2999 verified=64 completion=4 alternatives=7
INSTRUMENTATION_STATUS_CODE: 0
INSTRUMENTATION_STATUS: top_seven_measurement=v1 id=13 strategy=0 round=0 wall_ns=5751250 cpu_ns=5752375 states=8192 verified=42 completion=3 alternatives=7
INSTRUMENTATION_STATUS_CODE: 0
INSTRUMENTATION_STATUS: top_seven_measurement=v1 id=14 strategy=0 round=0 wall_ns=5138875 cpu_ns=5140291 states=8192 verified=0 completion=3 alternatives=0
INSTRUMENTATION_STATUS_CODE: 0
INSTRUMENTATION_STATUS: top_seven_measurement=v1 id=14 strategy=1 round=0 wall_ns=8937500 cpu_ns=8939333 states=8192 verified=1 completion=3 alternatives=1
INSTRUMENTATION_STATUS_CODE: 0
INSTRUMENTATION_STATUS: top_seven_measurement=v1 id=15 strategy=1 round=0 wall_ns=1153791 cpu_ns=1154625 states=1324 verified=9 completion=0 alternatives=7
INSTRUMENTATION_STATUS_CODE: 0
INSTRUMENTATION_STATUS: top_seven_measurement=v1 id=15 strategy=0 round=0 wall_ns=1233792 cpu_ns=1234833 states=2138 verified=16 completion=0 alternatives=7
INSTRUMENTATION_STATUS_CODE: 0
INSTRUMENTATION_STATUS: top_seven_measurement=v1 id=16 strategy=0 round=0 wall_ns=4874167 cpu_ns=4874917 states=8192 verified=15 completion=3 alternatives=7
INSTRUMENTATION_STATUS_CODE: 0
INSTRUMENTATION_STATUS: top_seven_measurement=v1 id=16 strategy=1 round=0 wall_ns=9132167 cpu_ns=9133167 states=8192 verified=14 completion=3 alternatives=7
INSTRUMENTATION_STATUS_CODE: 0
INSTRUMENTATION_STATUS: top_seven_measurement=v1 id=17 strategy=1 round=0 wall_ns=8925125 cpu_ns=8925917 states=8192 verified=2 completion=3 alternatives=2
INSTRUMENTATION_STATUS_CODE: 0
INSTRUMENTATION_STATUS: top_seven_measurement=v1 id=17 strategy=0 round=0 wall_ns=5131667 cpu_ns=5132458 states=8192 verified=1 completion=3 alternatives=1
INSTRUMENTATION_STATUS_CODE: 0
INSTRUMENTATION_STATUS: top_seven_measurement=v1 id=18 strategy=0 round=0 wall_ns=1980417 cpu_ns=1981291 states=3409 verified=5 completion=0 alternatives=5
INSTRUMENTATION_STATUS_CODE: 0
INSTRUMENTATION_STATUS: top_seven_measurement=v1 id=18 strategy=1 round=0 wall_ns=2718833 cpu_ns=2719417 states=3409 verified=5 completion=0 alternatives=5
INSTRUMENTATION_STATUS_CODE: 0
INSTRUMENTATION_STATUS: top_seven_measurement=v1 id=19 strategy=1 round=0 wall_ns=1057125 cpu_ns=1057792 states=1121 verified=50 completion=0 alternatives=7
INSTRUMENTATION_STATUS_CODE: 0
INSTRUMENTATION_STATUS: top_seven_measurement=v1 id=19 strategy=0 round=0 wall_ns=1149875 cpu_ns=1150750 states=1668 verified=52 completion=0 alternatives=7
INSTRUMENTATION_STATUS_CODE: 0
INSTRUMENTATION_STATUS: top_seven_measurement=v1 id=20 strategy=0 round=0 wall_ns=5623709 cpu_ns=5624625 states=8192 verified=12 completion=3 alternatives=7
INSTRUMENTATION_STATUS_CODE: 0
INSTRUMENTATION_STATUS: top_seven_measurement=v1 id=20 strategy=1 round=0 wall_ns=4011792 cpu_ns=4012583 states=2619 verified=64 completion=4 alternatives=7
INSTRUMENTATION_STATUS_CODE: 0
INSTRUMENTATION_STATUS: top_seven_measurement=v1 id=21 strategy=1 round=0 wall_ns=7308500 cpu_ns=7309334 states=5806 verified=21 completion=0 alternatives=7
INSTRUMENTATION_STATUS_CODE: 0
INSTRUMENTATION_STATUS: top_seven_measurement=v1 id=21 strategy=0 round=0 wall_ns=6005917 cpu_ns=6006750 states=8192 verified=44 completion=3 alternatives=7
INSTRUMENTATION_STATUS_CODE: 0
INSTRUMENTATION_STATUS: top_seven_measurement=v1 id=22 strategy=0 round=0 wall_ns=1272041 cpu_ns=1272708 states=1937 verified=11 completion=0 alternatives=7
INSTRUMENTATION_STATUS_CODE: 0
INSTRUMENTATION_STATUS: top_seven_measurement=v1 id=22 strategy=1 round=0 wall_ns=1682500 cpu_ns=1683125 states=1928 verified=10 completion=0 alternatives=7
INSTRUMENTATION_STATUS_CODE: 0
INSTRUMENTATION_STATUS: top_seven_measurement=v1 id=23 strategy=1 round=0 wall_ns=1494084 cpu_ns=1494666 states=1455 verified=24 completion=0 alternatives=7
INSTRUMENTATION_STATUS_CODE: 0
INSTRUMENTATION_STATUS: top_seven_measurement=v1 id=23 strategy=0 round=0 wall_ns=1079792 cpu_ns=1080291 states=1462 verified=25 completion=0 alternatives=7
INSTRUMENTATION_STATUS_CODE: 0
INSTRUMENTATION_STATUS: top_seven_measurement=v1 id=24 strategy=0 round=0 wall_ns=800250 cpu_ns=801041 states=1273 verified=29 completion=0 alternatives=7
INSTRUMENTATION_STATUS_CODE: 0
INSTRUMENTATION_STATUS: top_seven_measurement=v1 id=24 strategy=1 round=0 wall_ns=915250 cpu_ns=915708 states=1273 verified=29 completion=0 alternatives=7
INSTRUMENTATION_STATUS_CODE: 0
INSTRUMENTATION_STATUS: top_seven_measurement=v1 id=25 strategy=1 round=0 wall_ns=7030333 cpu_ns=7031208 states=6796 verified=11 completion=0 alternatives=7
INSTRUMENTATION_STATUS_CODE: 0
INSTRUMENTATION_STATUS: top_seven_measurement=v1 id=25 strategy=0 round=0 wall_ns=5172916 cpu_ns=5173708 states=8192 verified=18 completion=3 alternatives=7
INSTRUMENTATION_STATUS_CODE: 0
INSTRUMENTATION_STATUS: top_seven_measurement=v1 id=26 strategy=0 round=0 wall_ns=5435709 cpu_ns=5436500 states=8192 verified=22 completion=3 alternatives=7
INSTRUMENTATION_STATUS_CODE: 0
INSTRUMENTATION_STATUS: top_seven_measurement=v1 id=26 strategy=1 round=0 wall_ns=5593625 cpu_ns=5594375 states=4889 verified=39 completion=0 alternatives=7
INSTRUMENTATION_STATUS_CODE: 0
INSTRUMENTATION_STATUS: top_seven_measurement=v1 id=27 strategy=1 round=0 wall_ns=1378167 cpu_ns=1378917 states=1508 verified=8 completion=0 alternatives=7
INSTRUMENTATION_STATUS_CODE: 0
INSTRUMENTATION_STATUS: top_seven_measurement=v1 id=27 strategy=0 round=0 wall_ns=990375 cpu_ns=991042 states=1508 verified=8 completion=0 alternatives=7
INSTRUMENTATION_STATUS_CODE: 0
INSTRUMENTATION_STATUS: top_seven_measurement=v1 id=28 strategy=0 round=0 wall_ns=2628250 cpu_ns=2629500 states=2798 verified=64 completion=4 alternatives=7
INSTRUMENTATION_STATUS_CODE: 0
INSTRUMENTATION_STATUS: top_seven_measurement=v1 id=28 strategy=1 round=0 wall_ns=5441250 cpu_ns=5442541 states=4469 verified=63 completion=0 alternatives=7
INSTRUMENTATION_STATUS_CODE: 0
INSTRUMENTATION_STATUS: top_seven_measurement=v1 id=29 strategy=1 round=0 wall_ns=7775541 cpu_ns=7777000 states=7060 verified=55 completion=0 alternatives=7
INSTRUMENTATION_STATUS_CODE: 0
INSTRUMENTATION_STATUS: top_seven_measurement=v1 id=29 strategy=0 round=0 wall_ns=5144042 cpu_ns=5145375 states=6682 verified=64 completion=4 alternatives=7
INSTRUMENTATION_STATUS_CODE: 0
INSTRUMENTATION_STATUS: top_seven_measurement=v1 id=30 strategy=0 round=0 wall_ns=5669292 cpu_ns=5670250 states=7644 verified=64 completion=4 alternatives=7
INSTRUMENTATION_STATUS_CODE: 0
INSTRUMENTATION_STATUS: top_seven_measurement=v1 id=30 strategy=1 round=0 wall_ns=3289416 cpu_ns=3290459 states=2206 verified=64 completion=4 alternatives=7
INSTRUMENTATION_STATUS_CODE: 0
INSTRUMENTATION_STATUS: top_seven_measurement=v1 id=31 strategy=1 round=0 wall_ns=7944584 cpu_ns=7946125 states=6727 verified=12 completion=0 alternatives=7
INSTRUMENTATION_STATUS_CODE: 0
INSTRUMENTATION_STATUS: top_seven_measurement=v1 id=31 strategy=0 round=0 wall_ns=5603084 cpu_ns=5604083 states=8192 verified=27 completion=3 alternatives=7
INSTRUMENTATION_STATUS_CODE: 0
INSTRUMENTATION_STATUS: top_seven_measurement=v1 id=32 strategy=0 round=0 wall_ns=5752500 cpu_ns=5753250 states=8192 verified=47 completion=3 alternatives=7
INSTRUMENTATION_STATUS_CODE: 0
INSTRUMENTATION_STATUS: top_seven_measurement=v1 id=32 strategy=1 round=0 wall_ns=5984792 cpu_ns=5985708 states=5006 verified=47 completion=0 alternatives=7
INSTRUMENTATION_STATUS_CODE: 0
INSTRUMENTATION_STATUS: top_seven_measurement=v1 id=33 strategy=1 round=0 wall_ns=3736458 cpu_ns=3737084 states=3501 verified=18 completion=0 alternatives=7
INSTRUMENTATION_STATUS_CODE: 0
INSTRUMENTATION_STATUS: top_seven_measurement=v1 id=33 strategy=0 round=0 wall_ns=5692041 cpu_ns=5693916 states=8192 verified=41 completion=3 alternatives=7
INSTRUMENTATION_STATUS_CODE: 0
INSTRUMENTATION_STATUS: top_seven_measurement=v1 id=34 strategy=0 round=0 wall_ns=5073625 cpu_ns=5074667 states=8192 verified=5 completion=3 alternatives=5
INSTRUMENTATION_STATUS_CODE: 0
INSTRUMENTATION_STATUS: top_seven_measurement=v1 id=34 strategy=1 round=0 wall_ns=9645375 cpu_ns=9646500 states=8192 verified=26 completion=3 alternatives=7
INSTRUMENTATION_STATUS_CODE: 0
INSTRUMENTATION_STATUS: top_seven_measurement=v1 id=35 strategy=1 round=0 wall_ns=9703125 cpu_ns=9486168 states=8192 verified=25 completion=3 alternatives=7
INSTRUMENTATION_STATUS_CODE: 0
INSTRUMENTATION_STATUS: top_seven_measurement=v1 id=35 strategy=0 round=0 wall_ns=5534625 cpu_ns=5535208 states=8192 verified=26 completion=3 alternatives=7
INSTRUMENTATION_STATUS_CODE: 0
INSTRUMENTATION_STATUS: top_seven_measurement=v1 id=36 strategy=0 round=0 wall_ns=5245459 cpu_ns=5246291 states=8192 verified=13 completion=3 alternatives=7
INSTRUMENTATION_STATUS_CODE: 0
INSTRUMENTATION_STATUS: top_seven_measurement=v1 id=36 strategy=1 round=0 wall_ns=3528792 cpu_ns=3310209 states=2213 verified=48 completion=0 alternatives=7
INSTRUMENTATION_STATUS_CODE: 0
INSTRUMENTATION_STATUS: top_seven_measurement=v1 id=37 strategy=1 round=0 wall_ns=9140167 cpu_ns=9141084 states=8192 verified=5 completion=3 alternatives=5
INSTRUMENTATION_STATUS_CODE: 0
INSTRUMENTATION_STATUS: top_seven_measurement=v1 id=37 strategy=0 round=0 wall_ns=4932834 cpu_ns=4933708 states=8192 verified=5 completion=3 alternatives=5
INSTRUMENTATION_STATUS_CODE: 0
INSTRUMENTATION_STATUS: top_seven_measurement=v1 id=38 strategy=0 round=0 wall_ns=5069834 cpu_ns=5070959 states=8192 verified=5 completion=3 alternatives=5
INSTRUMENTATION_STATUS_CODE: 0
INSTRUMENTATION_STATUS: top_seven_measurement=v1 id=38 strategy=1 round=0 wall_ns=9752042 cpu_ns=9753083 states=8192 verified=29 completion=3 alternatives=7
INSTRUMENTATION_STATUS_CODE: 0
INSTRUMENTATION_STATUS: top_seven_measurement=v1 id=39 strategy=1 round=0 wall_ns=2917125 cpu_ns=2918208 states=1873 verified=64 completion=4 alternatives=7
INSTRUMENTATION_STATUS_CODE: 0
INSTRUMENTATION_STATUS: top_seven_measurement=v1 id=39 strategy=0 round=0 wall_ns=3770375 cpu_ns=3771000 states=4858 verified=64 completion=4 alternatives=7
INSTRUMENTATION_STATUS_CODE: 0
INSTRUMENTATION_STATUS: top_seven_measurement=v1 id=40 strategy=0 round=0 wall_ns=1444667 cpu_ns=1445583 states=1943 verified=60 completion=0 alternatives=7
INSTRUMENTATION_STATUS_CODE: 0
INSTRUMENTATION_STATUS: top_seven_measurement=v1 id=40 strategy=1 round=0 wall_ns=875542 cpu_ns=876417 states=1119 verified=42 completion=0 alternatives=7
INSTRUMENTATION_STATUS_CODE: 0
INSTRUMENTATION_STATUS: top_seven_measurement=v1 id=41 strategy=1 round=0 wall_ns=2620208 cpu_ns=2621000 states=3007 verified=13 completion=0 alternatives=7
INSTRUMENTATION_STATUS_CODE: 0
INSTRUMENTATION_STATUS: top_seven_measurement=v1 id=41 strategy=0 round=0 wall_ns=1696167 cpu_ns=1696875 states=3014 verified=13 completion=0 alternatives=7
INSTRUMENTATION_STATUS_CODE: 0
INSTRUMENTATION_STATUS: top_seven_measurement=v1 id=42 strategy=0 round=0 wall_ns=1587500 cpu_ns=1588334 states=2621 verified=56 completion=0 alternatives=7
INSTRUMENTATION_STATUS_CODE: 0
INSTRUMENTATION_STATUS: top_seven_measurement=v1 id=42 strategy=1 round=0 wall_ns=1020833 cpu_ns=1021542 states=1399 verified=41 completion=0 alternatives=7
INSTRUMENTATION_STATUS_CODE: 0
INSTRUMENTATION_STATUS: top_seven_measurement=v1 id=43 strategy=1 round=0 wall_ns=5538167 cpu_ns=5538917 states=4904 verified=13 completion=0 alternatives=7
INSTRUMENTATION_STATUS_CODE: 0
INSTRUMENTATION_STATUS: top_seven_measurement=v1 id=43 strategy=0 round=0 wall_ns=5842000 cpu_ns=5842542 states=8192 verified=50 completion=3 alternatives=7
INSTRUMENTATION_STATUS_CODE: 0
INSTRUMENTATION_STATUS: top_seven_measurement=v1 id=44 strategy=0 round=0 wall_ns=1435792 cpu_ns=1436584 states=2455 verified=10 completion=0 alternatives=4
INSTRUMENTATION_STATUS_CODE: 0
INSTRUMENTATION_STATUS: top_seven_measurement=v1 id=44 strategy=1 round=0 wall_ns=2136416 cpu_ns=2137166 states=2455 verified=10 completion=0 alternatives=4
INSTRUMENTATION_STATUS_CODE: 0
INSTRUMENTATION_STATUS: top_seven_measurement=v1 id=45 strategy=1 round=0 wall_ns=28791 cpu_ns=29375 states=28 verified=0 completion=2 alternatives=0
INSTRUMENTATION_STATUS_CODE: 0
INSTRUMENTATION_STATUS: top_seven_measurement=v1 id=45 strategy=0 round=0 wall_ns=23750 cpu_ns=24333 states=28 verified=0 completion=2 alternatives=0
INSTRUMENTATION_STATUS_CODE: 0
INSTRUMENTATION_STATUS: top_seven_measurement=v1 id=46 strategy=0 round=0 wall_ns=2451708 cpu_ns=2452417 states=2906 verified=64 completion=4 alternatives=7
INSTRUMENTATION_STATUS_CODE: 0
INSTRUMENTATION_STATUS: top_seven_measurement=v1 id=46 strategy=1 round=0 wall_ns=2584833 cpu_ns=2585584 states=2202 verified=27 completion=0 alternatives=7
INSTRUMENTATION_STATUS_CODE: 0
INSTRUMENTATION_STATUS: top_seven_measurement=v1 id=47 strategy=1 round=0 wall_ns=9567625 cpu_ns=9525875 states=8192 verified=16 completion=3 alternatives=7
INSTRUMENTATION_STATUS_CODE: 0
INSTRUMENTATION_STATUS: top_seven_measurement=v1 id=47 strategy=0 round=0 wall_ns=5306916 cpu_ns=5307875 states=8192 verified=16 completion=3 alternatives=7
INSTRUMENTATION_STATUS_CODE: 0
INSTRUMENTATION_STATUS: top_seven_measurement=v1 id=48 strategy=0 round=0 wall_ns=4013916 cpu_ns=4014583 states=5158 verified=64 completion=4 alternatives=7
INSTRUMENTATION_STATUS_CODE: 0
INSTRUMENTATION_STATUS: top_seven_measurement=v1 id=48 strategy=1 round=0 wall_ns=2226334 cpu_ns=2227125 states=1680 verified=21 completion=0 alternatives=7
INSTRUMENTATION_STATUS_CODE: 0
INSTRUMENTATION_STATUS: top_seven_measurement=v1 id=49 strategy=1 round=0 wall_ns=1437750 cpu_ns=1438750 states=1514 verified=18 completion=0 alternatives=7
INSTRUMENTATION_STATUS_CODE: 0
INSTRUMENTATION_STATUS: top_seven_measurement=v1 id=49 strategy=0 round=0 wall_ns=1033958 cpu_ns=1035000 states=1514 verified=18 completion=0 alternatives=7
INSTRUMENTATION_STATUS_CODE: 0
INSTRUMENTATION_STATUS: top_seven_measurement=v1 id=50 strategy=0 round=0 wall_ns=2093625 cpu_ns=2094750 states=2296 verified=64 completion=4 alternatives=7
INSTRUMENTATION_STATUS_CODE: 0
INSTRUMENTATION_STATUS: top_seven_measurement=v1 id=50 strategy=1 round=0 wall_ns=2774625 cpu_ns=2775333 states=1892 verified=64 completion=4 alternatives=7
INSTRUMENTATION_STATUS_CODE: 0
INSTRUMENTATION_STATUS: top_seven_measurement=v1 id=51 strategy=1 round=0 wall_ns=723708 cpu_ns=724708 states=740 verified=11 completion=0 alternatives=7
INSTRUMENTATION_STATUS_CODE: 0
INSTRUMENTATION_STATUS: top_seven_measurement=v1 id=51 strategy=0 round=0 wall_ns=1935208 cpu_ns=1935916 states=3145 verified=33 completion=0 alternatives=7
INSTRUMENTATION_STATUS_CODE: 0
INSTRUMENTATION_STATUS: top_seven_measurement=v1 id=52 strategy=0 round=0 wall_ns=5102959 cpu_ns=5103875 states=8192 verified=4 completion=3 alternatives=4
INSTRUMENTATION_STATUS_CODE: 0
INSTRUMENTATION_STATUS: top_seven_measurement=v1 id=52 strategy=1 round=0 wall_ns=9418000 cpu_ns=9419750 states=8192 verified=4 completion=3 alternatives=4
INSTRUMENTATION_STATUS_CODE: 0
INSTRUMENTATION_STATUS: top_seven_measurement=v1 id=53 strategy=1 round=0 wall_ns=1539250 cpu_ns=1539917 states=1667 verified=10 completion=0 alternatives=7
INSTRUMENTATION_STATUS_CODE: 0
INSTRUMENTATION_STATUS: top_seven_measurement=v1 id=53 strategy=0 round=0 wall_ns=1713834 cpu_ns=1714667 states=2924 verified=17 completion=0 alternatives=7
INSTRUMENTATION_STATUS_CODE: 0
INSTRUMENTATION_STATUS: top_seven_measurement=v1 id=54 strategy=0 round=0 wall_ns=5356041 cpu_ns=5356875 states=8192 verified=20 completion=3 alternatives=7
INSTRUMENTATION_STATUS_CODE: 0
INSTRUMENTATION_STATUS: top_seven_measurement=v1 id=54 strategy=1 round=0 wall_ns=8904042 cpu_ns=8905249 states=8192 verified=14 completion=3 alternatives=7
INSTRUMENTATION_STATUS_CODE: 0
INSTRUMENTATION_STATUS: top_seven_measurement=v1 id=55 strategy=1 round=0 wall_ns=8417750 cpu_ns=8418542 states=6979 verified=13 completion=0 alternatives=7
INSTRUMENTATION_STATUS_CODE: 0
INSTRUMENTATION_STATUS: top_seven_measurement=v1 id=55 strategy=0 round=0 wall_ns=5383833 cpu_ns=5384833 states=8192 verified=23 completion=3 alternatives=7
INSTRUMENTATION_STATUS_CODE: 0
INSTRUMENTATION_STATUS: top_seven_measurement=v1 id=56 strategy=0 round=0 wall_ns=1402834 cpu_ns=1403542 states=2318 verified=12 completion=0 alternatives=7
INSTRUMENTATION_STATUS_CODE: 0
INSTRUMENTATION_STATUS: top_seven_measurement=v1 id=56 strategy=1 round=0 wall_ns=1063291 cpu_ns=1063833 states=1277 verified=8 completion=0 alternatives=7
INSTRUMENTATION_STATUS_CODE: 0
INSTRUMENTATION_STATUS: top_seven_measurement=v1 id=57 strategy=1 round=0 wall_ns=8967708 cpu_ns=8968375 states=8192 verified=3 completion=3 alternatives=3
INSTRUMENTATION_STATUS_CODE: 0
INSTRUMENTATION_STATUS: top_seven_measurement=v1 id=57 strategy=0 round=0 wall_ns=4742834 cpu_ns=4743708 states=8192 verified=6 completion=3 alternatives=6
INSTRUMENTATION_STATUS_CODE: 0
INSTRUMENTATION_STATUS: top_seven_measurement=v1 id=58 strategy=0 round=0 wall_ns=1404250 cpu_ns=1404958 states=970 verified=64 completion=4 alternatives=7
INSTRUMENTATION_STATUS_CODE: 0
INSTRUMENTATION_STATUS: top_seven_measurement=v1 id=58 strategy=1 round=0 wall_ns=2877750 cpu_ns=2878333 states=2200 verified=48 completion=0 alternatives=7
INSTRUMENTATION_STATUS_CODE: 0
INSTRUMENTATION_STATUS: top_seven_measurement=v1 id=59 strategy=1 round=0 wall_ns=5882542 cpu_ns=5883459 states=5151 verified=15 completion=0 alternatives=7
INSTRUMENTATION_STATUS_CODE: 0
INSTRUMENTATION_STATUS: top_seven_measurement=v1 id=59 strategy=0 round=0 wall_ns=5206625 cpu_ns=5207542 states=8192 verified=14 completion=3 alternatives=7
INSTRUMENTATION_STATUS_CODE: 0
INSTRUMENTATION_STATUS: top_seven_measurement=v1 id=0 strategy=1 round=1 wall_ns=8591000 cpu_ns=8591750 states=8192 verified=13 completion=3 alternatives=7
INSTRUMENTATION_STATUS_CODE: 0
INSTRUMENTATION_STATUS: top_seven_measurement=v1 id=0 strategy=0 round=1 wall_ns=4886875 cpu_ns=4887584 states=8192 verified=17 completion=3 alternatives=7
INSTRUMENTATION_STATUS_CODE: 0
INSTRUMENTATION_STATUS: top_seven_measurement=v1 id=1 strategy=0 round=1 wall_ns=1165833 cpu_ns=1166375 states=2144 verified=14 completion=0 alternatives=7
INSTRUMENTATION_STATUS_CODE: 0
INSTRUMENTATION_STATUS: top_seven_measurement=v1 id=1 strategy=1 round=1 wall_ns=1087542 cpu_ns=1088000 states=1438 verified=13 completion=0 alternatives=7
INSTRUMENTATION_STATUS_CODE: 0
INSTRUMENTATION_STATUS: top_seven_measurement=v1 id=2 strategy=1 round=1 wall_ns=8754625 cpu_ns=8755416 states=8192 verified=5 completion=3 alternatives=5
INSTRUMENTATION_STATUS_CODE: 0
INSTRUMENTATION_STATUS: top_seven_measurement=v1 id=2 strategy=0 round=1 wall_ns=5072542 cpu_ns=5073041 states=8192 verified=10 completion=3 alternatives=7
INSTRUMENTATION_STATUS_CODE: 0
INSTRUMENTATION_STATUS: top_seven_measurement=v1 id=3 strategy=0 round=1 wall_ns=5237541 cpu_ns=5238334 states=8192 verified=33 completion=3 alternatives=7
INSTRUMENTATION_STATUS_CODE: 0
INSTRUMENTATION_STATUS: top_seven_measurement=v1 id=3 strategy=1 round=1 wall_ns=6903833 cpu_ns=6904416 states=6441 verified=57 completion=0 alternatives=7
INSTRUMENTATION_STATUS_CODE: 0
INSTRUMENTATION_STATUS: top_seven_measurement=v1 id=4 strategy=1 round=1 wall_ns=8313875 cpu_ns=8314417 states=8192 verified=7 completion=3 alternatives=7
INSTRUMENTATION_STATUS_CODE: 0
INSTRUMENTATION_STATUS: top_seven_measurement=v1 id=4 strategy=0 round=1 wall_ns=4678250 cpu_ns=4679334 states=8192 verified=7 completion=3 alternatives=7
INSTRUMENTATION_STATUS_CODE: 0
INSTRUMENTATION_STATUS: top_seven_measurement=v1 id=5 strategy=0 round=1 wall_ns=5047292 cpu_ns=5048167 states=8192 verified=49 completion=3 alternatives=7
INSTRUMENTATION_STATUS_CODE: 0
INSTRUMENTATION_STATUS: top_seven_measurement=v1 id=5 strategy=1 round=1 wall_ns=2920792 cpu_ns=2827833 states=2139 verified=59 completion=0 alternatives=7
INSTRUMENTATION_STATUS_CODE: 0
INSTRUMENTATION_STATUS: top_seven_measurement=v1 id=6 strategy=1 round=1 wall_ns=6214291 cpu_ns=5962918 states=5398 verified=16 completion=0 alternatives=7
INSTRUMENTATION_STATUS_CODE: 0
INSTRUMENTATION_STATUS: top_seven_measurement=v1 id=6 strategy=0 round=1 wall_ns=5472625 cpu_ns=5473334 states=8192 verified=37 completion=3 alternatives=7
INSTRUMENTATION_STATUS_CODE: 0
INSTRUMENTATION_STATUS: top_seven_measurement=v1 id=7 strategy=0 round=1 wall_ns=3276000 cpu_ns=3276583 states=4050 verified=64 completion=4 alternatives=7
INSTRUMENTATION_STATUS_CODE: 0
INSTRUMENTATION_STATUS: top_seven_measurement=v1 id=7 strategy=1 round=1 wall_ns=6666667 cpu_ns=6667459 states=5678 verified=45 completion=0 alternatives=7
INSTRUMENTATION_STATUS_CODE: 0
INSTRUMENTATION_STATUS: top_seven_measurement=v1 id=8 strategy=1 round=1 wall_ns=2173208 cpu_ns=2173833 states=1503 verified=64 completion=4 alternatives=7
INSTRUMENTATION_STATUS_CODE: 0
INSTRUMENTATION_STATUS: top_seven_measurement=v1 id=8 strategy=0 round=1 wall_ns=1796250 cpu_ns=1797083 states=1838 verified=64 completion=4 alternatives=7
INSTRUMENTATION_STATUS_CODE: 0
INSTRUMENTATION_STATUS: top_seven_measurement=v1 id=9 strategy=0 round=1 wall_ns=4714334 cpu_ns=4715125 states=8192 verified=13 completion=3 alternatives=7
INSTRUMENTATION_STATUS_CODE: 0
INSTRUMENTATION_STATUS: top_seven_measurement=v1 id=9 strategy=1 round=1 wall_ns=4604625 cpu_ns=4605167 states=4662 verified=13 completion=0 alternatives=7
INSTRUMENTATION_STATUS_CODE: 0
INSTRUMENTATION_STATUS: top_seven_measurement=v1 id=10 strategy=1 round=1 wall_ns=1633875 cpu_ns=1634667 states=1917 verified=42 completion=0 alternatives=7
INSTRUMENTATION_STATUS_CODE: 0
INSTRUMENTATION_STATUS: top_seven_measurement=v1 id=10 strategy=0 round=1 wall_ns=1902875 cpu_ns=1903541 states=3038 verified=57 completion=0 alternatives=7
INSTRUMENTATION_STATUS_CODE: 0
INSTRUMENTATION_STATUS: top_seven_measurement=v1 id=11 strategy=0 round=1 wall_ns=5063000 cpu_ns=5063666 states=8192 verified=34 completion=3 alternatives=7
INSTRUMENTATION_STATUS_CODE: 0
INSTRUMENTATION_STATUS: top_seven_measurement=v1 id=11 strategy=1 round=1 wall_ns=9248958 cpu_ns=9249708 states=8192 verified=49 completion=3 alternatives=7
INSTRUMENTATION_STATUS_CODE: 0
INSTRUMENTATION_STATUS: top_seven_measurement=v1 id=12 strategy=1 round=1 wall_ns=1681834 cpu_ns=1682500 states=1986 verified=15 completion=0 alternatives=7
INSTRUMENTATION_STATUS_CODE: 0
INSTRUMENTATION_STATUS: top_seven_measurement=v1 id=12 strategy=0 round=1 wall_ns=1928042 cpu_ns=1928791 states=3316 verified=21 completion=0 alternatives=7
INSTRUMENTATION_STATUS_CODE: 0
INSTRUMENTATION_STATUS: top_seven_measurement=v1 id=13 strategy=0 round=1 wall_ns=5261208 cpu_ns=5262000 states=8192 verified=42 completion=3 alternatives=7
INSTRUMENTATION_STATUS_CODE: 0
INSTRUMENTATION_STATUS: top_seven_measurement=v1 id=13 strategy=1 round=1 wall_ns=3810250 cpu_ns=3810875 states=2999 verified=64 completion=4 alternatives=7
INSTRUMENTATION_STATUS_CODE: 0
INSTRUMENTATION_STATUS: top_seven_measurement=v1 id=14 strategy=1 round=1 wall_ns=8471917 cpu_ns=8472667 states=8192 verified=1 completion=3 alternatives=1
INSTRUMENTATION_STATUS_CODE: 0
INSTRUMENTATION_STATUS: top_seven_measurement=v1 id=14 strategy=0 round=1 wall_ns=4606500 cpu_ns=4607292 states=8192 verified=0 completion=3 alternatives=0
INSTRUMENTATION_STATUS_CODE: 0
INSTRUMENTATION_STATUS: top_seven_measurement=v1 id=15 strategy=0 round=1 wall_ns=1179292 cpu_ns=1180167 states=2138 verified=16 completion=0 alternatives=7
INSTRUMENTATION_STATUS_CODE: 0
INSTRUMENTATION_STATUS: top_seven_measurement=v1 id=15 strategy=1 round=1 wall_ns=1020083 cpu_ns=1020916 states=1324 verified=9 completion=0 alternatives=7
INSTRUMENTATION_STATUS_CODE: 0
INSTRUMENTATION_STATUS: top_seven_measurement=v1 id=16 strategy=1 round=1 wall_ns=8171875 cpu_ns=8172667 states=8192 verified=14 completion=3 alternatives=7
INSTRUMENTATION_STATUS_CODE: 0
INSTRUMENTATION_STATUS: top_seven_measurement=v1 id=16 strategy=0 round=1 wall_ns=5004083 cpu_ns=5004792 states=8192 verified=15 completion=3 alternatives=7
INSTRUMENTATION_STATUS_CODE: 0
INSTRUMENTATION_STATUS: top_seven_measurement=v1 id=17 strategy=0 round=1 wall_ns=4676375 cpu_ns=4677084 states=8192 verified=1 completion=3 alternatives=1
INSTRUMENTATION_STATUS_CODE: 0
INSTRUMENTATION_STATUS: top_seven_measurement=v1 id=17 strategy=1 round=1 wall_ns=8216500 cpu_ns=8217250 states=8192 verified=2 completion=3 alternatives=2
INSTRUMENTATION_STATUS_CODE: 0
INSTRUMENTATION_STATUS: top_seven_measurement=v1 id=18 strategy=1 round=1 wall_ns=2569333 cpu_ns=2570125 states=3409 verified=5 completion=0 alternatives=5
INSTRUMENTATION_STATUS_CODE: 0
INSTRUMENTATION_STATUS: top_seven_measurement=v1 id=18 strategy=0 round=1 wall_ns=1749417 cpu_ns=1750417 states=3409 verified=5 completion=0 alternatives=5
INSTRUMENTATION_STATUS_CODE: 0
INSTRUMENTATION_STATUS: top_seven_measurement=v1 id=19 strategy=0 round=1 wall_ns=1059292 cpu_ns=1059917 states=1668 verified=52 completion=0 alternatives=7
INSTRUMENTATION_STATUS_CODE: 0
INSTRUMENTATION_STATUS: top_seven_measurement=v1 id=19 strategy=1 round=1 wall_ns=1016250 cpu_ns=1016958 states=1121 verified=50 completion=0 alternatives=7
INSTRUMENTATION_STATUS_CODE: 0
INSTRUMENTATION_STATUS: top_seven_measurement=v1 id=20 strategy=1 round=1 wall_ns=3953500 cpu_ns=3954208 states=2619 verified=64 completion=4 alternatives=7
INSTRUMENTATION_STATUS_CODE: 0
INSTRUMENTATION_STATUS: top_seven_measurement=v1 id=20 strategy=0 round=1 wall_ns=5325334 cpu_ns=5325875 states=8192 verified=12 completion=3 alternatives=7
INSTRUMENTATION_STATUS_CODE: 0
INSTRUMENTATION_STATUS: top_seven_measurement=v1 id=21 strategy=0 round=1 wall_ns=5840708 cpu_ns=5841459 states=8192 verified=44 completion=3 alternatives=7
INSTRUMENTATION_STATUS_CODE: 0
INSTRUMENTATION_STATUS: top_seven_measurement=v1 id=21 strategy=1 round=1 wall_ns=6654709 cpu_ns=6655416 states=5806 verified=21 completion=0 alternatives=7
INSTRUMENTATION_STATUS_CODE: 0
INSTRUMENTATION_STATUS: top_seven_measurement=v1 id=22 strategy=1 round=1 wall_ns=1630250 cpu_ns=1631000 states=1928 verified=10 completion=0 alternatives=7
INSTRUMENTATION_STATUS_CODE: 0
INSTRUMENTATION_STATUS: top_seven_measurement=v1 id=22 strategy=0 round=1 wall_ns=1170541 cpu_ns=1171208 states=1937 verified=11 completion=0 alternatives=7
INSTRUMENTATION_STATUS_CODE: 0
INSTRUMENTATION_STATUS: top_seven_measurement=v1 id=23 strategy=0 round=1 wall_ns=1051333 cpu_ns=1052000 states=1462 verified=25 completion=0 alternatives=7
INSTRUMENTATION_STATUS_CODE: 0
INSTRUMENTATION_STATUS: top_seven_measurement=v1 id=23 strategy=1 round=1 wall_ns=1360875 cpu_ns=1361458 states=1455 verified=24 completion=0 alternatives=7
INSTRUMENTATION_STATUS_CODE: 0
INSTRUMENTATION_STATUS: top_seven_measurement=v1 id=24 strategy=1 round=1 wall_ns=1018166 cpu_ns=1018875 states=1273 verified=29 completion=0 alternatives=7
INSTRUMENTATION_STATUS_CODE: 0
INSTRUMENTATION_STATUS: top_seven_measurement=v1 id=24 strategy=0 round=1 wall_ns=760167 cpu_ns=760791 states=1273 verified=29 completion=0 alternatives=7
INSTRUMENTATION_STATUS_CODE: 0
INSTRUMENTATION_STATUS: top_seven_measurement=v1 id=25 strategy=0 round=1 wall_ns=4894625 cpu_ns=4895208 states=8192 verified=18 completion=3 alternatives=7
INSTRUMENTATION_STATUS_CODE: 0
INSTRUMENTATION_STATUS: top_seven_measurement=v1 id=25 strategy=1 round=1 wall_ns=6874334 cpu_ns=6875125 states=6796 verified=11 completion=0 alternatives=7
INSTRUMENTATION_STATUS_CODE: 0
INSTRUMENTATION_STATUS: top_seven_measurement=v1 id=26 strategy=1 round=1 wall_ns=5255375 cpu_ns=5256125 states=4889 verified=39 completion=0 alternatives=7
INSTRUMENTATION_STATUS_CODE: 0
INSTRUMENTATION_STATUS: top_seven_measurement=v1 id=26 strategy=0 round=1 wall_ns=5127208 cpu_ns=5128042 states=8192 verified=22 completion=3 alternatives=7
INSTRUMENTATION_STATUS_CODE: 0
INSTRUMENTATION_STATUS: top_seven_measurement=v1 id=27 strategy=0 round=1 wall_ns=886834 cpu_ns=887541 states=1508 verified=8 completion=0 alternatives=7
INSTRUMENTATION_STATUS_CODE: 0
INSTRUMENTATION_STATUS: top_seven_measurement=v1 id=27 strategy=1 round=1 wall_ns=1235792 cpu_ns=1236292 states=1508 verified=8 completion=0 alternatives=7
INSTRUMENTATION_STATUS_CODE: 0
INSTRUMENTATION_STATUS: top_seven_measurement=v1 id=28 strategy=1 round=1 wall_ns=5167334 cpu_ns=5168083 states=4469 verified=63 completion=0 alternatives=7
INSTRUMENTATION_STATUS_CODE: 0
INSTRUMENTATION_STATUS: top_seven_measurement=v1 id=28 strategy=0 round=1 wall_ns=2485583 cpu_ns=2486250 states=2798 verified=64 completion=4 alternatives=7
INSTRUMENTATION_STATUS_CODE: 0
INSTRUMENTATION_STATUS: top_seven_measurement=v1 id=29 strategy=0 round=1 wall_ns=4808791 cpu_ns=4809583 states=6682 verified=64 completion=4 alternatives=7
INSTRUMENTATION_STATUS_CODE: 0
INSTRUMENTATION_STATUS: top_seven_measurement=v1 id=29 strategy=1 round=1 wall_ns=7712042 cpu_ns=7713042 states=7060 verified=55 completion=0 alternatives=7
INSTRUMENTATION_STATUS_CODE: 0
INSTRUMENTATION_STATUS: top_seven_measurement=v1 id=30 strategy=1 round=1 wall_ns=3041792 cpu_ns=3042792 states=2206 verified=64 completion=4 alternatives=7
INSTRUMENTATION_STATUS_CODE: 0
INSTRUMENTATION_STATUS: top_seven_measurement=v1 id=30 strategy=0 round=1 wall_ns=5300375 cpu_ns=5301459 states=7644 verified=64 completion=4 alternatives=7
INSTRUMENTATION_STATUS_CODE: 0
INSTRUMENTATION_STATUS: top_seven_measurement=v1 id=31 strategy=0 round=1 wall_ns=5503792 cpu_ns=5504750 states=8192 verified=27 completion=3 alternatives=7
INSTRUMENTATION_STATUS_CODE: 0
INSTRUMENTATION_STATUS: top_seven_measurement=v1 id=31 strategy=1 round=1 wall_ns=7460666 cpu_ns=7461791 states=6727 verified=12 completion=0 alternatives=7
INSTRUMENTATION_STATUS_CODE: 0
INSTRUMENTATION_STATUS: top_seven_measurement=v1 id=32 strategy=1 round=1 wall_ns=5824584 cpu_ns=5825625 states=5006 verified=47 completion=0 alternatives=7
INSTRUMENTATION_STATUS_CODE: 0
INSTRUMENTATION_STATUS: top_seven_measurement=v1 id=32 strategy=0 round=1 wall_ns=5529250 cpu_ns=5529916 states=8192 verified=47 completion=3 alternatives=7
INSTRUMENTATION_STATUS_CODE: 0
INSTRUMENTATION_STATUS: top_seven_measurement=v1 id=33 strategy=0 round=1 wall_ns=5301250 cpu_ns=5302292 states=8192 verified=41 completion=3 alternatives=7
INSTRUMENTATION_STATUS_CODE: 0
INSTRUMENTATION_STATUS: top_seven_measurement=v1 id=33 strategy=1 round=1 wall_ns=3459875 cpu_ns=3460624 states=3501 verified=18 completion=0 alternatives=7
INSTRUMENTATION_STATUS_CODE: 0
INSTRUMENTATION_STATUS: top_seven_measurement=v1 id=34 strategy=1 round=1 wall_ns=8801583 cpu_ns=8802208 states=8192 verified=26 completion=3 alternatives=7
INSTRUMENTATION_STATUS_CODE: 0
INSTRUMENTATION_STATUS: top_seven_measurement=v1 id=34 strategy=0 round=1 wall_ns=5483875 cpu_ns=5324084 states=8192 verified=5 completion=3 alternatives=5
INSTRUMENTATION_STATUS_CODE: 0
INSTRUMENTATION_STATUS: top_seven_measurement=v1 id=35 strategy=0 round=1 wall_ns=5074208 cpu_ns=5074916 states=8192 verified=26 completion=3 alternatives=7
INSTRUMENTATION_STATUS_CODE: 0
INSTRUMENTATION_STATUS: top_seven_measurement=v1 id=35 strategy=1 round=1 wall_ns=8347625 cpu_ns=8348500 states=8192 verified=25 completion=3 alternatives=7
INSTRUMENTATION_STATUS_CODE: 0
INSTRUMENTATION_STATUS: top_seven_measurement=v1 id=36 strategy=1 round=1 wall_ns=2937458 cpu_ns=2938291 states=2213 verified=48 completion=0 alternatives=7
INSTRUMENTATION_STATUS_CODE: 0
INSTRUMENTATION_STATUS: top_seven_measurement=v1 id=36 strategy=0 round=1 wall_ns=4805625 cpu_ns=4806459 states=8192 verified=13 completion=3 alternatives=7
INSTRUMENTATION_STATUS_CODE: 0
INSTRUMENTATION_STATUS: top_seven_measurement=v1 id=37 strategy=0 round=1 wall_ns=4692792 cpu_ns=4693583 states=8192 verified=5 completion=3 alternatives=5
INSTRUMENTATION_STATUS_CODE: 0
INSTRUMENTATION_STATUS: top_seven_measurement=v1 id=37 strategy=1 round=1 wall_ns=8364958 cpu_ns=8365541 states=8192 verified=5 completion=3 alternatives=5
INSTRUMENTATION_STATUS_CODE: 0
INSTRUMENTATION_STATUS: top_seven_measurement=v1 id=38 strategy=1 round=1 wall_ns=8954917 cpu_ns=8955750 states=8192 verified=29 completion=3 alternatives=7
INSTRUMENTATION_STATUS_CODE: 0
INSTRUMENTATION_STATUS: top_seven_measurement=v1 id=38 strategy=0 round=1 wall_ns=4720167 cpu_ns=4720917 states=8192 verified=5 completion=3 alternatives=5
INSTRUMENTATION_STATUS_CODE: 0
INSTRUMENTATION_STATUS: top_seven_measurement=v1 id=39 strategy=0 round=1 wall_ns=3491500 cpu_ns=3492417 states=4858 verified=64 completion=4 alternatives=7
INSTRUMENTATION_STATUS_CODE: 0
INSTRUMENTATION_STATUS: top_seven_measurement=v1 id=39 strategy=1 round=1 wall_ns=2657375 cpu_ns=2658166 states=1873 verified=64 completion=4 alternatives=7
INSTRUMENTATION_STATUS_CODE: 0
INSTRUMENTATION_STATUS: top_seven_measurement=v1 id=40 strategy=1 round=1 wall_ns=999042 cpu_ns=999667 states=1119 verified=42 completion=0 alternatives=7
INSTRUMENTATION_STATUS_CODE: 0
INSTRUMENTATION_STATUS: top_seven_measurement=v1 id=40 strategy=0 round=1 wall_ns=1215208 cpu_ns=1215833 states=1943 verified=60 completion=0 alternatives=7
INSTRUMENTATION_STATUS_CODE: 0
INSTRUMENTATION_STATUS: top_seven_measurement=v1 id=41 strategy=0 round=1 wall_ns=1773500 cpu_ns=1774125 states=3014 verified=13 completion=0 alternatives=7
INSTRUMENTATION_STATUS_CODE: 0
INSTRUMENTATION_STATUS: top_seven_measurement=v1 id=41 strategy=1 round=1 wall_ns=2255250 cpu_ns=2255958 states=3007 verified=13 completion=0 alternatives=7
INSTRUMENTATION_STATUS_CODE: 0
INSTRUMENTATION_STATUS: top_seven_measurement=v1 id=42 strategy=1 round=1 wall_ns=1005875 cpu_ns=1006500 states=1399 verified=41 completion=0 alternatives=7
INSTRUMENTATION_STATUS_CODE: 0
INSTRUMENTATION_STATUS: top_seven_measurement=v1 id=42 strategy=0 round=1 wall_ns=1492958 cpu_ns=1493416 states=2621 verified=56 completion=0 alternatives=7
INSTRUMENTATION_STATUS_CODE: 0
INSTRUMENTATION_STATUS: top_seven_measurement=v1 id=43 strategy=0 round=1 wall_ns=5726708 cpu_ns=5727375 states=8192 verified=50 completion=3 alternatives=7
INSTRUMENTATION_STATUS_CODE: 0
INSTRUMENTATION_STATUS: top_seven_measurement=v1 id=43 strategy=1 round=1 wall_ns=5349750 cpu_ns=5350499 states=4904 verified=13 completion=0 alternatives=7
INSTRUMENTATION_STATUS_CODE: 0
INSTRUMENTATION_STATUS: top_seven_measurement=v1 id=44 strategy=1 round=1 wall_ns=1945084 cpu_ns=1945792 states=2455 verified=10 completion=0 alternatives=4
INSTRUMENTATION_STATUS_CODE: 0
INSTRUMENTATION_STATUS: top_seven_measurement=v1 id=44 strategy=0 round=1 wall_ns=1376125 cpu_ns=1376750 states=2455 verified=10 completion=0 alternatives=4
INSTRUMENTATION_STATUS_CODE: 0
INSTRUMENTATION_STATUS: top_seven_measurement=v1 id=45 strategy=0 round=1 wall_ns=25542 cpu_ns=25875 states=28 verified=0 completion=2 alternatives=0
INSTRUMENTATION_STATUS_CODE: 0
INSTRUMENTATION_STATUS: top_seven_measurement=v1 id=45 strategy=1 round=1 wall_ns=21416 cpu_ns=21958 states=28 verified=0 completion=2 alternatives=0
INSTRUMENTATION_STATUS_CODE: 0
INSTRUMENTATION_STATUS: top_seven_measurement=v1 id=46 strategy=1 round=1 wall_ns=2426708 cpu_ns=2427416 states=2202 verified=27 completion=0 alternatives=7
INSTRUMENTATION_STATUS_CODE: 0
INSTRUMENTATION_STATUS: top_seven_measurement=v1 id=46 strategy=0 round=1 wall_ns=2368833 cpu_ns=2369375 states=2906 verified=64 completion=4 alternatives=7
INSTRUMENTATION_STATUS_CODE: 0
INSTRUMENTATION_STATUS: top_seven_measurement=v1 id=47 strategy=0 round=1 wall_ns=4957459 cpu_ns=4958250 states=8192 verified=16 completion=3 alternatives=7
INSTRUMENTATION_STATUS_CODE: 0
INSTRUMENTATION_STATUS: top_seven_measurement=v1 id=47 strategy=1 round=1 wall_ns=8917667 cpu_ns=8918333 states=8192 verified=16 completion=3 alternatives=7
INSTRUMENTATION_STATUS_CODE: 0
INSTRUMENTATION_STATUS: top_seven_measurement=v1 id=48 strategy=1 round=1 wall_ns=2092959 cpu_ns=2093542 states=1680 verified=21 completion=0 alternatives=7
INSTRUMENTATION_STATUS_CODE: 0
INSTRUMENTATION_STATUS: top_seven_measurement=v1 id=48 strategy=0 round=1 wall_ns=3878083 cpu_ns=3878542 states=5158 verified=64 completion=4 alternatives=7
INSTRUMENTATION_STATUS_CODE: 0
INSTRUMENTATION_STATUS: top_seven_measurement=v1 id=49 strategy=0 round=1 wall_ns=987334 cpu_ns=987958 states=1514 verified=18 completion=0 alternatives=7
INSTRUMENTATION_STATUS_CODE: 0
INSTRUMENTATION_STATUS: top_seven_measurement=v1 id=49 strategy=1 round=1 wall_ns=1306541 cpu_ns=1307209 states=1514 verified=18 completion=0 alternatives=7
INSTRUMENTATION_STATUS_CODE: 0
INSTRUMENTATION_STATUS: top_seven_measurement=v1 id=50 strategy=1 round=1 wall_ns=2582916 cpu_ns=2583500 states=1892 verified=64 completion=4 alternatives=7
INSTRUMENTATION_STATUS_CODE: 0
INSTRUMENTATION_STATUS: top_seven_measurement=v1 id=50 strategy=0 round=1 wall_ns=1937750 cpu_ns=1938417 states=2296 verified=64 completion=4 alternatives=7
INSTRUMENTATION_STATUS_CODE: 0
INSTRUMENTATION_STATUS: top_seven_measurement=v1 id=51 strategy=0 round=1 wall_ns=1940708 cpu_ns=1941375 states=3145 verified=33 completion=0 alternatives=7
INSTRUMENTATION_STATUS_CODE: 0
INSTRUMENTATION_STATUS: top_seven_measurement=v1 id=51 strategy=1 round=1 wall_ns=696625 cpu_ns=697375 states=740 verified=11 completion=0 alternatives=7
INSTRUMENTATION_STATUS_CODE: 0
INSTRUMENTATION_STATUS: top_seven_measurement=v1 id=52 strategy=1 round=1 wall_ns=9092459 cpu_ns=9093375 states=8192 verified=4 completion=3 alternatives=4
INSTRUMENTATION_STATUS_CODE: 0
INSTRUMENTATION_STATUS: top_seven_measurement=v1 id=52 strategy=0 round=1 wall_ns=4748541 cpu_ns=4749208 states=8192 verified=4 completion=3 alternatives=4
INSTRUMENTATION_STATUS_CODE: 0
INSTRUMENTATION_STATUS: top_seven_measurement=v1 id=53 strategy=0 round=1 wall_ns=1666125 cpu_ns=1666584 states=2924 verified=17 completion=0 alternatives=7
INSTRUMENTATION_STATUS_CODE: 0
INSTRUMENTATION_STATUS: top_seven_measurement=v1 id=53 strategy=1 round=1 wall_ns=1357334 cpu_ns=1358250 states=1667 verified=10 completion=0 alternatives=7
INSTRUMENTATION_STATUS_CODE: 0
INSTRUMENTATION_STATUS: top_seven_measurement=v1 id=54 strategy=1 round=1 wall_ns=8593875 cpu_ns=8594459 states=8192 verified=14 completion=3 alternatives=7
INSTRUMENTATION_STATUS_CODE: 0
INSTRUMENTATION_STATUS: top_seven_measurement=v1 id=54 strategy=0 round=1 wall_ns=4907333 cpu_ns=4908167 states=8192 verified=20 completion=3 alternatives=7
INSTRUMENTATION_STATUS_CODE: 0
INSTRUMENTATION_STATUS: top_seven_measurement=v1 id=55 strategy=0 round=1 wall_ns=4980166 cpu_ns=4980833 states=8192 verified=23 completion=3 alternatives=7
INSTRUMENTATION_STATUS_CODE: 0
INSTRUMENTATION_STATUS: top_seven_measurement=v1 id=55 strategy=1 round=1 wall_ns=7799042 cpu_ns=7799541 states=6979 verified=13 completion=0 alternatives=7
INSTRUMENTATION_STATUS_CODE: 0
INSTRUMENTATION_STATUS: top_seven_measurement=v1 id=56 strategy=1 round=1 wall_ns=1026458 cpu_ns=1027167 states=1277 verified=8 completion=0 alternatives=7
INSTRUMENTATION_STATUS_CODE: 0
INSTRUMENTATION_STATUS: top_seven_measurement=v1 id=56 strategy=0 round=1 wall_ns=1298875 cpu_ns=1299583 states=2318 verified=12 completion=0 alternatives=7
INSTRUMENTATION_STATUS_CODE: 0
INSTRUMENTATION_STATUS: top_seven_measurement=v1 id=57 strategy=0 round=1 wall_ns=4953333 cpu_ns=4954000 states=8192 verified=6 completion=3 alternatives=6
INSTRUMENTATION_STATUS_CODE: 0
INSTRUMENTATION_STATUS: top_seven_measurement=v1 id=57 strategy=1 round=1 wall_ns=8678917 cpu_ns=8679791 states=8192 verified=3 completion=3 alternatives=3
INSTRUMENTATION_STATUS_CODE: 0
INSTRUMENTATION_STATUS: top_seven_measurement=v1 id=58 strategy=1 round=1 wall_ns=2906417 cpu_ns=2907000 states=2200 verified=48 completion=0 alternatives=7
INSTRUMENTATION_STATUS_CODE: 0
INSTRUMENTATION_STATUS: top_seven_measurement=v1 id=58 strategy=0 round=1 wall_ns=1385042 cpu_ns=1385875 states=970 verified=64 completion=4 alternatives=7
INSTRUMENTATION_STATUS_CODE: 0
INSTRUMENTATION_STATUS: top_seven_measurement=v1 id=59 strategy=0 round=1 wall_ns=4826291 cpu_ns=4827000 states=8192 verified=14 completion=3 alternatives=7
INSTRUMENTATION_STATUS_CODE: 0
INSTRUMENTATION_STATUS: top_seven_measurement=v1 id=59 strategy=1 round=1 wall_ns=5566750 cpu_ns=5567416 states=5151 verified=15 completion=0 alternatives=7
INSTRUMENTATION_STATUS_CODE: 0
INSTRUMENTATION_STATUS: top_seven_measurement=v1 id=0 strategy=0 round=2 wall_ns=4996459 cpu_ns=4997000 states=8192 verified=17 completion=3 alternatives=7
INSTRUMENTATION_STATUS_CODE: 0
INSTRUMENTATION_STATUS: top_seven_measurement=v1 id=0 strategy=1 round=2 wall_ns=8300250 cpu_ns=8301000 states=8192 verified=13 completion=3 alternatives=7
INSTRUMENTATION_STATUS_CODE: 0
INSTRUMENTATION_STATUS: top_seven_measurement=v1 id=1 strategy=1 round=2 wall_ns=1202583 cpu_ns=1203334 states=1438 verified=13 completion=0 alternatives=7
INSTRUMENTATION_STATUS_CODE: 0
INSTRUMENTATION_STATUS: top_seven_measurement=v1 id=1 strategy=0 round=2 wall_ns=1168292 cpu_ns=1168958 states=2144 verified=14 completion=0 alternatives=7
INSTRUMENTATION_STATUS_CODE: 0
INSTRUMENTATION_STATUS: top_seven_measurement=v1 id=2 strategy=0 round=2 wall_ns=4836292 cpu_ns=4836958 states=8192 verified=10 completion=3 alternatives=7
INSTRUMENTATION_STATUS_CODE: 0
INSTRUMENTATION_STATUS: top_seven_measurement=v1 id=2 strategy=1 round=2 wall_ns=8064542 cpu_ns=8065208 states=8192 verified=5 completion=3 alternatives=5
INSTRUMENTATION_STATUS_CODE: 0
INSTRUMENTATION_STATUS: top_seven_measurement=v1 id=3 strategy=1 round=2 wall_ns=6676708 cpu_ns=6677375 states=6441 verified=57 completion=0 alternatives=7
INSTRUMENTATION_STATUS_CODE: 0
INSTRUMENTATION_STATUS: top_seven_measurement=v1 id=3 strategy=0 round=2 wall_ns=4926125 cpu_ns=4926583 states=8192 verified=33 completion=3 alternatives=7
INSTRUMENTATION_STATUS_CODE: 0
INSTRUMENTATION_STATUS: top_seven_measurement=v1 id=4 strategy=0 round=2 wall_ns=4749917 cpu_ns=4750375 states=8192 verified=7 completion=3 alternatives=7
INSTRUMENTATION_STATUS_CODE: 0
INSTRUMENTATION_STATUS: top_seven_measurement=v1 id=4 strategy=1 round=2 wall_ns=9116250 cpu_ns=8862625 states=8192 verified=7 completion=3 alternatives=7
INSTRUMENTATION_STATUS_CODE: 0
INSTRUMENTATION_STATUS: top_seven_measurement=v1 id=5 strategy=1 round=2 wall_ns=2661000 cpu_ns=2661667 states=2139 verified=59 completion=0 alternatives=7
INSTRUMENTATION_STATUS_CODE: 0
INSTRUMENTATION_STATUS: top_seven_measurement=v1 id=5 strategy=0 round=2 wall_ns=4987833 cpu_ns=4988375 states=8192 verified=49 completion=3 alternatives=7
INSTRUMENTATION_STATUS_CODE: 0
INSTRUMENTATION_STATUS: top_seven_measurement=v1 id=6 strategy=0 round=2 wall_ns=5086917 cpu_ns=5087666 states=8192 verified=37 completion=3 alternatives=7
INSTRUMENTATION_STATUS_CODE: 0
INSTRUMENTATION_STATUS: top_seven_measurement=v1 id=6 strategy=1 round=2 wall_ns=5364125 cpu_ns=5364625 states=5398 verified=16 completion=0 alternatives=7
INSTRUMENTATION_STATUS_CODE: 0
INSTRUMENTATION_STATUS: top_seven_measurement=v1 id=7 strategy=1 round=2 wall_ns=6572709 cpu_ns=6573250 states=5678 verified=45 completion=0 alternatives=7
INSTRUMENTATION_STATUS_CODE: 0
INSTRUMENTATION_STATUS: top_seven_measurement=v1 id=7 strategy=0 round=2 wall_ns=3132958 cpu_ns=3133459 states=4050 verified=64 completion=4 alternatives=7
INSTRUMENTATION_STATUS_CODE: 0
INSTRUMENTATION_STATUS: top_seven_measurement=v1 id=8 strategy=0 round=2 wall_ns=1686958 cpu_ns=1687417 states=1838 verified=64 completion=4 alternatives=7
INSTRUMENTATION_STATUS_CODE: 0
INSTRUMENTATION_STATUS: top_seven_measurement=v1 id=8 strategy=1 round=2 wall_ns=2222625 cpu_ns=2223542 states=1503 verified=64 completion=4 alternatives=7
INSTRUMENTATION_STATUS_CODE: 0
INSTRUMENTATION_STATUS: top_seven_measurement=v1 id=9 strategy=1 round=2 wall_ns=4631083 cpu_ns=4631708 states=4662 verified=13 completion=0 alternatives=7
INSTRUMENTATION_STATUS_CODE: 0
INSTRUMENTATION_STATUS: top_seven_measurement=v1 id=9 strategy=0 round=2 wall_ns=4783333 cpu_ns=4783791 states=8192 verified=13 completion=3 alternatives=7
INSTRUMENTATION_STATUS_CODE: 0
INSTRUMENTATION_STATUS: top_seven_measurement=v1 id=10 strategy=0 round=2 wall_ns=1904042 cpu_ns=1904500 states=3038 verified=57 completion=0 alternatives=7
INSTRUMENTATION_STATUS_CODE: 0
INSTRUMENTATION_STATUS: top_seven_measurement=v1 id=10 strategy=1 round=2 wall_ns=1573417 cpu_ns=1574125 states=1917 verified=42 completion=0 alternatives=7
INSTRUMENTATION_STATUS_CODE: 0
INSTRUMENTATION_STATUS: top_seven_measurement=v1 id=11 strategy=1 round=2 wall_ns=8904042 cpu_ns=8904834 states=8192 verified=49 completion=3 alternatives=7
INSTRUMENTATION_STATUS_CODE: 0
INSTRUMENTATION_STATUS: top_seven_measurement=v1 id=11 strategy=0 round=2 wall_ns=5069958 cpu_ns=5070667 states=8192 verified=34 completion=3 alternatives=7
INSTRUMENTATION_STATUS_CODE: 0
INSTRUMENTATION_STATUS: top_seven_measurement=v1 id=12 strategy=0 round=2 wall_ns=1911125 cpu_ns=1911917 states=3316 verified=21 completion=0 alternatives=7
INSTRUMENTATION_STATUS_CODE: 0
INSTRUMENTATION_STATUS: top_seven_measurement=v1 id=12 strategy=1 round=2 wall_ns=1578208 cpu_ns=1578834 states=1986 verified=15 completion=0 alternatives=7
INSTRUMENTATION_STATUS_CODE: 0
INSTRUMENTATION_STATUS: top_seven_measurement=v1 id=13 strategy=1 round=2 wall_ns=3611584 cpu_ns=3612208 states=2999 verified=64 completion=4 alternatives=7
INSTRUMENTATION_STATUS_CODE: 0
INSTRUMENTATION_STATUS: top_seven_measurement=v1 id=13 strategy=0 round=2 wall_ns=4984375 cpu_ns=4985208 states=8192 verified=42 completion=3 alternatives=7
INSTRUMENTATION_STATUS_CODE: 0
INSTRUMENTATION_STATUS: top_seven_measurement=v1 id=14 strategy=0 round=2 wall_ns=4447250 cpu_ns=4447917 states=8192 verified=0 completion=3 alternatives=0
INSTRUMENTATION_STATUS_CODE: 0
INSTRUMENTATION_STATUS: top_seven_measurement=v1 id=14 strategy=1 round=2 wall_ns=8443750 cpu_ns=8444500 states=8192 verified=1 completion=3 alternatives=1
INSTRUMENTATION_STATUS_CODE: 0
INSTRUMENTATION_STATUS: top_seven_measurement=v1 id=15 strategy=1 round=2 wall_ns=1011334 cpu_ns=1011917 states=1324 verified=9 completion=0 alternatives=7
INSTRUMENTATION_STATUS_CODE: 0
INSTRUMENTATION_STATUS: top_seven_measurement=v1 id=15 strategy=0 round=2 wall_ns=1209875 cpu_ns=1210583 states=2138 verified=16 completion=0 alternatives=7
INSTRUMENTATION_STATUS_CODE: 0
INSTRUMENTATION_STATUS: top_seven_measurement=v1 id=16 strategy=0 round=2 wall_ns=4805750 cpu_ns=4806375 states=8192 verified=15 completion=3 alternatives=7
INSTRUMENTATION_STATUS_CODE: 0
INSTRUMENTATION_STATUS: top_seven_measurement=v1 id=16 strategy=1 round=2 wall_ns=8346917 cpu_ns=8347750 states=8192 verified=14 completion=3 alternatives=7
INSTRUMENTATION_STATUS_CODE: 0
INSTRUMENTATION_STATUS: top_seven_measurement=v1 id=17 strategy=1 round=2 wall_ns=8078208 cpu_ns=8078875 states=8192 verified=2 completion=3 alternatives=2
INSTRUMENTATION_STATUS_CODE: 0
INSTRUMENTATION_STATUS: top_seven_measurement=v1 id=17 strategy=0 round=2 wall_ns=4621542 cpu_ns=4622500 states=8192 verified=1 completion=3 alternatives=1
INSTRUMENTATION_STATUS_CODE: 0
INSTRUMENTATION_STATUS: top_seven_measurement=v1 id=18 strategy=0 round=2 wall_ns=1920209 cpu_ns=1921125 states=3409 verified=5 completion=0 alternatives=5
INSTRUMENTATION_STATUS_CODE: 0
INSTRUMENTATION_STATUS: top_seven_measurement=v1 id=18 strategy=1 round=2 wall_ns=2756250 cpu_ns=2757958 states=3409 verified=5 completion=0 alternatives=5
INSTRUMENTATION_STATUS_CODE: 0
INSTRUMENTATION_STATUS: top_seven_measurement=v1 id=19 strategy=1 round=2 wall_ns=1062458 cpu_ns=1063791 states=1121 verified=50 completion=0 alternatives=7
INSTRUMENTATION_STATUS_CODE: 0
INSTRUMENTATION_STATUS: top_seven_measurement=v1 id=19 strategy=0 round=2 wall_ns=1135625 cpu_ns=1137083 states=1668 verified=52 completion=0 alternatives=7
INSTRUMENTATION_STATUS_CODE: 0
INSTRUMENTATION_STATUS: top_seven_measurement=v1 id=20 strategy=0 round=2 wall_ns=5071000 cpu_ns=5071625 states=8192 verified=12 completion=3 alternatives=7
INSTRUMENTATION_STATUS_CODE: 0
INSTRUMENTATION_STATUS: top_seven_measurement=v1 id=20 strategy=1 round=2 wall_ns=3928667 cpu_ns=3930084 states=2619 verified=64 completion=4 alternatives=7
INSTRUMENTATION_STATUS_CODE: 0
INSTRUMENTATION_STATUS: top_seven_measurement=v1 id=21 strategy=1 round=2 wall_ns=6865583 cpu_ns=6866375 states=5806 verified=21 completion=0 alternatives=7
INSTRUMENTATION_STATUS_CODE: 0
INSTRUMENTATION_STATUS: top_seven_measurement=v1 id=21 strategy=0 round=2 wall_ns=5536917 cpu_ns=5538209 states=8192 verified=44 completion=3 alternatives=7
INSTRUMENTATION_STATUS_CODE: 0
INSTRUMENTATION_STATUS: top_seven_measurement=v1 id=22 strategy=0 round=2 wall_ns=1251208 cpu_ns=1252208 states=1937 verified=11 completion=0 alternatives=7
INSTRUMENTATION_STATUS_CODE: 0
INSTRUMENTATION_STATUS: top_seven_measurement=v1 id=22 strategy=1 round=2 wall_ns=1573792 cpu_ns=1574542 states=1928 verified=10 completion=0 alternatives=7
INSTRUMENTATION_STATUS_CODE: 0
INSTRUMENTATION_STATUS: top_seven_measurement=v1 id=23 strategy=1 round=2 wall_ns=1525500 cpu_ns=1526584 states=1455 verified=24 completion=0 alternatives=7
INSTRUMENTATION_STATUS_CODE: 0
INSTRUMENTATION_STATUS: top_seven_measurement=v1 id=23 strategy=0 round=2 wall_ns=1021500 cpu_ns=1022417 states=1462 verified=25 completion=0 alternatives=7
INSTRUMENTATION_STATUS_CODE: 0
INSTRUMENTATION_STATUS: top_seven_measurement=v1 id=24 strategy=0 round=2 wall_ns=830458 cpu_ns=831459 states=1273 verified=29 completion=0 alternatives=7
INSTRUMENTATION_STATUS_CODE: 0
INSTRUMENTATION_STATUS: top_seven_measurement=v1 id=24 strategy=1 round=2 wall_ns=932833 cpu_ns=933458 states=1273 verified=29 completion=0 alternatives=7
INSTRUMENTATION_STATUS_CODE: 0
INSTRUMENTATION_STATUS: top_seven_measurement=v1 id=25 strategy=1 round=2 wall_ns=6876500 cpu_ns=6877208 states=6796 verified=11 completion=0 alternatives=7
INSTRUMENTATION_STATUS_CODE: 0
INSTRUMENTATION_STATUS: top_seven_measurement=v1 id=25 strategy=0 round=2 wall_ns=4950083 cpu_ns=4951166 states=8192 verified=18 completion=3 alternatives=7
INSTRUMENTATION_STATUS_CODE: 0
INSTRUMENTATION_STATUS: top_seven_measurement=v1 id=26 strategy=0 round=2 wall_ns=5215291 cpu_ns=5216458 states=8192 verified=22 completion=3 alternatives=7
INSTRUMENTATION_STATUS_CODE: 0
INSTRUMENTATION_STATUS: top_seven_measurement=v1 id=26 strategy=1 round=2 wall_ns=5400250 cpu_ns=5401208 states=4889 verified=39 completion=0 alternatives=7
INSTRUMENTATION_STATUS_CODE: 0
INSTRUMENTATION_STATUS: top_seven_measurement=v1 id=27 strategy=1 round=2 wall_ns=1342958 cpu_ns=1344042 states=1508 verified=8 completion=0 alternatives=7
INSTRUMENTATION_STATUS_CODE: 0
INSTRUMENTATION_STATUS: top_seven_measurement=v1 id=27 strategy=0 round=2 wall_ns=871291 cpu_ns=871917 states=1508 verified=8 completion=0 alternatives=7
INSTRUMENTATION_STATUS_CODE: 0
INSTRUMENTATION_STATUS: top_seven_measurement=v1 id=28 strategy=0 round=2 wall_ns=2427917 cpu_ns=2428625 states=2798 verified=64 completion=4 alternatives=7
INSTRUMENTATION_STATUS_CODE: 0
INSTRUMENTATION_STATUS: top_seven_measurement=v1 id=28 strategy=1 round=2 wall_ns=4949334 cpu_ns=4950125 states=4469 verified=63 completion=0 alternatives=7
INSTRUMENTATION_STATUS_CODE: 0
INSTRUMENTATION_STATUS: top_seven_measurement=v1 id=29 strategy=1 round=2 wall_ns=7610791 cpu_ns=7611542 states=7060 verified=55 completion=0 alternatives=7
INSTRUMENTATION_STATUS_CODE: 0
INSTRUMENTATION_STATUS: top_seven_measurement=v1 id=29 strategy=0 round=2 wall_ns=4687250 cpu_ns=4687958 states=6682 verified=64 completion=4 alternatives=7
INSTRUMENTATION_STATUS_CODE: 0
INSTRUMENTATION_STATUS: top_seven_measurement=v1 id=30 strategy=0 round=2 wall_ns=4963250 cpu_ns=4964000 states=7644 verified=64 completion=4 alternatives=7
INSTRUMENTATION_STATUS_CODE: 0
INSTRUMENTATION_STATUS: top_seven_measurement=v1 id=30 strategy=1 round=2 wall_ns=3003583 cpu_ns=3004292 states=2206 verified=64 completion=4 alternatives=7
INSTRUMENTATION_STATUS_CODE: 0
INSTRUMENTATION_STATUS: top_seven_measurement=v1 id=31 strategy=1 round=2 wall_ns=7150292 cpu_ns=7151042 states=6727 verified=12 completion=0 alternatives=7
INSTRUMENTATION_STATUS_CODE: 0
INSTRUMENTATION_STATUS: top_seven_measurement=v1 id=31 strategy=0 round=2 wall_ns=5034250 cpu_ns=5035167 states=8192 verified=27 completion=3 alternatives=7
INSTRUMENTATION_STATUS_CODE: 0
INSTRUMENTATION_STATUS: top_seven_measurement=v1 id=32 strategy=0 round=2 wall_ns=5191250 cpu_ns=5191917 states=8192 verified=47 completion=3 alternatives=7
INSTRUMENTATION_STATUS_CODE: 0
INSTRUMENTATION_STATUS: top_seven_measurement=v1 id=32 strategy=1 round=2 wall_ns=5654084 cpu_ns=5654708 states=5006 verified=47 completion=0 alternatives=7
INSTRUMENTATION_STATUS_CODE: 0
INSTRUMENTATION_STATUS: top_seven_measurement=v1 id=33 strategy=1 round=2 wall_ns=3400458 cpu_ns=3401208 states=3501 verified=18 completion=0 alternatives=7
INSTRUMENTATION_STATUS_CODE: 0
INSTRUMENTATION_STATUS: top_seven_measurement=v1 id=33 strategy=0 round=2 wall_ns=5032583 cpu_ns=5033333 states=8192 verified=41 completion=3 alternatives=7
INSTRUMENTATION_STATUS_CODE: 0
INSTRUMENTATION_STATUS: top_seven_measurement=v1 id=34 strategy=0 round=2 wall_ns=4837459 cpu_ns=4838875 states=8192 verified=5 completion=3 alternatives=5
INSTRUMENTATION_STATUS_CODE: 0
INSTRUMENTATION_STATUS: top_seven_measurement=v1 id=34 strategy=1 round=2 wall_ns=10234084 cpu_ns=9949874 states=8192 verified=26 completion=3 alternatives=7
INSTRUMENTATION_STATUS_CODE: 0
INSTRUMENTATION_STATUS: top_seven_measurement=v1 id=35 strategy=1 round=2 wall_ns=8597750 cpu_ns=8598708 states=8192 verified=25 completion=3 alternatives=7
INSTRUMENTATION_STATUS_CODE: 0
INSTRUMENTATION_STATUS: top_seven_measurement=v1 id=35 strategy=0 round=2 wall_ns=5109291 cpu_ns=5110458 states=8192 verified=26 completion=3 alternatives=7
INSTRUMENTATION_STATUS_CODE: 0
INSTRUMENTATION_STATUS: top_seven_measurement=v1 id=36 strategy=0 round=2 wall_ns=5095333 cpu_ns=5096583 states=8192 verified=13 completion=3 alternatives=7
INSTRUMENTATION_STATUS_CODE: 0
INSTRUMENTATION_STATUS: top_seven_measurement=v1 id=36 strategy=1 round=2 wall_ns=3055167 cpu_ns=3056125 states=2213 verified=48 completion=0 alternatives=7
INSTRUMENTATION_STATUS_CODE: 0
INSTRUMENTATION_STATUS: top_seven_measurement=v1 id=37 strategy=1 round=2 wall_ns=9093709 cpu_ns=9095000 states=8192 verified=5 completion=3 alternatives=5
INSTRUMENTATION_STATUS_CODE: 0
INSTRUMENTATION_STATUS: top_seven_measurement=v1 id=37 strategy=0 round=2 wall_ns=4614500 cpu_ns=4615375 states=8192 verified=5 completion=3 alternatives=5
INSTRUMENTATION_STATUS_CODE: 0
INSTRUMENTATION_STATUS: top_seven_measurement=v1 id=38 strategy=0 round=2 wall_ns=4773333 cpu_ns=4774375 states=8192 verified=5 completion=3 alternatives=5
INSTRUMENTATION_STATUS_CODE: 0
INSTRUMENTATION_STATUS: top_seven_measurement=v1 id=38 strategy=1 round=2 wall_ns=9450167 cpu_ns=9450958 states=8192 verified=29 completion=3 alternatives=7
INSTRUMENTATION_STATUS_CODE: 0
INSTRUMENTATION_STATUS: top_seven_measurement=v1 id=39 strategy=1 round=2 wall_ns=2739542 cpu_ns=2740292 states=1873 verified=64 completion=4 alternatives=7
INSTRUMENTATION_STATUS_CODE: 0
INSTRUMENTATION_STATUS: top_seven_measurement=v1 id=39 strategy=0 round=2 wall_ns=3592791 cpu_ns=3594042 states=4858 verified=64 completion=4 alternatives=7
INSTRUMENTATION_STATUS_CODE: 0
INSTRUMENTATION_STATUS: top_seven_measurement=v1 id=40 strategy=0 round=2 wall_ns=1361958 cpu_ns=1362708 states=1943 verified=60 completion=0 alternatives=7
INSTRUMENTATION_STATUS_CODE: 0
INSTRUMENTATION_STATUS: top_seven_measurement=v1 id=40 strategy=1 round=2 wall_ns=915375 cpu_ns=916166 states=1119 verified=42 completion=0 alternatives=7
INSTRUMENTATION_STATUS_CODE: 0
INSTRUMENTATION_STATUS: top_seven_measurement=v1 id=41 strategy=1 round=2 wall_ns=2499250 cpu_ns=2500708 states=3007 verified=13 completion=0 alternatives=7
INSTRUMENTATION_STATUS_CODE: 0
INSTRUMENTATION_STATUS: top_seven_measurement=v1 id=41 strategy=0 round=2 wall_ns=1695042 cpu_ns=1696000 states=3014 verified=13 completion=0 alternatives=7
INSTRUMENTATION_STATUS_CODE: 0
INSTRUMENTATION_STATUS: top_seven_measurement=v1 id=42 strategy=0 round=2 wall_ns=1556292 cpu_ns=1556917 states=2621 verified=56 completion=0 alternatives=7
INSTRUMENTATION_STATUS_CODE: 0
INSTRUMENTATION_STATUS: top_seven_measurement=v1 id=42 strategy=1 round=2 wall_ns=983667 cpu_ns=984417 states=1399 verified=41 completion=0 alternatives=7
INSTRUMENTATION_STATUS_CODE: 0
INSTRUMENTATION_STATUS: top_seven_measurement=v1 id=43 strategy=1 round=2 wall_ns=5242375 cpu_ns=5243041 states=4904 verified=13 completion=0 alternatives=7
INSTRUMENTATION_STATUS_CODE: 0
INSTRUMENTATION_STATUS: top_seven_measurement=v1 id=43 strategy=0 round=2 wall_ns=5542875 cpu_ns=5543500 states=8192 verified=50 completion=3 alternatives=7
INSTRUMENTATION_STATUS_CODE: 0
INSTRUMENTATION_STATUS: top_seven_measurement=v1 id=44 strategy=0 round=2 wall_ns=1387250 cpu_ns=1388209 states=2455 verified=10 completion=0 alternatives=4
INSTRUMENTATION_STATUS_CODE: 0
INSTRUMENTATION_STATUS: top_seven_measurement=v1 id=44 strategy=1 round=2 wall_ns=1934875 cpu_ns=1935792 states=2455 verified=10 completion=0 alternatives=4
INSTRUMENTATION_STATUS_CODE: 0
INSTRUMENTATION_STATUS: top_seven_measurement=v1 id=45 strategy=1 round=2 wall_ns=28791 cpu_ns=29208 states=28 verified=0 completion=2 alternatives=0
INSTRUMENTATION_STATUS_CODE: 0
INSTRUMENTATION_STATUS: top_seven_measurement=v1 id=45 strategy=0 round=2 wall_ns=27500 cpu_ns=28291 states=28 verified=0 completion=2 alternatives=0
INSTRUMENTATION_STATUS_CODE: 0
INSTRUMENTATION_STATUS: top_seven_measurement=v1 id=46 strategy=0 round=2 wall_ns=2370333 cpu_ns=2371375 states=2906 verified=64 completion=4 alternatives=7
INSTRUMENTATION_STATUS_CODE: 0
INSTRUMENTATION_STATUS: top_seven_measurement=v1 id=46 strategy=1 round=2 wall_ns=2462917 cpu_ns=2463625 states=2202 verified=27 completion=0 alternatives=7
INSTRUMENTATION_STATUS_CODE: 0
INSTRUMENTATION_STATUS: top_seven_measurement=v1 id=47 strategy=1 round=2 wall_ns=9317375 cpu_ns=9319166 states=8192 verified=16 completion=3 alternatives=7
INSTRUMENTATION_STATUS_CODE: 0
INSTRUMENTATION_STATUS: top_seven_measurement=v1 id=47 strategy=0 round=2 wall_ns=5551417 cpu_ns=5552875 states=8192 verified=16 completion=3 alternatives=7
INSTRUMENTATION_STATUS_CODE: 0
INSTRUMENTATION_STATUS: top_seven_measurement=v1 id=48 strategy=0 round=2 wall_ns=3937333 cpu_ns=3938875 states=5158 verified=64 completion=4 alternatives=7
INSTRUMENTATION_STATUS_CODE: 0
INSTRUMENTATION_STATUS: top_seven_measurement=v1 id=48 strategy=1 round=2 wall_ns=2154459 cpu_ns=2155500 states=1680 verified=21 completion=0 alternatives=7
INSTRUMENTATION_STATUS_CODE: 0
INSTRUMENTATION_STATUS: top_seven_measurement=v1 id=49 strategy=1 round=2 wall_ns=1350417 cpu_ns=1351042 states=1514 verified=18 completion=0 alternatives=7
INSTRUMENTATION_STATUS_CODE: 0
INSTRUMENTATION_STATUS: top_seven_measurement=v1 id=49 strategy=0 round=2 wall_ns=978667 cpu_ns=979709 states=1514 verified=18 completion=0 alternatives=7
INSTRUMENTATION_STATUS_CODE: 0
INSTRUMENTATION_STATUS: top_seven_measurement=v1 id=50 strategy=0 round=2 wall_ns=1974792 cpu_ns=1975542 states=2296 verified=64 completion=4 alternatives=7
INSTRUMENTATION_STATUS_CODE: 0
INSTRUMENTATION_STATUS: top_seven_measurement=v1 id=50 strategy=1 round=2 wall_ns=2595000 cpu_ns=2595791 states=1892 verified=64 completion=4 alternatives=7
INSTRUMENTATION_STATUS_CODE: 0
INSTRUMENTATION_STATUS: top_seven_measurement=v1 id=51 strategy=1 round=2 wall_ns=687875 cpu_ns=688458 states=740 verified=11 completion=0 alternatives=7
INSTRUMENTATION_STATUS_CODE: 0
INSTRUMENTATION_STATUS: top_seven_measurement=v1 id=51 strategy=0 round=2 wall_ns=1995500 cpu_ns=1996750 states=3145 verified=33 completion=0 alternatives=7
INSTRUMENTATION_STATUS_CODE: 0
INSTRUMENTATION_STATUS: top_seven_measurement=v1 id=52 strategy=0 round=2 wall_ns=4798792 cpu_ns=4799583 states=8192 verified=4 completion=3 alternatives=4
INSTRUMENTATION_STATUS_CODE: 0
INSTRUMENTATION_STATUS: top_seven_measurement=v1 id=52 strategy=1 round=2 wall_ns=9146625 cpu_ns=9147666 states=8192 verified=4 completion=3 alternatives=4
INSTRUMENTATION_STATUS_CODE: 0
INSTRUMENTATION_STATUS: top_seven_measurement=v1 id=53 strategy=1 round=2 wall_ns=1464916 cpu_ns=1466083 states=1667 verified=10 completion=0 alternatives=7
INSTRUMENTATION_STATUS_CODE: 0
INSTRUMENTATION_STATUS: top_seven_measurement=v1 id=53 strategy=0 round=2 wall_ns=1716250 cpu_ns=1716750 states=2924 verified=17 completion=0 alternatives=7
INSTRUMENTATION_STATUS_CODE: 0
INSTRUMENTATION_STATUS: top_seven_measurement=v1 id=54 strategy=0 round=2 wall_ns=5121334 cpu_ns=5122500 states=8192 verified=20 completion=3 alternatives=7
INSTRUMENTATION_STATUS_CODE: 0
INSTRUMENTATION_STATUS: top_seven_measurement=v1 id=54 strategy=1 round=2 wall_ns=8697459 cpu_ns=8698958 states=8192 verified=14 completion=3 alternatives=7
INSTRUMENTATION_STATUS_CODE: 0
INSTRUMENTATION_STATUS: top_seven_measurement=v1 id=55 strategy=1 round=2 wall_ns=7997459 cpu_ns=7998417 states=6979 verified=13 completion=0 alternatives=7
INSTRUMENTATION_STATUS_CODE: 0
INSTRUMENTATION_STATUS: top_seven_measurement=v1 id=55 strategy=0 round=2 wall_ns=5232084 cpu_ns=5233333 states=8192 verified=23 completion=3 alternatives=7
INSTRUMENTATION_STATUS_CODE: 0
INSTRUMENTATION_STATUS: top_seven_measurement=v1 id=56 strategy=0 round=2 wall_ns=1302958 cpu_ns=1303667 states=2318 verified=12 completion=0 alternatives=7
INSTRUMENTATION_STATUS_CODE: 0
INSTRUMENTATION_STATUS: top_seven_measurement=v1 id=56 strategy=1 round=2 wall_ns=1006041 cpu_ns=1006750 states=1277 verified=8 completion=0 alternatives=7
INSTRUMENTATION_STATUS_CODE: 0
INSTRUMENTATION_STATUS: top_seven_measurement=v1 id=57 strategy=1 round=2 wall_ns=8507833 cpu_ns=8508583 states=8192 verified=3 completion=3 alternatives=3
INSTRUMENTATION_STATUS_CODE: 0
INSTRUMENTATION_STATUS: top_seven_measurement=v1 id=57 strategy=0 round=2 wall_ns=4716834 cpu_ns=4717875 states=8192 verified=6 completion=3 alternatives=6
INSTRUMENTATION_STATUS_CODE: 0
INSTRUMENTATION_STATUS: top_seven_measurement=v1 id=58 strategy=0 round=2 wall_ns=1391167 cpu_ns=1391708 states=970 verified=64 completion=4 alternatives=7
INSTRUMENTATION_STATUS_CODE: 0
INSTRUMENTATION_STATUS: top_seven_measurement=v1 id=58 strategy=1 round=2 wall_ns=2884334 cpu_ns=2885125 states=2200 verified=48 completion=0 alternatives=7
INSTRUMENTATION_STATUS_CODE: 0
INSTRUMENTATION_STATUS: top_seven_measurement=v1 id=59 strategy=1 round=2 wall_ns=5894125 cpu_ns=5895167 states=5151 verified=15 completion=0 alternatives=7
INSTRUMENTATION_STATUS_CODE: 0
INSTRUMENTATION_STATUS: top_seven_measurement=v1 id=59 strategy=0 round=2 wall_ns=5178167 cpu_ns=5179167 states=8192 verified=14 completion=3 alternatives=7
INSTRUMENTATION_STATUS_CODE: 0
INSTRUMENTATION_STATUS: top_seven_measurement=v1 id=0 strategy=1 round=3 wall_ns=8447500 cpu_ns=8448333 states=8192 verified=13 completion=3 alternatives=7
INSTRUMENTATION_STATUS_CODE: 0
INSTRUMENTATION_STATUS: top_seven_measurement=v1 id=0 strategy=0 round=3 wall_ns=5083542 cpu_ns=5084250 states=8192 verified=17 completion=3 alternatives=7
INSTRUMENTATION_STATUS_CODE: 0
INSTRUMENTATION_STATUS: top_seven_measurement=v1 id=1 strategy=0 round=3 wall_ns=1225042 cpu_ns=1225625 states=2144 verified=14 completion=0 alternatives=7
INSTRUMENTATION_STATUS_CODE: 0
INSTRUMENTATION_STATUS: top_seven_measurement=v1 id=1 strategy=1 round=3 wall_ns=1110041 cpu_ns=1110750 states=1438 verified=13 completion=0 alternatives=7
INSTRUMENTATION_STATUS_CODE: 0
INSTRUMENTATION_STATUS: top_seven_measurement=v1 id=2 strategy=1 round=3 wall_ns=8187166 cpu_ns=8187917 states=8192 verified=5 completion=3 alternatives=5
INSTRUMENTATION_STATUS_CODE: 0
INSTRUMENTATION_STATUS: top_seven_measurement=v1 id=2 strategy=0 round=3 wall_ns=4855084 cpu_ns=4856250 states=8192 verified=10 completion=3 alternatives=7
INSTRUMENTATION_STATUS_CODE: 0
INSTRUMENTATION_STATUS: top_seven_measurement=v1 id=3 strategy=0 round=3 wall_ns=5027083 cpu_ns=5028042 states=8192 verified=33 completion=3 alternatives=7
INSTRUMENTATION_STATUS_CODE: 0
INSTRUMENTATION_STATUS: top_seven_measurement=v1 id=3 strategy=1 round=3 wall_ns=6667917 cpu_ns=6668708 states=6441 verified=57 completion=0 alternatives=7
INSTRUMENTATION_STATUS_CODE: 0
INSTRUMENTATION_STATUS: top_seven_measurement=v1 id=4 strategy=1 round=3 wall_ns=9224333 cpu_ns=8892166 states=8192 verified=7 completion=3 alternatives=7
INSTRUMENTATION_STATUS_CODE: 0
INSTRUMENTATION_STATUS: top_seven_measurement=v1 id=4 strategy=0 round=3 wall_ns=4767084 cpu_ns=4768042 states=8192 verified=7 completion=3 alternatives=7
INSTRUMENTATION_STATUS_CODE: 0
INSTRUMENTATION_STATUS: top_seven_measurement=v1 id=5 strategy=0 round=3 wall_ns=5082958 cpu_ns=5083709 states=8192 verified=49 completion=3 alternatives=7
INSTRUMENTATION_STATUS_CODE: 0
INSTRUMENTATION_STATUS: top_seven_measurement=v1 id=5 strategy=1 round=3 wall_ns=2647459 cpu_ns=2648208 states=2139 verified=59 completion=0 alternatives=7
INSTRUMENTATION_STATUS_CODE: 0
INSTRUMENTATION_STATUS: top_seven_measurement=v1 id=6 strategy=1 round=3 wall_ns=5423917 cpu_ns=5424500 states=5398 verified=16 completion=0 alternatives=7
INSTRUMENTATION_STATUS_CODE: 0
INSTRUMENTATION_STATUS: top_seven_measurement=v1 id=6 strategy=0 round=3 wall_ns=5076292 cpu_ns=5077125 states=8192 verified=37 completion=3 alternatives=7
INSTRUMENTATION_STATUS_CODE: 0
INSTRUMENTATION_STATUS: top_seven_measurement=v1 id=7 strategy=0 round=3 wall_ns=3168625 cpu_ns=3169292 states=4050 verified=64 completion=4 alternatives=7
INSTRUMENTATION_STATUS_CODE: 0
INSTRUMENTATION_STATUS: top_seven_measurement=v1 id=7 strategy=1 round=3 wall_ns=6711000 cpu_ns=6711916 states=5678 verified=45 completion=0 alternatives=7
INSTRUMENTATION_STATUS_CODE: 0
INSTRUMENTATION_STATUS: top_seven_measurement=v1 id=8 strategy=1 round=3 wall_ns=2230500 cpu_ns=2231292 states=1503 verified=64 completion=4 alternatives=7
INSTRUMENTATION_STATUS_CODE: 0
INSTRUMENTATION_STATUS: top_seven_measurement=v1 id=8 strategy=0 round=3 wall_ns=1700917 cpu_ns=1701500 states=1838 verified=64 completion=4 alternatives=7
INSTRUMENTATION_STATUS_CODE: 0
INSTRUMENTATION_STATUS: top_seven_measurement=v1 id=9 strategy=0 round=3 wall_ns=4691125 cpu_ns=4692083 states=8192 verified=13 completion=3 alternatives=7
INSTRUMENTATION_STATUS_CODE: 0
INSTRUMENTATION_STATUS: top_seven_measurement=v1 id=9 strategy=1 round=3 wall_ns=4751416 cpu_ns=4752166 states=4662 verified=13 completion=0 alternatives=7
INSTRUMENTATION_STATUS_CODE: 0
INSTRUMENTATION_STATUS: top_seven_measurement=v1 id=10 strategy=1 round=3 wall_ns=1610041 cpu_ns=1610750 states=1917 verified=42 completion=0 alternatives=7
INSTRUMENTATION_STATUS_CODE: 0
INSTRUMENTATION_STATUS: top_seven_measurement=v1 id=10 strategy=0 round=3 wall_ns=1899625 cpu_ns=1900166 states=3038 verified=57 completion=0 alternatives=7
INSTRUMENTATION_STATUS_CODE: 0
INSTRUMENTATION_STATUS: top_seven_measurement=v1 id=11 strategy=0 round=3 wall_ns=5067417 cpu_ns=5068167 states=8192 verified=34 completion=3 alternatives=7
INSTRUMENTATION_STATUS_CODE: 0
INSTRUMENTATION_STATUS: top_seven_measurement=v1 id=11 strategy=1 round=3 wall_ns=9039834 cpu_ns=9040583 states=8192 verified=49 completion=3 alternatives=7
INSTRUMENTATION_STATUS_CODE: 0
INSTRUMENTATION_STATUS: top_seven_measurement=v1 id=12 strategy=1 round=3 wall_ns=1643042 cpu_ns=1644000 states=1986 verified=15 completion=0 alternatives=7
INSTRUMENTATION_STATUS_CODE: 0
INSTRUMENTATION_STATUS: top_seven_measurement=v1 id=12 strategy=0 round=3 wall_ns=1933042 cpu_ns=1933708 states=3316 verified=21 completion=0 alternatives=7
INSTRUMENTATION_STATUS_CODE: 0
INSTRUMENTATION_STATUS: top_seven_measurement=v1 id=13 strategy=0 round=3 wall_ns=5076334 cpu_ns=5077042 states=8192 verified=42 completion=3 alternatives=7
INSTRUMENTATION_STATUS_CODE: 0
INSTRUMENTATION_STATUS: top_seven_measurement=v1 id=13 strategy=1 round=3 wall_ns=3860042 cpu_ns=3860917 states=2999 verified=64 completion=4 alternatives=7
INSTRUMENTATION_STATUS_CODE: 0
INSTRUMENTATION_STATUS: top_seven_measurement=v1 id=14 strategy=1 round=3 wall_ns=10519833 cpu_ns=10549917 states=8192 verified=1 completion=3 alternatives=1
INSTRUMENTATION_STATUS_CODE: 0
INSTRUMENTATION_STATUS: top_seven_measurement=v1 id=14 strategy=0 round=3 wall_ns=4946750 cpu_ns=4947625 states=8192 verified=0 completion=3 alternatives=0
INSTRUMENTATION_STATUS_CODE: 0
INSTRUMENTATION_STATUS: top_seven_measurement=v1 id=15 strategy=0 round=3 wall_ns=1293375 cpu_ns=1294542 states=2138 verified=16 completion=0 alternatives=7
INSTRUMENTATION_STATUS_CODE: 0
INSTRUMENTATION_STATUS: top_seven_measurement=v1 id=15 strategy=1 round=3 wall_ns=1023416 cpu_ns=1024292 states=1324 verified=9 completion=0 alternatives=7
INSTRUMENTATION_STATUS_CODE: 0
INSTRUMENTATION_STATUS: top_seven_measurement=v1 id=16 strategy=1 round=3 wall_ns=8437958 cpu_ns=8438834 states=8192 verified=14 completion=3 alternatives=7
INSTRUMENTATION_STATUS_CODE: 0
INSTRUMENTATION_STATUS: top_seven_measurement=v1 id=16 strategy=0 round=3 wall_ns=4844875 cpu_ns=4845666 states=8192 verified=15 completion=3 alternatives=7
INSTRUMENTATION_STATUS_CODE: 0
INSTRUMENTATION_STATUS: top_seven_measurement=v1 id=17 strategy=0 round=3 wall_ns=4634958 cpu_ns=4636000 states=8192 verified=1 completion=3 alternatives=1
INSTRUMENTATION_STATUS_CODE: 0
INSTRUMENTATION_STATUS: top_seven_measurement=v1 id=17 strategy=1 round=3 wall_ns=8317833 cpu_ns=8318583 states=8192 verified=2 completion=3 alternatives=2
INSTRUMENTATION_STATUS_CODE: 0
INSTRUMENTATION_STATUS: top_seven_measurement=v1 id=18 strategy=1 round=3 wall_ns=2711625 cpu_ns=2712625 states=3409 verified=5 completion=0 alternatives=5
INSTRUMENTATION_STATUS_CODE: 0
INSTRUMENTATION_STATUS: top_seven_measurement=v1 id=18 strategy=0 round=3 wall_ns=1829833 cpu_ns=1831250 states=3409 verified=5 completion=0 alternatives=5
INSTRUMENTATION_STATUS_CODE: 0
INSTRUMENTATION_STATUS: top_seven_measurement=v1 id=19 strategy=0 round=3 wall_ns=1078542 cpu_ns=1079708 states=1668 verified=52 completion=0 alternatives=7
INSTRUMENTATION_STATUS_CODE: 0
INSTRUMENTATION_STATUS: top_seven_measurement=v1 id=19 strategy=1 round=3 wall_ns=1005042 cpu_ns=1005750 states=1121 verified=50 completion=0 alternatives=7
INSTRUMENTATION_STATUS_CODE: 0
INSTRUMENTATION_STATUS: top_seven_measurement=v1 id=20 strategy=1 round=3 wall_ns=3882416 cpu_ns=3883333 states=2619 verified=64 completion=4 alternatives=7
INSTRUMENTATION_STATUS_CODE: 0
INSTRUMENTATION_STATUS: top_seven_measurement=v1 id=20 strategy=0 round=3 wall_ns=5159834 cpu_ns=5160666 states=8192 verified=12 completion=3 alternatives=7
INSTRUMENTATION_STATUS_CODE: 0
INSTRUMENTATION_STATUS: top_seven_measurement=v1 id=21 strategy=0 round=3 wall_ns=5837208 cpu_ns=5838334 states=8192 verified=44 completion=3 alternatives=7
INSTRUMENTATION_STATUS_CODE: 0
INSTRUMENTATION_STATUS: top_seven_measurement=v1 id=21 strategy=1 round=3 wall_ns=6919833 cpu_ns=6921208 states=5806 verified=21 completion=0 alternatives=7
INSTRUMENTATION_STATUS_CODE: 0
INSTRUMENTATION_STATUS: top_seven_measurement=v1 id=22 strategy=1 round=3 wall_ns=1730875 cpu_ns=1731667 states=1928 verified=10 completion=0 alternatives=7
INSTRUMENTATION_STATUS_CODE: 0
INSTRUMENTATION_STATUS: top_seven_measurement=v1 id=22 strategy=0 round=3 wall_ns=1155959 cpu_ns=1156791 states=1937 verified=11 completion=0 alternatives=7
INSTRUMENTATION_STATUS_CODE: 0
INSTRUMENTATION_STATUS: top_seven_measurement=v1 id=23 strategy=0 round=3 wall_ns=1070125 cpu_ns=1070875 states=1462 verified=25 completion=0 alternatives=7
INSTRUMENTATION_STATUS_CODE: 0
INSTRUMENTATION_STATUS: top_seven_measurement=v1 id=23 strategy=1 round=3 wall_ns=1403625 cpu_ns=1404458 states=1455 verified=24 completion=0 alternatives=7
INSTRUMENTATION_STATUS_CODE: 0
INSTRUMENTATION_STATUS: top_seven_measurement=v1 id=24 strategy=1 round=3 wall_ns=995042 cpu_ns=995791 states=1273 verified=29 completion=0 alternatives=7
INSTRUMENTATION_STATUS_CODE: 0
INSTRUMENTATION_STATUS: top_seven_measurement=v1 id=24 strategy=0 round=3 wall_ns=761291 cpu_ns=761750 states=1273 verified=29 completion=0 alternatives=7
INSTRUMENTATION_STATUS_CODE: 0
INSTRUMENTATION_STATUS: top_seven_measurement=v1 id=25 strategy=0 round=3 wall_ns=5356750 cpu_ns=5358958 states=8192 verified=18 completion=3 alternatives=7
INSTRUMENTATION_STATUS_CODE: 0
INSTRUMENTATION_STATUS: top_seven_measurement=v1 id=25 strategy=1 round=3 wall_ns=7535250 cpu_ns=7539542 states=6796 verified=11 completion=0 alternatives=7
INSTRUMENTATION_STATUS_CODE: 0
INSTRUMENTATION_STATUS: top_seven_measurement=v1 id=26 strategy=1 round=3 wall_ns=5412542 cpu_ns=5413500 states=4889 verified=39 completion=0 alternatives=7
INSTRUMENTATION_STATUS_CODE: 0
INSTRUMENTATION_STATUS: top_seven_measurement=v1 id=26 strategy=0 round=3 wall_ns=5018666 cpu_ns=5019542 states=8192 verified=22 completion=3 alternatives=7
INSTRUMENTATION_STATUS_CODE: 0
INSTRUMENTATION_STATUS: top_seven_measurement=v1 id=27 strategy=0 round=3 wall_ns=926166 cpu_ns=927125 states=1508 verified=8 completion=0 alternatives=7
INSTRUMENTATION_STATUS_CODE: 0
INSTRUMENTATION_STATUS: top_seven_measurement=v1 id=27 strategy=1 round=3 wall_ns=1247875 cpu_ns=1248500 states=1508 verified=8 completion=0 alternatives=7
INSTRUMENTATION_STATUS_CODE: 0
INSTRUMENTATION_STATUS: top_seven_measurement=v1 id=28 strategy=1 round=3 wall_ns=4894750 cpu_ns=4896000 states=4469 verified=63 completion=0 alternatives=7
INSTRUMENTATION_STATUS_CODE: 0
INSTRUMENTATION_STATUS: top_seven_measurement=v1 id=28 strategy=0 round=3 wall_ns=2339334 cpu_ns=2340125 states=2798 verified=64 completion=4 alternatives=7
INSTRUMENTATION_STATUS_CODE: 0
INSTRUMENTATION_STATUS: top_seven_measurement=v1 id=29 strategy=0 round=3 wall_ns=4789500 cpu_ns=4790500 states=6682 verified=64 completion=4 alternatives=7
INSTRUMENTATION_STATUS_CODE: 0
INSTRUMENTATION_STATUS: top_seven_measurement=v1 id=29 strategy=1 round=3 wall_ns=7688209 cpu_ns=7689208 states=7060 verified=55 completion=0 alternatives=7
INSTRUMENTATION_STATUS_CODE: 0
INSTRUMENTATION_STATUS: top_seven_measurement=v1 id=30 strategy=1 round=3 wall_ns=3064792 cpu_ns=3065792 states=2206 verified=64 completion=4 alternatives=7
INSTRUMENTATION_STATUS_CODE: 0
INSTRUMENTATION_STATUS: top_seven_measurement=v1 id=30 strategy=0 round=3 wall_ns=5323959 cpu_ns=5325542 states=7644 verified=64 completion=4 alternatives=7
INSTRUMENTATION_STATUS_CODE: 0
INSTRUMENTATION_STATUS: top_seven_measurement=v1 id=31 strategy=0 round=3 wall_ns=5292458 cpu_ns=5293333 states=8192 verified=27 completion=3 alternatives=7
INSTRUMENTATION_STATUS_CODE: 0
INSTRUMENTATION_STATUS: top_seven_measurement=v1 id=31 strategy=1 round=3 wall_ns=7433500 cpu_ns=7434791 states=6727 verified=12 completion=0 alternatives=7
INSTRUMENTATION_STATUS_CODE: 0
INSTRUMENTATION_STATUS: top_seven_measurement=v1 id=32 strategy=1 round=3 wall_ns=5793250 cpu_ns=5794125 states=5006 verified=47 completion=0 alternatives=7
INSTRUMENTATION_STATUS_CODE: 0
INSTRUMENTATION_STATUS: top_seven_measurement=v1 id=32 strategy=0 round=3 wall_ns=5677625 cpu_ns=5678292 states=8192 verified=47 completion=3 alternatives=7
INSTRUMENTATION_STATUS_CODE: 0
INSTRUMENTATION_STATUS: top_seven_measurement=v1 id=33 strategy=0 round=3 wall_ns=5833125 cpu_ns=5835042 states=8192 verified=41 completion=3 alternatives=7
INSTRUMENTATION_STATUS_CODE: 0
INSTRUMENTATION_STATUS: top_seven_measurement=v1 id=33 strategy=1 round=3 wall_ns=4211459 cpu_ns=4056042 states=3501 verified=18 completion=0 alternatives=7
INSTRUMENTATION_STATUS_CODE: 0
INSTRUMENTATION_STATUS: top_seven_measurement=v1 id=34 strategy=1 round=3 wall_ns=9822000 cpu_ns=9654917 states=8192 verified=26 completion=3 alternatives=7
INSTRUMENTATION_STATUS_CODE: 0
INSTRUMENTATION_STATUS: top_seven_measurement=v1 id=34 strategy=0 round=3 wall_ns=5476000 cpu_ns=5477333 states=8192 verified=5 completion=3 alternatives=5
INSTRUMENTATION_STATUS_CODE: 0
INSTRUMENTATION_STATUS: top_seven_measurement=v1 id=35 strategy=0 round=3 wall_ns=5222209 cpu_ns=5223458 states=8192 verified=26 completion=3 alternatives=7
INSTRUMENTATION_STATUS_CODE: 0
INSTRUMENTATION_STATUS: top_seven_measurement=v1 id=35 strategy=1 round=3 wall_ns=8672709 cpu_ns=8674208 states=8192 verified=25 completion=3 alternatives=7
INSTRUMENTATION_STATUS_CODE: 0
INSTRUMENTATION_STATUS: top_seven_measurement=v1 id=36 strategy=1 round=3 wall_ns=3017292 cpu_ns=3018292 states=2213 verified=48 completion=0 alternatives=7
INSTRUMENTATION_STATUS_CODE: 0
INSTRUMENTATION_STATUS: top_seven_measurement=v1 id=36 strategy=0 round=3 wall_ns=4950375 cpu_ns=4951250 states=8192 verified=13 completion=3 alternatives=7
INSTRUMENTATION_STATUS_CODE: 0
INSTRUMENTATION_STATUS: top_seven_measurement=v1 id=37 strategy=0 round=3 wall_ns=4734917 cpu_ns=4736042 states=8192 verified=5 completion=3 alternatives=5
INSTRUMENTATION_STATUS_CODE: 0
INSTRUMENTATION_STATUS: top_seven_measurement=v1 id=37 strategy=1 round=3 wall_ns=8910917 cpu_ns=8912292 states=8192 verified=5 completion=3 alternatives=5
INSTRUMENTATION_STATUS_CODE: 0
INSTRUMENTATION_STATUS: top_seven_measurement=v1 id=38 strategy=1 round=3 wall_ns=9477542 cpu_ns=9478791 states=8192 verified=29 completion=3 alternatives=7
INSTRUMENTATION_STATUS_CODE: 0
INSTRUMENTATION_STATUS: top_seven_measurement=v1 id=38 strategy=0 round=3 wall_ns=4882334 cpu_ns=4883500 states=8192 verified=5 completion=3 alternatives=5
INSTRUMENTATION_STATUS_CODE: 0
INSTRUMENTATION_STATUS: top_seven_measurement=v1 id=39 strategy=0 round=3 wall_ns=3544584 cpu_ns=3545541 states=4858 verified=64 completion=4 alternatives=7
INSTRUMENTATION_STATUS_CODE: 0
INSTRUMENTATION_STATUS: top_seven_measurement=v1 id=39 strategy=1 round=3 wall_ns=2710500 cpu_ns=2711125 states=1873 verified=64 completion=4 alternatives=7
INSTRUMENTATION_STATUS_CODE: 0
INSTRUMENTATION_STATUS: top_seven_measurement=v1 id=40 strategy=1 round=3 wall_ns=1014834 cpu_ns=1015916 states=1119 verified=42 completion=0 alternatives=7
INSTRUMENTATION_STATUS_CODE: 0
INSTRUMENTATION_STATUS: top_seven_measurement=v1 id=40 strategy=0 round=3 wall_ns=1243458 cpu_ns=1244459 states=1943 verified=60 completion=0 alternatives=7
INSTRUMENTATION_STATUS_CODE: 0
INSTRUMENTATION_STATUS: top_seven_measurement=v1 id=41 strategy=0 round=3 wall_ns=1735667 cpu_ns=1736417 states=3014 verified=13 completion=0 alternatives=7
INSTRUMENTATION_STATUS_CODE: 0
INSTRUMENTATION_STATUS: top_seven_measurement=v1 id=41 strategy=1 round=3 wall_ns=2310375 cpu_ns=2310916 states=3007 verified=13 completion=0 alternatives=7
INSTRUMENTATION_STATUS_CODE: 0
INSTRUMENTATION_STATUS: top_seven_measurement=v1 id=42 strategy=1 round=3 wall_ns=1018000 cpu_ns=1018833 states=1399 verified=41 completion=0 alternatives=7
INSTRUMENTATION_STATUS_CODE: 0
INSTRUMENTATION_STATUS: top_seven_measurement=v1 id=42 strategy=0 round=3 wall_ns=1475917 cpu_ns=1476625 states=2621 verified=56 completion=0 alternatives=7
INSTRUMENTATION_STATUS_CODE: 0
INSTRUMENTATION_STATUS: top_seven_measurement=v1 id=43 strategy=0 round=3 wall_ns=5606500 cpu_ns=5607417 states=8192 verified=50 completion=3 alternatives=7
INSTRUMENTATION_STATUS_CODE: 0
INSTRUMENTATION_STATUS: top_seven_measurement=v1 id=43 strategy=1 round=3 wall_ns=5473958 cpu_ns=5476167 states=4904 verified=13 completion=0 alternatives=7
INSTRUMENTATION_STATUS_CODE: 0
INSTRUMENTATION_STATUS: top_seven_measurement=v1 id=44 strategy=1 round=3 wall_ns=2011416 cpu_ns=2012125 states=2455 verified=10 completion=0 alternatives=4
INSTRUMENTATION_STATUS_CODE: 0
INSTRUMENTATION_STATUS: top_seven_measurement=v1 id=44 strategy=0 round=3 wall_ns=1431167 cpu_ns=1432167 states=2455 verified=10 completion=0 alternatives=4
INSTRUMENTATION_STATUS_CODE: 0
INSTRUMENTATION_STATUS: top_seven_measurement=v1 id=45 strategy=0 round=3 wall_ns=27375 cpu_ns=28000 states=28 verified=0 completion=2 alternatives=0
INSTRUMENTATION_STATUS_CODE: 0
INSTRUMENTATION_STATUS: top_seven_measurement=v1 id=45 strategy=1 round=3 wall_ns=22667 cpu_ns=23375 states=28 verified=0 completion=2 alternatives=0
INSTRUMENTATION_STATUS_CODE: 0
INSTRUMENTATION_STATUS: top_seven_measurement=v1 id=46 strategy=1 round=3 wall_ns=2528167 cpu_ns=2528958 states=2202 verified=27 completion=0 alternatives=7
INSTRUMENTATION_STATUS_CODE: 0
INSTRUMENTATION_STATUS: top_seven_measurement=v1 id=46 strategy=0 round=3 wall_ns=2404125 cpu_ns=2404958 states=2906 verified=64 completion=4 alternatives=7
INSTRUMENTATION_STATUS_CODE: 0
INSTRUMENTATION_STATUS: top_seven_measurement=v1 id=47 strategy=0 round=3 wall_ns=5032000 cpu_ns=5032667 states=8192 verified=16 completion=3 alternatives=7
INSTRUMENTATION_STATUS_CODE: 0
INSTRUMENTATION_STATUS: top_seven_measurement=v1 id=47 strategy=1 round=3 wall_ns=9084417 cpu_ns=9085458 states=8192 verified=16 completion=3 alternatives=7
INSTRUMENTATION_STATUS_CODE: 0
INSTRUMENTATION_STATUS: top_seven_measurement=v1 id=48 strategy=1 round=3 wall_ns=2109083 cpu_ns=2109709 states=1680 verified=21 completion=0 alternatives=7
INSTRUMENTATION_STATUS_CODE: 0
INSTRUMENTATION_STATUS: top_seven_measurement=v1 id=48 strategy=0 round=3 wall_ns=4031500 cpu_ns=4032500 states=5158 verified=64 completion=4 alternatives=7
INSTRUMENTATION_STATUS_CODE: 0
INSTRUMENTATION_STATUS: top_seven_measurement=v1 id=49 strategy=0 round=3 wall_ns=949167 cpu_ns=950084 states=1514 verified=18 completion=0 alternatives=7
INSTRUMENTATION_STATUS_CODE: 0
INSTRUMENTATION_STATUS: top_seven_measurement=v1 id=49 strategy=1 round=3 wall_ns=1293917 cpu_ns=1294583 states=1514 verified=18 completion=0 alternatives=7
INSTRUMENTATION_STATUS_CODE: 0
INSTRUMENTATION_STATUS: top_seven_measurement=v1 id=50 strategy=1 round=3 wall_ns=2606916 cpu_ns=2607834 states=1892 verified=64 completion=4 alternatives=7
INSTRUMENTATION_STATUS_CODE: 0
INSTRUMENTATION_STATUS: top_seven_measurement=v1 id=50 strategy=0 round=3 wall_ns=1976000 cpu_ns=1976708 states=2296 verified=64 completion=4 alternatives=7
INSTRUMENTATION_STATUS_CODE: 0
INSTRUMENTATION_STATUS: top_seven_measurement=v1 id=51 strategy=0 round=3 wall_ns=1992375 cpu_ns=1993292 states=3145 verified=33 completion=0 alternatives=7
INSTRUMENTATION_STATUS_CODE: 0
INSTRUMENTATION_STATUS: top_seven_measurement=v1 id=51 strategy=1 round=3 wall_ns=679958 cpu_ns=680667 states=740 verified=11 completion=0 alternatives=7
INSTRUMENTATION_STATUS_CODE: 0
INSTRUMENTATION_STATUS: top_seven_measurement=v1 id=52 strategy=1 round=3 wall_ns=8815167 cpu_ns=8815834 states=8192 verified=4 completion=3 alternatives=4
INSTRUMENTATION_STATUS_CODE: 0
INSTRUMENTATION_STATUS: top_seven_measurement=v1 id=52 strategy=0 round=3 wall_ns=4748167 cpu_ns=4749000 states=8192 verified=4 completion=3 alternatives=4
INSTRUMENTATION_STATUS_CODE: 0
INSTRUMENTATION_STATUS: top_seven_measurement=v1 id=53 strategy=0 round=3 wall_ns=1696250 cpu_ns=1696959 states=2924 verified=17 completion=0 alternatives=7
INSTRUMENTATION_STATUS_CODE: 0
INSTRUMENTATION_STATUS: top_seven_measurement=v1 id=53 strategy=1 round=3 wall_ns=1376000 cpu_ns=1376958 states=1667 verified=10 completion=0 alternatives=7
INSTRUMENTATION_STATUS_CODE: 0
INSTRUMENTATION_STATUS: top_seven_measurement=v1 id=54 strategy=1 round=3 wall_ns=8565208 cpu_ns=8565958 states=8192 verified=14 completion=3 alternatives=7
INSTRUMENTATION_STATUS_CODE: 0
INSTRUMENTATION_STATUS: top_seven_measurement=v1 id=54 strategy=0 round=3 wall_ns=5262375 cpu_ns=5263417 states=8192 verified=20 completion=3 alternatives=7
INSTRUMENTATION_STATUS_CODE: 0
INSTRUMENTATION_STATUS: top_seven_measurement=v1 id=55 strategy=0 round=3 wall_ns=5215833 cpu_ns=5216542 states=8192 verified=23 completion=3 alternatives=7
INSTRUMENTATION_STATUS_CODE: 0
INSTRUMENTATION_STATUS: top_seven_measurement=v1 id=55 strategy=1 round=3 wall_ns=7965875 cpu_ns=7966791 states=6979 verified=13 completion=0 alternatives=7
INSTRUMENTATION_STATUS_CODE: 0
INSTRUMENTATION_STATUS: top_seven_measurement=v1 id=56 strategy=1 round=3 wall_ns=1025250 cpu_ns=1025834 states=1277 verified=8 completion=0 alternatives=7
INSTRUMENTATION_STATUS_CODE: 0
INSTRUMENTATION_STATUS: top_seven_measurement=v1 id=56 strategy=0 round=3 wall_ns=1341208 cpu_ns=1341916 states=2318 verified=12 completion=0 alternatives=7
INSTRUMENTATION_STATUS_CODE: 0
INSTRUMENTATION_STATUS: top_seven_measurement=v1 id=57 strategy=0 round=3 wall_ns=4953625 cpu_ns=4954291 states=8192 verified=6 completion=3 alternatives=6
INSTRUMENTATION_STATUS_CODE: 0
INSTRUMENTATION_STATUS: top_seven_measurement=v1 id=57 strategy=1 round=3 wall_ns=8480666 cpu_ns=8481500 states=8192 verified=3 completion=3 alternatives=3
INSTRUMENTATION_STATUS_CODE: 0
INSTRUMENTATION_STATUS: top_seven_measurement=v1 id=58 strategy=1 round=3 wall_ns=2981041 cpu_ns=2981917 states=2200 verified=48 completion=0 alternatives=7
INSTRUMENTATION_STATUS_CODE: 0
INSTRUMENTATION_STATUS: top_seven_measurement=v1 id=58 strategy=0 round=3 wall_ns=1402625 cpu_ns=1403417 states=970 verified=64 completion=4 alternatives=7
INSTRUMENTATION_STATUS_CODE: 0
INSTRUMENTATION_STATUS: top_seven_measurement=v1 id=59 strategy=0 round=3 wall_ns=4899875 cpu_ns=4900875 states=8192 verified=14 completion=3 alternatives=7
INSTRUMENTATION_STATUS_CODE: 0
INSTRUMENTATION_STATUS: top_seven_measurement=v1 id=59 strategy=1 round=3 wall_ns=5741875 cpu_ns=5742750 states=5151 verified=15 completion=0 alternatives=7
INSTRUMENTATION_STATUS_CODE: 0
INSTRUMENTATION_STATUS: top_seven_measurement=v1 id=0 strategy=0 round=4 wall_ns=5004834 cpu_ns=5005666 states=8192 verified=17 completion=3 alternatives=7
INSTRUMENTATION_STATUS_CODE: 0
INSTRUMENTATION_STATUS: top_seven_measurement=v1 id=0 strategy=1 round=4 wall_ns=8276375 cpu_ns=8277375 states=8192 verified=13 completion=3 alternatives=7
INSTRUMENTATION_STATUS_CODE: 0
INSTRUMENTATION_STATUS: top_seven_measurement=v1 id=1 strategy=1 round=4 wall_ns=1099792 cpu_ns=1100792 states=1438 verified=13 completion=0 alternatives=7
INSTRUMENTATION_STATUS_CODE: 0
INSTRUMENTATION_STATUS: top_seven_measurement=v1 id=1 strategy=0 round=4 wall_ns=1148042 cpu_ns=1148625 states=2144 verified=14 completion=0 alternatives=7
INSTRUMENTATION_STATUS_CODE: 0
INSTRUMENTATION_STATUS: top_seven_measurement=v1 id=2 strategy=0 round=4 wall_ns=4709833 cpu_ns=4710834 states=8192 verified=10 completion=3 alternatives=7
INSTRUMENTATION_STATUS_CODE: 0
INSTRUMENTATION_STATUS: top_seven_measurement=v1 id=2 strategy=1 round=4 wall_ns=8294958 cpu_ns=8295875 states=8192 verified=5 completion=3 alternatives=5
INSTRUMENTATION_STATUS_CODE: 0
INSTRUMENTATION_STATUS: top_seven_measurement=v1 id=3 strategy=1 round=4 wall_ns=6583917 cpu_ns=6584625 states=6441 verified=57 completion=0 alternatives=7
INSTRUMENTATION_STATUS_CODE: 0
INSTRUMENTATION_STATUS: top_seven_measurement=v1 id=3 strategy=0 round=4 wall_ns=4853042 cpu_ns=4853834 states=8192 verified=33 completion=3 alternatives=7
INSTRUMENTATION_STATUS_CODE: 0
INSTRUMENTATION_STATUS: top_seven_measurement=v1 id=4 strategy=0 round=4 wall_ns=4685167 cpu_ns=4686000 states=8192 verified=7 completion=3 alternatives=7
INSTRUMENTATION_STATUS_CODE: 0
INSTRUMENTATION_STATUS: top_seven_measurement=v1 id=4 strategy=1 round=4 wall_ns=9351417 cpu_ns=9023041 states=8192 verified=7 completion=3 alternatives=7
INSTRUMENTATION_STATUS_CODE: 0
INSTRUMENTATION_STATUS: top_seven_measurement=v1 id=5 strategy=1 round=4 wall_ns=2610709 cpu_ns=2611667 states=2139 verified=59 completion=0 alternatives=7
INSTRUMENTATION_STATUS_CODE: 0
INSTRUMENTATION_STATUS: top_seven_measurement=v1 id=5 strategy=0 round=4 wall_ns=5099333 cpu_ns=5100042 states=8192 verified=49 completion=3 alternatives=7
INSTRUMENTATION_STATUS_CODE: 0
INSTRUMENTATION_STATUS: top_seven_measurement=v1 id=6 strategy=0 round=4 wall_ns=4996333 cpu_ns=4997083 states=8192 verified=37 completion=3 alternatives=7
INSTRUMENTATION_STATUS_CODE: 0
INSTRUMENTATION_STATUS: top_seven_measurement=v1 id=6 strategy=1 round=4 wall_ns=5226417 cpu_ns=5227209 states=5398 verified=16 completion=0 alternatives=7
INSTRUMENTATION_STATUS_CODE: 0
INSTRUMENTATION_STATUS: top_seven_measurement=v1 id=7 strategy=1 round=4 wall_ns=6710417 cpu_ns=6711208 states=5678 verified=45 completion=0 alternatives=7
INSTRUMENTATION_STATUS_CODE: 0
INSTRUMENTATION_STATUS: top_seven_measurement=v1 id=7 strategy=0 round=4 wall_ns=3052750 cpu_ns=3053542 states=4050 verified=64 completion=4 alternatives=7
INSTRUMENTATION_STATUS_CODE: 0
INSTRUMENTATION_STATUS: top_seven_measurement=v1 id=8 strategy=0 round=4 wall_ns=1681792 cpu_ns=1682541 states=1838 verified=64 completion=4 alternatives=7
INSTRUMENTATION_STATUS_CODE: 0
INSTRUMENTATION_STATUS: top_seven_measurement=v1 id=8 strategy=1 round=4 wall_ns=2186417 cpu_ns=2187083 states=1503 verified=64 completion=4 alternatives=7
INSTRUMENTATION_STATUS_CODE: 0
INSTRUMENTATION_STATUS: top_seven_measurement=v1 id=9 strategy=1 round=4 wall_ns=4621792 cpu_ns=4622333 states=4662 verified=13 completion=0 alternatives=7
INSTRUMENTATION_STATUS_CODE: 0
INSTRUMENTATION_STATUS: top_seven_measurement=v1 id=9 strategy=0 round=4 wall_ns=4733833 cpu_ns=4734625 states=8192 verified=13 completion=3 alternatives=7
INSTRUMENTATION_STATUS_CODE: 0
INSTRUMENTATION_STATUS: top_seven_measurement=v1 id=10 strategy=0 round=4 wall_ns=1892000 cpu_ns=1892750 states=3038 verified=57 completion=0 alternatives=7
INSTRUMENTATION_STATUS_CODE: 0
INSTRUMENTATION_STATUS: top_seven_measurement=v1 id=10 strategy=1 round=4 wall_ns=1524667 cpu_ns=1525416 states=1917 verified=42 completion=0 alternatives=7
INSTRUMENTATION_STATUS_CODE: 0
INSTRUMENTATION_STATUS: top_seven_measurement=v1 id=11 strategy=1 round=4 wall_ns=8745583 cpu_ns=8746292 states=8192 verified=49 completion=3 alternatives=7
INSTRUMENTATION_STATUS_CODE: 0
INSTRUMENTATION_STATUS: top_seven_measurement=v1 id=11 strategy=0 round=4 wall_ns=4966083 cpu_ns=4966917 states=8192 verified=34 completion=3 alternatives=7
INSTRUMENTATION_STATUS_CODE: 0
INSTRUMENTATION_STATUS: top_seven_measurement=v1 id=12 strategy=0 round=4 wall_ns=1870708 cpu_ns=1871209 states=3316 verified=21 completion=0 alternatives=7
INSTRUMENTATION_STATUS_CODE: 0
INSTRUMENTATION_STATUS: top_seven_measurement=v1 id=12 strategy=1 round=4 wall_ns=1607500 cpu_ns=1608333 states=1986 verified=15 completion=0 alternatives=7
INSTRUMENTATION_STATUS_CODE: 0
INSTRUMENTATION_STATUS: top_seven_measurement=v1 id=13 strategy=1 round=4 wall_ns=3627042 cpu_ns=3627750 states=2999 verified=64 completion=4 alternatives=7
INSTRUMENTATION_STATUS_CODE: 0
INSTRUMENTATION_STATUS: top_seven_measurement=v1 id=13 strategy=0 round=4 wall_ns=4936125 cpu_ns=4936834 states=8192 verified=42 completion=3 alternatives=7
INSTRUMENTATION_STATUS_CODE: 0
INSTRUMENTATION_STATUS: top_seven_measurement=v1 id=14 strategy=0 round=4 wall_ns=4495708 cpu_ns=4496333 states=8192 verified=0 completion=3 alternatives=0
INSTRUMENTATION_STATUS_CODE: 0
INSTRUMENTATION_STATUS: top_seven_measurement=v1 id=14 strategy=1 round=4 wall_ns=8357250 cpu_ns=8357833 states=8192 verified=1 completion=3 alternatives=1
INSTRUMENTATION_STATUS_CODE: 0
INSTRUMENTATION_STATUS: top_seven_measurement=v1 id=15 strategy=1 round=4 wall_ns=1024583 cpu_ns=1025208 states=1324 verified=9 completion=0 alternatives=7
INSTRUMENTATION_STATUS_CODE: 0
INSTRUMENTATION_STATUS: top_seven_measurement=v1 id=15 strategy=0 round=4 wall_ns=1194542 cpu_ns=1195250 states=2138 verified=16 completion=0 alternatives=7
INSTRUMENTATION_STATUS_CODE: 0
INSTRUMENTATION_STATUS: top_seven_measurement=v1 id=16 strategy=0 round=4 wall_ns=4711958 cpu_ns=4712708 states=8192 verified=15 completion=3 alternatives=7
INSTRUMENTATION_STATUS_CODE: 0
INSTRUMENTATION_STATUS: top_seven_measurement=v1 id=16 strategy=1 round=4 wall_ns=8098375 cpu_ns=8099208 states=8192 verified=14 completion=3 alternatives=7
INSTRUMENTATION_STATUS_CODE: 0
INSTRUMENTATION_STATUS: top_seven_measurement=v1 id=17 strategy=1 round=4 wall_ns=8100833 cpu_ns=8101583 states=8192 verified=2 completion=3 alternatives=2
INSTRUMENTATION_STATUS_CODE: 0
INSTRUMENTATION_STATUS: top_seven_measurement=v1 id=17 strategy=0 round=4 wall_ns=4672625 cpu_ns=4673583 states=8192 verified=1 completion=3 alternatives=1
INSTRUMENTATION_STATUS_CODE: 0
INSTRUMENTATION_STATUS: top_seven_measurement=v1 id=18 strategy=0 round=4 wall_ns=1871583 cpu_ns=1873375 states=3409 verified=5 completion=0 alternatives=5
INSTRUMENTATION_STATUS_CODE: 0
INSTRUMENTATION_STATUS: top_seven_measurement=v1 id=18 strategy=1 round=4 wall_ns=2497417 cpu_ns=2498166 states=3409 verified=5 completion=0 alternatives=5
INSTRUMENTATION_STATUS_CODE: 0
INSTRUMENTATION_STATUS: top_seven_measurement=v1 id=19 strategy=1 round=4 wall_ns=979125 cpu_ns=979750 states=1121 verified=50 completion=0 alternatives=7
INSTRUMENTATION_STATUS_CODE: 0
INSTRUMENTATION_STATUS: top_seven_measurement=v1 id=19 strategy=0 round=4 wall_ns=1030959 cpu_ns=1031625 states=1668 verified=52 completion=0 alternatives=7
INSTRUMENTATION_STATUS_CODE: 0
INSTRUMENTATION_STATUS: top_seven_measurement=v1 id=20 strategy=0 round=4 wall_ns=5196375 cpu_ns=5197292 states=8192 verified=12 completion=3 alternatives=7
INSTRUMENTATION_STATUS_CODE: 0
INSTRUMENTATION_STATUS: top_seven_measurement=v1 id=20 strategy=1 round=4 wall_ns=3897042 cpu_ns=3898250 states=2619 verified=64 completion=4 alternatives=7
INSTRUMENTATION_STATUS_CODE: 0
INSTRUMENTATION_STATUS: top_seven_measurement=v1 id=21 strategy=1 round=4 wall_ns=6890458 cpu_ns=6891542 states=5806 verified=21 completion=0 alternatives=7
INSTRUMENTATION_STATUS_CODE: 0
INSTRUMENTATION_STATUS: top_seven_measurement=v1 id=21 strategy=0 round=4 wall_ns=5616250 cpu_ns=5617000 states=8192 verified=44 completion=3 alternatives=7
INSTRUMENTATION_STATUS_CODE: 0
INSTRUMENTATION_STATUS: top_seven_measurement=v1 id=22 strategy=0 round=4 wall_ns=1165709 cpu_ns=1166833 states=1937 verified=11 completion=0 alternatives=7
INSTRUMENTATION_STATUS_CODE: 0
INSTRUMENTATION_STATUS: top_seven_measurement=v1 id=22 strategy=1 round=4 wall_ns=1519959 cpu_ns=1520459 states=1928 verified=10 completion=0 alternatives=7
INSTRUMENTATION_STATUS_CODE: 0
INSTRUMENTATION_STATUS: top_seven_measurement=v1 id=23 strategy=1 round=4 wall_ns=1364417 cpu_ns=1365167 states=1455 verified=24 completion=0 alternatives=7
INSTRUMENTATION_STATUS_CODE: 0
INSTRUMENTATION_STATUS: top_seven_measurement=v1 id=23 strategy=0 round=4 wall_ns=967250 cpu_ns=967834 states=1462 verified=25 completion=0 alternatives=7
INSTRUMENTATION_STATUS_CODE: 0
INSTRUMENTATION_STATUS: top_seven_measurement=v1 id=24 strategy=0 round=4 wall_ns=800166 cpu_ns=800750 states=1273 verified=29 completion=0 alternatives=7
INSTRUMENTATION_STATUS_CODE: 0
INSTRUMENTATION_STATUS: top_seven_measurement=v1 id=24 strategy=1 round=4 wall_ns=922875 cpu_ns=923250 states=1273 verified=29 completion=0 alternatives=7
INSTRUMENTATION_STATUS_CODE: 0
INSTRUMENTATION_STATUS: top_seven_measurement=v1 id=25 strategy=1 round=4 wall_ns=6640917 cpu_ns=6641708 states=6796 verified=11 completion=0 alternatives=7
INSTRUMENTATION_STATUS_CODE: 0
INSTRUMENTATION_STATUS: top_seven_measurement=v1 id=25 strategy=0 round=4 wall_ns=4989417 cpu_ns=4990292 states=8192 verified=18 completion=3 alternatives=7
INSTRUMENTATION_STATUS_CODE: 0
INSTRUMENTATION_STATUS: top_seven_measurement=v1 id=26 strategy=0 round=4 wall_ns=4956125 cpu_ns=4957334 states=8192 verified=22 completion=3 alternatives=7
INSTRUMENTATION_STATUS_CODE: 0
INSTRUMENTATION_STATUS: top_seven_measurement=v1 id=26 strategy=1 round=4 wall_ns=5344417 cpu_ns=5345459 states=4889 verified=39 completion=0 alternatives=7
INSTRUMENTATION_STATUS_CODE: 0
INSTRUMENTATION_STATUS: top_seven_measurement=v1 id=27 strategy=1 round=4 wall_ns=1299083 cpu_ns=1299792 states=1508 verified=8 completion=0 alternatives=7
INSTRUMENTATION_STATUS_CODE: 0
INSTRUMENTATION_STATUS: top_seven_measurement=v1 id=27 strategy=0 round=4 wall_ns=866125 cpu_ns=866750 states=1508 verified=8 completion=0 alternatives=7
INSTRUMENTATION_STATUS_CODE: 0
INSTRUMENTATION_STATUS: top_seven_measurement=v1 id=28 strategy=0 round=4 wall_ns=2367625 cpu_ns=2368125 states=2798 verified=64 completion=4 alternatives=7
INSTRUMENTATION_STATUS_CODE: 0
INSTRUMENTATION_STATUS: top_seven_measurement=v1 id=28 strategy=1 round=4 wall_ns=4869125 cpu_ns=4870000 states=4469 verified=63 completion=0 alternatives=7
INSTRUMENTATION_STATUS_CODE: 0
INSTRUMENTATION_STATUS: top_seven_measurement=v1 id=29 strategy=1 round=4 wall_ns=7472125 cpu_ns=7472833 states=7060 verified=55 completion=0 alternatives=7
INSTRUMENTATION_STATUS_CODE: 0
INSTRUMENTATION_STATUS: top_seven_measurement=v1 id=29 strategy=0 round=4 wall_ns=4681291 cpu_ns=4681958 states=6682 verified=64 completion=4 alternatives=7
INSTRUMENTATION_STATUS_CODE: 0
INSTRUMENTATION_STATUS: top_seven_measurement=v1 id=30 strategy=0 round=4 wall_ns=4975292 cpu_ns=4975958 states=7644 verified=64 completion=4 alternatives=7
INSTRUMENTATION_STATUS_CODE: 0
INSTRUMENTATION_STATUS: top_seven_measurement=v1 id=30 strategy=1 round=4 wall_ns=2965667 cpu_ns=2966458 states=2206 verified=64 completion=4 alternatives=7
INSTRUMENTATION_STATUS_CODE: 0
INSTRUMENTATION_STATUS: top_seven_measurement=v1 id=31 strategy=1 round=4 wall_ns=7235375 cpu_ns=7236250 states=6727 verified=12 completion=0 alternatives=7
INSTRUMENTATION_STATUS_CODE: 0
INSTRUMENTATION_STATUS: top_seven_measurement=v1 id=31 strategy=0 round=4 wall_ns=5126958 cpu_ns=5127708 states=8192 verified=27 completion=3 alternatives=7
INSTRUMENTATION_STATUS_CODE: 0
INSTRUMENTATION_STATUS: top_seven_measurement=v1 id=32 strategy=0 round=4 wall_ns=5312875 cpu_ns=5313834 states=8192 verified=47 completion=3 alternatives=7
INSTRUMENTATION_STATUS_CODE: 0
INSTRUMENTATION_STATUS: top_seven_measurement=v1 id=32 strategy=1 round=4 wall_ns=5474500 cpu_ns=5475291 states=5006 verified=47 completion=0 alternatives=7
INSTRUMENTATION_STATUS_CODE: 0
INSTRUMENTATION_STATUS: top_seven_measurement=v1 id=33 strategy=1 round=4 wall_ns=4479750 cpu_ns=4113919 states=3501 verified=18 completion=0 alternatives=7
INSTRUMENTATION_STATUS_CODE: 0
INSTRUMENTATION_STATUS: top_seven_measurement=v1 id=33 strategy=0 round=4 wall_ns=5210458 cpu_ns=5211292 states=8192 verified=41 completion=3 alternatives=7
INSTRUMENTATION_STATUS_CODE: 0
INSTRUMENTATION_STATUS: top_seven_measurement=v1 id=34 strategy=0 round=4 wall_ns=4739625 cpu_ns=4740417 states=8192 verified=5 completion=3 alternatives=5
INSTRUMENTATION_STATUS_CODE: 0
INSTRUMENTATION_STATUS: top_seven_measurement=v1 id=34 strategy=1 round=4 wall_ns=8601458 cpu_ns=8602209 states=8192 verified=26 completion=3 alternatives=7
INSTRUMENTATION_STATUS_CODE: 0
INSTRUMENTATION_STATUS: top_seven_measurement=v1 id=35 strategy=1 round=4 wall_ns=8067042 cpu_ns=8067916 states=8192 verified=25 completion=3 alternatives=7
INSTRUMENTATION_STATUS_CODE: 0
INSTRUMENTATION_STATUS: top_seven_measurement=v1 id=35 strategy=0 round=4 wall_ns=4933958 cpu_ns=4934750 states=8192 verified=26 completion=3 alternatives=7
INSTRUMENTATION_STATUS_CODE: 0
INSTRUMENTATION_STATUS: top_seven_measurement=v1 id=36 strategy=0 round=4 wall_ns=5042834 cpu_ns=5043625 states=8192 verified=13 completion=3 alternatives=7
INSTRUMENTATION_STATUS_CODE: 0
INSTRUMENTATION_STATUS: top_seven_measurement=v1 id=36 strategy=1 round=4 wall_ns=2862125 cpu_ns=2862833 states=2213 verified=48 completion=0 alternatives=7
INSTRUMENTATION_STATUS_CODE: 0
INSTRUMENTATION_STATUS: top_seven_measurement=v1 id=37 strategy=1 round=4 wall_ns=8310875 cpu_ns=8311875 states=8192 verified=5 completion=3 alternatives=5
INSTRUMENTATION_STATUS_CODE: 0
INSTRUMENTATION_STATUS: top_seven_measurement=v1 id=37 strategy=0 round=4 wall_ns=4777167 cpu_ns=4777958 states=8192 verified=5 completion=3 alternatives=5
INSTRUMENTATION_STATUS_CODE: 0
INSTRUMENTATION_STATUS: top_seven_measurement=v1 id=38 strategy=0 round=4 wall_ns=4568125 cpu_ns=4569042 states=8192 verified=5 completion=3 alternatives=5
INSTRUMENTATION_STATUS_CODE: 0
INSTRUMENTATION_STATUS: top_seven_measurement=v1 id=38 strategy=1 round=4 wall_ns=9426417 cpu_ns=9427125 states=8192 verified=29 completion=3 alternatives=7
INSTRUMENTATION_STATUS_CODE: 0
INSTRUMENTATION_STATUS: top_seven_measurement=v1 id=39 strategy=1 round=4 wall_ns=2697084 cpu_ns=2697583 states=1873 verified=64 completion=4 alternatives=7
INSTRUMENTATION_STATUS_CODE: 0
INSTRUMENTATION_STATUS: top_seven_measurement=v1 id=39 strategy=0 round=4 wall_ns=3424584 cpu_ns=3425417 states=4858 verified=64 completion=4 alternatives=7
INSTRUMENTATION_STATUS_CODE: 0
INSTRUMENTATION_STATUS: top_seven_measurement=v1 id=40 strategy=0 round=4 wall_ns=1327709 cpu_ns=1328583 states=1943 verified=60 completion=0 alternatives=7
INSTRUMENTATION_STATUS_CODE: 0
INSTRUMENTATION_STATUS: top_seven_measurement=v1 id=40 strategy=1 round=4 wall_ns=837834 cpu_ns=838417 states=1119 verified=42 completion=0 alternatives=7
INSTRUMENTATION_STATUS_CODE: 0
INSTRUMENTATION_STATUS: top_seven_measurement=v1 id=41 strategy=1 round=4 wall_ns=2431167 cpu_ns=2432000 states=3007 verified=13 completion=0 alternatives=7
INSTRUMENTATION_STATUS_CODE: 0
INSTRUMENTATION_STATUS: top_seven_measurement=v1 id=41 strategy=0 round=4 wall_ns=1655375 cpu_ns=1656166 states=3014 verified=13 completion=0 alternatives=7
INSTRUMENTATION_STATUS_CODE: 0
INSTRUMENTATION_STATUS: top_seven_measurement=v1 id=42 strategy=0 round=4 wall_ns=1515875 cpu_ns=1516542 states=2621 verified=56 completion=0 alternatives=7
INSTRUMENTATION_STATUS_CODE: 0
INSTRUMENTATION_STATUS: top_seven_measurement=v1 id=42 strategy=1 round=4 wall_ns=962917 cpu_ns=963584 states=1399 verified=41 completion=0 alternatives=7
INSTRUMENTATION_STATUS_CODE: 0
INSTRUMENTATION_STATUS: top_seven_measurement=v1 id=43 strategy=1 round=4 wall_ns=5148209 cpu_ns=5148916 states=4904 verified=13 completion=0 alternatives=7
INSTRUMENTATION_STATUS_CODE: 0
INSTRUMENTATION_STATUS: top_seven_measurement=v1 id=43 strategy=0 round=4 wall_ns=5619792 cpu_ns=5620500 states=8192 verified=50 completion=3 alternatives=7
INSTRUMENTATION_STATUS_CODE: 0
INSTRUMENTATION_STATUS: top_seven_measurement=v1 id=44 strategy=0 round=4 wall_ns=1317291 cpu_ns=1317917 states=2455 verified=10 completion=0 alternatives=4
INSTRUMENTATION_STATUS_CODE: 0
INSTRUMENTATION_STATUS: top_seven_measurement=v1 id=44 strategy=1 round=4 wall_ns=1930500 cpu_ns=1931166 states=2455 verified=10 completion=0 alternatives=4
INSTRUMENTATION_STATUS_CODE: 0
INSTRUMENTATION_STATUS: top_seven_measurement=v1 id=45 strategy=1 round=4 wall_ns=26292 cpu_ns=26833 states=28 verified=0 completion=2 alternatives=0
INSTRUMENTATION_STATUS_CODE: 0
INSTRUMENTATION_STATUS: top_seven_measurement=v1 id=45 strategy=0 round=4 wall_ns=21125 cpu_ns=21625 states=28 verified=0 completion=2 alternatives=0
INSTRUMENTATION_STATUS_CODE: 0
INSTRUMENTATION_STATUS: top_seven_measurement=v1 id=46 strategy=0 round=4 wall_ns=2318292 cpu_ns=2318792 states=2906 verified=64 completion=4 alternatives=7
INSTRUMENTATION_STATUS_CODE: 0
INSTRUMENTATION_STATUS: top_seven_measurement=v1 id=46 strategy=1 round=4 wall_ns=2454542 cpu_ns=2455167 states=2202 verified=27 completion=0 alternatives=7
INSTRUMENTATION_STATUS_CODE: 0
INSTRUMENTATION_STATUS: top_seven_measurement=v1 id=47 strategy=1 round=4 wall_ns=8772125 cpu_ns=8772958 states=8192 verified=16 completion=3 alternatives=7
INSTRUMENTATION_STATUS_CODE: 0
INSTRUMENTATION_STATUS: top_seven_measurement=v1 id=47 strategy=0 round=4 wall_ns=4959666 cpu_ns=4960416 states=8192 verified=16 completion=3 alternatives=7
INSTRUMENTATION_STATUS_CODE: 0
INSTRUMENTATION_STATUS: top_seven_measurement=v1 id=48 strategy=0 round=4 wall_ns=3825458 cpu_ns=3826166 states=5158 verified=64 completion=4 alternatives=7
INSTRUMENTATION_STATUS_CODE: 0
INSTRUMENTATION_STATUS: top_seven_measurement=v1 id=48 strategy=1 round=4 wall_ns=2055416 cpu_ns=2056042 states=1680 verified=21 completion=0 alternatives=7
INSTRUMENTATION_STATUS_CODE: 0
INSTRUMENTATION_STATUS: top_seven_measurement=v1 id=49 strategy=1 round=4 wall_ns=1291584 cpu_ns=1292209 states=1514 verified=18 completion=0 alternatives=7
INSTRUMENTATION_STATUS_CODE: 0
INSTRUMENTATION_STATUS: top_seven_measurement=v1 id=49 strategy=0 round=4 wall_ns=930459 cpu_ns=931125 states=1514 verified=18 completion=0 alternatives=7
INSTRUMENTATION_STATUS_CODE: 0
INSTRUMENTATION_STATUS: top_seven_measurement=v1 id=50 strategy=0 round=4 wall_ns=1927292 cpu_ns=1927958 states=2296 verified=64 completion=4 alternatives=7
INSTRUMENTATION_STATUS_CODE: 0
INSTRUMENTATION_STATUS: top_seven_measurement=v1 id=50 strategy=1 round=4 wall_ns=2532542 cpu_ns=2533250 states=1892 verified=64 completion=4 alternatives=7
INSTRUMENTATION_STATUS_CODE: 0
INSTRUMENTATION_STATUS: top_seven_measurement=v1 id=51 strategy=1 round=4 wall_ns=679875 cpu_ns=680500 states=740 verified=11 completion=0 alternatives=7
INSTRUMENTATION_STATUS_CODE: 0
INSTRUMENTATION_STATUS: top_seven_measurement=v1 id=51 strategy=0 round=4 wall_ns=1873750 cpu_ns=1874333 states=3145 verified=33 completion=0 alternatives=7
INSTRUMENTATION_STATUS_CODE: 0
INSTRUMENTATION_STATUS: top_seven_measurement=v1 id=52 strategy=0 round=4 wall_ns=4655833 cpu_ns=4656667 states=8192 verified=4 completion=3 alternatives=4
INSTRUMENTATION_STATUS_CODE: 0
INSTRUMENTATION_STATUS: top_seven_measurement=v1 id=52 strategy=1 round=4 wall_ns=8725417 cpu_ns=8726125 states=8192 verified=4 completion=3 alternatives=4
INSTRUMENTATION_STATUS_CODE: 0
INSTRUMENTATION_STATUS: top_seven_measurement=v1 id=53 strategy=1 round=4 wall_ns=1344666 cpu_ns=1345292 states=1667 verified=10 completion=0 alternatives=7
INSTRUMENTATION_STATUS_CODE: 0
INSTRUMENTATION_STATUS: top_seven_measurement=v1 id=53 strategy=0 round=4 wall_ns=1668000 cpu_ns=1668541 states=2924 verified=17 completion=0 alternatives=7
INSTRUMENTATION_STATUS_CODE: 0
INSTRUMENTATION_STATUS: top_seven_measurement=v1 id=54 strategy=0 round=4 wall_ns=5003125 cpu_ns=5003709 states=8192 verified=20 completion=3 alternatives=7
INSTRUMENTATION_STATUS_CODE: 0
INSTRUMENTATION_STATUS: top_seven_measurement=v1 id=54 strategy=1 round=4 wall_ns=9084709 cpu_ns=9085500 states=8192 verified=14 completion=3 alternatives=7
INSTRUMENTATION_STATUS_CODE: 0
INSTRUMENTATION_STATUS: top_seven_measurement=v1 id=55 strategy=1 round=4 wall_ns=7891000 cpu_ns=7892000 states=6979 verified=13 completion=0 alternatives=7
INSTRUMENTATION_STATUS_CODE: 0
INSTRUMENTATION_STATUS: top_seven_measurement=v1 id=55 strategy=0 round=4 wall_ns=5477042 cpu_ns=5477792 states=8192 verified=23 completion=3 alternatives=7
INSTRUMENTATION_STATUS_CODE: 0
INSTRUMENTATION_STATUS: top_seven_measurement=v1 id=56 strategy=0 round=4 wall_ns=1397541 cpu_ns=1398125 states=2318 verified=12 completion=0 alternatives=7
INSTRUMENTATION_STATUS_CODE: 0
INSTRUMENTATION_STATUS: top_seven_measurement=v1 id=56 strategy=1 round=4 wall_ns=1027875 cpu_ns=1028625 states=1277 verified=8 completion=0 alternatives=7
INSTRUMENTATION_STATUS_CODE: 0
INSTRUMENTATION_STATUS: top_seven_measurement=v1 id=57 strategy=1 round=4 wall_ns=8570875 cpu_ns=8571708 states=8192 verified=3 completion=3 alternatives=3
INSTRUMENTATION_STATUS_CODE: 0
INSTRUMENTATION_STATUS: top_seven_measurement=v1 id=57 strategy=0 round=4 wall_ns=5049125 cpu_ns=5051000 states=8192 verified=6 completion=3 alternatives=6
INSTRUMENTATION_STATUS_CODE: 0
INSTRUMENTATION_STATUS: top_seven_measurement=v1 id=58 strategy=0 round=4 wall_ns=1416792 cpu_ns=1417792 states=970 verified=64 completion=4 alternatives=7
INSTRUMENTATION_STATUS_CODE: 0
INSTRUMENTATION_STATUS: top_seven_measurement=v1 id=58 strategy=1 round=4 wall_ns=3023334 cpu_ns=3024250 states=2200 verified=48 completion=0 alternatives=7
INSTRUMENTATION_STATUS_CODE: 0
INSTRUMENTATION_STATUS: top_seven_measurement=v1 id=59 strategy=1 round=4 wall_ns=5639666 cpu_ns=5640500 states=5151 verified=15 completion=0 alternatives=7
INSTRUMENTATION_STATUS_CODE: 0
INSTRUMENTATION_STATUS: top_seven_measurement=v1 id=59 strategy=0 round=4 wall_ns=4937083 cpu_ns=4937833 states=8192 verified=14 completion=3 alternatives=7
INSTRUMENTATION_STATUS_CODE: 0
INSTRUMENTATION_STATUS: numtests=152
INSTRUMENTATION_STATUS: stream=.
INSTRUMENTATION_STATUS: id=AndroidJUnitRunner
INSTRUMENTATION_STATUS: test=packedTopSevenAndExhaustiveComparison
INSTRUMENTATION_STATUS: class=io.github.mesteriis.rune.keyboard.smarttyping.lexicon.TopSevenInstrumentedTest
INSTRUMENTATION_STATUS: current=152
INSTRUMENTATION_STATUS_CODE: 0
INSTRUMENTATION_RESULT: stream=

Time: 1,196.409
There was 1 failure:
1) passwordFieldSuppressesPopupWithNormalFieldPositiveControl(io.github.mesteriis.rune.keyboard.qa.ImePrivacyInstrumentedTest)
java.lang.IllegalStateException: Character key not found
	at io.github.mesteriis.rune.keyboard.qa.ImeTestDriver.characterKey(ImeTestDriver.kt:351)
	at io.github.mesteriis.rune.keyboard.qa.ImePrivacyInstrumentedTest.observePreview(ImePrivacyInstrumentedTest.kt:32)
	at io.github.mesteriis.rune.keyboard.qa.ImePrivacyInstrumentedTest.passwordFieldSuppressesPopupWithNormalFieldPositiveControl(ImePrivacyInstrumentedTest.kt:23)

FAILURES!!!
Tests run: 152,  Failures: 1


INSTRUMENTATION_CODE: -1
